
> frigo@0.1.0 check /Users/tunbee27/Documents/Tako-san-ui-rebuild
> bash scripts/deploy-check.sh

=== Frigo Pre-Deployment Verification ===
1. Checking TypeScript Types...

> frigo@0.1.0 typecheck /Users/tunbee27/Documents/Tako-san-ui-rebuild
> tsc -p tsconfig.json --noEmit && tsc -p tsconfig.worker.json --noEmit

2. Running ESLint...

> frigo@0.1.0 lint /Users/tunbee27/Documents/Tako-san-ui-rebuild
> eslint .

3. Running Vitest Suite...

> frigo@0.1.0 test /Users/tunbee27/Documents/Tako-san-ui-rebuild
> vitest run


 RUN  v3.2.7 /Users/tunbee27/Documents/Tako-san-ui-rebuild

 ✓ tests/integration/inventory-lot-authority.test.ts (306 tests) 41670ms
   ✓ T09D exhaustive validated intent fingerprints > conflicts on 'CORRECT.changes.purchasedAt.null' without rewriting any stock or evidence  334ms
 ✓ tests/unit/production-catalog-import-inspection.test.mjs (163 tests) 43488ms
   ✓ fixed production import incident SELECT-only inspection > observes an exact applied marker and shape-safe archive/target/live counts without certifying a release  407ms
   ✓ fixed production import incident SELECT-only inspection > rejects an extra recovery-prefix object despite the complete 58 known objects  403ms
   ✓ fixed production import incident SELECT-only inspection > rejects modified evidence-trigger SQL even with exact object names and types  404ms
   ✓ fixed production import incident SELECT-only inspection > does not trust an applied status row with a different source identity  401ms
   ✓ sealed latest V2 import incident SELECT-only inspection > queries only application FKs with the real SQLite authorizer rejecting reserved names  401ms
   ✓ sealed latest V2 import incident SELECT-only inspection > still scans an unknown application table and reports its incoming uppercase catalog FK  398ms
   ✓ sealed latest V2 import incident SELECT-only inspection > blocks unknown table before any schema PRAGMA  389ms
   ✓ sealed latest V2 import incident SELECT-only inspection > blocks case-variant reserved view before any schema PRAGMA  388ms
   ✓ sealed latest V2 import incident SELECT-only inspection > blocks malformed documented table before any schema PRAGMA  384ms
   ✓ sealed latest V2 import incident SELECT-only inspection > blocks attached reserved index before any schema PRAGMA  386ms
   ✓ sealed latest V2 import incident SELECT-only inspection > observes exact applied V2 evidence and target counts despite the expected old-catalog bound mismatch  404ms
   ✓ sealed latest V2 import incident SELECT-only inspection > observes a real complete rollback with the optional canonical 59th guard object  606ms
   ✓ sealed latest V2 import incident SELECT-only inspection > does not trust an applied marker with a changed repair ID or digest  401ms
   ✓ sealed latest V2 import incident SELECT-only inspection > does not claim applied observation when live target counts drift  405ms
   ✓ sealed latest V2 import incident SELECT-only inspection > rejects a compatible-shape rollback guard with different DDL  615ms
   ✓ sealed latest V2 import incident SELECT-only inspection > rejects incomplete rollback guard rows despite an exact rolled-back marker  602ms
   ✓ sealed latest V2 import incident SELECT-only inspection > keeps final observation blocked when namespace read is not primary  403ms
   ✓ sealed latest V2 import incident SELECT-only inspection > keeps final observation blocked when schema read is not primary  403ms
   ✓ sealed latest V2 import incident SELECT-only inspection > keeps final observation blocked when aggregate read is not primary  405ms
   ✓ sealed latest V2 import incident SELECT-only inspection > keeps final observation blocked when status read is not primary  402ms
   ✓ sealed latest V2 import incident SELECT-only inspection > sanitizes auth-scope errors from a latest aggregate and blocks final observation  419ms
   ✓ sealed fixed V2 import incident 37536969564 SELECT-only inspection > observes complete applied evidence with a marker unique to this run  404ms
   ✓ sealed fixed V2 import incident 37536969564 SELECT-only inspection > observes real rollback evidence and all canonical rollback guard rows  606ms
   ✓ sealed fixed V2 import incident 37536969564 SELECT-only inspection > rejects substituted status identity even when all applied objects exist  399ms
   ✓ sealed fixed V2 import incident 37536969564 SELECT-only inspection > blocks applied count drift  404ms
   ✓ sealed fixed V2 import incident 37536969564 SELECT-only inspection > blocks incomplete rollback evidence  605ms
   ✓ sealed fixed V2 import incident 37536969564 SELECT-only inspection > uses the approved reserved inventory before scanning application FK metadata  397ms
   ✓ sealed fixed V2 import incident 37536969564 SELECT-only inspection > blocks unknown reserved table before any schema PRAGMA, as confirmed by a real authorizer  384ms
   ✓ sealed fixed V2 import incident 37536969564 SELECT-only inspection > blocks case-variant reserved view before any schema PRAGMA, as confirmed by a real authorizer  386ms
   ✓ sealed fixed V2 import incident 37536969564 SELECT-only inspection > blocks malformed reserved table before any schema PRAGMA, as confirmed by a real authorizer  388ms
   ✓ sealed fixed V2 import incident 37536969564 SELECT-only inspection > blocks reserved index before any schema PRAGMA, as confirmed by a real authorizer  382ms
   ✓ sealed fixed V2 import incident 37536969564 SELECT-only inspection > requires strict primary metadata for each namespace read  404ms
   ✓ sealed fixed V2 import incident 37536969564 SELECT-only inspection > requires strict primary metadata for each schema read  405ms
   ✓ sealed fixed V2 import incident 37536969564 SELECT-only inspection > requires strict primary metadata for each aggregate read  403ms
   ✓ sealed fixed V2 import incident 37536969564 SELECT-only inspection > requires strict primary metadata for each status read  401ms
 ✓ tests/unit/production-catalog-recovery-runner.test.mjs (75 tests) 29258ms
   ✓ bounded production recovery orchestration > pins static and captures a bookmark before one import, then certifies real V1 hydration  734ms
   ✓ bounded production recovery orchestration > accepts the last integer below the 100 MiB bound  703ms
   ✓ bounded production recovery orchestration > rejects D1 routing becoming active after the bookmark, before import  432ms
   ✓ bounded production recovery orchestration > restores the catalog archive if independent verification fails and keeps static routing  836ms
   ✓ bounded production recovery orchestration > records an unknown outcome when import committed but the provider response was lost  634ms
   ✓ bounded production recovery orchestration > inspects the exact failed import twice between identical static pin and ledger proofs  380ms
   ✓ bounded production recovery orchestration > executes the real compiler-derived helper through the readonly runner without changing catalog rows  432ms
   ✓ bounded production recovery orchestration > loads the latest failed batch from its fixed historical source and repeats its inspection  326ms
   ✓ bounded production recovery orchestration > loads the third incident from immutable a8fa and saves two stable SELECT-only observations  328ms
   ✓ bounded production recovery orchestration > rejects stale main or approval at the final authorization check  376ms
   ✓ bounded production recovery orchestration > rejects a changed final Worker pin after readonly inspection  376ms
   ✓ bounded production recovery orchestration > blocks a new import before pin/bookmark when the third incident has objects  379ms
   ✓ bounded production recovery orchestration > blocks a new import before pin/bookmark when the third incident has applied marker  383ms
   ✓ bounded production recovery orchestration > blocks a new import before pin/bookmark when the third incident has rolled-back marker  382ms
   ✓ bounded production recovery orchestration > blocks a new import before pin/bookmark when the third incident has primary unavailable  378ms
   ✓ bounded production recovery orchestration > blocks a new import before pin/bookmark when the third incident has failed read  378ms
   ✓ bounded production recovery orchestration > blocks a new import before pin/bookmark when the third incident has non-primary read  379ms
   ✓ bounded production recovery orchestration > blocks a new import before pin/bookmark when the third incident has missing guard evidence  379ms
   ✓ bounded production recovery orchestration > blocks a new import before pin/bookmark when the third incident has guard mismatch  379ms
   ✓ bounded production recovery orchestration > blocks new recovery when third-incident captures drift and retains unknown terminal state  380ms
   ✓ bounded production recovery orchestration > protects populated child references with an uppercase SQLite target name  385ms
   ✓ bounded production recovery orchestration > detects an added trigger attached to an uppercase catalog table name  383ms
   ✓ bounded production recovery orchestration > rejects an unknown D1 internal object before any pin or import  304ms
   ✓ bounded production recovery orchestration > retains detection of incoming recipe references from an unknown application table  391ms
   ✓ bounded production recovery orchestration > rejects corrected preflight without strict primary metadata: false  426ms
   ✓ bounded production recovery orchestration > rejects corrected preflight without strict primary metadata: undefined  426ms
   ✓ bounded production recovery orchestration > rejects changing corrected preflights before any mutation  429ms
   ✓ bounded production recovery orchestration > rechecks the original Worker immediately before pinning  431ms
   ✓ bounded production recovery orchestration > rechecks main and normal approval after the corrected preflight  429ms
   ✓ bounded production recovery orchestration > records only numeric provider codes and bounded exit status on file import failure  430ms
   ✓ bounded production recovery orchestration > certifies a successful import despite pinned Wrangler cached progress on stdout  698ms
   ✓ bounded production recovery orchestration > certifies a successful import despite pinned Wrangler uploaded progress on stdout  700ms
   ✓ bounded production recovery orchestration > confirms guarded archive rollback with vendor progress after independent certification fails  833ms
   ✓ bounded production recovery orchestration > does not claim success or rollback on an unproved file response: malformed json  634ms
   ✓ bounded production recovery orchestration > does not claim success or rollback on an unproved file response: []  640ms
   ✓ bounded production recovery orchestration > does not claim success or rollback on an unproved file response: [{"success":false}]  634ms
   ✓ bounded production recovery orchestration > keeps a timed-out import outcome unknown without inventing an exit status  435ms
   ✓ bounded production recovery orchestration > rejects changing corrected preflight observations in read-only inspect mode  374ms
 ✓ tests/unit/t21rc2-production-approval.test.mjs (148 tests) 32616ms
   ✓ T21R-C2 reviewed execution closure (real Git objects) > allows the protected merge and later unrelated docs commit with its own exact-main CI  415ms
   ✓ T21R-C2 reviewed execution closure (real Git objects) > rejects unreviewed changes to .github/workflows/production-d1-t21rc-row-reconciliation.yml despite ancestry and green exact-main CI  351ms
   ✓ T21R-C2 reviewed execution closure (real Git objects) > rejects unreviewed changes to scripts/t21rc2-production-approval.mjs despite ancestry and green exact-main CI  316ms
   ✓ T21R-C2 reviewed execution closure (real Git objects) > rejects unreviewed changes to scripts/t21rc2-production-capture.mjs despite ancestry and green exact-main CI  346ms
   ✓ T21R-C2 reviewed execution closure (real Git objects) > rejects unreviewed changes to scripts/t21rc2-production-files.mjs despite ancestry and green exact-main CI  376ms
   ✓ T21R-C2 reviewed execution closure (real Git objects) > rejects unreviewed changes to scripts/t21rc2-production-receipt.mjs despite ancestry and green exact-main CI  350ms
   ✓ T21R-C2 reviewed execution closure (real Git objects) > rejects unreviewed changes to scripts/t21rc-row-reconciliation.mjs despite ancestry and green exact-main CI  346ms
   ✓ T21R-C2 reviewed execution closure (real Git objects) > rejects unreviewed changes to scripts/t21r-v1-authority.mjs despite ancestry and green exact-main CI  352ms
   ✓ T21R-C2 reviewed execution closure (real Git objects) > rejects unreviewed changes to scripts/release-check.mjs despite ancestry and green exact-main CI  346ms
   ✓ T21R-C2 reviewed execution closure (real Git objects) > rejects unreviewed changes to scripts/d1-migration-check.mjs despite ancestry and green exact-main CI  353ms
   ✓ T21R-C2 reviewed execution closure (real Git objects) > rejects unreviewed changes to docs/ai/recipe-catalog/T21RC_ROW_RECONCILIATION_SCHEMA.json despite ancestry and green exact-main CI  334ms
   ✓ T21R-C2 reviewed execution closure (real Git objects) > rejects unreviewed changes to docs/ai/recipe-catalog/T21RA_RUNTIME_CANONICAL_TARGET.json despite ancestry and green exact-main CI  345ms
   ✓ T21R-C2 reviewed execution closure (real Git objects) > rejects unreviewed changes to wrangler.jsonc despite ancestry and green exact-main CI  331ms
   ✓ T21R-C2 reviewed execution closure (real Git objects) > rejects unreviewed changes to package.json despite ancestry and green exact-main CI  323ms
   ✓ T21R-C2 reviewed execution closure (real Git objects) > rejects unreviewed changes to pnpm-lock.yaml despite ancestry and green exact-main CI  339ms
   ✓ T21R-C2 reviewed execution closure (real Git objects) > rejects unreviewed changes to .github/workflows/ci.yml despite ancestry and green exact-main CI  335ms
   ✓ T21R-C2 reviewed execution closure (real Git objects) > rejects unreviewed changes to scripts/t21rb-v1-semantic.mjs despite ancestry and green exact-main CI  348ms
   ✓ T21R-C2 reviewed execution closure (real Git objects) > rejects unreviewed changes to vite.config.ts despite ancestry and green exact-main CI  350ms
   ✓ T21R-C2 reviewed execution closure (real Git objects) > rejects unreviewed changes to tsconfig.json despite ancestry and green exact-main CI  344ms
   ✓ T21R-C2 reviewed execution closure (real Git objects) > rejects unreviewed changes to data/recipe-import/approved-batches.json despite ancestry and green exact-main CI  348ms
   ✓ T21R-C2 reviewed execution closure (real Git objects) > rejects unreviewed changes to data/recipe-import/t14f/pilot-30.jsonl despite ancestry and green exact-main CI  350ms
   ✓ T21R-C2 reviewed execution closure (real Git objects) > rejects unreviewed changes to data/recipe-import/t14f/scale-399.jsonl despite ancestry and green exact-main CI  337ms
   ✓ T21R-C2 reviewed execution closure (real Git objects) > rejects unreviewed changes to data/recipe-refresh/v2/ingredient-reconciliation.json despite ancestry and green exact-main CI  322ms
   ✓ T21R-C2 reviewed execution closure (real Git objects) > rejects unreviewed changes to packages/recipes/src/import/catalog-release.current.json despite ancestry and green exact-main CI  339ms
   ✓ T21R-C2 reviewed execution closure (real Git objects) > rejects unreviewed changes to migrations despite ancestry and green exact-main CI  321ms
   ✓ T21R-C2 reviewed execution closure (real Git objects) > rejects unreviewed changes to packages/domain/src/availability.ts despite ancestry and green exact-main CI  322ms
   ✓ T21R-C2 reviewed execution closure (real Git objects) > rejects unreviewed changes to packages/domain/src/foundation.ts despite ancestry and green exact-main CI  313ms
   ✓ T21R-C2 reviewed execution closure (real Git objects) > rejects unreviewed changes to packages/domain/src/index.ts despite ancestry and green exact-main CI  331ms
   ✓ T21R-C2 reviewed execution closure (real Git objects) > rejects unreviewed changes to packages/domain/src/inventory-read-authority.ts despite ancestry and green exact-main CI  311ms
   ✓ T21R-C2 reviewed execution closure (real Git objects) > rejects unreviewed changes to packages/domain/src/inventory-truth.ts despite ancestry and green exact-main CI  337ms
   ✓ T21R-C2 reviewed execution closure (real Git objects) > rejects unreviewed changes to packages/domain/src/meal-planning-api.ts despite ancestry and green exact-main CI  365ms
   ✓ T21R-C2 reviewed execution closure (real Git objects) > rejects unreviewed changes to packages/domain/src/meal-shopping-api.ts despite ancestry and green exact-main CI  362ms
   ✓ T21R-C2 reviewed execution closure (real Git objects) > rejects unreviewed changes to packages/domain/src/quantity.ts despite ancestry and green exact-main CI  366ms
   ✓ T21R-C2 reviewed execution closure (real Git objects) > rejects unreviewed changes to packages/domain/src/units.ts despite ancestry and green exact-main CI  363ms
   ✓ T21R-C2 reviewed execution closure (real Git objects) > rejects unreviewed changes to packages/domain/src/week/index.ts despite ancestry and green exact-main CI  359ms
   ✓ T21R-C2 reviewed execution closure (real Git objects) > rejects unreviewed changes to packages/domain/src/week/leftover.ts despite ancestry and green exact-main CI  352ms
   ✓ T21R-C2 reviewed execution closure (real Git objects) > rejects unreviewed changes to packages/domain/src/week/packages.ts despite ancestry and green exact-main CI  365ms
   ✓ T21R-C2 reviewed execution closure (real Git objects) > rejects unreviewed changes to packages/domain/src/week/planner.ts despite ancestry and green exact-main CI  386ms
   ✓ T21R-C2 reviewed execution closure (real Git objects) > rejects unreviewed changes to packages/domain/src/week/portion.ts despite ancestry and green exact-main CI  357ms
   ✓ T21R-C2 reviewed execution closure (real Git objects) > rejects unreviewed changes to packages/domain/src/week/pricing.ts despite ancestry and green exact-main CI  352ms
   ✓ T21R-C2 reviewed execution closure (real Git objects) > rejects unreviewed changes to packages/domain/src/week/score.ts despite ancestry and green exact-main CI  364ms
   ✓ T21R-C2 reviewed execution closure (real Git objects) > rejects unreviewed changes to packages/domain/src/week/shopping.ts despite ancestry and green exact-main CI  359ms
   ✓ T21R-C2 reviewed execution closure (real Git objects) > rejects unreviewed changes to packages/domain/src/week/types.ts despite ancestry and green exact-main CI  357ms
   ✓ T21R-C2 reviewed execution closure (real Git objects) > rejects unreviewed changes to packages/domain/src/week/utilization.ts despite ancestry and green exact-main CI  347ms
   ✓ T21R-C2 reviewed execution closure (real Git objects) > rejects unreviewed changes to packages/recipes/src/catalog-fingerprint.ts despite ancestry and green exact-main CI  361ms
   ✓ T21R-C2 reviewed execution closure (real Git objects) > rejects unreviewed changes to packages/recipes/src/data.ts despite ancestry and green exact-main CI  345ms
   ✓ T21R-C2 reviewed execution closure (real Git objects) > rejects unreviewed changes to packages/recipes/src/import/compiler.ts despite ancestry and green exact-main CI  352ms
   ✓ T21R-C2 reviewed execution closure (real Git objects) > rejects unreviewed changes to packages/recipes/src/import/duplicates.ts despite ancestry and green exact-main CI  362ms
   ✓ T21R-C2 reviewed execution closure (real Git objects) > rejects unreviewed changes to packages/recipes/src/import/identity.ts despite ancestry and green exact-main CI  370ms
   ✓ T21R-C2 reviewed execution closure (real Git objects) > rejects unreviewed changes to packages/recipes/src/import/ingredients.ts despite ancestry and green exact-main CI  374ms
   ✓ T21R-C2 reviewed execution closure (real Git objects) > rejects unreviewed changes to packages/recipes/src/import/index.ts despite ancestry and green exact-main CI  354ms
   ✓ T21R-C2 reviewed execution closure (real Git objects) > rejects unreviewed changes to packages/recipes/src/import/normalize.ts despite ancestry and green exact-main CI  331ms
   ✓ T21R-C2 reviewed execution closure (real Git objects) > rejects unreviewed changes to packages/recipes/src/import/parse.ts despite ancestry and green exact-main CI  343ms
   ✓ T21R-C2 reviewed execution closure (real Git objects) > rejects unreviewed changes to packages/recipes/src/import/release-manifest.ts despite ancestry and green exact-main CI  348ms
   ✓ T21R-C2 reviewed execution closure (real Git objects) > rejects unreviewed changes to packages/recipes/src/import/schema.ts despite ancestry and green exact-main CI  352ms
   ✓ T21R-C2 reviewed execution closure (real Git objects) > rejects unreviewed changes to packages/recipes/src/import/sql-render.ts despite ancestry and green exact-main CI  330ms
   ✓ T21R-C2 reviewed execution closure (real Git objects) > rejects unreviewed changes to packages/recipes/src/import/types.ts despite ancestry and green exact-main CI  336ms
   ✓ T21R-C2 reviewed execution closure (real Git objects) > rejects unreviewed changes to packages/recipes/src/runtime-recipe.ts despite ancestry and green exact-main CI  329ms
   ✓ T21R-C2 reviewed execution closure (real Git objects) > rejects unreviewed changes to packages/recipes/src/seed-render.ts despite ancestry and green exact-main CI  323ms
   ✓ T21R-C2 reviewed execution closure (real Git objects) > rejects unreviewed changes to packages/recipes/src/vietnamese-bank.ts despite ancestry and green exact-main CI  335ms
   ✓ T21R-C2 reviewed execution closure (real Git objects) > rejects unreviewed changes to packages/recipes/src/vietnamese-images.ts despite ancestry and green exact-main CI  346ms
   ✓ T21R-C2 reviewed execution closure (real Git objects) > rejects unreviewed changes to .npmrc despite ancestry and green exact-main CI  331ms
   ✓ T21R-C2 reviewed execution closure (real Git objects) > rejects unreviewed changes to .pnpmfile.cjs despite ancestry and green exact-main CI  341ms
   ✓ T21R-C2 reviewed execution closure (real Git objects) > rejects unreviewed changes to pnpm-workspace.yaml despite ancestry and green exact-main CI  329ms
   ✓ T21R-C2 reviewed execution closure (real Git objects) > rejects unreviewed changes to .gitattributes despite ancestry and green exact-main CI  336ms
   ✓ T21R-C2 reviewed execution closure (real Git objects) > rejects unreviewed changes to vite.config.js despite ancestry and green exact-main CI  335ms
   ✓ T21R-C2 reviewed execution closure (real Git objects) > rejects unreviewed changes to vite.config.mjs despite ancestry and green exact-main CI  347ms
   ✓ T21R-C2 reviewed execution closure (real Git objects) > rejects unreviewed changes to vite.config.cjs despite ancestry and green exact-main CI  352ms
   ✓ T21R-C2 reviewed execution closure (real Git objects) > rejects unreviewed changes to vite.config.mts despite ancestry and green exact-main CI  333ms
   ✓ T21R-C2 reviewed execution closure (real Git objects) > rejects unreviewed changes to vite.config.cts despite ancestry and green exact-main CI  336ms
   ✓ T21R-C2 reviewed execution closure (real Git objects) > rejects unreviewed changes to .env despite ancestry and green exact-main CI  336ms
   ✓ T21R-C2 reviewed execution closure (real Git objects) > rejects unreviewed changes to .env.local despite ancestry and green exact-main CI  327ms
   ✓ T21R-C2 reviewed execution closure (real Git objects) > rejects unreviewed changes to .env.development despite ancestry and green exact-main CI  332ms
   ✓ T21R-C2 reviewed execution closure (real Git objects) > rejects unreviewed changes to .env.development.local despite ancestry and green exact-main CI  334ms
   ✓ T21R-C2 reviewed execution closure (real Git objects) > allows an absent optional config but rejects introducing an unreviewed auto-loaded config  324ms
   ✓ T21R-C2 reviewed execution closure (real Git objects) > blocks capture reauthorization before any Cloudflare subprocess when reviewed bytes changed  417ms
   ✓ T21R-C2 reviewed execution closure (real Git objects) > rechecks byte binding again before producing final authorization for aggregate publication  410ms
   ✓ runner-local approval CLI lifecycle > writes only candidate_sha for gate and keeps authorization private to approve/recheck  440ms
   ✓ runner-local approval CLI lifecycle > blocks recheck if review history is skipped  315ms
 ✓ tests/integration/inventory-event-authority.test.ts (205 tests) 24477ms
 ✓ tests/unit/production-catalog-preflight-diagnostics.test.mjs (45 tests) 29454ms
   ✓ production catalog preflight diagnostics using the real 0038 catalog > proves both existing gates at 0038 without applying 0039 or changing database content  822ms
   ✓ production catalog preflight diagnostics using the real 0038 catalog > accepts 500 already-ready heroes while keeping the receipt aggregate-only  776ms
   ✓ production catalog preflight diagnostics using the real 0038 catalog > rejects missing operational aggregate media_total without fallback to the stale policy  766ms
   ✓ production catalog preflight diagnostics using the real 0038 catalog > rejects missing operational aggregate recipes_without_active_hero without fallback to the stale policy  750ms
   ✓ production catalog preflight diagnostics using the real 0038 catalog > rejects missing operational aggregate media_orphan_rows without fallback to the stale policy  763ms
   ✓ production catalog preflight diagnostics using the real 0038 catalog > rejects missing operational aggregate media_duplicate_ready_roles without fallback to the stale policy  765ms
   ✓ production catalog preflight diagnostics using the real 0038 catalog > rejects missing operational aggregate media_invalid_metadata without fallback to the stale policy  748ms
   ✓ production catalog preflight diagnostics using the real 0038 catalog > rejects missing operational aggregate media_invalid_ready_metadata without fallback to the stale policy  754ms
   ✓ production catalog preflight diagnostics using the real 0038 catalog > rejects a missing pending hero even though all recipes hydrate and the runtime fingerprint matches  792ms
   ✓ production catalog preflight diagnostics using the real 0038 catalog > rejects gapped recipe order despite complete hydration and an unchanged ordered runtime payload  781ms
   ✓ production catalog preflight diagnostics using the real 0038 catalog > rejects semantic step drift that leaves ingredient lineage, counts and hydration valid  770ms
   ✓ production catalog preflight diagnostics using the real 0038 catalog > rejects missing ingredient positions and never emits hydration row identifiers  742ms
   ✓ production catalog preflight diagnostics using the real 0038 catalog > rejects changed aggregate and identity snapshots before certifying the catalog  763ms
   ✓ production catalog preflight diagnostics using the real 0038 catalog > rejects changed runtime reads even if each read individually remains hydratable  737ms
   ✓ production catalog preflight diagnostics using the real 0038 catalog > blocks ledger advancement and does not evaluate either catalog gate  854ms
   ✓ production catalog preflight diagnostics using the real 0038 catalog > blocks missing historical migration and does not evaluate either catalog gate  744ms
   ✓ production catalog preflight diagnostics using the real 0038 catalog > blocks duplicate migration and does not evaluate either catalog gate  745ms
   ✓ production catalog preflight diagnostics using the real 0038 catalog > blocks unexpected migration and does not evaluate either catalog gate  735ms
   ✓ production catalog preflight diagnostics using the real 0038 catalog > rejects an unchanged 0039 ledger because this diagnostic is scoped to the pre-migration 0038 state  726ms
   ✓ production catalog preflight diagnostics using the real 0038 catalog > retains a sanitized blocked receipt for catalog missing  744ms
   ✓ production catalog preflight diagnostics using the real 0038 catalog > retains a sanitized blocked receipt for catalog statement missing  753ms
   ✓ production catalog preflight diagnostics using the real 0038 catalog > retains a sanitized blocked receipt for catalog failed statement  753ms
   ✓ production catalog preflight diagnostics using the real 0038 catalog > retains a sanitized blocked receipt for multiple aggregate rows  755ms
   ✓ production catalog preflight diagnostics using the real 0038 catalog > retains a sanitized blocked receipt for runtime missing  710ms
   ✓ production catalog preflight diagnostics using the real 0038 catalog > retains a sanitized blocked receipt for runtime statement missing  716ms
   ✓ production catalog preflight diagnostics using the real 0038 catalog > retains a sanitized blocked receipt for runtime failed statement  704ms
   ✓ production catalog preflight diagnostics using the real 0038 catalog > rejects a malformed known aggregate value 0 without coercing it  743ms
   ✓ production catalog preflight diagnostics using the real 0038 catalog > rejects a malformed known aggregate value 9007199254740992 without coercing it  743ms
   ✓ production catalog preflight diagnostics using the real 0038 catalog > rejects a malformed known aggregate value NaN without coercing it  740ms
   ✓ production catalog preflight diagnostics using the real 0038 catalog > rejects a malformed known aggregate value Infinity without coercing it  747ms
   ✓ production catalog preflight diagnostics using the real 0038 catalog > retains null order extrema while rejecting an empty runtime order range  741ms
   ✓ production catalog preflight diagnostics using the real 0038 catalog > retains negative order bounds as evidence while rejecting the invalid recipe order range  770ms
   ✓ production catalog preflight diagnostics using the real 0038 catalog > rejects negative count fields instead of exposing an impossible aggregate  784ms
   ✓ production catalog preflight diagnostics using the real 0038 catalog > rejects unreviewed migration tip before issuing a receipt  721ms
   ✓ production catalog preflight diagnostics using the real 0038 catalog > rejects migration content hash drift before issuing a receipt  705ms
   ✓ production catalog preflight diagnostics using the real 0038 catalog > drops unknown row, provider and manifest fields from a successful diagnostic receipt  777ms
   ✓ production catalog preflight diagnostics using the real 0038 catalog > ignores provider timing metadata when comparing otherwise identical read snapshots  782ms
   ✓ production catalog preflight diagnostics using the real 0038 catalog > keeps provider or pipeline exception messages out of blocked receipts  744ms
 ✓ tests/integration/inventory-fefo.test.ts (34 tests) 19029ms
   ✓ T09E multi-effect FEFO authority > enforces the 32-effect boundary before partial writes  556ms
   ✓ T09E multi-effect FEFO authority > enforces the 33-effect boundary before partial writes  322ms
   ✓ T09E multi-effect FEFO authority > permits a 1,000-lot FEFO snapshot and rejects the 1,001st lot before allocation  14251ms
 ✓ tests/integration/t20-legacy-family-and-safety.test.ts (15 tests) 16395ms
   ✓ T20 Manual enforces the same T03 hard contract as Auto > reviewed dietary tag required (safety unknown): Auto adds nothing and Manual cannot persist the dish  1232ms
   ✓ T20 Manual enforces the same T03 hard contract as Auto > allergen requested (safety unknown): Auto adds nothing and Manual cannot persist the dish  1115ms
   ✓ T20 Manual enforces the same T03 hard contract as Auto > hard nutrition target without reviewed nutrition: Auto adds nothing and Manual cannot persist the dish  1104ms
   ✓ T20 Manual enforces the same T03 hard contract as Auto > rejects a substitution that becomes forbidden after an earlier component consumes direct stock  879ms
   ✓ T20 Manual enforces the same T03 hard contract as Auto > rejects a swap that makes an existing downstream dish fall back to forbidden shrimp  999ms
   ✓ T20 Manual enforces the same T03 hard contract as Auto > rejects an upstream-slot swap that makes a later slot use forbidden shrimp  1391ms
   ✓ T20 Manual enforces the same T03 hard contract as Auto > does not rejudge a later dish when an earlier edit changes unrelated inventory  1164ms
   ✓ T20 Manual enforces the same T03 hard contract as Auto > does not rejudge a later dish for stock quantity changes that leave its safety facts unchanged  1048ms
   ✓ T20 Manual enforces the same T03 hard contract as Auto > PATCH reorder rejects an unsafe inventory-prefix change  1011ms
   ✓ T20 Manual enforces the same T03 hard contract as Auto > PUT replace rejects an unsafe inventory-prefix change  1012ms
   ✓ T20 Manual enforces the same T03 hard contract as Auto > allows a safe reorder of existing components after a stable inventory prefix  831ms
   ✓ T20 Manual enforces the same T03 hard contract as Auto > does not rejudge a stable prefix when only later components move  799ms
   ✓ T20 Manual enforces the same T03 hard contract as Auto > hard max time: a dish over (or without) a known total time is rejected; the existing V1 anchor may stay  639ms
   ✓ T20 V1 family-variant meals > refuses a Manual swap that makes a later legacy-family variant substitute forbidden shrimp  1414ms
   ✓ T20 V1 family-variant meals > keeps V1 swap, refuses composition, and stays in composed-plan shopping (single projection)  1757ms
 ✓ tests/unit/recipe-catalog-recovery.test.mjs (48 tests) 16217ms
   ✓ offline certified V1 recovery compiler > restores all 500 certified recipes from 6720 unreviewed lines and keeps a lossless immutable archive  485ms
   ✓ offline certified V1 recovery compiler > preserves the approved internal table during complete restore and rollback: documented spelling  652ms
   ✓ offline certified V1 recovery compiler > preserves the approved internal table during complete restore and rollback: ASCII whitespace and keyword case  645ms
   ✓ offline certified V1 recovery compiler > preserves the approved internal table during complete restore and rollback: long whitespace runs  646ms
   ✓ offline certified V1 recovery compiler > reproduces the original D1 authorization failure and visits every application table with the corrected restore and rollback  1052ms
   ✓ offline certified V1 recovery compiler > keeps unknown application foreign keys to recipe_ingredients visible under the same D1 authorization policy  377ms
   ✓ offline certified V1 recovery compiler > keeps unknown application foreign keys to RECIPE_INGREDIENTS visible under the same D1 authorization policy  397ms
   ✓ offline certified V1 recovery compiler > stops unknown protected objects before FK calls with the D1 authorizer enabled  371ms
   ✓ offline certified V1 recovery compiler > clears versioned enrichment so shared ingredient profiles and stale versions cannot authorize nutrition  317ms
   ✓ offline certified V1 recovery compiler > rolls every archive and catalog change back when a later statement fails  407ms
   ✓ offline certified V1 recovery compiler > restores the complete original archive atomically without changing shared profiles  660ms
   ✓ offline certified V1 recovery compiler > refuses rollback after an unknown reserved object appears and keeps the applied catalog and archive intact  447ms
   ✓ offline certified V1 recovery compiler > refuses rollback after a catalog edit and preserves that edit  394ms
   ✓ offline certified V1 recovery compiler > handles a live slug permutation through temporary unique slugs and reverses it exactly  601ms
   ✓ offline certified V1 recovery compiler > refuses a repeat restore and keeps the first successful archive intact  456ms
 ✓ tests/integration/inventory-lot-commands.test.ts (146 tests) 14647ms
 ✓ tests/unit/recipe-import-output-policy.test.mjs (25 tests) 13943ms
   ✓ recipe-import CLI (real script, git-ignored artifact directory) > validate / compile / verify / check succeed on the fixture and never touch migrations/ or recipe source  8973ms
   ✓ recipe-import CLI (real script, git-ignored artifact directory) > a failing batch exits non-zero, writes diagnostics only (no migration.sql); traversal and symlink outputs are refused before any write  4961ms
 ✓ tests/integration/t20-meal-composition-flows.test.ts (16 tests) 12882ms
   ✓ T20 assisted composition > "complete" proposes without mutating, retains every existing component, and applies only on explicit accept  1068ms
   ✓ T20 assisted composition > a forged or stale proposal ID is rejected and nothing changes  700ms
   ✓ T20 auto composition > keeps locked components identical, replaces only unlocked ones, is deterministic and explainable  1267ms
   ✓ T20 auto composition > respects household hard restrictions in Auto and rejects them in Manual  777ms
   ✓ T20 optimistic concurrency and idempotency > competing add/add and swap/swap: exactly one wins, the stale one is a typed conflict  917ms
   ✓ T20 optimistic concurrency and idempotency > competing add/remove: either winner is valid and the final composition reflects only the winner  731ms
   ✓ T20 optimistic concurrency and idempotency > competing lock/regenerate on a composed slot: the loser is a typed conflict and is not applied  1181ms
   ✓ T20 optimistic concurrency and idempotency > competing manual-save/auto-apply: the final composition is exactly the winner's  1200ms
   ✓ T20 optimistic concurrency and idempotency > a retried add (same revision) never duplicates a component  934ms
   ✓ T20 security > cross-household plan/component access fails without leaking existence or writing  394ms
   ✓ T20 security > clients cannot inject authority, household, provenance, role source, confidence, inventory, prices, weights or lock bypass  800ms
   ✓ T20 × T19 recipe authority > d1: a D1-only recipe added to a meal resolves in Recipe API detail, cooking and shopping  759ms
   ✓ T20 × T19 recipe authority > an authority source change is a typed revalidation for composition edits and generation  486ms
   ✓ T20 V1 operations on composed plans > V1 swap on a composed slot is a typed 409; regenerate preserves locked components and replaces unlocked ones  1086ms
stderr | tests/integration/t20-meal-composition-stale-read.test.ts > T20 torn-read revision classification > stale PATCH on a concurrently added slot is a revision conflict
{"level":"warn","limiter":"planner-compute","reason":"kv-unbound","message":"Rate limiter degraded to isolate-local counters; enforcement is not globally reliable."}
{"level":"warn","limiter":"meal-planning-expensive","reason":"kv-unbound","message":"Rate limiter degraded to isolate-local counters; enforcement is not globally reliable."}

stderr | tests/integration/t20-meal-composition-stale-read.test.ts > T20 torn-read revision classification > stale PATCH on a concurrently added slot is a revision conflict
{"level":"warn","limiter":"meal-composition-write","reason":"kv-unbound","message":"Rate limiter degraded to isolate-local counters; enforcement is not globally reliable."}

stderr | tests/integration/t20-meal-composition-stale-read.test.ts > T20 torn-read revision classification > stale PATCH on a concurrently added slot is a revision conflict
{"level":"warn","limiter":"meal-planning-read","reason":"kv-unbound","message":"Rate limiter degraded to isolate-local counters; enforcement is not globally reliable."}

 ✓ tests/integration/t20-meal-composition-stale-read.test.ts (9 tests) 10082ms
   ✓ T20 torn-read revision classification > stale PATCH on a concurrently added slot is a revision conflict  1315ms
   ✓ T20 torn-read revision classification > stale AUTO on a concurrently added slot is a revision conflict  1192ms
   ✓ T20 torn-read revision classification > stale PATCH after regenerate returns 409 even when the edited component was replaced  1224ms
   ✓ T20 torn-read revision classification > stale DELETE after a concurrent DELETE does not erase the winner  1075ms
   ✓ T20 torn-read revision classification > stale swap after a concurrent removal returns a revision conflict, not component missing  1055ms
   ✓ T20 torn-read revision classification > stale replace/save cannot overwrite the winning mutation  1047ms
   ✓ T20 torn-read revision classification > stale Auto apply returns a revision conflict before checking its option ID  1253ms
   ✓ T20 torn-read revision classification > a genuinely absent component at the current revision stays 404; an absent slot stays SLOT_NOT_FOUND  728ms
   ✓ T20 torn-read revision classification > a nonexistent slot wins over stale revision without weakening existing-slot revision checks  1194ms
 ✓ tests/integration/t19-recipe-authority-split.test.ts (11 tests) 10675ms
   ✓ T19 — planner universe must equal Recipe API universe under every authority mode > static: generated plan, alternatives and swap only expose recipes the Recipe API and cooking resolve  653ms
   ✓ T19 — planner universe must equal Recipe API universe under every authority mode > shadow: generated plan, alternatives and swap only expose recipes the Recipe API and cooking resolve  636ms
   ✓ T19 — planner universe must equal Recipe API universe under every authority mode > canary (outside cohort): generated plan, alternatives and swap only expose recipes the Recipe API and cooking resolve  560ms
   ✓ T19 — planner universe must equal Recipe API universe under every authority mode > canary (inside cohort): generated plan, alternatives and swap only expose recipes the Recipe API and cooking resolve  2099ms
   ✓ T19 — planner universe must equal Recipe API universe under every authority mode > d1: generated plan, alternatives and swap only expose recipes the Recipe API and cooking resolve  2049ms
   ✓ T19 — planner universe must equal Recipe API universe under every authority mode > static: the planned universe is exactly the legacy 71 and a static plan is not staled by an invisible D1-only change  549ms
   ✓ T19 — planner universe must equal Recipe API universe under every authority mode > d1 readiness failure: Recipe API and Planner fall back to static TOGETHER (no split authority)  1482ms
   ✓ T19 — planner universe must equal Recipe API universe under every authority mode > d1 catalog read failure: Recipe API and Planner both serve the static fallback without a 500  526ms
   ✓ T19 — planner universe must equal Recipe API universe under every authority mode > security: no request parameter, header or body field can choose the recipe authority  537ms
   ✓ T19 — planner universe must equal Recipe API universe under every authority mode > d1: shopping and cooking accept a D1-only recipe the planner chose  1488ms
stderr | tests/integration/auth-hardening.test.ts > cookie authentication and production CSRF > issues a production HttpOnly opaque cookie, persists only its hash, and authenticates against D1
{"level":"warn","limiter":"rl_auth","reason":"kv-unbound","message":"Rate limiter degraded to isolate-local counters; enforcement is not globally reliable."}

stderr | tests/integration/auth-hardening.test.ts > expected-owner fencing across cookie changes > rejects an A replay when /me authenticates A but another tab installs B cookie before the mutation, retaining the owned outbox
{"level":"warn","limiter":"rl_inv_w","reason":"kv-unbound","message":"Rate limiter degraded to isolate-local counters; enforcement is not globally reliable."}

stderr | tests/integration/auth-hardening.test.ts > D1-authoritative OTP verification > fails registration honestly and invalidates the challenge when no provider accepts the OTP
{"event":"otp_delivery_failed","provider":"workers-email","category":"sender_not_verified","purpose":"register","environment":"production"}

stderr | tests/integration/auth-hardening.test.ts > D1-authoritative OTP verification > recovers from initial registration delivery failure through a secured resend
{"event":"otp_delivery_failed","provider":"workers-email","category":"provider_unavailable","purpose":"register","environment":"production"}

stderr | tests/integration/auth-hardening.test.ts > D1-authoritative OTP verification > fails resend honestly and leaves the newly generated challenge unusable
{"event":"otp_delivery_failed","provider":"workers-email","category":"provider_unavailable","purpose":"register","environment":"production"}

stderr | tests/integration/auth-hardening.test.ts > D1-authoritative OTP verification > keeps resend available when the optional KV cooldown store is unavailable
{"level":"warn","limiter":"rl_auth","reason":"kv-error","message":"Rate limiter degraded to isolate-local counters; enforcement is not globally reliable."}

 ✓ tests/integration/inventory-fefo-schema.test.ts (78 tests) 8785ms
   ✓ T09E SQLite FEFO authority guards > accepts a captured synthetic FEFO batch only with authoritative adoption evidence  317ms
 ✓ tests/integration/auth-hardening.test.ts (92 tests) 9645ms
stderr | tests/integration/inventory-adoption-operator.test.ts > AC13 actual operator CLI → authenticated Hono → SQLite adoption > adopts one legacy household, preserves all stock and safely replays through the executable
{"level":"warn","limiter":"rl_inv_w","reason":"kv-unbound","message":"Rate limiter degraded to isolate-local counters; enforcement is not globally reliable."}

stderr | tests/integration/t13-receipt-vision-truth.test.ts > T13B-A receipt lot truth and authoritative correction evidence > preserves the entire manual lot, creates a receipt purchase lot, and reads total 5 through T11
{"level":"warn","limiter":"rl_inv_w","reason":"kv-unbound","message":"Rate limiter degraded to isolate-local counters; enforcement is not globally reliable."}

stderr | tests/integration/t13-receipt-vision-truth.test.ts > T13B-A receipt lot truth and authoritative correction evidence > receipt atomic failure recovery > rolls back the entire confirmation when a later stock statement fails
Adopted scan confirmation failed: Error: T13B-A injected late stock failure
    at SqliteD1.execute (/Users/tunbee27/Documents/Tako-san-ui-rebuild/tests/helpers/sqlite-d1.ts:119:33)
    at /Users/tunbee27/Documents/Tako-san-ui-rebuild/tests/helpers/sqlite-d1.ts:97:50
    at Array.map (<anonymous>)
    at SqliteD1.batch (/Users/tunbee27/Documents/Tako-san-ui-rebuild/tests/helpers/sqlite-d1.ts:97:26)
    at confirmAdoptedScan (/Users/tunbee27/Documents/Tako-san-ui-rebuild/src/worker/routes/scans.ts:194:21)
    at dispatch (file:///Users/tunbee27/Documents/Tako-san-ui-rebuild/node_modules/.pnpm/hono@4.13.7/node_modules/hono/dist/compose.js:22:17)
    at tenancyGuard (/Users/tunbee27/Documents/Tako-san-ui-rebuild/src/worker/middleware/tenancy.ts:69:3)
    at dispatch (file:///Users/tunbee27/Documents/Tako-san-ui-rebuild/node_modules/.pnpm/hono@4.13.7/node_modules/hono/dist/compose.js:22:17)
    at authMiddleware (/Users/tunbee27/Documents/Tako-san-ui-rebuild/src/worker/middleware/auth.ts:150:12)
    at dispatch (file:///Users/tunbee27/Documents/Tako-san-ui-rebuild/node_modules/.pnpm/hono@4.13.7/node_modules/hono/dist/compose.js:22:17) {
  code: 'ERR_SQLITE_ERROR',
  errcode: 1811,
  errstr: 'constraint failed'
}

stderr | tests/integration/t13-receipt-vision-truth.test.ts > T13B-A receipt lot truth and authoritative correction evidence > receipt atomic failure recovery > rolls back the entire confirmation when a later observation statement fails
Adopted scan confirmation failed: Error: T13B-A injected late observation failure
    at SqliteD1.execute (/Users/tunbee27/Documents/Tako-san-ui-rebuild/tests/helpers/sqlite-d1.ts:130:30)
    at /Users/tunbee27/Documents/Tako-san-ui-rebuild/tests/helpers/sqlite-d1.ts:97:50
    at Array.map (<anonymous>)
    at SqliteD1.batch (/Users/tunbee27/Documents/Tako-san-ui-rebuild/tests/helpers/sqlite-d1.ts:97:26)
    at confirmAdoptedScan (/Users/tunbee27/Documents/Tako-san-ui-rebuild/src/worker/routes/scans.ts:194:21)
    at dispatch (file:///Users/tunbee27/Documents/Tako-san-ui-rebuild/node_modules/.pnpm/hono@4.13.7/node_modules/hono/dist/compose.js:22:17)
    at tenancyGuard (/Users/tunbee27/Documents/Tako-san-ui-rebuild/src/worker/middleware/tenancy.ts:69:3)
    at dispatch (file:///Users/tunbee27/Documents/Tako-san-ui-rebuild/node_modules/.pnpm/hono@4.13.7/node_modules/hono/dist/compose.js:22:17)
    at authMiddleware (/Users/tunbee27/Documents/Tako-san-ui-rebuild/src/worker/middleware/auth.ts:150:12)
    at dispatch (file:///Users/tunbee27/Documents/Tako-san-ui-rebuild/node_modules/.pnpm/hono@4.13.7/node_modules/hono/dist/compose.js:22:17) {
  code: 'ERR_SQLITE_ERROR',
  errcode: 1811,
  errstr: 'constraint failed'
}

stderr | tests/integration/t13-receipt-vision-truth.test.ts > T13B-A receipt lot truth and authoritative correction evidence > receipt atomic failure recovery > rolls back the entire confirmation when a later status statement fails
Adopted scan confirmation failed: Error: T13B-A injected late status failure
    at SqliteD1.execute (/Users/tunbee27/Documents/Tako-san-ui-rebuild/tests/helpers/sqlite-d1.ts:130:30)
    at /Users/tunbee27/Documents/Tako-san-ui-rebuild/tests/helpers/sqlite-d1.ts:97:50
    at Array.map (<anonymous>)
    at SqliteD1.batch (/Users/tunbee27/Documents/Tako-san-ui-rebuild/tests/helpers/sqlite-d1.ts:97:26)
    at confirmAdoptedScan (/Users/tunbee27/Documents/Tako-san-ui-rebuild/src/worker/routes/scans.ts:194:21)
    at dispatch (file:///Users/tunbee27/Documents/Tako-san-ui-rebuild/node_modules/.pnpm/hono@4.13.7/node_modules/hono/dist/compose.js:22:17)
    at tenancyGuard (/Users/tunbee27/Documents/Tako-san-ui-rebuild/src/worker/middleware/tenancy.ts:69:3)
    at dispatch (file:///Users/tunbee27/Documents/Tako-san-ui-rebuild/node_modules/.pnpm/hono@4.13.7/node_modules/hono/dist/compose.js:22:17)
    at authMiddleware (/Users/tunbee27/Documents/Tako-san-ui-rebuild/src/worker/middleware/auth.ts:150:12)
    at dispatch (file:///Users/tunbee27/Documents/Tako-san-ui-rebuild/node_modules/.pnpm/hono@4.13.7/node_modules/hono/dist/compose.js:22:17) {
  code: 'ERR_SQLITE_ERROR',
  errcode: 1811,
  errstr: 'constraint failed'
}

stderr | tests/integration/t13-receipt-vision-truth.test.ts > T13B-A receipt lot truth and authoritative correction evidence > fridge atomic failure recovery > rolls back the entire confirmation when a later stock statement fails
Adopted scan confirmation failed: Error: T13B-A injected late stock failure
    at SqliteD1.execute (/Users/tunbee27/Documents/Tako-san-ui-rebuild/tests/helpers/sqlite-d1.ts:119:33)
    at /Users/tunbee27/Documents/Tako-san-ui-rebuild/tests/helpers/sqlite-d1.ts:97:50
    at Array.map (<anonymous>)
    at SqliteD1.batch (/Users/tunbee27/Documents/Tako-san-ui-rebuild/tests/helpers/sqlite-d1.ts:97:26)
    at confirmAdoptedScan (/Users/tunbee27/Documents/Tako-san-ui-rebuild/src/worker/routes/scans.ts:194:21)
    at dispatch (file:///Users/tunbee27/Documents/Tako-san-ui-rebuild/node_modules/.pnpm/hono@4.13.7/node_modules/hono/dist/compose.js:22:17)
    at tenancyGuard (/Users/tunbee27/Documents/Tako-san-ui-rebuild/src/worker/middleware/tenancy.ts:69:3)
    at dispatch (file:///Users/tunbee27/Documents/Tako-san-ui-rebuild/node_modules/.pnpm/hono@4.13.7/node_modules/hono/dist/compose.js:22:17)
    at authMiddleware (/Users/tunbee27/Documents/Tako-san-ui-rebuild/src/worker/middleware/auth.ts:150:12)
    at dispatch (file:///Users/tunbee27/Documents/Tako-san-ui-rebuild/node_modules/.pnpm/hono@4.13.7/node_modules/hono/dist/compose.js:22:17) {
  code: 'ERR_SQLITE_ERROR',
  errcode: 1811,
  errstr: 'constraint failed'
}

stderr | tests/integration/t13-receipt-vision-truth.test.ts > T13B-A receipt lot truth and authoritative correction evidence > fridge atomic failure recovery > rolls back the entire confirmation when a later observation statement fails
Adopted scan confirmation failed: Error: T13B-A injected late observation failure
    at SqliteD1.execute (/Users/tunbee27/Documents/Tako-san-ui-rebuild/tests/helpers/sqlite-d1.ts:130:30)
    at /Users/tunbee27/Documents/Tako-san-ui-rebuild/tests/helpers/sqlite-d1.ts:97:50
    at Array.map (<anonymous>)
    at SqliteD1.batch (/Users/tunbee27/Documents/Tako-san-ui-rebuild/tests/helpers/sqlite-d1.ts:97:26)
    at confirmAdoptedScan (/Users/tunbee27/Documents/Tako-san-ui-rebuild/src/worker/routes/scans.ts:194:21)
    at dispatch (file:///Users/tunbee27/Documents/Tako-san-ui-rebuild/node_modules/.pnpm/hono@4.13.7/node_modules/hono/dist/compose.js:22:17)
    at tenancyGuard (/Users/tunbee27/Documents/Tako-san-ui-rebuild/src/worker/middleware/tenancy.ts:69:3)
    at dispatch (file:///Users/tunbee27/Documents/Tako-san-ui-rebuild/node_modules/.pnpm/hono@4.13.7/node_modules/hono/dist/compose.js:22:17)
    at authMiddleware (/Users/tunbee27/Documents/Tako-san-ui-rebuild/src/worker/middleware/auth.ts:150:12)
    at dispatch (file:///Users/tunbee27/Documents/Tako-san-ui-rebuild/node_modules/.pnpm/hono@4.13.7/node_modules/hono/dist/compose.js:22:17) {
  code: 'ERR_SQLITE_ERROR',
  errcode: 1811,
  errstr: 'constraint failed'
}

stderr | tests/integration/t13-receipt-vision-truth.test.ts > T13B-A receipt lot truth and authoritative correction evidence > fridge atomic failure recovery > rolls back the entire confirmation when a later status statement fails
Adopted scan confirmation failed: Error: T13B-A injected late status failure
    at SqliteD1.execute (/Users/tunbee27/Documents/Tako-san-ui-rebuild/tests/helpers/sqlite-d1.ts:130:30)
    at /Users/tunbee27/Documents/Tako-san-ui-rebuild/tests/helpers/sqlite-d1.ts:97:50
    at Array.map (<anonymous>)
    at SqliteD1.batch (/Users/tunbee27/Documents/Tako-san-ui-rebuild/tests/helpers/sqlite-d1.ts:97:26)
    at confirmAdoptedScan (/Users/tunbee27/Documents/Tako-san-ui-rebuild/src/worker/routes/scans.ts:194:21)
    at dispatch (file:///Users/tunbee27/Documents/Tako-san-ui-rebuild/node_modules/.pnpm/hono@4.13.7/node_modules/hono/dist/compose.js:22:17)
    at tenancyGuard (/Users/tunbee27/Documents/Tako-san-ui-rebuild/src/worker/middleware/tenancy.ts:69:3)
    at dispatch (file:///Users/tunbee27/Documents/Tako-san-ui-rebuild/node_modules/.pnpm/hono@4.13.7/node_modules/hono/dist/compose.js:22:17)
    at authMiddleware (/Users/tunbee27/Documents/Tako-san-ui-rebuild/src/worker/middleware/auth.ts:150:12)
    at dispatch (file:///Users/tunbee27/Documents/Tako-san-ui-rebuild/node_modules/.pnpm/hono@4.13.7/node_modules/hono/dist/compose.js:22:17) {
  code: 'ERR_SQLITE_ERROR',
  errcode: 1811,
  errstr: 'constraint failed'
}

stderr | tests/integration/t13-receipt-vision-truth.test.ts > T13 Inventory UX V2 read routes and tenancy > AC8: household B cannot read household A lots, evidence or reconciliation
{"level":"warn","limiter":"rl_inv_truth","reason":"kv-unbound","message":"Rate limiter degraded to isolate-local counters; enforcement is not globally reliable."}

 ✓ tests/integration/inventory-adoption-operator.test.ts (26 tests) 6282ms
   ✓ AC13 actual operator CLI → authenticated Hono → SQLite adoption > adopts one legacy household, preserves all stock and safely replays through the executable  429ms
   ✓ AC13 actual operator CLI → authenticated Hono → SQLite adoption > reports missing terminal evidence, accepts explicit facts, and rejects changed replay intent  715ms
   ✓ AC13 actual operator CLI → authenticated Hono → SQLite adoption > recovers from a lost committed response only by explicitly rerunning the same tool intent  386ms
 ✓ tests/integration/t13-receipt-vision-truth.test.ts (57 tests) 6255ms
stdout | tests/integration/payment-authority.test.ts > server payment authority > returns only the server price catalog to authenticated non-guests
[req] GET /api/v1/billing/plans 200 0ms 0bce51cf-b872-4670-8646-7153a809b422

stdout | tests/integration/payment-authority.test.ts > server payment authority > rejects guests and unauthenticated callers for plans
[req] GET /api/v1/billing/plans 401 0ms ec54edde-64ec-4d43-a9d2-cc05575306ee

stdout | tests/integration/payment-authority.test.ts > server payment authority > rejects guests and unauthenticated callers for plans
[req] GET /api/v1/billing/plans 401 0ms 6da39757-7f8e-4de9-bc3c-88769c4353c8

stderr | tests/integration/payment-authority.test.ts > server payment authority > rejects malformed plan { plan: 'weekly' } without creating an intent
{"level":"warn","limiter":"rl_payment_create","reason":"kv-unbound","message":"Rate limiter degraded to isolate-local counters; enforcement is not globally reliable."}

stdout | tests/integration/payment-authority.test.ts > server payment authority > rejects malformed plan { plan: 'weekly' } without creating an intent
[req] POST /api/v1/billing/payment-intents 400 0ms 6004f2c9-2e7c-4915-923f-af1d55498e78

stdout | tests/integration/payment-authority.test.ts > server payment authority > rejects malformed plan { plan: '' } without creating an intent
[req] POST /api/v1/billing/payment-intents 400 0ms 03f9495a-1f7b-4f79-a5b9-def80580bfe8

stdout | tests/integration/payment-authority.test.ts > server payment authority > rejects malformed plan {} without creating an intent
[req] POST /api/v1/billing/payment-intents 400 0ms 217094d3-a8d7-4f29-a9cf-361d0d60360f

stdout | tests/integration/payment-authority.test.ts > server payment authority > ignores legacy client amount fields while using the authoritative monthly amount
[req] POST /api/v1/billing/payment-intents 201 0ms 88aadda6-e83d-4d37-862a-eecdcc9c148c

stdout | tests/integration/payment-authority.test.ts > server payment authority > creates annual intent data and signs the exact provider request fields
[req] POST /api/v1/billing/payment-intents 201 0ms 6fbe087c-337d-4264-bd3d-da2773b6d0cc

stdout | tests/integration/payment-authority.test.ts > server payment authority > issued payment intent keeps its server-approved amount after catalog price changes: monthly
[req] POST /api/v1/billing/payment-intents 201 0ms 72a78c72-faba-4560-9389-26f6a974f6fc

stdout | tests/integration/payment-authority.test.ts > server payment authority > issued payment intent keeps its server-approved amount after catalog price changes: monthly
[req] GET /api/v1/billing/plans 200 0ms 5aef7799-ff49-4d1c-aa7b-4739151386c7

stdout | tests/integration/payment-authority.test.ts > server payment authority > issued payment intent keeps its server-approved amount after catalog price changes: monthly
[req] GET /api/v1/billing/payment-intents/pay_a9c8386e-4af6-4111-b5c4-c6f5b9dbe452 200 0ms 5b13d41b-f1e8-43be-b5b0-a59eb5b553cb

stdout | tests/integration/payment-authority.test.ts > server payment authority > issued payment intent keeps its server-approved amount after catalog price changes: monthly
[req] POST /api/v1/billing/payos/webhook 409 0ms 7efa0015-12fb-4801-a1df-dbc9059c488b

stdout | tests/integration/payment-authority.test.ts > server payment authority > issued payment intent keeps its server-approved amount after catalog price changes: monthly
[req] POST /api/v1/billing/payos/webhook 200 0ms 8cacf2dd-53ef-45f1-8066-75e914800c9b

stdout | tests/integration/payment-authority.test.ts > server payment authority > issued payment intent keeps its server-approved amount after catalog price changes: monthly
[req] POST /api/v1/billing/payos/webhook 200 0ms 5ea80377-95af-4403-aec2-e4ff5d4abeb8

stdout | tests/integration/payment-authority.test.ts > server payment authority > issued payment intent keeps its server-approved amount after catalog price changes: monthly
[req] GET /api/v1/billing/payment-intents/pay_a9c8386e-4af6-4111-b5c4-c6f5b9dbe452 200 0ms df1e2685-a68a-4cd3-a8a6-9c74931f793a

stdout | tests/integration/payment-authority.test.ts > server payment authority > issued payment intent keeps its server-approved amount after catalog price changes: monthly
[req] POST /api/v1/billing/payos/webhook 409 0ms 92685786-2ad1-4b78-8932-7b974d05f340

stdout | tests/integration/payment-authority.test.ts > server payment authority > issued payment intent keeps its server-approved amount after catalog price changes: monthly
[req] POST /api/v1/billing/payment-intents 201 0ms bc40dd68-2122-4359-b3ff-46dbfa8238de

stdout | tests/integration/payment-authority.test.ts > server payment authority > issued payment intent keeps its server-approved amount after catalog price changes: monthly
[req] POST /api/v1/billing/payos/webhook 409 0ms dd79d910-5ed8-4d91-90b8-f072f1a735b7

stdout | tests/integration/payment-authority.test.ts > server payment authority > issued payment intent keeps its server-approved amount after catalog price changes: monthly
[req] POST /api/v1/billing/payos/webhook 200 0ms 8521241f-f602-430f-9f07-5a2732dca656

stdout | tests/integration/payment-authority.test.ts > server payment authority > issued payment intent keeps its server-approved amount after catalog price changes: monthly
[req] POST /api/v1/billing/payos/webhook 409 0ms 3779873f-484e-4123-9333-14243001856d

stdout | tests/integration/payment-authority.test.ts > server payment authority > issued payment intent keeps its server-approved amount after catalog price changes: annual
[req] POST /api/v1/billing/payment-intents 201 0ms ae16f7a8-f905-41e5-88f6-97fcb5fb8c21

stdout | tests/integration/payment-authority.test.ts > server payment authority > issued payment intent keeps its server-approved amount after catalog price changes: annual
[req] GET /api/v1/billing/plans 200 0ms 6ec1f8f8-af3e-4cd1-a343-77843c83d9bc

stdout | tests/integration/payment-authority.test.ts > server payment authority > issued payment intent keeps its server-approved amount after catalog price changes: annual
[req] GET /api/v1/billing/payment-intents/pay_506ab942-171a-4f7e-8dc7-f390e9e7ae11 200 0ms 09a3e3fd-9d20-44ef-ac8c-3f5bb64f57d0

stdout | tests/integration/payment-authority.test.ts > server payment authority > issued payment intent keeps its server-approved amount after catalog price changes: annual
[req] POST /api/v1/billing/payos/webhook 409 0ms b2597d55-40e0-40f8-9e13-20dd92361416

stdout | tests/integration/payment-authority.test.ts > server payment authority > issued payment intent keeps its server-approved amount after catalog price changes: annual
[req] POST /api/v1/billing/payos/webhook 200 0ms ea29b1ea-28fa-4732-bee6-23dc71c4e726

stdout | tests/integration/payment-authority.test.ts > server payment authority > issued payment intent keeps its server-approved amount after catalog price changes: annual
[req] POST /api/v1/billing/payos/webhook 200 0ms 0861e394-c278-4068-b311-2827cd0ad6fa

stdout | tests/integration/payment-authority.test.ts > server payment authority > issued payment intent keeps its server-approved amount after catalog price changes: annual
[req] GET /api/v1/billing/payment-intents/pay_506ab942-171a-4f7e-8dc7-f390e9e7ae11 200 0ms d50f91e2-713b-4c37-a6f2-5ef10dfbc34b

stdout | tests/integration/payment-authority.test.ts > server payment authority > issued payment intent keeps its server-approved amount after catalog price changes: annual
[req] POST /api/v1/billing/payos/webhook 409 0ms 6610e567-5460-460b-86df-58b6abfdab03

stdout | tests/integration/payment-authority.test.ts > server payment authority > issued payment intent keeps its server-approved amount after catalog price changes: annual
[req] POST /api/v1/billing/payment-intents 201 0ms 48b5cd30-e6bb-46a3-882c-39f13f0bc654

stdout | tests/integration/payment-authority.test.ts > server payment authority > issued payment intent keeps its server-approved amount after catalog price changes: annual
[req] POST /api/v1/billing/payos/webhook 409 0ms 6ef61e9e-cbf8-4c24-83b5-bcb8255eb042

stdout | tests/integration/payment-authority.test.ts > server payment authority > issued payment intent keeps its server-approved amount after catalog price changes: annual
[req] POST /api/v1/billing/payos/webhook 200 0ms 24664079-ddcc-448d-aafd-ffe72624e2a8

stdout | tests/integration/payment-authority.test.ts > server payment authority > issued payment intent keeps its server-approved amount after catalog price changes: annual
[req] POST /api/v1/billing/payos/webhook 409 0ms 71486033-aa22-4d25-84c4-bca34e4f4429

stdout | tests/integration/payment-authority.test.ts > server payment authority > rejects the first payment of an expired old-price intent after a catalog change
[req] POST /api/v1/billing/payment-intents 201 0ms eb60d3c4-27a4-4d22-b5bd-1d299fc6a8a5

stdout | tests/integration/payment-authority.test.ts > server payment authority > rejects the first payment of an expired old-price intent after a catalog change
[req] GET /api/v1/billing/payment-intents/pay_e736e118-0b1e-4532-ab54-85157616bbda 200 0ms 21f0a2c2-cdcc-4dfb-a44c-3199623d4d50

stdout | tests/integration/payment-authority.test.ts > server payment authority > rejects the first payment of an expired old-price intent after a catalog change
[req] POST /api/v1/billing/payos/webhook 409 0ms 227ce0ca-3396-4651-b742-96bed01d677a

stdout | tests/integration/payment-authority.test.ts > server payment authority > rejects a new payment of a consumed failed old-price intent after a catalog change
[req] POST /api/v1/billing/payment-intents 201 0ms d664bba3-1e6e-4716-b7c9-fe68e2dea773

stdout | tests/integration/payment-authority.test.ts > server payment authority > rejects a new payment of a consumed failed old-price intent after a catalog change
[req] GET /api/v1/billing/payment-intents/pay_a3dadc17-fa1a-408d-8fc9-07482db7f115 200 0ms adea9b3f-2fca-4a0d-9eb5-370eeeef28ea

stdout | tests/integration/payment-authority.test.ts > server payment authority > rejects a new payment of a consumed failed old-price intent after a catalog change
[req] POST /api/v1/billing/payos/webhook 409 0ms 1f8022de-b188-418c-8e3c-8b211e7df042

stdout | tests/integration/payment-authority.test.ts > server payment authority > rejects a new payment of a consumed refunded old-price intent after a catalog change
[req] POST /api/v1/billing/payment-intents 201 0ms 0d73ca08-ab59-42ba-bf28-39434aac3492

stdout | tests/integration/payment-authority.test.ts > server payment authority > rejects a new payment of a consumed refunded old-price intent after a catalog change
[req] GET /api/v1/billing/payment-intents/pay_9ac718a2-8db5-4f72-abf7-24ed038edbb0 200 0ms ede9f1e0-0537-41a8-9c82-b58120017216

stdout | tests/integration/payment-authority.test.ts > server payment authority > rejects a new payment of a consumed refunded old-price intent after a catalog change
[req] POST /api/v1/billing/payos/webhook 409 0ms 4d4d13d6-5730-4c56-a17d-9d43afa72ec5

stdout | tests/integration/payment-authority.test.ts > server payment authority > rejects a new payment of a consumed expired old-price intent after a catalog change
[req] POST /api/v1/billing/payment-intents 201 0ms 625f8b22-29ad-4144-b6ee-e8358ac565ba

stdout | tests/integration/payment-authority.test.ts > server payment authority > rejects a new payment of a consumed expired old-price intent after a catalog change
[req] GET /api/v1/billing/payment-intents/pay_3b031827-e477-4b6a-835e-bee5b6bf7d40 200 0ms c7d6a1b0-a343-40c8-baaa-50ab8b9fbd0e

stdout | tests/integration/payment-authority.test.ts > server payment authority > rejects a new payment of a consumed expired old-price intent after a catalog change
[req] POST /api/v1/billing/payos/webhook 409 0ms 62af40a2-1609-465b-a921-551e57b99a10

stdout | tests/integration/payment-authority.test.ts > server payment authority > rejects a new payment of a consumed paid old-price intent after a catalog change
[req] POST /api/v1/billing/payment-intents 201 0ms 5f957410-0c0a-4756-bbe1-b8a477ccf40c

stdout | tests/integration/payment-authority.test.ts > server payment authority > rejects a new payment of a consumed paid old-price intent after a catalog change
[req] GET /api/v1/billing/payment-intents/pay_0f1d7347-3cde-41a2-a155-6d6ea635a0f5 200 0ms 3d93def2-3915-4274-a61c-e02700bd44dc

stdout | tests/integration/payment-authority.test.ts > server payment authority > rejects a new payment of a consumed paid old-price intent after a catalog change
[req] POST /api/v1/billing/payos/webhook 409 0ms 6fe6ac9f-4479-4354-bf06-d30f2972b711

stdout | tests/integration/payment-authority.test.ts > server payment authority > rejects structurally invalid persisted plan = forged on reads and callbacks
[req] POST /api/v1/billing/payment-intents 201 0ms 3cc39933-4cd6-4ac4-996f-37cd75d89c41

stdout | tests/integration/payment-authority.test.ts > server payment authority > rejects structurally invalid persisted plan = forged on reads and callbacks
[req] GET /api/v1/billing/payment-intents/pay_42a5f92c-8879-4a0d-915c-c6d2a8bf7a6b 409 0ms 85b9dabd-a670-4d4d-b1a1-af97ece52a9c

stdout | tests/integration/payment-authority.test.ts > server payment authority > rejects structurally invalid persisted plan = forged on reads and callbacks
[req] POST /api/v1/billing/payos/webhook 409 0ms d85d6315-0549-4c13-8ea3-443b8ab15e5d

stdout | tests/integration/payment-authority.test.ts > server payment authority > rejects structurally invalid persisted amount_vnd = 0 on reads and callbacks
[req] POST /api/v1/billing/payment-intents 201 0ms 117a8088-043d-4adb-b603-611027d6f50b

stdout | tests/integration/payment-authority.test.ts > server payment authority > rejects structurally invalid persisted amount_vnd = 0 on reads and callbacks
[req] GET /api/v1/billing/payment-intents/pay_82178552-8f82-4b60-ba64-2fdcb5df8b06 409 0ms 18b87e35-3ffd-4dc7-9905-46400a75d957

stdout | tests/integration/payment-authority.test.ts > server payment authority > rejects structurally invalid persisted amount_vnd = 0 on reads and callbacks
[req] POST /api/v1/billing/payos/webhook 409 0ms 53d6411d-043f-4a42-9e45-caa4b189c07a

stdout | tests/integration/payment-authority.test.ts > server payment authority > rejects structurally invalid persisted amount_vnd = -1 on reads and callbacks
[req] POST /api/v1/billing/payment-intents 201 0ms 0bf0f338-522a-4597-89b0-796b51e78fd9

stdout | tests/integration/payment-authority.test.ts > server payment authority > rejects structurally invalid persisted amount_vnd = -1 on reads and callbacks
[req] GET /api/v1/billing/payment-intents/pay_a58ec76b-8b60-45b0-b5c1-f46a6a2b0d1d 409 0ms f2d1da27-9f9e-420a-a4bb-b25344c52181

stdout | tests/integration/payment-authority.test.ts > server payment authority > rejects structurally invalid persisted amount_vnd = -1 on reads and callbacks
[req] POST /api/v1/billing/payos/webhook 409 0ms 78400c0d-df99-4d0a-8b63-5975128ac860

stdout | tests/integration/payment-authority.test.ts > server payment authority > rejects structurally invalid persisted amount_vnd = 49000.5 on reads and callbacks
[req] POST /api/v1/billing/payment-intents 201 0ms 816fc693-b688-43cc-b4b7-5c99f41c3b10

stdout | tests/integration/payment-authority.test.ts > server payment authority > rejects structurally invalid persisted amount_vnd = 49000.5 on reads and callbacks
[req] GET /api/v1/billing/payment-intents/pay_08143e66-1b96-483f-82e7-34a300c9033d 409 0ms ef86cfc3-7458-4847-a3b9-df9bd4dc6922

stdout | tests/integration/payment-authority.test.ts > server payment authority > rejects structurally invalid persisted amount_vnd = 49000.5 on reads and callbacks
[req] POST /api/v1/billing/payos/webhook 409 0ms deb46ed3-1bf1-4e83-968e-79160745dc2e

stdout | tests/integration/payment-authority.test.ts > server payment authority > rejects structurally invalid persisted amount_vnd = 1.7976931348623157e+308 on reads and callbacks
[req] POST /api/v1/billing/payment-intents 201 0ms c95d8338-3a0c-4403-80eb-d9135cbb606c

stdout | tests/integration/payment-authority.test.ts > server payment authority > rejects structurally invalid persisted amount_vnd = 1.7976931348623157e+308 on reads and callbacks
[req] GET /api/v1/billing/payment-intents/pay_78a19ae0-0339-407b-b5c3-c48e49134e70 409 0ms 6e810838-135c-45b8-af7d-bc2359d243dc

stdout | tests/integration/payment-authority.test.ts > server payment authority > rejects structurally invalid persisted amount_vnd = 1.7976931348623157e+308 on reads and callbacks
[req] POST /api/v1/billing/payos/webhook 409 0ms a32046b5-9e68-4d95-a087-c2805d7d50c4

stdout | tests/integration/payment-authority.test.ts > server payment authority > rejects structurally invalid persisted amount_vnd = invalid on reads and callbacks
[req] POST /api/v1/billing/payment-intents 201 0ms a2f8ec8f-c4f3-444f-8089-51362a377434

stdout | tests/integration/payment-authority.test.ts > server payment authority > rejects structurally invalid persisted amount_vnd = invalid on reads and callbacks
[req] GET /api/v1/billing/payment-intents/pay_0db0b9b9-d918-48fe-a86f-a78a49357f0a 409 0ms 48f5c01f-96af-4976-9d2f-0ca8bde2089a

stdout | tests/integration/payment-authority.test.ts > server payment authority > rejects structurally invalid persisted amount_vnd = invalid on reads and callbacks
[req] POST /api/v1/billing/payos/webhook 409 0ms 4de0eb4e-7a53-4eda-9d7e-1489e77fe5b1

stdout | tests/integration/payment-authority.test.ts > server payment authority > rejects structurally invalid persisted currency = USD on reads and callbacks
[req] POST /api/v1/billing/payment-intents 201 0ms b945930f-8f9c-4bf0-afac-ced2a56cb5c3

stdout | tests/integration/payment-authority.test.ts > server payment authority > rejects structurally invalid persisted currency = USD on reads and callbacks
[req] GET /api/v1/billing/payment-intents/pay_eae5cd5f-2a31-441d-bce2-77e8efb617fb 409 0ms 0d2676ea-acb3-437d-ba68-fe5b36ecf9fb

stdout | tests/integration/payment-authority.test.ts > server payment authority > rejects structurally invalid persisted currency = USD on reads and callbacks
[req] POST /api/v1/billing/payos/webhook 409 0ms c6b10c3d-5038-409c-9227-9d10ac39c564

stdout | tests/integration/payment-authority.test.ts > server payment authority > rejects structurally invalid persisted order_code = 0 on reads and callbacks
[req] POST /api/v1/billing/payment-intents 201 0ms 10902e48-d61b-4845-8909-198072e0661f

stdout | tests/integration/payment-authority.test.ts > server payment authority > rejects structurally invalid persisted order_code = 0 on reads and callbacks
[req] GET /api/v1/billing/payment-intents/pay_62691e41-9297-4b9d-96c3-16ef3887843b 409 0ms 9d145587-9433-4968-ab5f-78620c0671b3

stdout | tests/integration/payment-authority.test.ts > server payment authority > rejects structurally invalid persisted order_code = 0 on reads and callbacks
[req] POST /api/v1/billing/payos/webhook 409 0ms b52ee616-2926-4d8f-a4f8-707cacecb649

stdout | tests/integration/payment-authority.test.ts > server payment authority > rejects structurally invalid persisted order_code = -1 on reads and callbacks
[req] POST /api/v1/billing/payment-intents 201 0ms db24d6e9-6c93-49b6-9d3b-cfe5fab754c8

stdout | tests/integration/payment-authority.test.ts > server payment authority > rejects structurally invalid persisted order_code = -1 on reads and callbacks
[req] GET /api/v1/billing/payment-intents/pay_5b6909a5-57e2-4f2b-8210-2d6018ae48c9 409 0ms bce4c594-a3ff-45f2-b879-ef50b28d3f8a

stdout | tests/integration/payment-authority.test.ts > server payment authority > rejects structurally invalid persisted order_code = -1 on reads and callbacks
[req] POST /api/v1/billing/payos/webhook 409 0ms 7601e1a1-ee55-4522-ba3c-b40a7633192c

stdout | tests/integration/payment-authority.test.ts > server payment authority > rejects structurally invalid persisted order_code = 001 on reads and callbacks
[req] POST /api/v1/billing/payment-intents 201 0ms cb8472f2-0af7-42e1-bc89-d9374ae7cf09

stdout | tests/integration/payment-authority.test.ts > server payment authority > rejects structurally invalid persisted order_code = 001 on reads and callbacks
[req] GET /api/v1/billing/payment-intents/pay_af3d71b1-8ac5-4c94-980b-b04c70d860cc 409 0ms bb7692ea-8910-4cbc-9bc3-76e3ca70e23b

stdout | tests/integration/payment-authority.test.ts > server payment authority > rejects structurally invalid persisted order_code = 001 on reads and callbacks
[req] POST /api/v1/billing/payos/webhook 409 0ms 9ab70879-a94a-44d2-b2cc-f067955488af

stdout | tests/integration/payment-authority.test.ts > server payment authority > rejects structurally invalid persisted order_code = 1.5 on reads and callbacks
[req] POST /api/v1/billing/payment-intents 201 0ms f3ae2afa-2d12-4c97-b007-9c768345194c

stdout | tests/integration/payment-authority.test.ts > server payment authority > rejects structurally invalid persisted order_code = 1.5 on reads and callbacks
[req] GET /api/v1/billing/payment-intents/pay_135187be-4591-43eb-830c-314466bd1989 409 0ms e0eafab7-323a-472e-b3a7-594e8ede0f27

stdout | tests/integration/payment-authority.test.ts > server payment authority > rejects structurally invalid persisted order_code = 1.5 on reads and callbacks
[req] POST /api/v1/billing/payos/webhook 409 0ms 47fe814c-623e-44e4-8504-6f3a7dc0bb90

stdout | tests/integration/payment-authority.test.ts > server payment authority > rejects structurally invalid persisted order_code = 1e3 on reads and callbacks
[req] POST /api/v1/billing/payment-intents 201 0ms 342ea8c9-9056-4baf-b756-611fc3207aaa

stdout | tests/integration/payment-authority.test.ts > server payment authority > rejects structurally invalid persisted order_code = 1e3 on reads and callbacks
[req] GET /api/v1/billing/payment-intents/pay_6fe5d8d8-def6-4a49-8ee6-661858a06183 409 0ms c46d2684-1585-452e-a017-8a21ad5c2278

stdout | tests/integration/payment-authority.test.ts > server payment authority > rejects structurally invalid persisted order_code = 1e3 on reads and callbacks
[req] POST /api/v1/billing/payos/webhook 409 0ms 7e1a09c9-84a9-4d3e-bfcc-f3c32fe6ea0c

stdout | tests/integration/payment-authority.test.ts > server payment authority > rejects structurally invalid persisted order_code = 9007199254740992 on reads and callbacks
[req] POST /api/v1/billing/payment-intents 201 0ms ce3f1beb-9a32-4c06-99e9-50a79892001a

stdout | tests/integration/payment-authority.test.ts > server payment authority > rejects structurally invalid persisted order_code = 9007199254740992 on reads and callbacks
[req] GET /api/v1/billing/payment-intents/pay_0764cb8e-ab7f-47bd-a62a-9ba2dd5a1892 409 0ms f556fe22-a6bb-4a7d-a297-e5791dfb05d7

stdout | tests/integration/payment-authority.test.ts > server payment authority > rejects structurally invalid persisted order_code = 9007199254740992 on reads and callbacks
[req] POST /api/v1/billing/payos/webhook 409 0ms 4de1f95e-04c7-4525-96f8-d3349d58f5b5

stdout | tests/integration/payment-authority.test.ts > server payment authority > rejects structurally invalid persisted expires_at = invalid on reads and callbacks
[req] POST /api/v1/billing/payment-intents 201 0ms 1929db63-f03c-49e1-b46c-f6d30b9e916f

stdout | tests/integration/payment-authority.test.ts > server payment authority > rejects structurally invalid persisted expires_at = invalid on reads and callbacks
[req] GET /api/v1/billing/payment-intents/pay_763a1dd2-cb73-43f3-9bba-6465a7328634 409 0ms 346d5f12-eced-4c5f-9d8f-0ebdc44a3af3

stdout | tests/integration/payment-authority.test.ts > server payment authority > rejects structurally invalid persisted expires_at = invalid on reads and callbacks
[req] POST /api/v1/billing/payos/webhook 409 0ms 0981d864-1161-4b7c-b614-e8716caff508

stdout | tests/integration/payment-authority.test.ts > server payment authority > rejects structurally invalid persisted expires_at =  on reads and callbacks
[req] POST /api/v1/billing/payment-intents 201 0ms b7224b53-8a57-46d2-a418-f46b5d0d4ee8

stdout | tests/integration/payment-authority.test.ts > server payment authority > rejects structurally invalid persisted expires_at =  on reads and callbacks
[req] GET /api/v1/billing/payment-intents/pay_84e57b3d-61f0-4ba5-8d87-c85fa255e8c6 409 0ms 30c8cf96-c1af-4551-8475-900eb34566bc

stdout | tests/integration/payment-authority.test.ts > server payment authority > rejects structurally invalid persisted expires_at =  on reads and callbacks
[req] POST /api/v1/billing/payos/webhook 409 0ms 0d5f1fce-21af-4fb8-b7bc-564e3bfaaae6

stdout | tests/integration/payment-authority.test.ts > server payment authority > rejects structurally invalid persisted expires_at = 0 on reads and callbacks
[req] POST /api/v1/billing/payment-intents 201 0ms 1017330b-9e0d-4506-90cc-72b9450be162

stdout | tests/integration/payment-authority.test.ts > server payment authority > rejects structurally invalid persisted expires_at = 0 on reads and callbacks
[req] GET /api/v1/billing/payment-intents/pay_cf201364-27ab-4311-8156-87ba360a8eb1 409 0ms a93804a6-3a14-46a1-95b4-4e84b744dcbd

stdout | tests/integration/payment-authority.test.ts > server payment authority > rejects structurally invalid persisted expires_at = 0 on reads and callbacks
[req] POST /api/v1/billing/payos/webhook 409 0ms 3de3a6e5-e044-419f-bba3-b7b08a9bd0de

stdout | tests/integration/payment-authority.test.ts > server payment authority > rejects structurally invalid persisted expires_at = 1 on reads and callbacks
[req] POST /api/v1/billing/payment-intents 201 0ms e7f91aa8-6261-4a34-a3fb-dcd74a020bd9

stdout | tests/integration/payment-authority.test.ts > server payment authority > rejects structurally invalid persisted expires_at = 1 on reads and callbacks
[req] GET /api/v1/billing/payment-intents/pay_ac40f0da-baeb-4f6d-8de4-bc2c17b022de 409 0ms a04b3efa-8eb7-4c53-bd54-fef030a5d0f8

stdout | tests/integration/payment-authority.test.ts > server payment authority > rejects structurally invalid persisted expires_at = 1 on reads and callbacks
[req] POST /api/v1/billing/payos/webhook 409 0ms 4d08b379-6e6c-49e9-884f-bfe0c595ca86

stdout | tests/integration/payment-authority.test.ts > server payment authority > rejects structurally invalid persisted expires_at = 2025 on reads and callbacks
[req] POST /api/v1/billing/payment-intents 201 0ms 6231b102-733f-415e-9bf0-2887b22ce819

stdout | tests/integration/payment-authority.test.ts > server payment authority > rejects structurally invalid persisted expires_at = 2025 on reads and callbacks
[req] GET /api/v1/billing/payment-intents/pay_6820627a-9150-4b3b-afe5-ce53f00b2c1d 409 0ms 92400c05-640e-49b1-a871-348ea9d5f21e

stdout | tests/integration/payment-authority.test.ts > server payment authority > rejects structurally invalid persisted expires_at = 2025 on reads and callbacks
[req] POST /api/v1/billing/payos/webhook 409 0ms 7de67a83-397b-4e8b-9024-39b91a95a21a

stdout | tests/integration/payment-authority.test.ts > server payment authority > rejects structurally invalid persisted expires_at = 2025-01-01 on reads and callbacks
[req] POST /api/v1/billing/payment-intents 201 0ms 6b84e6d6-988c-4713-a2e9-698ea132822e

stdout | tests/integration/payment-authority.test.ts > server payment authority > rejects structurally invalid persisted expires_at = 2025-01-01 on reads and callbacks
[req] GET /api/v1/billing/payment-intents/pay_b3ee76cc-65de-4f3c-9d01-ace641d9df14 409 0ms 9951f990-c6a5-4e40-b32b-78e38fc45587

stdout | tests/integration/payment-authority.test.ts > server payment authority > rejects structurally invalid persisted expires_at = 2025-01-01 on reads and callbacks
[req] POST /api/v1/billing/payos/webhook 409 0ms ee14df81-6110-49c0-9e0e-dd803ccb7447

stdout | tests/integration/payment-authority.test.ts > server payment authority > rejects structurally invalid persisted expires_at = 2099-02-30T00:00:00.000Z on reads and callbacks
[req] POST /api/v1/billing/payment-intents 201 0ms dcf22b1c-5dea-4e2d-8fac-1d27a4b6d97a

stdout | tests/integration/payment-authority.test.ts > server payment authority > rejects structurally invalid persisted expires_at = 2099-02-30T00:00:00.000Z on reads and callbacks
[req] GET /api/v1/billing/payment-intents/pay_33b0a76d-5a8c-40d8-8c1a-f1fae0840b92 409 0ms 4d088ea2-32bb-4c7f-8947-bac36a5bfe19

stdout | tests/integration/payment-authority.test.ts > server payment authority > rejects structurally invalid persisted expires_at = 2099-02-30T00:00:00.000Z on reads and callbacks
[req] POST /api/v1/billing/payos/webhook 409 0ms 160c6636-e858-4555-b4d0-c6509fed0db7

stdout | tests/integration/payment-authority.test.ts > server payment authority > rejects structurally invalid persisted status = forged on reads and callbacks
[req] POST /api/v1/billing/payment-intents 201 0ms b7e576da-ae12-45ac-830e-432aa28dc001

stdout | tests/integration/payment-authority.test.ts > server payment authority > rejects structurally invalid persisted status = forged on reads and callbacks
[req] GET /api/v1/billing/payment-intents/pay_526d4bc6-f9e7-4adf-b160-c38af1b744b0 409 0ms 5f21e70b-5709-459c-bbc1-16ef6908a4e3

stdout | tests/integration/payment-authority.test.ts > server payment authority > rejects structurally invalid persisted status = forged on reads and callbacks
[req] POST /api/v1/billing/payos/webhook 409 0ms 30a7630a-3d4c-4da8-beaf-738cd3e5a0e6

stdout | tests/integration/payment-authority.test.ts > server payment authority > rejects a signed amount that no longer matches the persisted intent
[req] POST /api/v1/billing/payment-intents 201 0ms 978f5fd6-1845-4e66-bd77-bd4a5e124b57

stdout | tests/integration/payment-authority.test.ts > server payment authority > rejects a signed amount that no longer matches the persisted intent
[req] POST /api/v1/billing/payos/webhook 409 0ms 2c9247a7-56c2-467b-a143-2d5593ae19b5

stdout | tests/integration/payment-authority.test.ts > server payment authority > enforces the safe-integer boundary on stored amounts without consulting catalog prices
[req] POST /api/v1/billing/payment-intents 201 0ms c40550ec-d0a4-43dd-903e-296fee135c68

stdout | tests/integration/payment-authority.test.ts > server payment authority > fails closed before DB/provider work when PayOS configuration is incomplete
[req] POST /api/v1/billing/payment-intents 503 0ms 2abc28fa-f2e8-49b7-a79b-3b4a78588e17

stdout | tests/integration/payment-authority.test.ts > server payment authority > rejects a provider response whose signed amount does not match the local intent
[req] POST /api/v1/billing/payment-intents 502 0ms 39f9742e-c7c5-4867-af7f-348660c66792

stdout | tests/integration/payment-authority.test.ts > server payment authority > marks an intent failed after a provider timeout and rejects a later signed callback
[req] POST /api/v1/billing/payment-intents 502 0ms 9040b48b-4bf4-4806-940d-ecc19486f415

stdout | tests/integration/payment-authority.test.ts > server payment authority > marks an intent failed after a provider timeout and rejects a later signed callback
[req] POST /api/v1/billing/payos/webhook 409 0ms 913a771f-af7a-4337-8bb9-6b2be750e1c9

stdout | tests/integration/payment-authority.test.ts > server payment authority > accepts a signed provider description prefix and uses that exact description in QR addInfo
[req] POST /api/v1/billing/payment-intents 201 0ms 50502169-97e9-4fce-bf43-a5d38ab0be5c

stdout | tests/integration/payment-authority.test.ts > server payment authority > rejects a provider response with an invalid signature and fails the local intent
[req] POST /api/v1/billing/payment-intents 502 0ms 6edc1980-6d0f-457f-aeb7-a89fcfca4807

stdout | tests/integration/payment-authority.test.ts > server payment authority > rejects provider order, currency, and expiry mismatches
[req] POST /api/v1/billing/payment-intents 502 0ms 1cd42304-4fb6-41f2-b08d-2f26453bd024

stdout | tests/integration/payment-authority.test.ts > server payment authority > rejects provider order, currency, and expiry mismatches
[req] POST /api/v1/billing/payment-intents 502 0ms 746adfb6-5b96-43af-98ee-3e4b950706f2

stdout | tests/integration/payment-authority.test.ts > server payment authority > rejects provider order, currency, and expiry mismatches
[req] POST /api/v1/billing/payment-intents 502 0ms 2a9b395b-4853-4067-8103-331ad91e2b79

stdout | tests/integration/payment-authority.test.ts > owned payment intent status > returns DB status without exposing provider payment instructions
[req] POST /api/v1/billing/payment-intents 201 0ms b356934c-4c68-4e81-bc72-afd6066aa3a3

stdout | tests/integration/payment-authority.test.ts > owned payment intent status > returns DB status without exposing provider payment instructions
[req] GET /api/v1/billing/payment-intents/pay_a313fc77-6e19-4e7f-8cc4-13227ee0edc2 200 0ms 85c0eac5-e76f-4787-a503-b5b9bae6c4ae

stdout | tests/integration/payment-authority.test.ts > owned payment intent status > does not disclose another user’s intent
[req] POST /api/v1/billing/payment-intents 201 0ms 380f7f0a-93ee-497a-9c9e-7cdbd3b64840

stdout | tests/integration/payment-authority.test.ts > owned payment intent status > does not disclose another user’s intent
[req] GET /api/v1/billing/payment-intents/pay_085652cc-68d6-4ac7-bfcc-cfc17d0f2547 404 0ms e0e6949b-6724-4386-949b-2ce9aed0cedb

stdout | tests/integration/payment-authority.test.ts > owned payment intent status > derives expired status from the server clock without mutating the pending row
[req] POST /api/v1/billing/payment-intents 201 0ms 56c0779c-149f-4193-a866-ac918aef85c7

stdout | tests/integration/payment-authority.test.ts > owned payment intent status > derives expired status from the server clock without mutating the pending row
[req] GET /api/v1/billing/payment-intents/pay_46e95d36-9d62-43c2-8a46-593b1748903c 200 0ms 996b066d-01c0-44bd-b06b-aa972fa750d6

stdout | tests/integration/payment-authority.test.ts > owned payment intent status > requires CSRF origin protection for cookie-authenticated intent creation
[req] POST /api/v1/billing/payment-intents 403 0ms 6b95b27d-46dc-4778-b54d-97ce28221692

stdout | tests/integration/payment-authority.test.ts > owned payment intent status > rejects a request whose expected account headers do not match the cookie session
[req] GET /api/v1/billing/plans 403 0ms d0ca6b46-c85b-4779-af76-0ec646530a34

stdout | tests/integration/payment-authority.test.ts > verified webhook reconciliation and entitlement grants > rejects bad signatures before touching the intent
[req] POST /api/v1/billing/payment-intents 201 0ms 4fe42836-bcfa-4ce6-8727-5b841f04c0b3

stdout | tests/integration/payment-authority.test.ts > verified webhook reconciliation and entitlement grants > rejects bad signatures before touching the intent
[req] POST /api/v1/billing/payos/webhook 401 0ms ea0e2799-a6eb-47db-800a-a485e8ae086f

stdout | tests/integration/payment-authority.test.ts > verified webhook reconciliation and entitlement grants > uses signed data.code rather than the unsigned envelope code
[req] POST /api/v1/billing/payment-intents 201 0ms 2bbdc556-78df-4fe0-a292-05457489f041

stdout | tests/integration/payment-authority.test.ts > verified webhook reconciliation and entitlement grants > uses signed data.code rather than the unsigned envelope code
[req] POST /api/v1/billing/payos/webhook 200 0ms a028a74e-d2bc-49e3-bfac-d9e321114f22

stdout | tests/integration/payment-authority.test.ts > verified webhook reconciliation and entitlement grants > requires a signed reference and validates amount and currency
[req] POST /api/v1/billing/payment-intents 201 0ms 1252e8db-e8ca-467c-be78-706494680a0a

stdout | tests/integration/payment-authority.test.ts > verified webhook reconciliation and entitlement grants > requires a signed reference and validates amount and currency
[req] POST /api/v1/billing/payos/webhook 400 0ms 668a2ce3-8433-4267-8785-04f6841754d0

stdout | tests/integration/payment-authority.test.ts > verified webhook reconciliation and entitlement grants > requires a signed reference and validates amount and currency
[req] POST /api/v1/billing/payment-intents 201 0ms 0ddedc4f-89f2-41aa-9b03-7e29ea1eb212

stdout | tests/integration/payment-authority.test.ts > verified webhook reconciliation and entitlement grants > requires a signed reference and validates amount and currency
[req] POST /api/v1/billing/payos/webhook 409 0ms 11198ec4-842c-4204-b56e-d44fa20da2f3

stdout | tests/integration/payment-authority.test.ts > verified webhook reconciliation and entitlement grants > requires a signed reference and validates amount and currency
[req] POST /api/v1/billing/payment-intents 201 0ms 6cc42137-9199-4612-a9ff-8bd5d2924aa7

stdout | tests/integration/payment-authority.test.ts > verified webhook reconciliation and entitlement grants > requires a signed reference and validates amount and currency
[req] POST /api/v1/billing/payos/webhook 409 0ms 6abade60-421e-4b01-bc28-2f08a98d0049

stdout | tests/integration/payment-authority.test.ts > verified webhook reconciliation and entitlement grants > does not allow a failed terminal intent to become paid
[req] POST /api/v1/billing/payment-intents 201 0ms dd34462a-4aca-405a-9821-c2a6eab6dc14

stdout | tests/integration/payment-authority.test.ts > verified webhook reconciliation and entitlement grants > does not allow a failed terminal intent to become paid
[req] POST /api/v1/billing/payos/webhook 200 0ms 2bcb62bc-3ec5-49da-a160-5b18c86f4faf

stdout | tests/integration/payment-authority.test.ts > verified webhook reconciliation and entitlement grants > does not allow a failed terminal intent to become paid
[req] POST /api/v1/billing/payos/webhook 409 0ms bae668ce-c8db-45ac-9a37-bbc269d6f9c7

stdout | tests/integration/payment-authority.test.ts > verified webhook reconciliation and entitlement grants > rejects paid callbacks for invalid stored plans
[req] POST /api/v1/billing/payment-intents 201 0ms 764084dc-f7bf-4073-9273-62d8a37621b1

stdout | tests/integration/payment-authority.test.ts > verified webhook reconciliation and entitlement grants > rejects paid callbacks for invalid stored plans
[req] POST /api/v1/billing/payos/webhook 409 0ms 6227c0de-44a1-4fb9-bfeb-23270edf1c90

stdout | tests/integration/payment-authority.test.ts > verified webhook reconciliation and entitlement grants > rejects a paid callback for terminal failed intents
[req] POST /api/v1/billing/payment-intents 201 0ms 26c413a5-de91-49c8-bc38-e36729fe1c4b

stdout | tests/integration/payment-authority.test.ts > verified webhook reconciliation and entitlement grants > rejects a paid callback for terminal failed intents
[req] POST /api/v1/billing/payos/webhook 409 0ms 469c4045-1d4d-4f3e-ba4a-1bb321f1b3f4

stdout | tests/integration/payment-authority.test.ts > verified webhook reconciliation and entitlement grants > rejects a paid callback for terminal refunded intents
[req] POST /api/v1/billing/payment-intents 201 0ms dd056638-287a-4661-b7f4-5b08a9eac191

stdout | tests/integration/payment-authority.test.ts > verified webhook reconciliation and entitlement grants > rejects a paid callback for terminal refunded intents
[req] POST /api/v1/billing/payos/webhook 409 0ms 189ee51e-8f20-4bb0-a6f3-5bd6a205993b

stdout | tests/integration/payment-authority.test.ts > verified webhook reconciliation and entitlement grants > rejects a paid callback for terminal expired intents
[req] POST /api/v1/billing/payment-intents 201 0ms bdb8e426-1395-47e7-bd53-82d80b2843ac

stdout | tests/integration/payment-authority.test.ts > verified webhook reconciliation and entitlement grants > rejects a paid callback for terminal expired intents
[req] POST /api/v1/billing/payos/webhook 409 0ms 8143ba9f-03a8-4026-a80e-9f00a167c2cc

stdout | tests/integration/payment-authority.test.ts > verified webhook reconciliation and entitlement grants > ACKs duplicate paid callbacks without extending the same entitlement
[req] POST /api/v1/billing/payment-intents 201 0ms 7ec14c44-959b-4580-88a7-60947d29bdcf

stdout | tests/integration/payment-authority.test.ts > verified webhook reconciliation and entitlement grants > ACKs duplicate paid callbacks without extending the same entitlement
[req] POST /api/v1/billing/payos/webhook 200 0ms 9ee2917b-c112-4a97-a1c0-022ce1df1c83

stdout | tests/integration/payment-authority.test.ts > verified webhook reconciliation and entitlement grants > ACKs duplicate paid callbacks without extending the same entitlement
[req] POST /api/v1/billing/payos/webhook 200 0ms 20990a3e-576d-4010-93a7-771943a2c598

stdout | tests/integration/payment-authority.test.ts > verified webhook reconciliation and entitlement grants > serializes concurrent callbacks for one intent and stacks distinct paid orders
[req] POST /api/v1/billing/payment-intents 201 0ms fdb933c4-bc04-4579-9243-c14e4516bd14

stdout | tests/integration/payment-authority.test.ts > verified webhook reconciliation and entitlement grants > serializes concurrent callbacks for one intent and stacks distinct paid orders
[req] POST /api/v1/billing/payos/webhook 200 0ms bb5eb76c-6203-421b-8a84-bc53b50330c4

stdout | tests/integration/payment-authority.test.ts > verified webhook reconciliation and entitlement grants > serializes concurrent callbacks for one intent and stacks distinct paid orders
[req] POST /api/v1/billing/payos/webhook 200 0ms c9806e93-a301-4203-924c-503db67e875d

stdout | tests/integration/payment-authority.test.ts > verified webhook reconciliation and entitlement grants > serializes concurrent callbacks for one intent and stacks distinct paid orders
[req] POST /api/v1/billing/payment-intents 201 0ms d8696150-fab8-4276-901c-f12799b9ce9c

stdout | tests/integration/payment-authority.test.ts > verified webhook reconciliation and entitlement grants > serializes concurrent callbacks for one intent and stacks distinct paid orders
[req] POST /api/v1/billing/payos/webhook 200 0ms 104aad9b-a532-4a51-ba23-d8ba05d51567

stdout | tests/integration/payment-authority.test.ts > verified webhook reconciliation and entitlement grants > stacks two distinct paid orders when their signed callbacks arrive concurrently
[req] POST /api/v1/billing/payment-intents 201 0ms d017df9d-3343-4c4c-8a57-865355f79b99

stdout | tests/integration/payment-authority.test.ts > verified webhook reconciliation and entitlement grants > stacks two distinct paid orders when their signed callbacks arrive concurrently
[req] POST /api/v1/billing/payment-intents 201 0ms 02681869-d7ab-4e70-ad50-b1cf95299b26

stdout | tests/integration/payment-authority.test.ts > verified webhook reconciliation and entitlement grants > stacks two distinct paid orders when their signed callbacks arrive concurrently
[req] POST /api/v1/billing/payos/webhook 200 0ms a192405e-f015-4d91-90a1-fc887099262b

stdout | tests/integration/payment-authority.test.ts > verified webhook reconciliation and entitlement grants > stacks two distinct paid orders when their signed callbacks arrive concurrently
[req] POST /api/v1/billing/payos/webhook 200 0ms 5be72176-0e66-4f8c-b095-4a3f607cb3c2

stdout | tests/integration/payment-authority.test.ts > verified webhook reconciliation and entitlement grants > rolls back a second order when its provider reference is already used by another order
[req] POST /api/v1/billing/payment-intents 201 0ms 0461f8a9-920f-4b76-9f02-a4c3c1229dfc

stdout | tests/integration/payment-authority.test.ts > verified webhook reconciliation and entitlement grants > rolls back a second order when its provider reference is already used by another order
[req] POST /api/v1/billing/payment-intents 201 0ms bd3d45ff-78a5-4a86-8a04-5e4434f9be43

stdout | tests/integration/payment-authority.test.ts > verified webhook reconciliation and entitlement grants > rolls back a second order when its provider reference is already used by another order
[req] POST /api/v1/billing/payos/webhook 200 0ms ae249374-f7df-4f56-960b-d2a2312977d7

stdout | tests/integration/payment-authority.test.ts > verified webhook reconciliation and entitlement grants > rolls back a second order when its provider reference is already used by another order
[req] POST /api/v1/billing/payos/webhook 409 0ms 1c0bf706-620a-4622-83af-ec7f6cf48b19

 ✓ tests/integration/t20-performance.test.ts (1 test) 6166ms
   ✓ 500-recipe Worker generation/picker stay bounded in SQL, payload and search; generation never writes  6166ms
stdout | tests/integration/payment-authority.test.ts > verified webhook reconciliation and entitlement grants > ACKs a paid replay after the intent expiry time without mutating entitlement
[req] POST /api/v1/billing/payment-intents 201 0ms c55bd569-e98c-4dd3-b12b-bc631fe85633

stdout | tests/integration/payment-authority.test.ts > verified webhook reconciliation and entitlement grants > ACKs a paid replay after the intent expiry time without mutating entitlement
[req] POST /api/v1/billing/payos/webhook 200 0ms ff576023-c268-40ba-8d25-df4932637e4d

stdout | tests/integration/payment-authority.test.ts > verified webhook reconciliation and entitlement grants > ACKs a paid replay after the intent expiry time without mutating entitlement
[req] POST /api/v1/billing/payos/webhook 200 0ms 5ac90974-b552-4439-8f43-dab5f2d5c65e

stdout | tests/integration/payment-authority.test.ts > verified webhook reconciliation and entitlement grants > rejects a first paid callback that crosses the pending intent expiry
[req] POST /api/v1/billing/payment-intents 201 0ms 48bff921-6cb0-4e00-a62e-e1d23b208421

stdout | tests/integration/payment-authority.test.ts > verified webhook reconciliation and entitlement grants > rejects a first paid callback that crosses the pending intent expiry
[req] POST /api/v1/billing/payos/webhook 409 0ms 41d17967-6bdc-4590-bb13-fe50cc579460

stderr | tests/integration/payment-authority.test.ts > legacy activation retirement > returns compatibility pending state but never writes a grant
{"level":"warn","limiter":"rl_auth","reason":"kv-unbound","message":"Rate limiter degraded to isolate-local counters; enforcement is not globally reliable."}

stdout | tests/integration/payment-authority.test.ts > legacy activation retirement > returns compatibility pending state but never writes a grant
[req] POST /api/v1/auth/plus/activate 200 0ms df0082db-3d0f-4f2d-ac85-e21577d60c5b

stdout | tests/integration/payment-authority.test.ts > legacy activation retirement > rejects browser-supplied legacy grant codes without writing entitlement
[req] POST /api/v1/auth/plus/activate 410 0ms 2bc4eb16-2caf-4c70-9f8f-6bb485df9085

 ✓ tests/integration/payment-authority.test.ts (65 tests) 6021ms
stderr | tests/integration/t07-security.test.ts > T07 H1 planner tenancy and trust boundary > keeps every plan action creator-private across household and same-household member sessions
{"level":"warn","limiter":"planner-compute","reason":"kv-unbound","message":"Rate limiter degraded to isolate-local counters; enforcement is not globally reliable."}
{"level":"warn","limiter":"meal-planning-expensive","reason":"kv-unbound","message":"Rate limiter degraded to isolate-local counters; enforcement is not globally reliable."}

stdout | tests/integration/t07-security.test.ts > T07 H1 planner tenancy and trust boundary > keeps every plan action creator-private across household and same-household member sessions
{"level":"info","event":"meal_planning_result","status":"feasible","conclusion":"feasible","truncated":false,"states":3}

stderr | tests/integration/t07-security.test.ts > T07 H1 planner tenancy and trust boundary > keeps every plan action creator-private across household and same-household member sessions
{"level":"warn","limiter":"meal-planning-read","reason":"kv-unbound","message":"Rate limiter degraded to isolate-local counters; enforcement is not globally reliable."}

stderr | tests/integration/t07-security.test.ts > T07 H1 planner tenancy and trust boundary > keeps every plan action creator-private across household and same-household member sessions
{"level":"warn","limiter":"meal-planning-feedback","reason":"kv-unbound","message":"Rate limiter degraded to isolate-local counters; enforcement is not globally reliable."}

stdout | tests/integration/t07-security.test.ts > T07 H1 planner tenancy and trust boundary > denies every planner boundary after current membership is revoked
{"level":"info","event":"meal_planning_result","status":"feasible","conclusion":"feasible","truncated":false,"states":3}

stdout | tests/integration/t07-security.test.ts > T07 H1 planner tenancy and trust boundary > requires a cookie session, trusted mutation origin, and exact optional owner fence
{"level":"info","event":"meal_planning_result","status":"feasible","conclusion":"feasible","truncated":false,"states":3}

stdout | tests/integration/t07-security.test.ts > T07 H1 planner tenancy and trust boundary > uses only the authenticated member personal ranking state while retaining household hard policy
{"level":"info","event":"meal_planning_result","status":"feasible","conclusion":"feasible","truncated":false,"states":2}

stdout | tests/integration/t07-security.test.ts > T07 H1 planner tenancy and trust boundary > uses only the authenticated member personal ranking state while retaining household hard policy
{"level":"info","event":"meal_planning_result","status":"feasible","conclusion":"feasible","truncated":false,"states":3}

stdout | tests/integration/t07-security.test.ts > T07 H1 planner tenancy and trust boundary > preserves persisted hard restrictions when regenerate omits any client policy and rejects policy injection
{"level":"info","event":"meal_planning_result","status":"infeasible","conclusion":"proven_infeasible","truncated":false,"states":1}

stdout | tests/integration/t07-security.test.ts > T07 H1 planner tenancy and trust boundary > preserves persisted hard restrictions when regenerate omits any client policy and rejects policy injection
{"level":"info","event":"meal_planning_result","status":"infeasible","conclusion":"proven_infeasible","truncated":false,"states":1}

stdout | tests/integration/t07-security.test.ts > T07 H1 hostile planner bodies > rejects regenerate missing authority or malformed body
{"level":"info","event":"meal_planning_result","status":"feasible","conclusion":"feasible","truncated":false,"states":3}

stdout | tests/integration/t07-security.test.ts > T07 H1 hostile planner bodies > rejects regenerate null revision authority or malformed body
{"level":"info","event":"meal_planning_result","status":"feasible","conclusion":"feasible","truncated":false,"states":3}

stdout | tests/integration/t07-security.test.ts > T07 H1 hostile planner bodies > rejects regenerate null intent authority or malformed body
{"level":"info","event":"meal_planning_result","status":"feasible","conclusion":"feasible","truncated":false,"states":3}

stdout | tests/integration/t07-security.test.ts > T07 H1 hostile planner bodies > rejects regenerate empty slots authority or malformed body
{"level":"info","event":"meal_planning_result","status":"feasible","conclusion":"feasible","truncated":false,"states":3}

stdout | tests/integration/t07-security.test.ts > T07 H1 hostile planner bodies > rejects regenerate nested trusted snapshot authority or malformed body
{"level":"info","event":"meal_planning_result","status":"feasible","conclusion":"feasible","truncated":false,"states":3}

stdout | tests/integration/t07-security.test.ts > T07 H1 hostile planner bodies > rejects regenerate nested ranking context authority or malformed body
{"level":"info","event":"meal_planning_result","status":"feasible","conclusion":"feasible","truncated":false,"states":3}

stdout | tests/integration/t07-security.test.ts > T07 H1 hostile planner bodies > rejects regenerate outer catalog authority or malformed body
{"level":"info","event":"meal_planning_result","status":"feasible","conclusion":"feasible","truncated":false,"states":3}

stdout | tests/integration/t07-security.test.ts > T07 H1 hostile planner bodies > rejects regenerate outer price authority or malformed body
{"level":"info","event":"meal_planning_result","status":"feasible","conclusion":"feasible","truncated":false,"states":3}

stdout | tests/integration/t07-security.test.ts > T07 H1 hostile planner bodies > rejects regenerate outer substitution approval authority or malformed body
{"level":"info","event":"meal_planning_result","status":"feasible","conclusion":"feasible","truncated":false,"states":3}

stdout | tests/integration/t07-security.test.ts > T07 H1 hostile planner bodies > rejects swap missing replacement without advancing the plan
{"level":"info","event":"meal_planning_result","status":"feasible","conclusion":"feasible","truncated":false,"states":3}

stdout | tests/integration/t07-security.test.ts > T07 H1 hostile planner bodies > rejects swap null replacement without advancing the plan
{"level":"info","event":"meal_planning_result","status":"feasible","conclusion":"feasible","truncated":false,"states":3}

stdout | tests/integration/t07-security.test.ts > T07 H1 hostile planner bodies > rejects swap empty replacement without advancing the plan
{"level":"info","event":"meal_planning_result","status":"feasible","conclusion":"feasible","truncated":false,"states":3}

stdout | tests/integration/t07-security.test.ts > T07 H1 hostile planner bodies > rejects swap empty recipe ID without advancing the plan
{"level":"info","event":"meal_planning_result","status":"feasible","conclusion":"feasible","truncated":false,"states":3}

stdout | tests/integration/t07-security.test.ts > T07 H1 hostile planner bodies > rejects swap fabricated recipe version without advancing the plan
{"level":"info","event":"meal_planning_result","status":"feasible","conclusion":"feasible","truncated":false,"states":3}

stdout | tests/integration/t07-security.test.ts > T07 H1 hostile planner bodies > rejects swap fabricated safety review without advancing the plan
{"level":"info","event":"meal_planning_result","status":"feasible","conclusion":"feasible","truncated":false,"states":3}

stdout | tests/integration/t07-security.test.ts > T07 H1 hostile planner bodies > rejects swap fabricated substitution approval without advancing the plan
{"level":"info","event":"meal_planning_result","status":"feasible","conclusion":"feasible","truncated":false,"states":3}

stdout | tests/integration/t07-security.test.ts > T07 H1 hostile planner bodies > rejects swap recipe variant elevation without advancing the plan
{"level":"info","event":"meal_planning_result","status":"feasible","conclusion":"feasible","truncated":false,"states":3}

stdout | tests/integration/t07-security.test.ts > T07 H1 hostile planner bodies > rejects shopping top-level prices rather than accepting trusted commercial state
{"level":"info","event":"meal_planning_result","status":"feasible","conclusion":"feasible","truncated":false,"states":3}

stdout | tests/integration/t07-security.test.ts > T07 H1 hostile planner bodies > rejects shopping top-level shortages rather than accepting trusted commercial state
{"level":"info","event":"meal_planning_result","status":"feasible","conclusion":"feasible","truncated":false,"states":3}

stdout | tests/integration/t07-security.test.ts > T07 H1 hostile planner bodies > rejects shopping top-level catalog rather than accepting trusted commercial state
{"level":"info","event":"meal_planning_result","status":"feasible","conclusion":"feasible","truncated":false,"states":3}

stdout | tests/integration/t07-security.test.ts > T07 H1 hostile planner bodies > rejects shopping top-level inventory rather than accepting trusted commercial state
{"level":"info","event":"meal_planning_result","status":"feasible","conclusion":"feasible","truncated":false,"states":3}

stdout | tests/integration/t07-security.test.ts > T07 H1 hostile planner bodies > rejects shopping top-level creator rather than accepting trusted commercial state
{"level":"info","event":"meal_planning_result","status":"feasible","conclusion":"feasible","truncated":false,"states":3}

stdout | tests/integration/t07-security.test.ts > T07 H1 hostile planner bodies > rejects shopping null budget rather than accepting trusted commercial state
{"level":"info","event":"meal_planning_result","status":"feasible","conclusion":"feasible","truncated":false,"states":3}

stdout | tests/integration/t07-security.test.ts > T07 H1 hostile planner bodies > rejects shopping nested price claim rather than accepting trusted commercial state
{"level":"info","event":"meal_planning_result","status":"feasible","conclusion":"feasible","truncated":false,"states":3}

stdout | tests/integration/t07-security.test.ts > T07 H1 hostile planner bodies > rejects feedback client target identity before writing user state
{"level":"info","event":"meal_planning_result","status":"feasible","conclusion":"feasible","truncated":false,"states":3}

stdout | tests/integration/t07-security.test.ts > T07 H1 hostile planner bodies > rejects feedback client occurred time before writing user state
{"level":"info","event":"meal_planning_result","status":"feasible","conclusion":"feasible","truncated":false,"states":3}

stdout | tests/integration/t07-security.test.ts > T07 H1 hostile planner bodies > rejects feedback client creator before writing user state
{"level":"info","event":"meal_planning_result","status":"feasible","conclusion":"feasible","truncated":false,"states":3}

stdout | tests/integration/t07-security.test.ts > T07 H1 hostile planner bodies > rejects feedback client history before writing user state
{"level":"info","event":"meal_planning_result","status":"feasible","conclusion":"feasible","truncated":false,"states":3}

stdout | tests/integration/t07-security.test.ts > T07 H1 hostile planner bodies > rejects feedback client revision string before writing user state
{"level":"info","event":"meal_planning_result","status":"feasible","conclusion":"feasible","truncated":false,"states":3}

stdout | tests/integration/t07-security.test.ts > T07 H1 hostile planner bodies > rejects explanation reason code injection without invoking a caller-selected fact set
{"level":"info","event":"meal_planning_result","status":"feasible","conclusion":"feasible","truncated":false,"states":3}

stdout | tests/integration/t07-security.test.ts > T07 H1 hostile planner bodies > rejects explanation trusted plan injection without invoking a caller-selected fact set
{"level":"info","event":"meal_planning_result","status":"feasible","conclusion":"feasible","truncated":false,"states":3}

stdout | tests/integration/t07-security.test.ts > T07 H1 hostile planner bodies > rejects explanation catalog injection without invoking a caller-selected fact set
{"level":"info","event":"meal_planning_result","status":"feasible","conclusion":"feasible","truncated":false,"states":3}

stdout | tests/integration/t07-security.test.ts > T07 H1 hostile planner bodies > rejects explanation malformed locale without invoking a caller-selected fact set
{"level":"info","event":"meal_planning_result","status":"feasible","conclusion":"feasible","truncated":false,"states":3}

stdout | tests/integration/t07-security.test.ts > T07 H1 hostile planner bodies > rejects unknown and duplicate alternatives query values rather than treating a client revision as trusted
{"level":"info","event":"meal_planning_result","status":"feasible","conclusion":"feasible","truncated":false,"states":3}

 ✓ tests/integration/t07-security.test.ts (51 tests) 5808ms
 ✓ tests/unit/t21rc2t-production-approval.test.mjs (42 tests) 5804ms
   ✓ T21R-C2T independent reviewed-byte closure > rejects changes to C2T-bound bytes and introduction of absent config or generator paths  2029ms
   ✓ T21R-C2T fresh reauthorization and output privacy > rechecks current main, CI and the same approval after Environment approval  341ms
   ✓ T21R-C2T fresh reauthorization and output privacy > rejects changed approval, moved main and changed exact-main CI on recheck  1122ms
stderr | tests/integration/meal-planning-http.test.ts > T06A real authenticated Worker/API boundary > generates and retrieves a safe DTO through the actual Worker without stock, AI or payment calls
{"level":"warn","limiter":"planner-compute","reason":"kv-unbound","message":"Rate limiter degraded to isolate-local counters; enforcement is not globally reliable."}
{"level":"warn","limiter":"meal-planning-expensive","reason":"kv-unbound","message":"Rate limiter degraded to isolate-local counters; enforcement is not globally reliable."}

stdout | tests/integration/meal-planning-http.test.ts > T06A real authenticated Worker/API boundary > generates and retrieves a safe DTO through the actual Worker without stock, AI or payment calls
{"level":"info","event":"meal_planning_result","status":"feasible","conclusion":"feasible","truncated":true,"states":57}

stdout | tests/integration/meal-planning-http.test.ts > T06A real authenticated Worker/API boundary > generates and retrieves a safe DTO through the actual Worker without stock, AI or payment calls
[req] POST /api/v1/meal-planning/plans 200 127ms 1873a171-da9c-4785-b5c9-bfce229512b1

stderr | tests/integration/meal-planning-http.test.ts > T06A real authenticated Worker/API boundary > generates and retrieves a safe DTO through the actual Worker without stock, AI or payment calls
{"level":"warn","limiter":"meal-planning-read","reason":"kv-unbound","message":"Rate limiter degraded to isolate-local counters; enforcement is not globally reliable."}

stdout | tests/integration/meal-planning-http.test.ts > T06A real authenticated Worker/API boundary > generates and retrieves a safe DTO through the actual Worker without stock, AI or payment calls
[req] GET /api/v1/meal-planning/plans/09c03fba-667b-413c-9731-7c959c016114 200 5ms 5297352f-ba40-470a-9aee-87e5eb58b9c0

stdout | tests/integration/meal-planning-http.test.ts > T06A real authenticated Worker/API boundary > rejects unauthenticated generation and reads
[req] POST /api/v1/meal-planning/plans 401 0ms be8602a7-fd89-4841-bfc9-bcba11b44ece

stdout | tests/integration/meal-planning-http.test.ts > T06A real authenticated Worker/API boundary > rejects unauthenticated generation and reads
[req] GET /api/v1/meal-planning/plans/b37ebba1-82ca-488c-92a3-ca162e499668 401 0ms e57d5ae7-9df9-4dc5-b021-f5344a83e7bb

stdout | tests/integration/meal-planning-http.test.ts > T06A real authenticated Worker/API boundary > protects CSRF, session owner fencing, membership and private creator plans
{"level":"info","event":"meal_planning_result","status":"feasible","conclusion":"feasible","truncated":false,"states":7}

stderr | tests/integration/meal-planning-http.test.ts > T06A real authenticated Worker/API boundary > protects CSRF, session owner fencing, membership and private creator plans
{"level":"warn","limiter":"meal-planning-feedback","reason":"kv-unbound","message":"Rate limiter degraded to isolate-local counters; enforcement is not globally reliable."}

stdout | tests/integration/meal-planning-http.test.ts > T06A real authenticated Worker/API boundary > enforces server household hard restrictions despite perfect personal soft preference and omission
{"level":"info","event":"meal_planning_result","status":"infeasible","conclusion":"proven_infeasible","truncated":false,"states":1}

stdout | tests/integration/meal-planning-http.test.ts > T06A real authenticated Worker/API boundary > deduplicates creation before running T04 again, and rejects different intent under a reused key
{"level":"info","event":"meal_planning_result","status":"feasible","conclusion":"feasible","truncated":false,"states":7}

stdout | tests/integration/meal-planning-http.test.ts > T06A real authenticated Worker/API boundary > replans all sequential stock after an early swap and protects newer revisions
{"level":"info","event":"meal_planning_result","status":"feasible","conclusion":"feasible","truncated":false,"states":7}

stdout | tests/integration/meal-planning-http.test.ts > T06A real authenticated Worker/API boundary > replans all sequential stock after an early swap and protects newer revisions
{"level":"info","event":"meal_planning_result","status":"feasible","conclusion":"feasible","truncated":false,"states":4}

stdout | tests/integration/meal-planning-http.test.ts > T06A real authenticated Worker/API boundary > rejects a newly forbidden replacement without changing the persisted plan
{"level":"info","event":"meal_planning_result","status":"feasible","conclusion":"feasible","truncated":false,"states":7}

stdout | tests/integration/meal-planning-http.test.ts > T06A real authenticated Worker/API boundary > rejects a newly forbidden replacement without changing the persisted plan
{"level":"info","event":"meal_planning_result","status":"infeasible","conclusion":"proven_infeasible","truncated":false,"states":1}

stdout | tests/integration/meal-planning-http.test.ts > T06A real authenticated Worker/API boundary > detects inventory/catalog/preference changes and regenerates using current data
{"level":"info","event":"meal_planning_result","status":"feasible","conclusion":"feasible","truncated":false,"states":7}

stdout | tests/integration/meal-planning-http.test.ts > T06A real authenticated Worker/API boundary > detects inventory/catalog/preference changes and regenerates using current data
{"level":"info","event":"meal_planning_result","status":"feasible","conclusion":"feasible","truncated":false,"states":7}

stdout | tests/integration/meal-planning-http.test.ts > T06A real authenticated Worker/API boundary > revalidates history at the current time so later feedback makes a stored plan stale
{"level":"info","event":"meal_planning_result","status":"feasible","conclusion":"feasible","truncated":false,"states":7}

stdout | tests/integration/meal-planning-http.test.ts > T06A real authenticated Worker/API boundary > keeps missing reviewed prices unknown and never converts them into free shopping
{"level":"info","event":"meal_planning_result","status":"feasible","conclusion":"feasible","truncated":true,"states":57}

stdout | tests/integration/meal-planning-http.test.ts > T06A real authenticated Worker/API boundary > keeps missing reviewed prices unknown and never converts them into free shopping
[req] POST /api/v1/meal-planning/plans 200 88ms 4864d615-4476-4e01-80a6-cf3d2acb6f91

stdout | tests/integration/meal-planning-http.test.ts > T06A real authenticated Worker/API boundary > keeps missing reviewed prices unknown and never converts them into free shopping
{"level":"info","event":"meal_shopping_result","catalogStatus":"reviewed_catalog_unavailable"}

stdout | tests/integration/meal-planning-http.test.ts > T06A real authenticated Worker/API boundary > keeps missing reviewed prices unknown and never converts them into free shopping
[req] POST /api/v1/meal-planning/plans/8c25053e-652a-4feb-9581-8da4733e13e5/shopping 200 8ms 121f6133-2151-4150-9cf1-3df4de6d7c9a

stdout | tests/integration/meal-planning-http.test.ts > T06A real authenticated Worker/API boundary > rejects shopping mealPlan spoofing and uses unchanged trusted exact prices
{"level":"info","event":"meal_planning_result","status":"feasible","conclusion":"feasible","truncated":false,"states":7}

stdout | tests/integration/meal-planning-http.test.ts > T06A real authenticated Worker/API boundary > rejects shopping mealPlan spoofing and uses unchanged trusted exact prices
{"level":"info","event":"meal_shopping_result","catalogStatus":"available"}

stdout | tests/integration/meal-planning-http.test.ts > T06A real authenticated Worker/API boundary > rejects shopping shortages spoofing and uses unchanged trusted exact prices
{"level":"info","event":"meal_planning_result","status":"feasible","conclusion":"feasible","truncated":false,"states":7}

stdout | tests/integration/meal-planning-http.test.ts > T06A real authenticated Worker/API boundary > rejects shopping shortages spoofing and uses unchanged trusted exact prices
{"level":"info","event":"meal_shopping_result","catalogStatus":"available"}

stdout | tests/integration/meal-planning-http.test.ts > T06A real authenticated Worker/API boundary > rejects shopping prices spoofing and uses unchanged trusted exact prices
{"level":"info","event":"meal_planning_result","status":"feasible","conclusion":"feasible","truncated":false,"states":7}

stdout | tests/integration/meal-planning-http.test.ts > T06A real authenticated Worker/API boundary > rejects shopping prices spoofing and uses unchanged trusted exact prices
{"level":"info","event":"meal_shopping_result","catalogStatus":"available"}

stdout | tests/integration/meal-planning-http.test.ts > T06A real authenticated Worker/API boundary > rejects shopping catalog spoofing and uses unchanged trusted exact prices
{"level":"info","event":"meal_planning_result","status":"feasible","conclusion":"feasible","truncated":false,"states":7}

stdout | tests/integration/meal-planning-http.test.ts > T06A real authenticated Worker/API boundary > rejects shopping catalog spoofing and uses unchanged trusted exact prices
{"level":"info","event":"meal_shopping_result","catalogStatus":"available"}

stdout | tests/integration/meal-planning-http.test.ts > T06A real authenticated Worker/API boundary > rejects shopping shoppingContext spoofing and uses unchanged trusted exact prices
{"level":"info","event":"meal_planning_result","status":"feasible","conclusion":"feasible","truncated":false,"states":7}

stdout | tests/integration/meal-planning-http.test.ts > T06A real authenticated Worker/API boundary > rejects shopping shoppingContext spoofing and uses unchanged trusted exact prices
{"level":"info","event":"meal_shopping_result","catalogStatus":"available"}

stdout | tests/integration/meal-planning-http.test.ts > T06A real authenticated Worker/API boundary > records household/user scoped retry-safe tastes and cooked annotation without real cooking
{"level":"info","event":"meal_planning_result","status":"feasible","conclusion":"feasible","truncated":false,"states":7}

stdout | tests/integration/meal-planning-http.test.ts > T06A real authenticated Worker/API boundary > does not let a client claim a swap that never happened
{"level":"info","event":"meal_planning_result","status":"feasible","conclusion":"feasible","truncated":false,"states":7}

stdout | tests/integration/meal-planning-http.test.ts > T06A real authenticated Worker/API boundary > rejects feedback if regeneration advances the revision before the event write
{"level":"info","event":"meal_planning_result","status":"feasible","conclusion":"feasible","truncated":false,"states":7}

stdout | tests/integration/meal-planning-http.test.ts > T06A real authenticated Worker/API boundary > rejects feedback if regeneration advances the revision before the event write
{"level":"info","event":"meal_planning_result","status":"feasible","conclusion":"feasible","truncated":false,"states":7}

stdout | tests/integration/meal-planning-http.test.ts > T06A real authenticated Worker/API boundary > deduplicates concurrent feedback retries with one server event timestamp
{"level":"info","event":"meal_planning_result","status":"feasible","conclusion":"feasible","truncated":false,"states":7}

stdout | tests/integration/meal-planning-http.test.ts > T06A real authenticated Worker/API boundary > records skipped/disliked and a server-established swapped identity without inventing likes
{"level":"info","event":"meal_planning_result","status":"feasible","conclusion":"feasible","truncated":false,"states":7}

stdout | tests/integration/meal-planning-http.test.ts > T06A real authenticated Worker/API boundary > records skipped/disliked and a server-established swapped identity without inventing likes
{"level":"info","event":"meal_planning_result","status":"feasible","conclusion":"feasible","truncated":false,"states":4}

stdout | tests/integration/meal-planning-http.test.ts > T06A real authenticated Worker/API boundary > returns a partial plan as a valid application response
{"level":"info","event":"meal_planning_result","status":"partial","conclusion":"proven_infeasible","truncated":false,"states":2}

stdout | tests/integration/meal-planning-http.test.ts > T06A real authenticated Worker/API boundary > preserves incomplete numeric evaluation without claiming proven infeasibility or a server failure
{"level":"info","event":"meal_planning_result","status":"incomplete","conclusion":"no_plan_found_without_proof","truncated":false,"states":1}

stdout | tests/integration/meal-planning-http.test.ts > T06A real authenticated Worker/API boundary > preserves search truncation while returning a feasible best-found plan
{"level":"info","event":"meal_planning_result","status":"feasible","conclusion":"feasible","truncated":true,"states":9}

stdout | tests/integration/meal-planning-http.test.ts > T06A real authenticated Worker/API boundary > validates malformed JSON, dates, money, revisions and oversized bodies
{"level":"info","event":"meal_planning_result","status":"feasible","conclusion":"feasible","truncated":false,"states":7}

stdout | tests/integration/meal-planning-http.test.ts > T06A real authenticated Worker/API boundary > rejects malformed minor-unit string not-money without a server error
{"level":"info","event":"meal_planning_result","status":"feasible","conclusion":"feasible","truncated":false,"states":7}

stdout | tests/integration/meal-planning-http.test.ts > T06A real authenticated Worker/API boundary > rejects malformed minor-unit string 1.5 without a server error
{"level":"info","event":"meal_planning_result","status":"feasible","conclusion":"feasible","truncated":false,"states":7}

stdout | tests/integration/meal-planning-http.test.ts > T06A real authenticated Worker/API boundary > rejects malformed minor-unit string -1 without a server error
{"level":"info","event":"meal_planning_result","status":"feasible","conclusion":"feasible","truncated":false,"states":7}

stdout | tests/integration/meal-planning-http.test.ts > T06A real authenticated Worker/API boundary > rejects malformed minor-unit string 01 without a server error
{"level":"info","event":"meal_planning_result","status":"feasible","conclusion":"feasible","truncated":false,"states":7}

stdout | tests/integration/meal-planning-http.test.ts > T06A real authenticated Worker/API boundary > rejects malformed minor-unit string Infinity without a server error
{"level":"info","event":"meal_planning_result","status":"feasible","conclusion":"feasible","truncated":false,"states":7}

stderr | tests/integration/meal-planning-http.test.ts > T06A real authenticated Worker/API boundary > sanitizes unexpected service errors even outside production
{"level":"error","event":"meal_planning_failure","code":"MEAL_PLANNING_UNAVAILABLE"}

stdout | tests/integration/meal-planning-http.test.ts > T06A real authenticated Worker/API boundary > sanitizes unexpected service errors even outside production
[req] POST /api/v1/meal-planning/plans 500 1ms 592eb582-6531-4bcf-8ee6-8b7fe59960c1

 ✓ tests/integration/meal-planning-http.test.ts (42 tests) 5062ms
 ✓ tests/unit/production-certify-workflow.test.mjs (48 tests) 5545ms
   ✓ production certification workflow safety > rejects absent or malformed schema proof, not just reported schema issues  445ms
   ✓ production certification workflow safety > does not certify missing, contradictory or partial evidence  586ms
   ✓ production certification workflow safety > allows current generated catalog, runtime and SELECT-only schema CTE queries  410ms
stdout | tests/e2e/planner-preview.test.mjs > isolated planner preview using real registered Worker sessions and T02–T05 > replays all migrations and seeds idempotently without retaining a plaintext session
[req] GET /api/v1/me 200 4ms 81c3cd80-8b7a-4236-917a-bad61ebb5d57

stdout | tests/e2e/planner-preview.test.mjs > isolated planner preview using real registered Worker sessions and T02–T05 > generates a real seven-meal plan, restores it, shops with unknown prices, swaps and records cooked without consuming inventory
[req] GET /api/v1/meal-planning/plans/current 200 1ms ec5d4aa2-cbd2-4d4c-86be-a1b02a84264f

stdout | tests/e2e/planner-preview.test.mjs > isolated planner preview using real registered Worker sessions and T02–T05 > generates a real seven-meal plan, restores it, shops with unknown prices, swaps and records cooked without consuming inventory
{"level":"info","event":"meal_planning_result","status":"feasible","conclusion":"feasible","truncated":true,"states":297}

stdout | tests/e2e/planner-preview.test.mjs > isolated planner preview using real registered Worker sessions and T02–T05 > generates a real seven-meal plan, restores it, shops with unknown prices, swaps and records cooked without consuming inventory
[req] POST /api/v1/meal-planning/plans 200 447ms e8766c0a-4efb-4eb6-afdd-6a8a7ee926bd

stdout | tests/e2e/planner-preview.test.mjs > isolated planner preview using real registered Worker sessions and T02–T05 > generates a real seven-meal plan, restores it, shops with unknown prices, swaps and records cooked without consuming inventory
[req] GET /api/v1/meal-planning/plans/54cd0377-fd56-4d16-b1ea-f963fb893173 200 14ms b37a4f78-f833-4da9-be75-cce71964c669

stdout | tests/e2e/planner-preview.test.mjs > isolated planner preview using real registered Worker sessions and T02–T05 > generates a real seven-meal plan, restores it, shops with unknown prices, swaps and records cooked without consuming inventory
{"level":"info","event":"meal_shopping_result","catalogStatus":"reviewed_catalog_unavailable"}

stdout | tests/e2e/planner-preview.test.mjs > isolated planner preview using real registered Worker sessions and T02–T05 > generates a real seven-meal plan, restores it, shops with unknown prices, swaps and records cooked without consuming inventory
[req] POST /api/v1/meal-planning/plans/54cd0377-fd56-4d16-b1ea-f963fb893173/shopping 200 13ms a40121c3-2d52-4eb1-9065-504b349f3eaf

stdout | tests/e2e/planner-preview.test.mjs > isolated planner preview using real registered Worker sessions and T02–T05 > generates a real seven-meal plan, restores it, shops with unknown prices, swaps and records cooked without consuming inventory
[req] GET /api/v1/meal-planning/plans/54cd0377-fd56-4d16-b1ea-f963fb893173/alternatives 200 6ms 3e64e085-255d-4ebc-add0-4a5a247d6be7

stdout | tests/e2e/planner-preview.test.mjs > isolated planner preview using real registered Worker sessions and T02–T05 > generates a real seven-meal plan, restores it, shops with unknown prices, swaps and records cooked without consuming inventory
{"level":"info","event":"meal_planning_result","status":"feasible","conclusion":"feasible","truncated":true,"states":250}

stdout | tests/e2e/planner-preview.test.mjs > isolated planner preview using real registered Worker sessions and T02–T05 > generates a real seven-meal plan, restores it, shops with unknown prices, swaps and records cooked without consuming inventory
[req] POST /api/v1/meal-planning/plans/54cd0377-fd56-4d16-b1ea-f963fb893173/swap 200 346ms 35d20d13-e44b-44dd-80ba-71fea8f3029b

stdout | tests/e2e/planner-preview.test.mjs > isolated planner preview using real registered Worker sessions and T02–T05 > generates a real seven-meal plan, restores it, shops with unknown prices, swaps and records cooked without consuming inventory
[req] POST /api/v1/meal-planning/plans/54cd0377-fd56-4d16-b1ea-f963fb893173/explanation 200 2ms b4111585-7cf5-4fa4-a2a9-dbcd02c69327

stdout | tests/e2e/planner-preview.test.mjs > isolated planner preview using real registered Worker sessions and T02–T05 > generates a real seven-meal plan, restores it, shops with unknown prices, swaps and records cooked without consuming inventory
[req] POST /api/v1/meal-planning/plans/54cd0377-fd56-4d16-b1ea-f963fb893173/feedback 200 2ms f2d72fb7-2fdc-415d-a7fe-dd06aed2d8e1

stdout | tests/e2e/planner-preview.test.mjs > isolated planner preview using real registered Worker sessions and T02–T05 > generates a real seven-meal plan, restores it, shops with unknown prices, swaps and records cooked without consuming inventory
[req] POST /api/v1/meal-planning/plans/54cd0377-fd56-4d16-b1ea-f963fb893173/feedback 200 2ms 6f9a1843-ccf4-4e0d-8cd7-27fccad37405

stdout | tests/e2e/planner-preview.test.mjs > isolated planner preview using real registered Worker sessions and T02–T05 > generates a real seven-meal plan, restores it, shops with unknown prices, swaps and records cooked without consuming inventory
[req] GET /api/v1/meal-planning/plans/current 200 6ms c4f2ab84-e6a1-4a2d-80cb-968f8253b3a0

stdout | tests/e2e/planner-preview.test.mjs > isolated planner preview using real registered Worker sessions and T02–T05 > does not hide stale source state and recovers through regeneration
{"level":"info","event":"meal_planning_result","status":"feasible","conclusion":"feasible","truncated":true,"states":297}

stdout | tests/e2e/planner-preview.test.mjs > isolated planner preview using real registered Worker sessions and T02–T05 > does not hide stale source state and recovers through regeneration
[req] POST /api/v1/meal-planning/plans 200 374ms 2a296758-fa51-4b6a-8986-10eb8c9bdc15

stdout | tests/e2e/planner-preview.test.mjs > isolated planner preview using real registered Worker sessions and T02–T05 > does not hide stale source state and recovers through regeneration
[req] POST /api/v1/meal-planning/plans/83e485bf-a332-4890-abf2-8c5fade7703d/shopping 409 13ms 2c0600f7-2bf1-4d82-9f1c-0c2461403849

stdout | tests/e2e/planner-preview.test.mjs > isolated planner preview using real registered Worker sessions and T02–T05 > does not hide stale source state and recovers through regeneration
{"level":"info","event":"meal_planning_result","status":"feasible","conclusion":"feasible","truncated":true,"states":297}

stdout | tests/e2e/planner-preview.test.mjs > isolated planner preview using real registered Worker sessions and T02–T05 > does not hide stale source state and recovers through regeneration
[req] POST /api/v1/meal-planning/plans/83e485bf-a332-4890-abf2-8c5fade7703d/regenerate 200 375ms 893a1e80-8729-406f-9b21-196e66acfd46

stdout | tests/e2e/planner-preview.test.mjs > isolated planner preview using real registered Worker sessions and T02–T05 > does not hide stale source state and recovers through regeneration
[req] POST /api/v1/meal-planning/plans/83e485bf-a332-4890-abf2-8c5fade7703d/shopping 409 1ms a9afda45-b3e1-4714-8d32-01d97cd5e409

stdout | tests/e2e/planner-preview.test.mjs > isolated planner preview using real registered Worker sessions and T02–T05 > does not hide stale source state and recovers through regeneration
{"level":"info","event":"meal_shopping_result","catalogStatus":"reviewed_catalog_unavailable"}

stdout | tests/e2e/planner-preview.test.mjs > isolated planner preview using real registered Worker sessions and T02–T05 > does not hide stale source state and recovers through regeneration
[req] POST /api/v1/meal-planning/plans/83e485bf-a332-4890-abf2-8c5fade7703d/shopping 200 11ms 105a4a98-fa1a-4085-80b4-1f480f095a43

stdout | tests/e2e/planner-preview.test.mjs > isolated planner preview using real registered Worker sessions and T02–T05 > persists liked feedback once without inventory or cooking side effects
{"level":"info","event":"meal_planning_result","status":"feasible","conclusion":"feasible","truncated":true,"states":297}

stdout | tests/e2e/planner-preview.test.mjs > isolated planner preview using real registered Worker sessions and T02–T05 > persists liked feedback once without inventory or cooking side effects
[req] POST /api/v1/meal-planning/plans 200 369ms b912da77-fff9-4509-a7bd-fe9d112dc684

stdout | tests/e2e/planner-preview.test.mjs > isolated planner preview using real registered Worker sessions and T02–T05 > persists liked feedback once without inventory or cooking side effects
[req] POST /api/v1/meal-planning/plans/86c05729-ae3b-4541-86c2-6f41704ec86d/feedback 200 4ms 054150d6-ee62-47cc-aceb-be1d43d86da8

stdout | tests/e2e/planner-preview.test.mjs > isolated planner preview using real registered Worker sessions and T02–T05 > persists liked feedback once without inventory or cooking side effects
[req] POST /api/v1/meal-planning/plans/86c05729-ae3b-4541-86c2-6f41704ec86d/feedback 200 2ms f22ac572-9501-4c76-a282-c3e1a77e86d9

stdout | tests/e2e/planner-preview.test.mjs > isolated planner preview using real registered Worker sessions and T02–T05 > persists disliked feedback once without inventory or cooking side effects
{"level":"info","event":"meal_planning_result","status":"feasible","conclusion":"feasible","truncated":true,"states":297}

stdout | tests/e2e/planner-preview.test.mjs > isolated planner preview using real registered Worker sessions and T02–T05 > persists disliked feedback once without inventory or cooking side effects
[req] POST /api/v1/meal-planning/plans 200 369ms 5a275fd7-3e2a-42ce-b865-8ee1f58a0e47

stdout | tests/e2e/planner-preview.test.mjs > isolated planner preview using real registered Worker sessions and T02–T05 > persists disliked feedback once without inventory or cooking side effects
[req] POST /api/v1/meal-planning/plans/52aedca3-a65a-424d-86cb-7de986765884/feedback 200 2ms 0b12b6c8-3871-4360-9f6e-d7e3865ee319

stdout | tests/e2e/planner-preview.test.mjs > isolated planner preview using real registered Worker sessions and T02–T05 > persists disliked feedback once without inventory or cooking side effects
[req] POST /api/v1/meal-planning/plans/52aedca3-a65a-424d-86cb-7de986765884/feedback 200 1ms e48dc8a5-6e95-4b76-ae20-da8586ff95ef

stdout | tests/e2e/planner-preview.test.mjs > isolated planner preview using real registered Worker sessions and T02–T05 > persists skipped feedback once without inventory or cooking side effects
{"level":"info","event":"meal_planning_result","status":"feasible","conclusion":"feasible","truncated":true,"states":297}

stdout | tests/e2e/planner-preview.test.mjs > isolated planner preview using real registered Worker sessions and T02–T05 > persists skipped feedback once without inventory or cooking side effects
[req] POST /api/v1/meal-planning/plans 200 367ms 7997806b-df6e-4509-a2e4-2526f74f2e01

stdout | tests/e2e/planner-preview.test.mjs > isolated planner preview using real registered Worker sessions and T02–T05 > persists skipped feedback once without inventory or cooking side effects
[req] POST /api/v1/meal-planning/plans/77d3932d-2779-4393-86ff-d5f0d02532d5/feedback 200 8ms bcd42794-4aeb-4108-a2d4-dbea0bbdcc83

stdout | tests/e2e/planner-preview.test.mjs > isolated planner preview using real registered Worker sessions and T02–T05 > persists skipped feedback once without inventory or cooking side effects
[req] POST /api/v1/meal-planning/plans/77d3932d-2779-4393-86ff-d5f0d02532d5/feedback 200 2ms a4dfacf8-01c4-4701-adb2-56a20caceb47

stdout | tests/e2e/planner-preview.test.mjs > isolated planner preview using real registered Worker sessions and T02–T05 > reports an infeasible cook-now plan instead of manufacturing missing stock
{"level":"info","event":"meal_planning_result","status":"infeasible","conclusion":"proven_infeasible","truncated":false,"states":1}

stdout | tests/e2e/planner-preview.test.mjs > isolated planner preview using real registered Worker sessions and T02–T05 > reports an infeasible cook-now plan instead of manufacturing missing stock
[req] POST /api/v1/meal-planning/plans 200 15ms 715cfd1b-ac2e-4795-bff0-805a0d6f469f

stdout | tests/e2e/planner-preview.test.mjs > isolated planner preview using real registered Worker sessions and T02–T05 > keeps actual Worker authorization, CSRF and feature-off gates intact
[req] POST /api/v1/meal-planning/plans 401 0ms 5d351987-2f9b-4924-a4e1-c281e59177b5

stdout | tests/e2e/planner-preview.test.mjs > isolated planner preview using real registered Worker sessions and T02–T05 > keeps actual Worker authorization, CSRF and feature-off gates intact
[req] POST /api/v1/meal-planning/plans 403 0ms 4fd5d51e-187a-4f01-8a9f-ca6ac5c3a4ff

stdout | tests/e2e/planner-preview.test.mjs > isolated planner preview using real registered Worker sessions and T02–T05 > keeps actual Worker authorization, CSRF and feature-off gates intact
[req] POST /api/v1/meal-planning/plans 403 0ms 357adf77-990c-4171-a8f7-863165480a42

stdout | tests/e2e/planner-preview.test.mjs > isolated planner preview using real registered Worker sessions and T02–T05 > keeps actual Worker authorization, CSRF and feature-off gates intact
[req] POST /api/v1/meal-planning/plans 404 1ms 48b2a412-1dcd-414c-9e79-af4e6f98ca17

stdout | tests/e2e/planner-preview.test.mjs > isolated planner preview using real registered Worker sessions and T02–T05 > resets the entire in-memory namespace repeatably and revokes prior sessions
{"level":"info","event":"meal_planning_result","status":"feasible","conclusion":"feasible","truncated":true,"states":297}

stdout | tests/e2e/planner-preview.test.mjs > isolated planner preview using real registered Worker sessions and T02–T05 > resets the entire in-memory namespace repeatably and revokes prior sessions
[req] POST /api/v1/meal-planning/plans 200 371ms 1c873a9e-26f8-431f-ad6f-bd258afc2f0b

 ✓ tests/integration/inventory-truth.test.ts (54 tests) 5017ms
stdout | tests/e2e/planner-preview.test.mjs > isolated planner preview using real registered Worker sessions and T02–T05 > resets the entire in-memory namespace repeatably and revokes prior sessions
[req] GET /api/v1/me 401 1ms cf2dabfc-1535-4e3d-b34f-a58b33fd92d5

stdout | tests/e2e/planner-preview.test.mjs > isolated planner preview using real registered Worker sessions and T02–T05 > resets the entire in-memory namespace repeatably and revokes prior sessions
[req] GET /api/v1/me 200 0ms c50386e9-3674-48fa-b509-ef843f25f996

stdout | tests/e2e/planner-preview.test.mjs > isolated planner preview using real registered Worker sessions and T02–T05 > resets preview rate-limit state without bypassing the real Worker limiter
[req] POST /api/v1/meal-planning/plans 422 1ms 871e5e6a-1d88-4ba6-bfc4-1d0f6b9e90e6

stdout | tests/e2e/planner-preview.test.mjs > isolated planner preview using real registered Worker sessions and T02–T05 > resets preview rate-limit state without bypassing the real Worker limiter
[req] POST /api/v1/meal-planning/plans 422 0ms c8db00c0-44a4-437c-a8e8-fa3930babe3d

stdout | tests/e2e/planner-preview.test.mjs > isolated planner preview using real registered Worker sessions and T02–T05 > resets preview rate-limit state without bypassing the real Worker limiter
[req] POST /api/v1/meal-planning/plans 422 1ms 5acec329-415d-42a3-8475-42439e11da69

stdout | tests/e2e/planner-preview.test.mjs > isolated planner preview using real registered Worker sessions and T02–T05 > resets preview rate-limit state without bypassing the real Worker limiter
[req] POST /api/v1/meal-planning/plans 422 0ms 76b224bd-b872-430d-b0b5-76db9c1c957a

stdout | tests/e2e/planner-preview.test.mjs > isolated planner preview using real registered Worker sessions and T02–T05 > resets preview rate-limit state without bypassing the real Worker limiter
[req] POST /api/v1/meal-planning/plans 422 0ms 8a5ec350-fa15-4271-b389-7f973e1506ca

stdout | tests/e2e/planner-preview.test.mjs > isolated planner preview using real registered Worker sessions and T02–T05 > resets preview rate-limit state without bypassing the real Worker limiter
[req] POST /api/v1/meal-planning/plans 422 1ms 2aa2d9f9-0903-429e-8b72-df0e9ec2039e

stdout | tests/e2e/planner-preview.test.mjs > isolated planner preview using real registered Worker sessions and T02–T05 > resets preview rate-limit state without bypassing the real Worker limiter
[req] POST /api/v1/meal-planning/plans 422 0ms 2d33f548-464a-4135-a164-30f775c27264

stdout | tests/e2e/planner-preview.test.mjs > isolated planner preview using real registered Worker sessions and T02–T05 > resets preview rate-limit state without bypassing the real Worker limiter
[req] POST /api/v1/meal-planning/plans 422 1ms d70a2928-2ce8-4252-8e65-14243c9c50a6

stdout | tests/e2e/planner-preview.test.mjs > isolated planner preview using real registered Worker sessions and T02–T05 > resets preview rate-limit state without bypassing the real Worker limiter
[req] POST /api/v1/meal-planning/plans 422 0ms 9b48335e-2f6c-4285-be78-201dbba3ec38

stdout | tests/e2e/planner-preview.test.mjs > isolated planner preview using real registered Worker sessions and T02–T05 > resets preview rate-limit state without bypassing the real Worker limiter
[req] POST /api/v1/meal-planning/plans 422 0ms ff7e31c0-a555-4552-a531-d425f743d152

stdout | tests/e2e/planner-preview.test.mjs > isolated planner preview using real registered Worker sessions and T02–T05 > resets preview rate-limit state without bypassing the real Worker limiter
[req] POST /api/v1/meal-planning/plans 429 0ms 10c3e028-030b-4ef5-af34-17b1ef726b59

stdout | tests/e2e/planner-preview.test.mjs > isolated planner preview using real registered Worker sessions and T02–T05 > resets preview rate-limit state without bypassing the real Worker limiter
[req] POST /api/v1/meal-planning/plans 422 0ms cae6c1b6-cf26-42d1-95cc-9703c0da0551

stderr | tests/integration/inventory-backfilled-patch.test.ts > T09 legitimate adopted backfilled PATCH > updates category through actual adoption (existing T08 snapshot: false)
{"level":"warn","limiter":"rl_inv_w","reason":"kv-unbound","message":"Rate limiter degraded to isolate-local counters; enforcement is not globally reliable."}

stdout | tests/e2e/planner-preview.test.mjs > isolated planner preview using real registered Worker sessions and T02–T05 > does not register local controls on the production Worker
[req] POST /__preview/login 404 0ms 987d035a-b129-4df6-9b8e-ad5a5d2271b5

 ✓ tests/e2e/planner-preview.test.mjs (17 tests) 4956ms
   ✓ isolated planner preview using real registered Worker sessions and T02–T05 > generates a real seven-meal plan, restores it, shops with unknown prices, swaps and records cooked without consuming inventory  939ms
   ✓ isolated planner preview using real registered Worker sessions and T02–T05 > does not hide stale source state and recovers through regeneration  865ms
   ✓ isolated planner preview using real registered Worker sessions and T02–T05 > persists liked feedback once without inventory or cooking side effects  469ms
   ✓ isolated planner preview using real registered Worker sessions and T02–T05 > persists disliked feedback once without inventory or cooking side effects  463ms
   ✓ isolated planner preview using real registered Worker sessions and T02–T05 > persists skipped feedback once without inventory or cooking side effects  465ms
   ✓ isolated planner preview using real registered Worker sessions and T02–T05 > resets the entire in-memory namespace repeatably and revokes prior sessions  640ms
 ✓ tests/integration/inventory-backfilled-patch.test.ts (43 tests) 4602ms
 ✓ tests/integration/t19-planner-authority-persistence.test.ts (18 tests) 4545ms
   ✓ stored plan authority identity > an authority change is a typed revalidation: freshness names it, swap and shopping refuse, regenerate recovers  651ms
   ✓ stored plan authority identity > a lock on a recipe that is no longer visible is dropped on regenerate, never silently substituted in place  511ms
   ✓ stored plan authority identity > regenerate drops family locks whose planner provenance version is stale  624ms
   ✓ stored plan authority identity > plans persisted before T19 (no authority identity) still decode and revalidate through the catalog fingerprint  342ms
 ✓ tests/unit/d1-migration-check.test.mjs (114 tests) 3886ms
   ✓ operational recipe media at complete 0038 and 0039 catalogs > loads the actual domain media mapper and validator through the runtime pipeline  338ms
 ✓ tests/integration/t20-roles-picker-shopping.test.ts (7 tests) 3762ms
   ✓ T20 picker at 500 recipes > pages through a bounded, stable, role-filtered, authority-fenced summary list with bounded queries  997ms
   ✓ T20 picker at 500 recipes > cuisine filter uses catalog metadata, combines with role and search, excludes simple foods and is deterministic  646ms
   ✓ T20 shopping on composed plans (HTTP) > adds every component demand across meals and subtracts inventory once through the existing T05 path  948ms
   ✓ T20 shopping on composed plans (HTTP) > with the V2 flag off, a composed plan falls back to the exact V1 shopping projection  756ms
stderr | tests/integration/inventory-patch-parity.test.ts > T09 adopted PATCH semantic parity > rejects changed storage under a committed key
{"level":"warn","limiter":"rl_inv_w","reason":"kv-unbound","message":"Rate limiter degraded to isolate-local counters; enforcement is not globally reliable."}

 ✓ tests/integration/t19-cooking-hard-restrictions.test.ts (19 tests) 3169ms
 ✓ tests/integration/inventory-patch-parity.test.ts (25 tests) 3186ms
stderr | tests/integration/meal-planning-presentation-http.test.ts > current-plan compatibility lookup > returns null with no private plan and restores the plan through the actual Worker
{"level":"warn","limiter":"meal-planning-read","reason":"kv-unbound","message":"Rate limiter degraded to isolate-local counters; enforcement is not globally reliable."}

stdout | tests/integration/meal-planning-presentation-http.test.ts > current-plan compatibility lookup > returns null with no private plan and restores the plan through the actual Worker
[req] GET /api/v1/meal-planning/plans/current 200 4ms 37ae82af-3357-45d5-8f0d-cd668167158f

stderr | tests/integration/meal-planning-presentation-http.test.ts > current-plan compatibility lookup > returns null with no private plan and restores the plan through the actual Worker
{"level":"warn","limiter":"planner-compute","reason":"kv-unbound","message":"Rate limiter degraded to isolate-local counters; enforcement is not globally reliable."}
{"level":"warn","limiter":"meal-planning-expensive","reason":"kv-unbound","message":"Rate limiter degraded to isolate-local counters; enforcement is not globally reliable."}

stdout | tests/integration/meal-planning-presentation-http.test.ts > current-plan compatibility lookup > returns null with no private plan and restores the plan through the actual Worker
{"level":"info","event":"meal_planning_result","status":"feasible","conclusion":"feasible","truncated":false,"states":3}

stdout | tests/integration/meal-planning-presentation-http.test.ts > current-plan compatibility lookup > returns null with no private plan and restores the plan through the actual Worker
[req] GET /api/v1/meal-planning/plans/current 200 11ms 729384af-f607-4ff8-8006-319fe84994dd

stdout | tests/integration/meal-planning-presentation-http.test.ts > current-plan compatibility lookup > selects newest update, breaks timestamp ties by ID, and includes regenerated revisions
{"level":"info","event":"meal_planning_result","status":"feasible","conclusion":"feasible","truncated":false,"states":3}

stdout | tests/integration/meal-planning-presentation-http.test.ts > current-plan compatibility lookup > selects newest update, breaks timestamp ties by ID, and includes regenerated revisions
{"level":"info","event":"meal_planning_result","status":"feasible","conclusion":"feasible","truncated":false,"states":3}

stdout | tests/integration/meal-planning-presentation-http.test.ts > current-plan compatibility lookup > selects newest update, breaks timestamp ties by ID, and includes regenerated revisions
{"level":"info","event":"meal_planning_result","status":"feasible","conclusion":"feasible","truncated":false,"states":3}

stdout | tests/integration/meal-planning-presentation-http.test.ts > current-plan compatibility lookup > does not return another member or household plan and never ignores current membership
{"level":"info","event":"meal_planning_result","status":"feasible","conclusion":"feasible","truncated":false,"states":3}

stdout | tests/integration/meal-planning-presentation-http.test.ts > current-plan compatibility lookup > does not return another member or household plan and never ignores current membership
{"level":"info","event":"meal_planning_result","status":"feasible","conclusion":"feasible","truncated":false,"states":3}

stdout | tests/integration/meal-planning-presentation-http.test.ts > current-plan compatibility lookup > retains fresh-source inspection without making stale snapshots look current
{"level":"info","event":"meal_planning_result","status":"feasible","conclusion":"feasible","truncated":false,"states":3}

stdout | tests/integration/meal-planning-presentation-http.test.ts > current-plan compatibility lookup > does not mistake membership revoked during lookup for an empty current plan
{"level":"info","event":"meal_planning_result","status":"feasible","conclusion":"feasible","truncated":false,"states":3}

stdout | tests/integration/meal-planning-presentation-http.test.ts > catalog alternative presentation, not eligibility > returns only bounded trusted catalog identity/title, revision-bound and sorted
{"level":"info","event":"meal_planning_result","status":"feasible","conclusion":"feasible","truncated":false,"states":3}

stdout | tests/integration/meal-planning-presentation-http.test.ts > catalog alternative presentation, not eligibility > bounds the result and discloses catalog truncation
{"level":"info","event":"meal_planning_result","status":"feasible","conclusion":"feasible","truncated":false,"states":3}

stdout | tests/integration/meal-planning-presentation-http.test.ts > catalog alternative presentation, not eligibility > does not certify alternatives and unchanged swap still rejects forbidden recipes
{"level":"info","event":"meal_planning_result","status":"feasible","conclusion":"feasible","truncated":false,"states":2}

stdout | tests/integration/meal-planning-presentation-http.test.ts > catalog alternative presentation, not eligibility > does not certify alternatives and unchanged swap still rejects forbidden recipes
{"level":"info","event":"meal_planning_result","status":"infeasible","conclusion":"proven_infeasible","truncated":false,"states":1}

stdout | tests/integration/meal-planning-presentation-http.test.ts > catalog alternative presentation, not eligibility > rechecks revision after the catalog read instead of returning obsolete choices
{"level":"info","event":"meal_planning_result","status":"feasible","conclusion":"feasible","truncated":false,"states":3}

stdout | tests/integration/meal-planning-presentation-http.test.ts > catalog alternative presentation, not eligibility > rechecks revision after the catalog read instead of returning obsolete choices
{"level":"info","event":"meal_planning_result","status":"feasible","conclusion":"feasible","truncated":false,"states":3}

stdout | tests/integration/meal-planning-presentation-http.test.ts > catalog alternative presentation, not eligibility > rechecks membership after the catalog read
{"level":"info","event":"meal_planning_result","status":"feasible","conclusion":"feasible","truncated":false,"states":3}

stdout | tests/integration/meal-planning-presentation-http.test.ts > catalog alternative presentation, not eligibility > rejects malformed query 
{"level":"info","event":"meal_planning_result","status":"feasible","conclusion":"feasible","truncated":false,"states":3}

stdout | tests/integration/meal-planning-presentation-http.test.ts > catalog alternative presentation, not eligibility > rejects malformed query ?revision=0
{"level":"info","event":"meal_planning_result","status":"feasible","conclusion":"feasible","truncated":false,"states":3}

stdout | tests/integration/meal-planning-presentation-http.test.ts > catalog alternative presentation, not eligibility > rejects malformed query ?revision=-1
{"level":"info","event":"meal_planning_result","status":"feasible","conclusion":"feasible","truncated":false,"states":3}

stdout | tests/integration/meal-planning-presentation-http.test.ts > catalog alternative presentation, not eligibility > rejects malformed query ?revision=1.5
{"level":"info","event":"meal_planning_result","status":"feasible","conclusion":"feasible","truncated":false,"states":3}

stdout | tests/integration/meal-planning-presentation-http.test.ts > catalog alternative presentation, not eligibility > rejects malformed query ?revision=1e0
{"level":"info","event":"meal_planning_result","status":"feasible","conclusion":"feasible","truncated":false,"states":3}

stdout | tests/integration/meal-planning-presentation-http.test.ts > catalog alternative presentation, not eligibility > rejects malformed query ?revision=9007199254740992
{"level":"info","event":"meal_planning_result","status":"feasible","conclusion":"feasible","truncated":false,"states":3}

stdout | tests/integration/meal-planning-presentation-http.test.ts > catalog alternative presentation, not eligibility > rejects malformed query ?revision=1&revision=2
{"level":"info","event":"meal_planning_result","status":"feasible","conclusion":"feasible","truncated":false,"states":3}

stdout | tests/integration/meal-planning-presentation-http.test.ts > catalog alternative presentation, not eligibility > rejects malformed query ?revision=1&householdId=foreign
{"level":"info","event":"meal_planning_result","status":"feasible","conclusion":"feasible","truncated":false,"states":3}

stdout | tests/integration/meal-planning-presentation-http.test.ts > on-demand explanations and HTTP guard inheritance > defaults to deterministic IDs without mutation or AI during basic reads
{"level":"info","event":"meal_planning_result","status":"feasible","conclusion":"feasible","truncated":false,"states":3}

stdout | tests/integration/meal-planning-presentation-http.test.ts > on-demand explanations and HTTP guard inheritance > calls AI only on explicit request and sends no names, quantities, IDs or household data
{"level":"info","event":"meal_planning_result","status":"feasible","conclusion":"feasible","truncated":false,"states":3}

stdout | tests/integration/meal-planning-presentation-http.test.ts > on-demand explanations and HTTP guard inheritance > falls back through the actual Worker when native provider is unavailable
{"level":"info","event":"meal_planning_result","status":"feasible","conclusion":"feasible","truncated":false,"states":3}

stdout | tests/integration/meal-planning-presentation-http.test.ts > on-demand explanations and HTTP guard inheritance > falls back through the actual Worker when native provider is unavailable
[req] POST /api/v1/meal-planning/plans/f4518e01-a285-4f30-83ba-8e473c5ad91b/explanation 200 1ms 5cc45694-4c5d-47fe-9f67-3bd7dd4f79ca

stdout | tests/integration/meal-planning-presentation-http.test.ts > on-demand explanations and HTTP guard inheritance > counts generation toward the aggregate budget before a tenth AI request
{"level":"info","event":"meal_planning_result","status":"feasible","conclusion":"feasible","truncated":false,"states":3}

stdout | tests/integration/meal-planning-presentation-http.test.ts > on-demand explanations and HTTP guard inheritance > rejects stale revision for both new plan-specific actions
{"level":"info","event":"meal_planning_result","status":"feasible","conclusion":"feasible","truncated":false,"states":3}

stdout | tests/integration/meal-planning-presentation-http.test.ts > on-demand explanations and HTTP guard inheritance > rejects stale revision for both new plan-specific actions
{"level":"info","event":"meal_planning_result","status":"feasible","conclusion":"feasible","truncated":false,"states":3}

stdout | tests/integration/meal-planning-presentation-http.test.ts > on-demand explanations and HTTP guard inheritance > rechecks revision after provider latency and rejects an obsolete explanation
{"level":"info","event":"meal_planning_result","status":"feasible","conclusion":"feasible","truncated":false,"states":3}

stdout | tests/integration/meal-planning-presentation-http.test.ts > on-demand explanations and HTTP guard inheritance > rechecks revision after provider latency and rejects an obsolete explanation
{"level":"info","event":"meal_planning_result","status":"feasible","conclusion":"feasible","truncated":false,"states":3}

stdout | tests/integration/meal-planning-presentation-http.test.ts > on-demand explanations and HTTP guard inheritance > rechecks current membership after provider latency
{"level":"info","event":"meal_planning_result","status":"feasible","conclusion":"feasible","truncated":false,"states":3}

 ✓ tests/integration/inventory-guest-transfer.test.ts (26 tests) 2940ms
stdout | tests/integration/meal-planning-presentation-http.test.ts > on-demand explanations and HTTP guard inheritance > rejects private access, unauthenticated access, disabled flag and owner-fence mismatch
{"level":"info","event":"meal_planning_result","status":"feasible","conclusion":"feasible","truncated":false,"states":3}

stdout | tests/integration/meal-planning-presentation-http.test.ts > on-demand explanations and HTTP guard inheritance > keeps CSRF and strict explanation intent/selected-slot validation
{"level":"info","event":"meal_planning_result","status":"feasible","conclusion":"feasible","truncated":false,"states":3}

stdout | tests/integration/meal-planning-presentation-http.test.ts > on-demand explanations and HTTP guard inheritance > keeps CSRF and strict explanation intent/selected-slot validation
[req] POST /api/v1/meal-planning/plans/457e1f54-056e-43ce-b3ac-fb3ecad55ba1/explanation 403 0ms 9fc98b71-d155-4206-99c5-e3061222a251

 ✓ tests/integration/meal-planning-presentation-http.test.ts (27 tests) 3153ms
stderr | tests/integration/inventory-read-authority.test.ts > T11 HTTP read cutover > funnel: adopted households bypass the KV cache; authority read failures fail closed
T11 authority read failed: LotCommandError: CORRUPT_RECEIPT
    at readAdoptedMappings (/Users/tunbee27/Documents/Tako-san-ui-rebuild/packages/db/src/inventory-lot-commands.ts:113:11)
    at readMappedLotSnapshot (/Users/tunbee27/Documents/Tako-san-ui-rebuild/packages/db/src/inventory-lot-commands.ts:205:24)
    at readAdoptedLotSnapshot (/Users/tunbee27/Documents/Tako-san-ui-rebuild/packages/db/src/inventory-lot-commands.ts:617:20)
    at readInventoryAuthority (/Users/tunbee27/Documents/Tako-san-ui-rebuild/packages/db/src/inventory-read-authority.ts:115:20)
    at fetchHouseholdInventoryFromDb (/Users/tunbee27/Documents/Tako-san-ui-rebuild/src/worker/routes/inventory.ts:507:25)
    at /Users/tunbee27/Documents/Tako-san-ui-rebuild/tests/integration/inventory-read-authority.test.ts:356:5
    at file:///Users/tunbee27/Documents/Tako-san-ui-rebuild/node_modules/.pnpm/@vitest+runner@3.2.7/node_modules/@vitest/runner/dist/chunk-hooks.js:752:20 {
  code: 'CORRUPT_RECEIPT'
}

 ✓ tests/unit/t21rc2t-identity-topology.test.mjs (11 tests) 2991ms
   ✓ T21RC2T committed offline source and deterministic scale > bounds the exact forensic-scale input and produces a permutation-stable aggregate  2002ms
 ✓ tests/integration/inventory-read-authority.test.ts (28 tests) 2990ms
stdout | tests/integration/ui03-discovery-api.test.ts > UI03 authenticated discovery > 24 summaries stay under100KiB; Home3 and detail remain separate; media reads only selected IDs
{"summaryBytes":14117,"gzipBytes":2939,"items":24}

 ✓ tests/unit/t21rc4-identity-gate.test.mjs (10 tests) 2797ms
   ✓ C4I review-binding gate > accepts reviewed C4I bytes followed by an unrelated documentation commit  834ms
   ✓ C4I review-binding gate > rejects every changed C4I execution byte after review  1584ms
 ✓ tests/integration/ui03-discovery-api.test.ts (22 tests) 2889ms
   ✓ UI03 authenticated discovery > all21 pages cover500 unique recipes in identical deterministic order on reload  341ms
stdout | tests/integration/recipe-catalog-growth.test.ts > T14F — fresh SQLite replay of the full ledger (0001 → tip) > recipes=500: legacy 71 + imported 429; contiguous runtime order; complete rows; pending hero media; FK/quick_check clean
T14F catalog counts: {"recipes":500,"recipe_ingredients":2702,"recipe_steps":2064,"recipe_runtime_fields":500,"recipe_runtime_ingredient_order":2702,"recipe_classifications":858,"nutrition_profiles":0,"recipe_nutrition":0,"recipe_media":500}

 ✓ tests/integration/inventory-lot-d1.test.mjs (44 tests) 2724ms
   ✓ T09E actual local D1 multi-effect authority > executes the maximum 32 effects as one real D1 command  348ms
 ✓ tests/integration/recipe-catalog-growth.test.ts (14 tests) 2758ms
   ✓ T14F — Catalog Release Manifest and D1 readiness on the grown ledger > negative controls fail closed: one fewer / one extra recipe, wrong imported ID, wrong order, legacy mutation, imported mutation, stub row, pilot-only DB vs full manifest  1312ms
stdout | tests/integration/recipe-catalog-growth-authority.test.ts > T14F — static 71 vs reviewed D1 release: readiness, shadow, canary, d1 > shadow: user response is static 71, the D1 release verifies READY, and reviewed growth is logged at level info (not drift)
{"event":"recipe_catalog_shadow","catalog_source":"static","catalog_mode":"shadow","status":"compared","catalog_static_count":71,"level":"info","catalog_d1_count":500,"catalog_complete_count":500,"catalog_hydrated_count":500,"catalog_static_only_count":0,"catalog_d1_only_count":429,"catalog_drift_count":0,"catalog_order_drift_count":0,"catalog_hydration_failure_count":0,"catalog_lookup_ms":135,"release_id":"rel-bd00a4f53fcaeee4","release_expected_count":500,"release_readiness":"ready","release_readiness_code":null,"release_reviewed_growth_count":429,"drift_sample":[],"order_drift_sample":[],"hydration_failure_sample":[]}

stdout | tests/integration/recipe-catalog-growth-authority.test.ts > T14F — HTTP user flows on the 500-recipe D1 release (list, detail, recommendations, planner, regenerate, swap, cooking) > GET /recipes: static returns 71, d1 returns 500 in release order (legacy prefix identical); detail resolves an imported recipe by id and slug
T14F recipe_list_response: recipe_count=500 response_bytes=778619 static_bytes=144402

 ✓ tests/integration/recipe-catalog-growth-authority.test.ts (9 tests) 2757ms
   ✓ T14F — static 71 vs reviewed D1 release: readiness, shadow, canary, d1 > shadow: user response is static 71, the D1 release verifies READY, and reviewed growth is logged at level info (not drift)  471ms
   ✓ T14F — HTTP user flows on the 500-recipe D1 release (list, detail, recommendations, planner, regenerate, swap, cooking) > GET /recipes: static returns 71, d1 returns 500 in release order (legacy prefix identical); detail resolves an imported recipe by id and slug  311ms
   ✓ T14F — HTTP user flows on the 500-recipe D1 release (list, detail, recommendations, planner, regenerate, swap, cooking) > GET /recommendations over 500 recipes: equals rankRecipes on the D1 snapshot, no duplicate IDs, deterministic ties, an imported recipe is cookable without buying  381ms
   ✓ T14F — HTTP user flows on the 500-recipe D1 release (list, detail, recommendations, planner, regenerate, swap, cooking) > week planner on the D1 release: generate, regenerate, swap alternatives and an executed swap to an imported recipe; no hidden 71 truncation  344ms
   ✓ T14F — HTTP user flows on the 500-recipe D1 release (list, detail, recommendations, planner, regenerate, swap, cooking) > T14F-C: Batch B (t14f-scale-399-v1) recipes from several cuisines participate in list/detail, recommendations, planner swap and cooking under the 500 D1 authority; pilot recipes still resolve  498ms
 ✓ tests/unit/composition-flags.test.mjs (22 tests) 2733ms
   ✓ T20 composition flags: build consistency guard > CLI exits 0 for off/off and on/on, non-zero for mismatch or missing flags  1467ms
   ✓ T20 production planner prerequisite > cannot pass the production CLI guard with T20 on while the compiled planner or Worker prerequisite is missing  1251ms
stdout | tests/unit/recipe-import-scale.test.ts > T14E — 500-recipe synthetic compile > is deterministic (byte-identical across compiles and JSON/JSONL), publishes 500 recipes and a stable 571-recipe manifest
T14E scale 500: recipes=500 ingredient_lines=2000 steps=1750 nutrition_profiles=250 sql_bytes=829131

stdout | tests/unit/recipe-import-scale.test.ts > T14E — 5,000-recipe synthetic compile > completes, stays publishable, and keeps duplicate/composition structures bounded (no N² scan)
T14E scale 5000: recipes=5000 ingredient_lines=20000 steps=17500 nutrition_profiles=2500 sql_bytes=8358628

stdout | tests/unit/recipe-import-scale.test.ts > T14E — 5,000-recipe synthetic compile > the duplicate detector compares by bucket, not pairwise: a batch with N recipes performs O(N) index operations
T14E scale 2000: recipes=2000 ingredient_lines=8000 steps=7000 nutrition_profiles=1000 sql_bytes=3339756

 ✓ tests/unit/recipe-import-scale.test.ts (4 tests) 2675ms
   ✓ T14E — 500-recipe synthetic compile > is deterministic (byte-identical across compiles and JSON/JSONL), publishes 500 recipes and a stable 571-recipe manifest  457ms
   ✓ T14E — 5,000-recipe synthetic compile > completes, stays publishable, and keeps duplicate/composition structures bounded (no N² scan)  1474ms
   ✓ T14E — 5,000-recipe synthetic compile > the duplicate detector compares by bucket, not pairwise: a batch with N recipes performs O(N) index operations  481ms
 ✓ tests/integration/t20-meal-composition-http.test.ts (4 tests) 2665ms
   ✓ T20 V1 compatibility > a V1 one-recipe plan reads as a valid one-component composition without changing the V1 contract  740ms
   ✓ T20 V1 compatibility > composition routes are 404 while the V2 flag is off and V1 behaves unchanged  394ms
   ✓ T20 manual builder > add / lock / swap / reorder / remove persist server-side with one shared revision  1255ms
stdout | tests/integration/recipe-media-route.test.ts > T14C — GET /api/v1/recipe-media/:recipeId/:role/:version (secure same-origin serving) > serves a ready canonical asset without auth, with immutable cache, ETag from the promotion-verified content hash, nosniff and exact MIME
[req] GET /api/v1/recipe-media/gl-01/hero/2 200 2ms 7211bd2a-5c44-4e6b-96a5-3ebca87e10bc

stdout | tests/integration/recipe-media-route.test.ts > T14C — GET /api/v1/recipe-media/:recipeId/:role/:version (secure same-origin serving) > serves a ready canonical asset without auth, with immutable cache, ETag from the promotion-verified content hash, nosniff and exact MIME
[req] GET /api/v1/recipe-media/gl-01/hero/2 304 0ms fef90af1-65c5-400a-8b89-566618983c85

stdout | tests/integration/recipe-media-route.test.ts > T14C — GET /api/v1/recipe-media/:recipeId/:role/:version (secure same-origin serving) > serves a ready canonical asset without auth, with immutable cache, ETag from the promotion-verified content hash, nosniff and exact MIME
[req] HEAD /api/v1/recipe-media/gl-01/hero/2 200 1ms 0ce8062e-7473-4d69-afc4-ab9010a7b2e5

stdout | tests/integration/recipe-media-route.test.ts > T14C — GET /api/v1/recipe-media/:recipeId/:role/:version (secure same-origin serving) > unknown recipe (/api/v1/recipe-media/no-such-recipe/hero/1) → 404 RECIPE_MEDIA_NOT_FOUND with no-store and no R2 access
[req] GET /api/v1/recipe-media/no-such-recipe/hero/1 404 1ms da12e6a4-5498-4a60-9d85-b143ececc124

stdout | tests/integration/recipe-media-route.test.ts > T14C — GET /api/v1/recipe-media/:recipeId/:role/:version (secure same-origin serving) > invalid role (/api/v1/recipe-media/gl-01/banner/2) → 404 RECIPE_MEDIA_INVALID_ROLE with no-store and no R2 access
[req] GET /api/v1/recipe-media/gl-01/banner/2 404 1ms 7f9f959b-afb5-437f-941a-dc1156f34b6c

stdout | tests/integration/recipe-media-route.test.ts > T14C — GET /api/v1/recipe-media/:recipeId/:role/:version (secure same-origin serving) > version zero (/api/v1/recipe-media/gl-01/hero/0) → 404 RECIPE_MEDIA_INVALID_VERSION with no-store and no R2 access
[req] GET /api/v1/recipe-media/gl-01/hero/0 404 0ms 40ead53e-b9ad-49b2-ace4-695ac2efd40d

stdout | tests/integration/recipe-media-route.test.ts > T14C — GET /api/v1/recipe-media/:recipeId/:role/:version (secure same-origin serving) > negative version (/api/v1/recipe-media/gl-01/hero/-1) → 404 RECIPE_MEDIA_INVALID_VERSION with no-store and no R2 access
[req] GET /api/v1/recipe-media/gl-01/hero/-1 404 0ms 0b2c2cf2-49b3-4351-9928-deae911e1185

stdout | tests/integration/recipe-media-route.test.ts > T14C — GET /api/v1/recipe-media/:recipeId/:role/:version (secure same-origin serving) > huge version (/api/v1/recipe-media/gl-01/hero/99999999999) → 404 RECIPE_MEDIA_INVALID_VERSION with no-store and no R2 access
[req] GET /api/v1/recipe-media/gl-01/hero/99999999999 404 0ms 1fc6759c-2256-4e28-be99-67798906d4d3

stdout | tests/integration/recipe-media-route.test.ts > T14C — GET /api/v1/recipe-media/:recipeId/:role/:version (secure same-origin serving) > non-numeric version (/api/v1/recipe-media/gl-01/hero/v2.webp) → 404 RECIPE_MEDIA_INVALID_VERSION with no-store and no R2 access
[req] GET /api/v1/recipe-media/gl-01/hero/v2.webp 404 0ms f7fc3f73-89b7-4f0d-b0c7-5b6a0ed8711a

stdout | tests/integration/recipe-media-route.test.ts > T14C — GET /api/v1/recipe-media/:recipeId/:role/:version (secure same-origin serving) > float version (/api/v1/recipe-media/gl-01/hero/2.0) → 404 RECIPE_MEDIA_INVALID_VERSION with no-store and no R2 access
[req] GET /api/v1/recipe-media/gl-01/hero/2.0 404 0ms 0bdb509c-228b-4bd6-b6d8-050132eeea9d

stdout | tests/integration/recipe-media-route.test.ts > T14C — GET /api/v1/recipe-media/:recipeId/:role/:version (secure same-origin serving) > uppercase recipe id (/api/v1/recipe-media/GL-01/hero/2) → 404 RECIPE_MEDIA_INVALID_RECIPE with no-store and no R2 access
[req] GET /api/v1/recipe-media/GL-01/hero/2 404 0ms 48198454-5e94-40d4-906e-f62cecc0b768

stdout | tests/integration/recipe-media-route.test.ts > T14C — GET /api/v1/recipe-media/:recipeId/:role/:version (secure same-origin serving) > encoded slash (/api/v1/recipe-media/gl-01%2f..%2fusers/hero/2) → 404 RECIPE_MEDIA_INVALID_PATH with no-store and no R2 access
[req] GET /api/v1/recipe-media/gl-01%2f..%2fusers/hero/2 404 0ms 588e3a66-8919-4abf-b483-c4db45d17de5

stdout | tests/integration/recipe-media-route.test.ts > T14C — GET /api/v1/recipe-media/:recipeId/:role/:version (secure same-origin serving) > double encoding (/api/v1/recipe-media/gl-01%252f/hero/2) → 404 RECIPE_MEDIA_INVALID_PATH with no-store and no R2 access
[req] GET /api/v1/recipe-media/gl-01%252f/hero/2 404 1ms be81b726-1cc1-483f-8e87-f76bba6447ed

stdout | tests/integration/recipe-media-route.test.ts > T14C — GET /api/v1/recipe-media/:recipeId/:role/:version (secure same-origin serving) > encoded backslash (/api/v1/recipe-media/gl-01%5c..%5cx/hero/2) → 404 RECIPE_MEDIA_INVALID_PATH with no-store and no R2 access
[req] GET /api/v1/recipe-media/gl-01\..\x/hero/2 404 1ms bfb31f8f-ce57-49a1-b896-c3222be52b21

stdout | tests/integration/recipe-media-route.test.ts > T14C — GET /api/v1/recipe-media/:recipeId/:role/:version (secure same-origin serving) > pending version (seeded v1) (/api/v1/recipe-media/gl-02/hero/1) → 409 RECIPE_MEDIA_PENDING with no-store and no R2 access
[req] GET /api/v1/recipe-media/gl-02/hero/1 409 0ms 92a7a7f7-9c42-4a19-9d6d-2d000c95edd8

stdout | tests/integration/recipe-media-route.test.ts > T14C — GET /api/v1/recipe-media/:recipeId/:role/:version (secure same-origin serving) > unknown version (/api/v1/recipe-media/gl-01/hero/9) → 404 RECIPE_MEDIA_NOT_FOUND with no-store and no R2 access
[req] GET /api/v1/recipe-media/gl-01/hero/9 404 0ms 89893c9f-63ad-4ffd-ac93-c3835a7a7f10

stdout | tests/integration/recipe-media-route.test.ts > T14C — GET /api/v1/recipe-media/:recipeId/:role/:version (secure same-origin serving) > traversal in raw or encoded path segments can only ever reach the trusted derived key, never an arbitrary object
[req] GET /api/users/x/hero/2 200 0ms 247657b6-3efa-47bf-ae1b-ee617b9752c8

stdout | tests/integration/recipe-media-route.test.ts > T14C — GET /api/v1/recipe-media/:recipeId/:role/:version (secure same-origin serving) > traversal in raw or encoded path segments can only ever reach the trusted derived key, never an arbitrary object
[req] GET /api/v1/hero/2 401 0ms fac21f45-1991-45d2-a824-d48ea7184bd6

stdout | tests/integration/recipe-media-route.test.ts > T14C — GET /api/v1/recipe-media/:recipeId/:role/:version (secure same-origin serving) > traversal in raw or encoded path segments can only ever reach the trusted derived key, never an arbitrary object
[req] GET /api/v1/recipe-media/gl-01/hero/2  404 0ms d3e7629a-c141-41b8-b371-7687619c73b4

stdout | tests/integration/recipe-media-route.test.ts > T14C — GET /api/v1/recipe-media/:recipeId/:role/:version (secure same-origin serving) > traversal in raw or encoded path segments can only ever reach the trusted derived key, never an arbitrary object
[req] GET /api/v1/recipe-media/gl-01/hero/2 200 1ms d9fe72a2-773f-4847-93da-a4515698a0d0

stdout | tests/integration/recipe-media-route.test.ts > T14C — GET /api/v1/recipe-media/:recipeId/:role/:version (secure same-origin serving) > traversal in raw or encoded path segments can only ever reach the trusted derived key, never an arbitrary object
[req] GET /api/v1/recipe-media/..%2f..%2fusers%2fx%2fscans%2fy%2foriginal.webp/hero/2 404 0ms e5dc5f6d-1f5a-4d53-85b4-2012eb77ee50

stdout | tests/integration/recipe-media-route.test.ts > T14C — GET /api/v1/recipe-media/:recipeId/:role/:version (secure same-origin serving) > traversal in raw or encoded path segments can only ever reach the trusted derived key, never an arbitrary object
[req] GET /api/v1/recipe-media/gl-01/hero/2 200 0ms 970c497e-2d6c-43fb-a966-eaf213a163f5

stdout | tests/integration/recipe-media-route.test.ts > T14C — GET /api/v1/recipe-media/:recipeId/:role/:version (secure same-origin serving) > traversal in raw or encoded path segments can only ever reach the trusted derived key, never an arbitrary object
[req] GET /api/v1/recipe-media/gl-01/hero/2 200 0ms 27de76f8-94df-4ab2-91e8-4c47d88f1b36

stdout | tests/integration/recipe-media-route.test.ts > T14C — GET /api/v1/recipe-media/:recipeId/:role/:version (secure same-origin serving) > rejected and superseded versions are 409; a superseded version does not serve stale bytes
[req] GET /api/v1/recipe-media/gl-01/hero/2 409 0ms 26c4725c-a5d4-4a4c-8de4-9b24d6169391

stdout | tests/integration/recipe-media-route.test.ts > T14C — GET /api/v1/recipe-media/:recipeId/:role/:version (secure same-origin serving) > rejected and superseded versions are 409; a superseded version does not serve stale bytes
[req] GET /api/v1/recipe-media/gl-03/hero/1 409 0ms d6ed8022-cd2d-4c86-9054-96d837a1c682

stdout | tests/integration/recipe-media-route.test.ts > T14C — GET /api/v1/recipe-media/:recipeId/:role/:version (secure same-origin serving) > rejected and superseded versions are 409; a superseded version does not serve stale bytes
[req] GET /api/v1/recipe-media/gl-01/hero/3 200 0ms 8ea39044-0efb-4e89-af96-41fd85d7d968

stdout | tests/integration/recipe-media-route.test.ts > T14C — GET /api/v1/recipe-media/:recipeId/:role/:version (secure same-origin serving) > missing R2 object → 404 + diagnostic; object MIME mismatch → 415; size mismatch → 409; never unrelated bytes
[req] GET /api/v1/recipe-media/gl-01/hero/2 404 0ms 1aa5d49a-a681-4171-8082-8bbc8d2a871f

stdout | tests/integration/recipe-media-route.test.ts > T14C — GET /api/v1/recipe-media/:recipeId/:role/:version (secure same-origin serving) > missing R2 object → 404 + diagnostic; object MIME mismatch → 415; size mismatch → 409; never unrelated bytes
[req] GET /api/v1/recipe-media/gl-01/hero/2 415 0ms 30b43e63-34c7-4aed-b640-c613df512efa

stdout | tests/integration/recipe-media-route.test.ts > T14C — GET /api/v1/recipe-media/:recipeId/:role/:version (secure same-origin serving) > missing R2 object → 404 + diagnostic; object MIME mismatch → 415; size mismatch → 409; never unrelated bytes
[req] GET /api/v1/recipe-media/gl-01/hero/2 409 0ms 0299935b-8fce-4a14-b38e-ef42e64d3404

stdout | tests/integration/recipe-media-route.test.ts > T14C — GET /api/v1/recipe-media/:recipeId/:role/:version (secure same-origin serving) > non-canonical storage keys are now rejected by SQL itself; a status flipped to ready behind the helpers still fails closed at the route
[req] GET /api/v1/recipe-media/gl-01/hero/2 404 0ms 1aebb191-b111-4b76-b235-831e7a408fba

stdout | tests/integration/recipe-media-route.test.ts > T14C — GET /api/v1/recipe-media/:recipeId/:role/:version (secure same-origin serving) > no DB or no IMAGES binding → 503, never 500; D1 read failure → 503 with diagnostic
[req] GET /api/v1/recipe-media/gl-01/hero/2 503 0ms 66412e98-ada5-47c9-ba57-3e4def986018

stdout | tests/integration/recipe-media-route.test.ts > T14C — GET /api/v1/recipe-media/:recipeId/:role/:version (secure same-origin serving) > no DB or no IMAGES binding → 503, never 500; D1 read failure → 503 with diagnostic
[req] GET /api/v1/recipe-media/gl-01/hero/2 503 1ms eedb6ceb-ffe9-471c-a1b3-aca14722a36a

stdout | tests/integration/recipe-media-route.test.ts > T14C — GET /api/v1/recipe-media/:recipeId/:role/:version (secure same-origin serving) > diagnostics are bounded per window and never include bytes/keys
[req] GET /api/v1/recipe-media/gl-01/hero/2 404 1ms 61c88e32-3604-4b5a-8ba8-83d8f4036e8a

stdout | tests/integration/recipe-media-route.test.ts > T14C — GET /api/v1/recipe-media/:recipeId/:role/:version (secure same-origin serving) > diagnostics are bounded per window and never include bytes/keys
[req] GET /api/v1/recipe-media/gl-01/hero/2 404 0ms 61e2ca2b-a3de-479e-928d-90ccbf6a9a08

stdout | tests/integration/recipe-media-route.test.ts > T14C — GET /api/v1/recipe-media/:recipeId/:role/:version (secure same-origin serving) > diagnostics are bounded per window and never include bytes/keys
[req] GET /api/v1/recipe-media/gl-01/hero/2 404 0ms 636de680-e6c6-4536-82a6-930fe4437d82

stdout | tests/integration/recipe-media-route.test.ts > T14C — GET /api/v1/recipe-media/:recipeId/:role/:version (secure same-origin serving) > diagnostics are bounded per window and never include bytes/keys
[req] GET /api/v1/recipe-media/gl-01/hero/2 404 0ms 7bc2010d-8abc-4f13-863d-586065447cc1

stdout | tests/integration/recipe-media-route.test.ts > T14C — GET /api/v1/recipe-media/:recipeId/:role/:version (secure same-origin serving) > diagnostics are bounded per window and never include bytes/keys
[req] GET /api/v1/recipe-media/gl-01/hero/2 404 0ms ec737ebf-16b0-4ff0-bccd-f8d7cab68b81

stdout | tests/integration/recipe-media-route.test.ts > T14C — GET /api/v1/recipe-media/:recipeId/:role/:version (secure same-origin serving) > diagnostics are bounded per window and never include bytes/keys
[req] GET /api/v1/recipe-media/gl-01/hero/2 404 0ms 58885405-8ad3-4949-b122-a6127364ffba

stdout | tests/integration/recipe-media-route.test.ts > T14C — GET /api/v1/recipe-media/:recipeId/:role/:version (secure same-origin serving) > diagnostics are bounded per window and never include bytes/keys
[req] GET /api/v1/recipe-media/gl-01/hero/2 404 0ms a65bdfd0-9c62-418f-ba7b-c82e11ec4cc3

stdout | tests/integration/recipe-media-route.test.ts > T14C — GET /api/v1/recipe-media/:recipeId/:role/:version (secure same-origin serving) > diagnostics are bounded per window and never include bytes/keys
[req] GET /api/v1/recipe-media/gl-01/hero/2 404 0ms 28f07624-e824-49c7-bae3-738c639713cf

stdout | tests/integration/recipe-media-route.test.ts > T14C — GET /api/v1/recipe-media/:recipeId/:role/:version (secure same-origin serving) > diagnostics are bounded per window and never include bytes/keys
[req] GET /api/v1/recipe-media/gl-01/hero/2 404 0ms ab46f59e-7393-45fd-a8ef-8cb0c30cbd4f

stdout | tests/integration/recipe-media-route.test.ts > T14C — GET /api/v1/recipe-media/:recipeId/:role/:version (secure same-origin serving) > diagnostics are bounded per window and never include bytes/keys
[req] GET /api/v1/recipe-media/gl-01/hero/2 404 0ms 2bc47e93-b773-4d52-9b79-5d115decac3a

stdout | tests/integration/recipe-media-route.test.ts > T14C — GET /api/v1/recipe-media/:recipeId/:role/:version (secure same-origin serving) > diagnostics are bounded per window and never include bytes/keys
[req] GET /api/v1/recipe-media/gl-01/hero/2 404 0ms e53d5381-ed8a-46f6-8a8d-9fd6ea8604fe

stdout | tests/integration/recipe-media-route.test.ts > T14C — GET /api/v1/recipe-media/:recipeId/:role/:version (secure same-origin serving) > diagnostics are bounded per window and never include bytes/keys
[req] GET /api/v1/recipe-media/gl-01/hero/2 404 0ms 67e1fa6c-aea1-4833-a1a8-49b3ecec64e9

stdout | tests/integration/recipe-media-route.test.ts > T14C — GET /api/v1/recipe-media/:recipeId/:role/:version (secure same-origin serving) > diagnostics are bounded per window and never include bytes/keys
[req] GET /api/v1/recipe-media/gl-01/hero/2 404 1ms 1ca12d70-629b-4e4d-836c-e70f4681e0e8

stdout | tests/integration/recipe-media-route.test.ts > T14C — GET /api/v1/recipe-media/:recipeId/:role/:version (secure same-origin serving) > diagnostics are bounded per window and never include bytes/keys
[req] GET /api/v1/recipe-media/gl-01/hero/2 404 0ms b264f074-4a75-4715-8625-b6ca85946b77

stdout | tests/integration/recipe-media-route.test.ts > T14C — GET /api/v1/recipe-media/:recipeId/:role/:version (secure same-origin serving) > diagnostics are bounded per window and never include bytes/keys
[req] GET /api/v1/recipe-media/gl-01/hero/2 404 0ms 643d9830-6944-45e8-a638-34b6abd36362

stdout | tests/integration/recipe-media-route.test.ts > T14C — GET /api/v1/recipe-media/:recipeId/:role/:version (secure same-origin serving) > diagnostics are bounded per window and never include bytes/keys
[req] GET /api/v1/recipe-media/gl-01/hero/2 404 0ms 7eacca65-82bb-4518-bc1e-14f48f2902dc

stdout | tests/integration/recipe-media-route.test.ts > T14C — GET /api/v1/recipe-media/:recipeId/:role/:version (secure same-origin serving) > diagnostics are bounded per window and never include bytes/keys
[req] GET /api/v1/recipe-media/gl-01/hero/2 404 0ms 1b01406e-10f1-48ac-8870-ad22156bdd32

stdout | tests/integration/recipe-media-route.test.ts > T14C — GET /api/v1/recipe-media/:recipeId/:role/:version (secure same-origin serving) > diagnostics are bounded per window and never include bytes/keys
[req] GET /api/v1/recipe-media/gl-01/hero/2 404 0ms 35d6907f-fcb3-44e8-a52b-c10a2619c39b

stdout | tests/integration/recipe-media-route.test.ts > T14C — GET /api/v1/recipe-media/:recipeId/:role/:version (secure same-origin serving) > diagnostics are bounded per window and never include bytes/keys
[req] GET /api/v1/recipe-media/gl-01/hero/2 404 1ms 43cdd74e-4410-44b1-bb09-8bf6612db5f5

stdout | tests/integration/recipe-media-route.test.ts > T14C — GET /api/v1/recipe-media/:recipeId/:role/:version (secure same-origin serving) > diagnostics are bounded per window and never include bytes/keys
[req] GET /api/v1/recipe-media/gl-01/hero/2 404 0ms c92653b7-e652-4d6d-ac9b-4eef63a6ec29

stdout | tests/integration/recipe-media-route.test.ts > T14C — GET /api/v1/recipe-media/:recipeId/:role/:version (secure same-origin serving) > diagnostics are bounded per window and never include bytes/keys
[req] GET /api/v1/recipe-media/gl-01/hero/2 404 0ms 8a89f29c-d3e7-4325-88b4-84c441c899ae

stdout | tests/integration/recipe-media-route.test.ts > T14C — GET /api/v1/recipe-media/:recipeId/:role/:version (secure same-origin serving) > diagnostics are bounded per window and never include bytes/keys
[req] GET /api/v1/recipe-media/gl-01/hero/2 404 0ms d9f2bfe3-ec06-4614-b4ab-bacde0eb1460

stdout | tests/integration/recipe-media-route.test.ts > T14C — GET /api/v1/recipe-media/:recipeId/:role/:version (secure same-origin serving) > diagnostics are bounded per window and never include bytes/keys
[req] GET /api/v1/recipe-media/gl-01/hero/2 404 0ms 4be09bfb-ba75-45e6-ab9d-0d4fd6a3965f

stdout | tests/integration/recipe-media-route.test.ts > T14C — GET /api/v1/recipe-media/:recipeId/:role/:version (secure same-origin serving) > diagnostics are bounded per window and never include bytes/keys
[req] GET /api/v1/recipe-media/gl-01/hero/2 404 1ms 3a379645-a074-439f-a3c0-9c1c74a48c63

stdout | tests/integration/recipe-media-route.test.ts > T14C — GET /api/v1/recipe-media/:recipeId/:role/:version (secure same-origin serving) > diagnostics are bounded per window and never include bytes/keys
[req] GET /api/v1/recipe-media/gl-01/hero/2 404 0ms 057de219-0156-42cf-9c4d-3ddd11be1b90

stdout | tests/integration/recipe-media-route.test.ts > T14C — GET /api/v1/recipe-media/:recipeId/:role/:version (secure same-origin serving) > diagnostics are bounded per window and never include bytes/keys
[req] GET /api/v1/recipe-media/gl-01/hero/2 404 0ms 7922fc47-14da-4a03-84aa-4e9cee9beb88

stdout | tests/integration/recipe-media-route.test.ts > T14C — GET /api/v1/recipe-media/:recipeId/:role/:version (secure same-origin serving) > diagnostics are bounded per window and never include bytes/keys
[req] GET /api/v1/recipe-media/gl-01/hero/2 404 0ms f459ad0c-7d76-42cb-a4fe-19df39ea97a9

stdout | tests/integration/recipe-media-route.test.ts > T14C — GET /api/v1/recipe-media/:recipeId/:role/:version (secure same-origin serving) > diagnostics are bounded per window and never include bytes/keys
[req] GET /api/v1/recipe-media/gl-01/hero/2 404 0ms fe409a87-d805-4b2a-89e8-6de8ce6c5aec

stdout | tests/integration/recipe-media-route.test.ts > T14C — GET /api/v1/recipe-media/:recipeId/:role/:version (secure same-origin serving) > diagnostics are bounded per window and never include bytes/keys
[req] GET /api/v1/recipe-media/gl-01/hero/2 404 0ms 1a86339e-3cd6-4679-8885-c8c3dc49196d

stdout | tests/integration/recipe-media-route.test.ts > T14C — GET /api/v1/recipe-media/:recipeId/:role/:version (secure same-origin serving) > diagnostics are bounded per window and never include bytes/keys
[req] GET /api/v1/recipe-media/gl-01/hero/2 404 0ms a739c48c-9c34-4162-9b8e-c62dbb29ca63

stdout | tests/integration/recipe-media-route.test.ts > T14C — GET /api/v1/recipe-media/:recipeId/:role/:version (secure same-origin serving) > is not a public write surface: POST/PUT/DELETE on the media path are not routed to media
[req] POST /api/v1/recipe-media/gl-01/hero/2 401 0ms 7c81bc3f-1c2b-431d-99ac-ddc1f76ad490

stdout | tests/integration/recipe-media-route.test.ts > T14C — GET /api/v1/recipe-media/:recipeId/:role/:version (secure same-origin serving) > is not a public write surface: POST/PUT/DELETE on the media path are not routed to media
[req] PUT /api/v1/recipe-media/gl-01/hero/2 401 0ms 53a8dd59-62dc-473b-b71b-eea3dc261911

stdout | tests/integration/recipe-media-route.test.ts > T14C — GET /api/v1/recipe-media/:recipeId/:role/:version (secure same-origin serving) > is not a public write surface: POST/PUT/DELETE on the media path are not routed to media
[req] DELETE /api/v1/recipe-media/gl-01/hero/2 401 0ms 676181bc-51a0-4c2f-96e5-9461486bc59b

stdout | tests/integration/recipe-media-route.test.ts > T14C — GET /api/v1/recipe-media/:recipeId/:role/:version (secure same-origin serving) > is not a public write surface: POST/PUT/DELETE on the media path are not routed to media
[req] PATCH /api/v1/recipe-media/gl-01/hero/2 401 0ms 0438acbd-ca2d-4e8c-8924-4fabb6ab454f

 ✓ tests/unit/staging-d1-catchup-check.test.mjs (32 tests) 2585ms
   ✓ ephemeral staging D1-only catch-up config > is readable by Wrangler locally and lists only the prefix through the target  989ms
   ✓ candidate SHA and hosted CI gates > requires the catch-up ref to equal current origin/main  688ms
 ✓ tests/integration/recipe-media-route.test.ts (27 tests) 2490ms
stdout | tests/integration/t19-recipe-authority-observability.test.ts > public readiness recipeAuthority summary > { RECIPE_CATALOG_MODE: 'canary', RECIPE_CATALOG_CUTOVER_ENABLED: 'true', RECIPE_CATALOG_D1_CANARY_PERCENT: '5' } → { configuredMode: 'canary', cutoverEnabled: true, canaryPercent: 5, globalSource: 'mixed', fallbackReason: null }
{"event":"recipe_catalog_shadow","catalog_source":"static","catalog_mode":"shadow","status":"compared","catalog_static_count":71,"level":"info","catalog_d1_count":500,"catalog_complete_count":500,"catalog_hydrated_count":500,"catalog_static_only_count":0,"catalog_d1_only_count":429,"catalog_drift_count":0,"catalog_order_drift_count":0,"catalog_hydration_failure_count":0,"catalog_lookup_ms":213,"release_id":"rel-bd00a4f53fcaeee4","release_expected_count":500,"release_readiness":"ready","release_readiness_code":null,"release_reviewed_growth_count":429,"drift_sample":[],"order_drift_sample":[],"hydration_failure_sample":[]}

stdout | tests/e2e/t07-operations.test.mjs > T07 real Worker operational observations > records bounded representative flow observations without performance thresholds
T07_OPERATION_OBSERVATIONS [{"name":"generate","wallMs":455.12,"statements":13,"batches":1,"bytes":16554,"plannerStates":297},{"name":"regenerate","wallMs":391.32,"statements":11,"batches":1,"bytes":16554,"plannerStates":297},{"name":"alternatives","wallMs":6.51,"statements":11,"batches":1,"bytes":4449,"plannerStates":null},{"name":"swap","wallMs":329.39,"statements":11,"batches":1,"bytes":16423,"plannerStates":250},{"name":"shopping","wallMs":19.68,"statements":11,"batches":1,"bytes":17211,"plannerStates":null},{"name":"current","wallMs":7.29,"statements":11,"batches":1,"bytes":16432,"plannerStates":null}]

stdout | tests/integration/t19-recipe-authority-observability.test.ts > protected release evidence endpoint > shadow: evidence is complete, PII-free, and passes the release-check proof for its approved manifest
{"event":"recipe_catalog_shadow","catalog_source":"static","catalog_mode":"shadow","status":"compared","catalog_static_count":71,"level":"info","catalog_d1_count":500,"catalog_complete_count":500,"catalog_hydrated_count":500,"catalog_static_only_count":0,"catalog_d1_only_count":429,"catalog_drift_count":0,"catalog_order_drift_count":0,"catalog_hydration_failure_count":0,"catalog_lookup_ms":94,"release_id":"rel-bd00a4f53fcaeee4","release_expected_count":500,"release_readiness":"ready","release_readiness_code":null,"release_reviewed_growth_count":429,"drift_sample":[],"order_drift_sample":[],"hydration_failure_sample":[]}

stdout | tests/e2e/t07-operations.test.mjs > T07 real Worker operational observations > keeps the resolved D1 authority when optional catalog enrichment fails without leaking private SQL
{"level":"info","event":"meal_planning_result","status":"feasible","conclusion":"feasible","truncated":true,"states":297}

stdout | tests/e2e/t07-operations.test.mjs > T07 real Worker operational observations > keeps the resolved D1 authority when optional catalog enrichment fails without leaking private SQL
[req] POST /api/v1/meal-planning/plans 200 486ms ded81edf-3b0a-4721-98e7-e8faf3e0be96

stdout | tests/integration/t19-recipe-authority-observability.test.ts > protected release evidence endpoint > shadow evidence actively probes D1 and refuses promotion when that probe falls back
{"event":"recipe_catalog_shadow","catalog_source":"static","catalog_mode":"shadow","status":"compared","catalog_static_count":71,"level":"warn","catalog_d1_count":500,"catalog_complete_count":499,"catalog_hydrated_count":499,"catalog_static_only_count":1,"catalog_d1_only_count":429,"catalog_drift_count":0,"catalog_order_drift_count":0,"catalog_hydration_failure_count":1,"catalog_lookup_ms":86,"release_id":"rel-bd00a4f53fcaeee4","release_expected_count":500,"release_readiness":"not_ready","release_readiness_code":"CATALOG_DIAGNOSTICS","release_reviewed_growth_count":0,"drift_sample":[],"order_drift_sample":[],"hydration_failure_sample":[{"id":"vn-canh-01","code":"incomplete_entry"}]}

stdout | tests/e2e/t07-operations.test.mjs > T07 real Worker operational observations > reports an empty catalog honestly instead of inventing a fallback plan
{"level":"info","event":"meal_planning_result","status":"feasible","conclusion":"feasible","truncated":true,"states":297}

stdout | tests/e2e/t07-operations.test.mjs > T07 real Worker operational observations > reports an empty catalog honestly instead of inventing a fallback plan
[req] POST /api/v1/meal-planning/plans 200 386ms 08af9e55-8889-4ae5-8c61-f94a6881647c

stdout | tests/e2e/t07-operations.test.mjs > T07 real Worker operational observations > reports an empty catalog honestly instead of inventing a fallback plan
{"level":"info","event":"meal_planning_result","status":"infeasible","conclusion":"proven_infeasible","truncated":false,"states":1}

stdout | tests/e2e/t07-operations.test.mjs > T07 real Worker operational observations > reports an empty catalog honestly instead of inventing a fallback plan
[req] POST /api/v1/meal-planning/plans 200 4ms 03536388-4215-4f9c-b332-f508fe57e6fa

 ✓ tests/e2e/t07-operations.test.mjs (3 tests) 2559ms
   ✓ T07 real Worker operational observations > records bounded representative flow observations without performance thresholds  1304ms
   ✓ T07 real Worker operational observations > keeps the resolved D1 authority when optional catalog enrichment fails without leaking private SQL  753ms
   ✓ T07 real Worker operational observations > reports an empty catalog honestly instead of inventing a fallback plan  501ms
 ✓ tests/integration/t19-recipe-authority-observability.test.ts (19 tests) 2514ms
 ✓ tests/unit/t21rc2-schema-boundary.test.mjs (9 tests) 2447ms
   ✓ T21RC2 offline reconciliation schema boundary > covers 500 synthetic captured recipes and production counts at, above, and 3x the 2702 target size  880ms
   ✓ T21RC2 offline reconciliation schema boundary > validates a mixed synthetic production corpus at 3x the 2702 target size  1329ms
 ✓ tests/unit/t21rc2-production-capture.test.mjs (79 tests) 2432ms
   ✓ T21R-C2 runner-local privacy on success and failure > runs the executable capture/classify/receipt pipeline with certified-source synthetic data and mocked Cloudflare only  1284ms
   ✓ T21R-C2 runner-local privacy on success and failure > the real CLI failure path never prints passed raw markers or subprocess stack traces  340ms
 ✓ tests/integration/inventory-lot-schema.test.ts (26 tests) 2348ms
 ✓ tests/integration/inventory-observations.test.ts (22 tests) 2316ms
stderr | tests/integration/browser-security.test.ts > browser client against real cookie-authenticated SQLite routes > logs in, validates /me and persists an authenticated API mutation without a script-readable credential
{"level":"warn","limiter":"rl_auth","reason":"kv-unbound","message":"Rate limiter degraded to isolate-local counters; enforcement is not globally reliable."}

stderr | tests/integration/browser-security.test.ts > browser client against real cookie-authenticated SQLite routes > logs in, validates /me and persists an authenticated API mutation without a script-readable credential
{"level":"warn","limiter":"rl_inv_w","reason":"kv-unbound","message":"Rate limiter degraded to isolate-local counters; enforcement is not globally reliable."}

stderr | tests/integration/browser-security.test.ts > browser client against real cookie-authenticated SQLite routes > isolates real inventory, shopping and Week caches through A → logout → B → reload → offline
{"level":"warn","limiter":"rl_shop_w","reason":"kv-unbound","message":"Rate limiter degraded to isolate-local counters; enforcement is not globally reliable."}

stderr | tests/integration/browser-security.test.ts > browser client against real cookie-authenticated SQLite routes > isolates real inventory, shopping and Week caches through A → logout → B → reload → offline
{"level":"warn","limiter":"rl_week_w","reason":"kv-unbound","message":"Rate limiter degraded to isolate-local counters; enforcement is not globally reliable."}

 ✓ tests/unit/week-query-sync.test.ts (78 tests) 2300ms
 ✓ tests/integration/browser-security.test.ts (12 tests) 2287ms
stderr | tests/integration/scan-quota-idempotency.test.ts > D1 scan quota and request idempotency > recovers an ambiguous queue send with the same job and no quota refund or new charge
Scan queue enqueue failed

 ✓ tests/integration/scan-quota-idempotency.test.ts (24 tests) 2213ms
stderr | tests/integration/inventory-adoption.test.ts > T09F atomic adoption authority > activates a backfilled household atomically with preserved identities
{"level":"warn","limiter":"rl_inv_w","reason":"kv-unbound","message":"Rate limiter degraded to isolate-local counters; enforcement is not globally reliable."}

stderr | tests/integration/t13-receipt-vision-d1.test.mjs > T13B-A real D1 purchase-lot and correction provenance regressions > a real D1 event failure rolls back every receipt lot, review, command, event and observation
[31m✘ [41;31m[[41;97mERROR[41;31m][0m [1mAdopted scan confirmation failed: Error: D1_ERROR: T13B-A injected event failure: SQLITE_CONSTRAINT[0m

      at D1DatabaseSessionAlwaysPrimary._sendOrThrow (cloudflare-internal:d1-api:125:19)
      at async D1DatabaseSessionAlwaysPrimary.batch (cloudflare-internal:d1-api:80:23)
      ... 7 lines matching cause stack trace ...
      at async Object.fetch (file:///Users/tunbee27/Documents/Tako-san-ui-rebuild/tests/helpers/inventory-lot-d1-worker.ts:235:26) {
    [cause]: Error: T13B-A injected event failure: SQLITE_CONSTRAINT
        at D1DatabaseSessionAlwaysPrimary._sendOrThrow (cloudflare-internal:d1-api:126:24)
        at async D1DatabaseSessionAlwaysPrimary.batch (cloudflare-internal:d1-api:80:23)
        at async confirmAdoptedScan (file:///Users/tunbee27/Documents/Tako-san-ui-rebuild/src/worker/routes/scans.ts:194:21)
        at async dispatch (file:///Users/tunbee27/Documents/Tako-san-ui-rebuild/node_modules/.pnpm/hono@4.13.7/node_modules/hono/dist/compose.js:22:17)
        at async tenancyGuard (file:///Users/tunbee27/Documents/Tako-san-ui-rebuild/src/worker/middleware/tenancy.ts:69:3)
        at async dispatch (file:///Users/tunbee27/Documents/Tako-san-ui-rebuild/node_modules/.pnpm/hono@4.13.7/node_modules/hono/dist/compose.js:22:17)
        at null.<anonymous> (async file:///Users/tunbee27/Documents/Tako-san-ui-rebuild/.wrangler/tmp/dev-Y0d3no/inventory-lot-d1-worker.js:18810:11)
        at async dispatch (file:///Users/tunbee27/Documents/Tako-san-ui-rebuild/node_modules/.pnpm/hono@4.13.7/node_modules/hono/dist/compose.js:22:17)
        at null.<anonymous> (async file:///Users/tunbee27/Documents/Tako-san-ui-rebuild/.wrangler/tmp/dev-Y0d3no/inventory-lot-d1-worker.js:1450:25)
        at async Object.fetch (file:///Users/tunbee27/Documents/Tako-san-ui-rebuild/tests/helpers/inventory-lot-d1-worker.ts:235:26)
  }



stderr | tests/integration/t13-receipt-vision-d1.test.mjs > T13B-A real D1 purchase-lot and correction provenance regressions > a real D1 observation failure rolls back every receipt lot, review, command, event and observation
[31m✘ [41;31m[[41;97mERROR[41;31m][0m [1mAdopted scan confirmation failed: Error: D1_ERROR: T13B-A injected observation failure: SQLITE_CONSTRAINT[0m

      at D1DatabaseSessionAlwaysPrimary._sendOrThrow (cloudflare-internal:d1-api:125:19)
      at async D1DatabaseSessionAlwaysPrimary.batch (cloudflare-internal:d1-api:80:23)
      ... 7 lines matching cause stack trace ...
      at async Object.fetch (file:///Users/tunbee27/Documents/Tako-san-ui-rebuild/tests/helpers/inventory-lot-d1-worker.ts:235:26) {
    [cause]: Error: T13B-A injected observation failure: SQLITE_CONSTRAINT
        at D1DatabaseSessionAlwaysPrimary._sendOrThrow (cloudflare-internal:d1-api:126:24)
        at async D1DatabaseSessionAlwaysPrimary.batch (cloudflare-internal:d1-api:80:23)
        at async confirmAdoptedScan (file:///Users/tunbee27/Documents/Tako-san-ui-rebuild/src/worker/routes/scans.ts:194:21)
        at async dispatch (file:///Users/tunbee27/Documents/Tako-san-ui-rebuild/node_modules/.pnpm/hono@4.13.7/node_modules/hono/dist/compose.js:22:17)
        at async tenancyGuard (file:///Users/tunbee27/Documents/Tako-san-ui-rebuild/src/worker/middleware/tenancy.ts:69:3)
        at async dispatch (file:///Users/tunbee27/Documents/Tako-san-ui-rebuild/node_modules/.pnpm/hono@4.13.7/node_modules/hono/dist/compose.js:22:17)
        at null.<anonymous> (async file:///Users/tunbee27/Documents/Tako-san-ui-rebuild/.wrangler/tmp/dev-Y0d3no/inventory-lot-d1-worker.js:18810:11)
        at async dispatch (file:///Users/tunbee27/Documents/Tako-san-ui-rebuild/node_modules/.pnpm/hono@4.13.7/node_modules/hono/dist/compose.js:22:17)
        at null.<anonymous> (async file:///Users/tunbee27/Documents/Tako-san-ui-rebuild/.wrangler/tmp/dev-Y0d3no/inventory-lot-d1-worker.js:1450:25)
        at async Object.fetch (file:///Users/tunbee27/Documents/Tako-san-ui-rebuild/tests/helpers/inventory-lot-d1-worker.ts:235:26)
  }



stderr | tests/integration/t13-receipt-vision-d1.test.mjs > T13B-A real D1 purchase-lot and correction provenance regressions > a real D1 completion failure rolls back every receipt lot, review, command, event and observation
[31m✘ [41;31m[[41;97mERROR[41;31m][0m [1mAdopted scan confirmation failed: Error: D1_ERROR: T13B-A injected completion failure: SQLITE_CONSTRAINT[0m

      at D1DatabaseSessionAlwaysPrimary._sendOrThrow (cloudflare-internal:d1-api:125:19)
      at async D1DatabaseSessionAlwaysPrimary.batch (cloudflare-internal:d1-api:80:23)
      ... 7 lines matching cause stack trace ...
      at async Object.fetch (file:///Users/tunbee27/Documents/Tako-san-ui-rebuild/tests/helpers/inventory-lot-d1-worker.ts:235:26) {
    [cause]: Error: T13B-A injected completion failure: SQLITE_CONSTRAINT
        at D1DatabaseSessionAlwaysPrimary._sendOrThrow (cloudflare-internal:d1-api:126:24)
        at async D1DatabaseSessionAlwaysPrimary.batch (cloudflare-internal:d1-api:80:23)
        at async confirmAdoptedScan (file:///Users/tunbee27/Documents/Tako-san-ui-rebuild/src/worker/routes/scans.ts:194:21)
        at async dispatch (file:///Users/tunbee27/Documents/Tako-san-ui-rebuild/node_modules/.pnpm/hono@4.13.7/node_modules/hono/dist/compose.js:22:17)
        at async tenancyGuard (file:///Users/tunbee27/Documents/Tako-san-ui-rebuild/src/worker/middleware/tenancy.ts:69:3)
        at async dispatch (file:///Users/tunbee27/Documents/Tako-san-ui-rebuild/node_modules/.pnpm/hono@4.13.7/node_modules/hono/dist/compose.js:22:17)
        at null.<anonymous> (async file:///Users/tunbee27/Documents/Tako-san-ui-rebuild/.wrangler/tmp/dev-Y0d3no/inventory-lot-d1-worker.js:18810:11)
        at async dispatch (file:///Users/tunbee27/Documents/Tako-san-ui-rebuild/node_modules/.pnpm/hono@4.13.7/node_modules/hono/dist/compose.js:22:17)
        at null.<anonymous> (async file:///Users/tunbee27/Documents/Tako-san-ui-rebuild/.wrangler/tmp/dev-Y0d3no/inventory-lot-d1-worker.js:1450:25)
        at async Object.fetch (file:///Users/tunbee27/Documents/Tako-san-ui-rebuild/tests/helpers/inventory-lot-d1-worker.ts:235:26)
  }



 ✓ tests/integration/t13-receipt-vision-d1.test.mjs (22 tests) 2333ms
stderr | tests/integration/inventory-adoption.test.ts > T09F adopted-household writer adapters > imports shopping stock into lots and completes the durable command
{"level":"warn","limiter":"rl_week_w","reason":"kv-unbound","message":"Rate limiter degraded to isolate-local counters; enforcement is not globally reliable."}

 ✓ tests/integration/inventory-adoption.test.ts (19 tests) 2165ms
 ✓ tests/integration/inventory-backfilled-fefo.test.ts (13 tests) 1853ms
   ✓ T09 final FEFO v2 backfill compatibility > keeps one authority outcome when backfilled FEFO races FEFO, CORRECT, DISCARD or MOVE  446ms
 ✓ tests/unit/release-check.test.mjs (258 tests) 1908ms
 ✓ tests/unit/production-migration-preflight.test.mjs (15 tests) 1869ms
stdout | tests/unit/recipe-authority.test.ts > T14D — authority router: modes, fallback, cache/singleflight, observability > static (default) and shadow serve ALL_RECIPES without touching D1 for content; shadow schedules the comparison off-response
{"event":"recipe_catalog_shadow","catalog_source":"static","catalog_mode":"shadow","status":"compared","catalog_static_count":71,"level":"info","catalog_d1_count":500,"catalog_complete_count":500,"catalog_hydrated_count":500,"catalog_static_only_count":0,"catalog_d1_only_count":429,"catalog_drift_count":0,"catalog_order_drift_count":0,"catalog_hydration_failure_count":0,"catalog_lookup_ms":0,"release_id":"rel-bd00a4f53fcaeee4","release_expected_count":500,"release_readiness":"ready","release_readiness_code":null,"release_reviewed_growth_count":429,"drift_sample":[],"order_drift_sample":[],"hydration_failure_sample":[]}

 ✓ tests/unit/recipe-authority.test.ts (17 tests) 1858ms
 ✓ tests/unit/synthetic-ocr-generator.test.mjs (1 test) 1808ms
   ✓ synthetic OCR source-first fixture > renders a reproducible four-case/16-variant matrix from independent source rows  1807ms
stderr | tests/integration/scan-response-loss.test.ts > server scan confirmation response-loss recovery (real SQLite HTTP) > does not queue HTTP 500 with a 'intact' response body
D1 confirmScan items insert failed: Error: injected confirmation failure
    at SqliteD1.execute (/Users/tunbee27/Documents/Tako-san-ui-rebuild/tests/helpers/sqlite-d1.ts:130:30)
    at /Users/tunbee27/Documents/Tako-san-ui-rebuild/tests/helpers/sqlite-d1.ts:97:50
    at Array.map (<anonymous>)
    at SqliteD1.batch (/Users/tunbee27/Documents/Tako-san-ui-rebuild/tests/helpers/sqlite-d1.ts:97:26)
    at runLegacyInventoryBatch (/Users/tunbee27/Documents/Tako-san-ui-rebuild/packages/db/src/inventory-writer-fence.ts:62:21)
    at /Users/tunbee27/Documents/Tako-san-ui-rebuild/src/worker/routes/scans.ts:1834:26
    at dispatch (file:///Users/tunbee27/Documents/Tako-san-ui-rebuild/node_modules/.pnpm/hono@4.13.7/node_modules/hono/dist/compose.js:22:17)
    at tenancyGuard (/Users/tunbee27/Documents/Tako-san-ui-rebuild/src/worker/middleware/tenancy.ts:69:3)
    at dispatch (file:///Users/tunbee27/Documents/Tako-san-ui-rebuild/node_modules/.pnpm/hono@4.13.7/node_modules/hono/dist/compose.js:22:17)
    at authMiddleware (/Users/tunbee27/Documents/Tako-san-ui-rebuild/src/worker/middleware/auth.ts:91:16) {
  code: 'ERR_SQLITE_ERROR',
  errcode: 1811,
  errstr: 'constraint failed'
}

stderr | tests/integration/scan-response-loss.test.ts > server scan confirmation response-loss recovery (real SQLite HTTP) > does not queue HTTP 500 with a 'TypeError' response body
D1 confirmScan items insert failed: Error: injected confirmation failure
    at SqliteD1.execute (/Users/tunbee27/Documents/Tako-san-ui-rebuild/tests/helpers/sqlite-d1.ts:130:30)
    at /Users/tunbee27/Documents/Tako-san-ui-rebuild/tests/helpers/sqlite-d1.ts:97:50
    at Array.map (<anonymous>)
    at SqliteD1.batch (/Users/tunbee27/Documents/Tako-san-ui-rebuild/tests/helpers/sqlite-d1.ts:97:26)
    at runLegacyInventoryBatch (/Users/tunbee27/Documents/Tako-san-ui-rebuild/packages/db/src/inventory-writer-fence.ts:62:21)
    at /Users/tunbee27/Documents/Tako-san-ui-rebuild/src/worker/routes/scans.ts:1834:26
    at dispatch (file:///Users/tunbee27/Documents/Tako-san-ui-rebuild/node_modules/.pnpm/hono@4.13.7/node_modules/hono/dist/compose.js:22:17)
    at tenancyGuard (/Users/tunbee27/Documents/Tako-san-ui-rebuild/src/worker/middleware/tenancy.ts:69:3)
    at dispatch (file:///Users/tunbee27/Documents/Tako-san-ui-rebuild/node_modules/.pnpm/hono@4.13.7/node_modules/hono/dist/compose.js:22:17)
    at authMiddleware (/Users/tunbee27/Documents/Tako-san-ui-rebuild/src/worker/middleware/auth.ts:91:16) {
  code: 'ERR_SQLITE_ERROR',
  errcode: 1811,
  errstr: 'constraint failed'
}

stderr | tests/integration/scan-response-loss.test.ts > server scan confirmation response-loss recovery (real SQLite HTTP) > does not queue HTTP 500 with a 'AbortError' response body
D1 confirmScan items insert failed: Error: injected confirmation failure
    at SqliteD1.execute (/Users/tunbee27/Documents/Tako-san-ui-rebuild/tests/helpers/sqlite-d1.ts:130:30)
    at /Users/tunbee27/Documents/Tako-san-ui-rebuild/tests/helpers/sqlite-d1.ts:97:50
    at Array.map (<anonymous>)
    at SqliteD1.batch (/Users/tunbee27/Documents/Tako-san-ui-rebuild/tests/helpers/sqlite-d1.ts:97:26)
    at runLegacyInventoryBatch (/Users/tunbee27/Documents/Tako-san-ui-rebuild/packages/db/src/inventory-writer-fence.ts:62:21)
    at /Users/tunbee27/Documents/Tako-san-ui-rebuild/src/worker/routes/scans.ts:1834:26
    at dispatch (file:///Users/tunbee27/Documents/Tako-san-ui-rebuild/node_modules/.pnpm/hono@4.13.7/node_modules/hono/dist/compose.js:22:17)
    at tenancyGuard (/Users/tunbee27/Documents/Tako-san-ui-rebuild/src/worker/middleware/tenancy.ts:69:3)
    at dispatch (file:///Users/tunbee27/Documents/Tako-san-ui-rebuild/node_modules/.pnpm/hono@4.13.7/node_modules/hono/dist/compose.js:22:17)
    at authMiddleware (/Users/tunbee27/Documents/Tako-san-ui-rebuild/src/worker/middleware/auth.ts:91:16) {
  code: 'ERR_SQLITE_ERROR',
  errcode: 1811,
  errstr: 'constraint failed'
}

 ✓ tests/integration/scan-response-loss.test.ts (19 tests) 1797ms
 ✓ tests/unit/production-media-preservation.test.mjs (17 tests) 1737ms
stderr | tests/unit/t21rc2-classification-diagnostics.test.mjs > T21R-C2D diagnostic receipts reconstruct only static metadata > redacts real T21RC2_CLASSIFICATION_SCHEMA_REJECTED failure context
t21rc2_schema={"section":"root","field":"unknown","keyword":"additionalProperties","code":"ROOT_ADDITIONAL_PROPERTIES"}

 ✓ tests/unit/t21rc4-cloudflare-identity-diagnostic.test.mjs (54 tests) 1760ms
   ✓ C4I additions preserve independently reviewed C2 execution bytes > real reviewed SHA remains eligible after additive diagnostic; a bound-byte mutation rejects  328ms
   ✓ T21R-C4L intentionally invalidates both prior reviewed execution SHAs > C4I reviewed SHA a0c1cfd rejects the remediated diagnostic bytes  777ms
   ✓ T21R-C4L intentionally invalidates both prior reviewed execution SHAs > C2 reviewed SHA 93c4055 rejects the remediated capture bytes  333ms
 ✓ tests/unit/t21rc2-classification-diagnostics.test.mjs (63 tests) 1692ms
   ✓ T21R-C2D divergence is evidence, not a classification failure > classifies extreme divergence against unchanged offline certified 500/2702 authority  1249ms
   ✓ T21R-C2D credential-free classify command boundaries > the real CLI logs only the specific binding code and records a sanitized failure receipt  341ms
stderr | tests/integration/inventory-writer-fence.test.ts > T09F legacy writer activation fences > replays an adopted PATCH after response loss without weakening new-command CAS
{"level":"warn","limiter":"rl_inv_w","reason":"kv-unbound","message":"Rate limiter degraded to isolate-local counters; enforcement is not globally reliable."}

stderr | tests/integration/inventory-writer-fence.test.ts > T09F legacy writer activation fences > imports shopping stock through the authority and completes the durable command
{"level":"warn","limiter":"rl_week_w","reason":"kv-unbound","message":"Rate limiter degraded to isolate-local counters; enforcement is not globally reliable."}

 ✓ tests/integration/t20-disabled-schema.test.ts (2 tests) 1590ms
   ✓ flag OFF keeps static V1 planning/shopping/regenerate independent of unapplied 0039  595ms
   ✓ flag OFF keeps d1 V1 planning/shopping/regenerate independent of unapplied 0039  995ms
 ✓ tests/integration/inventory-writer-fence.test.ts (15 tests) 1601ms
 ✓ tests/integration/auth-me-quota.test.ts (17 tests) 1562ms
 ✓ tests/integration/inventory-closed-loop-d1.test.mjs (8 tests) 1492ms
 ✓ tests/integration/inventory-read-authority-d1.test.mjs (11 tests) 1493ms
 ✓ tests/integration/inventory-reconciliation-fence.test.ts (13 tests) 1454ms
stderr | tests/integration/t13r-a-canonical-identity.test.ts > T13R-A P1-2 canonical identity survives a free-form rename (legacy authority) > keeps CHICKEN_BREAST under the free-form rename "Thịt gà đã kiểm tra"
{"level":"warn","limiter":"rl_inv_w","reason":"kv-unbound","message":"Rate limiter degraded to isolate-local counters; enforcement is not globally reliable."}

 ✓ tests/integration/t13r-a-canonical-identity.test.ts (14 tests) 1462ms
stderr | tests/integration/recipe-d1-runtime-parity.test.ts > T14B-B — cooking boundary with hydrated recipes (legacy inventory authority, local D1 only) > RECIPE_CATALOG_MODE=shadow never changes the response and logs one PII-free diagnostic; static default logs nothing
{"level":"warn","event":"recipe_media_read_failed","code":"D1_READ_FAILED"}

 ✓ tests/integration/recipe-d1-runtime-parity.test.ts (11 tests) 1437ms
   ✓ T14B-B — static vs D1 runtime catalog behavioural parity (actual catalog output, no reordering) > recommendations: rankRecipes/evaluateRecipeMatch on the raw D1 list equal the static results for every fixture × context  501ms
stdout | tests/integration/scan-queue-fencing.test.ts > D1 queue claims and result fencing > commits a valid fridge claim once and ignores completed duplicate delivery
{"event":"scan_terminal","supportId":"566b61f4e0d7","scanType":"fridge","state":"ready","errorCode":null,"retryable":false,"attempt":1,"maxAttempts":3,"logicalModel":"QWEN_MULTIMODAL","configuredPrimaryModel":"qwen3.8-flash","latencyMs":3}

stdout | tests/integration/scan-queue-fencing.test.ts > D1 queue claims and result fencing > commits a valid receipt claim once and ignores completed duplicate delivery
{"event":"scan_terminal","supportId":"566b61f4e0d7","scanType":"receipt","state":"ready","errorCode":null,"retryable":false,"attempt":1,"maxAttempts":3,"logicalModel":"QWEN_OCR","configuredPrimaryModel":"qwen-vl-ocr","latencyMs":1}

stdout | tests/integration/scan-queue-fencing.test.ts > D1 queue claims and result fencing > stale fridge success cannot change newer results (newer completed: false)
{"event":"scan_terminal","supportId":"566b61f4e0d7","scanType":"fridge","state":"ready","errorCode":null,"retryable":false,"attempt":2,"maxAttempts":3,"logicalModel":"QWEN_MULTIMODAL","configuredPrimaryModel":"qwen3.8-flash","latencyMs":1}

stdout | tests/integration/scan-queue-fencing.test.ts > D1 queue claims and result fencing > stale fridge success cannot change newer results (newer completed: true)
{"event":"scan_terminal","supportId":"566b61f4e0d7","scanType":"fridge","state":"ready","errorCode":null,"retryable":false,"attempt":2,"maxAttempts":3,"logicalModel":"QWEN_MULTIMODAL","configuredPrimaryModel":"qwen3.8-flash","latencyMs":1}

stdout | tests/integration/scan-queue-fencing.test.ts > D1 queue claims and result fencing > stale receipt success cannot change newer results (newer completed: false)
{"event":"scan_terminal","supportId":"566b61f4e0d7","scanType":"receipt","state":"ready","errorCode":null,"retryable":false,"attempt":2,"maxAttempts":3,"logicalModel":"QWEN_OCR","configuredPrimaryModel":"qwen-vl-ocr","latencyMs":1}

stdout | tests/integration/scan-queue-fencing.test.ts > D1 queue claims and result fencing > stale receipt success cannot change newer results (newer completed: true)
{"event":"scan_terminal","supportId":"566b61f4e0d7","scanType":"receipt","state":"ready","errorCode":null,"retryable":false,"attempt":2,"maxAttempts":3,"logicalModel":"QWEN_OCR","configuredPrimaryModel":"qwen-vl-ocr","latencyMs":1}

stdout | tests/integration/scan-queue-fencing.test.ts > D1 queue claims and result fencing > does not acknowledge an active duplicate or invoke AI twice
{"event":"scan_terminal","supportId":"566b61f4e0d7","scanType":"fridge","state":"ready","errorCode":null,"retryable":false,"attempt":1,"maxAttempts":3,"logicalModel":"QWEN_MULTIMODAL","configuredPrimaryModel":"qwen3.8-flash","latencyMs":1}

stdout | tests/integration/scan-queue-fencing.test.ts > D1 queue claims and result fencing > atomically persists a valid permanent failure on both records
{"event":"scan_terminal","supportId":"566b61f4e0d7","scanType":"fridge","state":"failed","errorCode":"IMAGE_INVALID","retryable":false,"attempt":1,"maxAttempts":3,"logicalModel":"QWEN_MULTIMODAL","configuredPrimaryModel":"qwen3.8-flash","latencyMs":1}

stdout | tests/integration/scan-queue-fencing.test.ts > D1 queue claims and result fencing > does not recreate cleaned-up failed jobs or reprocess terminal scans
{"event":"scan_terminal","supportId":"566b61f4e0d7","scanType":"fridge","state":"failed","errorCode":"IMAGE_INVALID","retryable":false,"attempt":1,"maxAttempts":3,"logicalModel":"QWEN_MULTIMODAL","configuredPrimaryModel":"qwen3.8-flash","latencyMs":0}

 ✓ tests/integration/scan-queue-fencing.test.ts (15 tests) 1422ms
 ✓ tests/integration/recipe-catalog-release-readiness.test.ts (15 tests) 1346ms
 ✓ tests/integration/inventory-observation-d1.test.mjs (7 tests) 1286ms
 ✓ tests/unit/t21rc2-production-receipt.test.mjs (8 tests) 1346ms
   ✓ T21R-C2 aggregate production receipt > publishes through the stored approval binding using only the fixed private inputs  364ms
stdout | tests/unit/recipe-canary-test-cohort.test.ts > T15C-C — authority router fences and diagnostics > P1 rollback: canary → shadow with cohort secrets retained is a single config change — readiness valid, static + shadow compare, cohort not evaluated
{"event":"recipe_catalog_shadow","catalog_source":"static","catalog_mode":"shadow","status":"compared","catalog_static_count":71,"level":"info","catalog_d1_count":500,"catalog_complete_count":500,"catalog_hydrated_count":500,"catalog_static_only_count":0,"catalog_d1_only_count":429,"catalog_drift_count":0,"catalog_order_drift_count":0,"catalog_hydration_failure_count":0,"catalog_lookup_ms":0,"release_id":"rel-bd00a4f53fcaeee4","release_expected_count":500,"release_readiness":"ready","release_readiness_code":null,"release_reviewed_growth_count":429,"drift_sample":[],"order_drift_sample":[],"hydration_failure_sample":[]}

stdout | tests/unit/recipe-canary-test-cohort.test.ts > T15C-C — authority router fences and diagnostics > d1 mode: retained cohort secrets are inert — no per-household carve-out, every tenant gets the verified D1 snapshot
{"event":"recipe_catalog_shadow","catalog_source":"static","catalog_mode":"shadow","status":"compared","catalog_static_count":71,"level":"info","catalog_d1_count":500,"catalog_complete_count":500,"catalog_hydrated_count":500,"catalog_static_only_count":0,"catalog_d1_only_count":429,"catalog_drift_count":0,"catalog_order_drift_count":0,"catalog_hydration_failure_count":0,"catalog_lookup_ms":0,"release_id":"rel-bd00a4f53fcaeee4","release_expected_count":500,"release_readiness":"ready","release_readiness_code":null,"release_reviewed_growth_count":429,"drift_sample":[],"order_drift_sample":[],"hydration_failure_sample":[]}

 ✓ tests/integration/inventory-concurrency.test.ts (9 tests) 1300ms
   ✓ T09G controlled concurrency matrix > G2 USE/DISCARD, USE/CORRECT and DISCARD/DISCARD leave one winner and no drift  354ms
 ✓ tests/unit/recipe-canary-test-cohort.test.ts (29 tests) 1258ms
 ✓ tests/unit/client-session.test.ts (33 tests) 1281ms
 ✓ tests/integration/recipe-media-catalog.test.ts (24 tests) 1211ms
 ✓ tests/integration/frontend-security-integration.test.ts (32 tests) 1266ms
 ✓ tests/integration/staging-d1-runtime-readiness.test.mjs (9 tests) 1192ms
stdout | tests/integration/scan-async-quota-lifecycle.test.ts > guest async scan quota lifecycle > consumes one fridge scan only with a ready result
{"event":"scan_terminal","supportId":"a924455adce8","scanType":"fridge","state":"ready","errorCode":null,"retryable":false,"attempt":1,"maxAttempts":3,"logicalModel":"QWEN_MULTIMODAL","configuredPrimaryModel":"qwen3.8-flash","latencyMs":1}

stdout | tests/integration/scan-async-quota-lifecycle.test.ts > guest async scan quota lifecycle > consumes one receipt scan only with a ready result
{"event":"scan_terminal","supportId":"aa81a4f7eb70","scanType":"receipt","state":"ready","errorCode":null,"retryable":false,"attempt":1,"maxAttempts":3,"logicalModel":"QWEN_OCR","configuredPrimaryModel":"qwen-vl-ocr","latencyMs":1}

stdout | tests/integration/scan-async-quota-lifecycle.test.ts > guest async scan quota lifecycle > releases permanent failure and replays it without another charge
{"event":"scan_terminal","supportId":"e093fcc0ba39","scanType":"fridge","state":"failed","errorCode":"MODEL_NOT_FOUND","retryable":false,"attempt":1,"maxAttempts":3,"logicalModel":"QWEN_MULTIMODAL","configuredPrimaryModel":"qwen3.8-flash","latencyMs":1}

stdout | tests/integration/scan-async-quota-lifecycle.test.ts > guest async scan quota lifecycle > reserves during transient failure, consumes on eventual success, and releases on exhaustion
{"event":"scan_terminal","supportId":"e494f1d7988e","scanType":"fridge","state":"ready","errorCode":null,"retryable":false,"attempt":2,"maxAttempts":3,"logicalModel":"QWEN_MULTIMODAL","configuredPrimaryModel":"qwen3.8-flash","latencyMs":0}

stdout | tests/integration/scan-async-quota-lifecycle.test.ts > guest async scan quota lifecycle > reserves during transient failure, consumes on eventual success, and releases on exhaustion
{"event":"scan_terminal","supportId":"5423a60c2c93","scanType":"fridge","state":"failed","errorCode":"REQUEST_TIMEOUT","retryable":false,"attempt":2,"maxAttempts":2,"logicalModel":"QWEN_MULTIMODAL","configuredPrimaryModel":"qwen3.8-flash","latencyMs":7}

stderr | tests/integration/scan-async-quota-lifecycle.test.ts > guest async scan quota lifecycle > reuses the queue intent and reservation after an ambiguous send
Scan queue enqueue failed

stdout | tests/integration/scan-async-quota-lifecycle.test.ts > guest async scan quota lifecycle > reuses the queue intent and reservation after an ambiguous send
{"event":"scan_terminal","supportId":"c00c764c8093","scanType":"fridge","state":"ready","errorCode":null,"retryable":false,"attempt":1,"maxAttempts":3,"logicalModel":"QWEN_MULTIMODAL","configuredPrimaryModel":"qwen3.8-flash","latencyMs":0}

stderr | tests/integration/scan-async-quota-lifecycle.test.ts > guest async scan quota lifecycle > releases on storage failure and rolls back a scan persistence failure
R2 upload failed

 ✓ tests/unit/synthetic-ocr-score.test.mjs (1 test) 1029ms
   ✓ synthetic OCR scorer > counts incorrect quantity, price, and total separately without altering ground truth  1029ms
stdout | tests/integration/scan-async-quota-lifecycle.test.ts > guest async scan quota lifecycle > does not retry a permanent model error despite a provider retry hint
{"event":"scan_terminal","supportId":"8b92262fdf0e","scanType":"fridge","state":"failed","errorCode":"MODEL_NOT_FOUND","retryable":false,"attempt":1,"maxAttempts":3,"logicalModel":"QWEN_MULTIMODAL","configuredPrimaryModel":"qwen3.8-flash","latencyMs":1}

 ✓ tests/integration/scan-async-quota-lifecycle.test.ts (11 tests) 1086ms
stderr | tests/integration/frontend-ui-integration.test.tsx > real Home data rendered through the shared QueryClient > renders honest empty states without fake meal, budget, expiry items, progress, or notification badges
Warning: useLayoutEffect does nothing on the server, because its effect cannot be encoded into the server renderer's output format. This will lead to a mismatch between the initial, non-hydrated UI and the intended UI. To avoid this, useLayoutEffect should only be used in components that render exclusively on the client. See https://reactjs.org/link/uselayouteffect-ssr for common fixes.
    at MemoryRouter (/Users/tunbee27/Documents/Tako-san-ui-rebuild/node_modules/.pnpm/react-router@6.30.6_react@18.3.1/node_modules/react-router/dist/umd/react-router.development.js:1097:7)
    at QueryClientProvider (file:///Users/tunbee27/Documents/Tako-san-ui-rebuild/node_modules/.pnpm/@tanstack+react-query@5.102.8_react@18.3.1/node_modules/@tanstack/react-query/build/modern/QueryClientProvider.js:12:32)
Warning: useLayoutEffect does nothing on the server, because its effect cannot be encoded into the server renderer's output format. This will lead to a mismatch between the initial, non-hydrated UI and the intended UI. To avoid this, useLayoutEffect should only be used in components that render exclusively on the client. See https://reactjs.org/link/uselayouteffect-ssr for common fixes.
    at LinkWithRef (/Users/tunbee27/Documents/Tako-san-ui-rebuild/node_modules/.pnpm/react-router-dom@6.30.6_react-dom@18.3.1_react@18.3.1__react@18.3.1/node_modules/react-router-dom/dist/umd/react-router-dom.development.js:807:9)
    at div
    at header
    at KitchenHeader (/Users/tunbee27/Documents/Tako-san-ui-rebuild/src/web/components/common/KitchenHeader.tsx:9:3)
    at TopBar (/Users/tunbee27/Documents/Tako-san-ui-rebuild/src/web/components/common/TopBar.tsx:9:3)
    at div
    at HomePage (/Users/tunbee27/Documents/Tako-san-ui-rebuild/src/web/pages/HomePage.tsx:161:65)
    at Router (/Users/tunbee27/Documents/Tako-san-ui-rebuild/node_modules/.pnpm/react-router@6.30.6_react@18.3.1/node_modules/react-router/dist/umd/react-router.development.js:1203:17)
    at MemoryRouter (/Users/tunbee27/Documents/Tako-san-ui-rebuild/node_modules/.pnpm/react-router@6.30.6_react@18.3.1/node_modules/react-router/dist/umd/react-router.development.js:1097:7)
    at QueryClientProvider (file:///Users/tunbee27/Documents/Tako-san-ui-rebuild/node_modules/.pnpm/@tanstack+react-query@5.102.8_react@18.3.1/node_modules/@tanstack/react-query/build/modern/QueryClientProvider.js:12:32)
Warning: useLayoutEffect does nothing on the server, because its effect cannot be encoded into the server renderer's output format. This will lead to a mismatch between the initial, non-hydrated UI and the intended UI. To avoid this, useLayoutEffect should only be used in components that render exclusively on the client. See https://reactjs.org/link/uselayouteffect-ssr for common fixes.
    at LinkWithRef (/Users/tunbee27/Documents/Tako-san-ui-rebuild/node_modules/.pnpm/react-router-dom@6.30.6_react-dom@18.3.1_react@18.3.1__react@18.3.1/node_modules/react-router-dom/dist/umd/react-router-dom.development.js:807:9)
    at div
    at header
    at KitchenHeader (/Users/tunbee27/Documents/Tako-san-ui-rebuild/src/web/components/common/KitchenHeader.tsx:9:3)
    at TopBar (/Users/tunbee27/Documents/Tako-san-ui-rebuild/src/web/components/common/TopBar.tsx:9:3)
    at div
    at HomePage (/Users/tunbee27/Documents/Tako-san-ui-rebuild/src/web/pages/HomePage.tsx:161:65)
    at Router (/Users/tunbee27/Documents/Tako-san-ui-rebuild/node_modules/.pnpm/react-router@6.30.6_react@18.3.1/node_modules/react-router/dist/umd/react-router.development.js:1203:17)
    at MemoryRouter (/Users/tunbee27/Documents/Tako-san-ui-rebuild/node_modules/.pnpm/react-router@6.30.6_react@18.3.1/node_modules/react-router/dist/umd/react-router.development.js:1097:7)
    at QueryClientProvider (file:///Users/tunbee27/Documents/Tako-san-ui-rebuild/node_modules/.pnpm/@tanstack+react-query@5.102.8_react@18.3.1/node_modules/@tanstack/react-query/build/modern/QueryClientProvider.js:12:32)
Warning: useLayoutEffect does nothing on the server, because its effect cannot be encoded into the server renderer's output format. This will lead to a mismatch between the initial, non-hydrated UI and the intended UI. To avoid this, useLayoutEffect should only be used in components that render exclusively on the client. See https://reactjs.org/link/uselayouteffect-ssr for common fixes.
    at LinkWithRef (/Users/tunbee27/Documents/Tako-san-ui-rebuild/node_modules/.pnpm/react-router-dom@6.30.6_react-dom@18.3.1_react@18.3.1__react@18.3.1/node_modules/react-router-dom/dist/umd/react-router-dom.development.js:807:9)
    at div
    at header
    at KitchenHeader (/Users/tunbee27/Documents/Tako-san-ui-rebuild/src/web/components/common/KitchenHeader.tsx:9:3)
    at TopBar (/Users/tunbee27/Documents/Tako-san-ui-rebuild/src/web/components/common/TopBar.tsx:9:3)
    at div
    at HomePage (/Users/tunbee27/Documents/Tako-san-ui-rebuild/src/web/pages/HomePage.tsx:161:65)
    at Router (/Users/tunbee27/Documents/Tako-san-ui-rebuild/node_modules/.pnpm/react-router@6.30.6_react@18.3.1/node_modules/react-router/dist/umd/react-router.development.js:1203:17)
    at MemoryRouter (/Users/tunbee27/Documents/Tako-san-ui-rebuild/node_modules/.pnpm/react-router@6.30.6_react@18.3.1/node_modules/react-router/dist/umd/react-router.development.js:1097:7)
    at QueryClientProvider (file:///Users/tunbee27/Documents/Tako-san-ui-rebuild/node_modules/.pnpm/@tanstack+react-query@5.102.8_react@18.3.1/node_modules/@tanstack/react-query/build/modern/QueryClientProvider.js:12:32)
Warning: useLayoutEffect does nothing on the server, because its effect cannot be encoded into the server renderer's output format. This will lead to a mismatch between the initial, non-hydrated UI and the intended UI. To avoid this, useLayoutEffect should only be used in components that render exclusively on the client. See https://reactjs.org/link/uselayouteffect-ssr for common fixes.
    at LinkWithRef (/Users/tunbee27/Documents/Tako-san-ui-rebuild/node_modules/.pnpm/react-router-dom@6.30.6_react-dom@18.3.1_react@18.3.1__react@18.3.1/node_modules/react-router-dom/dist/umd/react-router-dom.development.js:807:9)
    at div
    at section
    at div
    at div
    at div
    at div
    at HomePage (/Users/tunbee27/Documents/Tako-san-ui-rebuild/src/web/pages/HomePage.tsx:161:65)
    at Router (/Users/tunbee27/Documents/Tako-san-ui-rebuild/node_modules/.pnpm/react-router@6.30.6_react@18.3.1/node_modules/react-router/dist/umd/react-router.development.js:1203:17)
    at MemoryRouter (/Users/tunbee27/Documents/Tako-san-ui-rebuild/node_modules/.pnpm/react-router@6.30.6_react@18.3.1/node_modules/react-router/dist/umd/react-router.development.js:1097:7)
    at QueryClientProvider (file:///Users/tunbee27/Documents/Tako-san-ui-rebuild/node_modules/.pnpm/@tanstack+react-query@5.102.8_react@18.3.1/node_modules/@tanstack/react-query/build/modern/QueryClientProvider.js:12:32)
Warning: useLayoutEffect does nothing on the server, because its effect cannot be encoded into the server renderer's output format. This will lead to a mismatch between the initial, non-hydrated UI and the intended UI. To avoid this, useLayoutEffect should only be used in components that render exclusively on the client. See https://reactjs.org/link/uselayouteffect-ssr for common fixes.
    at LinkWithRef (/Users/tunbee27/Documents/Tako-san-ui-rebuild/node_modules/.pnpm/react-router-dom@6.30.6_react-dom@18.3.1_react@18.3.1__react@18.3.1/node_modules/react-router-dom/dist/umd/react-router-dom.development.js:807:9)
    at div
    at section
    at div
    at div
    at div
    at div
    at HomePage (/Users/tunbee27/Documents/Tako-san-ui-rebuild/src/web/pages/HomePage.tsx:161:65)
    at Router (/Users/tunbee27/Documents/Tako-san-ui-rebuild/node_modules/.pnpm/react-router@6.30.6_react@18.3.1/node_modules/react-router/dist/umd/react-router.development.js:1203:17)
    at MemoryRouter (/Users/tunbee27/Documents/Tako-san-ui-rebuild/node_modules/.pnpm/react-router@6.30.6_react@18.3.1/node_modules/react-router/dist/umd/react-router.development.js:1097:7)
    at QueryClientProvider (file:///Users/tunbee27/Documents/Tako-san-ui-rebuild/node_modules/.pnpm/@tanstack+react-query@5.102.8_react@18.3.1/node_modules/@tanstack/react-query/build/modern/QueryClientProvider.js:12:32)
Warning: useLayoutEffect does nothing on the server, because its effect cannot be encoded into the server renderer's output format. This will lead to a mismatch between the initial, non-hydrated UI and the intended UI. To avoid this, useLayoutEffect should only be used in components that render exclusively on the client. See https://reactjs.org/link/uselayouteffect-ssr for common fixes.
    at LinkWithRef (/Users/tunbee27/Documents/Tako-san-ui-rebuild/node_modules/.pnpm/react-router-dom@6.30.6_react-dom@18.3.1_react@18.3.1__react@18.3.1/node_modules/react-router-dom/dist/umd/react-router-dom.development.js:807:9)
    at div
    at section
    at div
    at div
    at div
    at div
    at HomePage (/Users/tunbee27/Documents/Tako-san-ui-rebuild/src/web/pages/HomePage.tsx:161:65)
    at Router (/Users/tunbee27/Documents/Tako-san-ui-rebuild/node_modules/.pnpm/react-router@6.30.6_react@18.3.1/node_modules/react-router/dist/umd/react-router.development.js:1203:17)
    at MemoryRouter (/Users/tunbee27/Documents/Tako-san-ui-rebuild/node_modules/.pnpm/react-router@6.30.6_react@18.3.1/node_modules/react-router/dist/umd/react-router.development.js:1097:7)
    at QueryClientProvider (file:///Users/tunbee27/Documents/Tako-san-ui-rebuild/node_modules/.pnpm/@tanstack+react-query@5.102.8_react@18.3.1/node_modules/@tanstack/react-query/build/modern/QueryClientProvider.js:12:32)
Warning: useLayoutEffect does nothing on the server, because its effect cannot be encoded into the server renderer's output format. This will lead to a mismatch between the initial, non-hydrated UI and the intended UI. To avoid this, useLayoutEffect should only be used in components that render exclusively on the client. See https://reactjs.org/link/uselayouteffect-ssr for common fixes.
    at LinkWithRef (/Users/tunbee27/Documents/Tako-san-ui-rebuild/node_modules/.pnpm/react-router-dom@6.30.6_react-dom@18.3.1_react@18.3.1__react@18.3.1/node_modules/react-router-dom/dist/umd/react-router-dom.development.js:807:9)
    at div
    at section
    at div
    at div
    at div
    at HomePage (/Users/tunbee27/Documents/Tako-san-ui-rebuild/src/web/pages/HomePage.tsx:161:65)
    at Router (/Users/tunbee27/Documents/Tako-san-ui-rebuild/node_modules/.pnpm/react-router@6.30.6_react@18.3.1/node_modules/react-router/dist/umd/react-router.development.js:1203:17)
    at MemoryRouter (/Users/tunbee27/Documents/Tako-san-ui-rebuild/node_modules/.pnpm/react-router@6.30.6_react@18.3.1/node_modules/react-router/dist/umd/react-router.development.js:1097:7)
    at QueryClientProvider (file:///Users/tunbee27/Documents/Tako-san-ui-rebuild/node_modules/.pnpm/@tanstack+react-query@5.102.8_react@18.3.1/node_modules/@tanstack/react-query/build/modern/QueryClientProvider.js:12:32)
Warning: useLayoutEffect does nothing on the server, because its effect cannot be encoded into the server renderer's output format. This will lead to a mismatch between the initial, non-hydrated UI and the intended UI. To avoid this, useLayoutEffect should only be used in components that render exclusively on the client. See https://reactjs.org/link/uselayouteffect-ssr for common fixes.
    at LinkWithRef (/Users/tunbee27/Documents/Tako-san-ui-rebuild/node_modules/.pnpm/react-router-dom@6.30.6_react-dom@18.3.1_react@18.3.1__react@18.3.1/node_modules/react-router-dom/dist/umd/react-router-dom.development.js:807:9)
    at div
    at section
    at div
    at div
    at div
    at HomePage (/Users/tunbee27/Documents/Tako-san-ui-rebuild/src/web/pages/HomePage.tsx:161:65)
    at Router (/Users/tunbee27/Documents/Tako-san-ui-rebuild/node_modules/.pnpm/react-router@6.30.6_react@18.3.1/node_modules/react-router/dist/umd/react-router.development.js:1203:17)
    at MemoryRouter (/Users/tunbee27/Documents/Tako-san-ui-rebuild/node_modules/.pnpm/react-router@6.30.6_react@18.3.1/node_modules/react-router/dist/umd/react-router.development.js:1097:7)
    at QueryClientProvider (file:///Users/tunbee27/Documents/Tako-san-ui-rebuild/node_modules/.pnpm/@tanstack+react-query@5.102.8_react@18.3.1/node_modules/@tanstack/react-query/build/modern/QueryClientProvider.js:12:32)
Warning: useLayoutEffect does nothing on the server, because its effect cannot be encoded into the server renderer's output format. This will lead to a mismatch between the initial, non-hydrated UI and the intended UI. To avoid this, useLayoutEffect should only be used in components that render exclusively on the client. See https://reactjs.org/link/uselayouteffect-ssr for common fixes.
    at LinkWithRef (/Users/tunbee27/Documents/Tako-san-ui-rebuild/node_modules/.pnpm/react-router-dom@6.30.6_react-dom@18.3.1_react@18.3.1__react@18.3.1/node_modules/react-router-dom/dist/umd/react-router-dom.development.js:807:9)
    at section
    at div
    at div
    at div
    at HomePage (/Users/tunbee27/Documents/Tako-san-ui-rebuild/src/web/pages/HomePage.tsx:161:65)
    at Router (/Users/tunbee27/Documents/Tako-san-ui-rebuild/node_modules/.pnpm/react-router@6.30.6_react@18.3.1/node_modules/react-router/dist/umd/react-router.development.js:1203:17)
    at MemoryRouter (/Users/tunbee27/Documents/Tako-san-ui-rebuild/node_modules/.pnpm/react-router@6.30.6_react@18.3.1/node_modules/react-router/dist/umd/react-router.development.js:1097:7)
    at QueryClientProvider (file:///Users/tunbee27/Documents/Tako-san-ui-rebuild/node_modules/.pnpm/@tanstack+react-query@5.102.8_react@18.3.1/node_modules/@tanstack/react-query/build/modern/QueryClientProvider.js:12:32)

stderr | tests/integration/frontend-ui-integration.test.tsx > real Home data rendered through the shared QueryClient > derives the current meal, week progress, budget, and use-soon inventory from query data
Warning: useLayoutEffect does nothing on the server, because its effect cannot be encoded into the server renderer's output format. This will lead to a mismatch between the initial, non-hydrated UI and the intended UI. To avoid this, useLayoutEffect should only be used in components that render exclusively on the client. See https://reactjs.org/link/uselayouteffect-ssr for common fixes.
    at MemoryRouter (/Users/tunbee27/Documents/Tako-san-ui-rebuild/node_modules/.pnpm/react-router@6.30.6_react@18.3.1/node_modules/react-router/dist/umd/react-router.development.js:1097:7)
    at QueryClientProvider (file:///Users/tunbee27/Documents/Tako-san-ui-rebuild/node_modules/.pnpm/@tanstack+react-query@5.102.8_react@18.3.1/node_modules/@tanstack/react-query/build/modern/QueryClientProvider.js:12:32)
Warning: useLayoutEffect does nothing on the server, because its effect cannot be encoded into the server renderer's output format. This will lead to a mismatch between the initial, non-hydrated UI and the intended UI. To avoid this, useLayoutEffect should only be used in components that render exclusively on the client. See https://reactjs.org/link/uselayouteffect-ssr for common fixes.
    at LinkWithRef (/Users/tunbee27/Documents/Tako-san-ui-rebuild/node_modules/.pnpm/react-router-dom@6.30.6_react-dom@18.3.1_react@18.3.1__react@18.3.1/node_modules/react-router-dom/dist/umd/react-router-dom.development.js:807:9)
    at div
    at header
    at KitchenHeader (/Users/tunbee27/Documents/Tako-san-ui-rebuild/src/web/components/common/KitchenHeader.tsx:9:3)
    at TopBar (/Users/tunbee27/Documents/Tako-san-ui-rebuild/src/web/components/common/TopBar.tsx:9:3)
    at div
    at HomePage (/Users/tunbee27/Documents/Tako-san-ui-rebuild/src/web/pages/HomePage.tsx:161:65)
    at Router (/Users/tunbee27/Documents/Tako-san-ui-rebuild/node_modules/.pnpm/react-router@6.30.6_react@18.3.1/node_modules/react-router/dist/umd/react-router.development.js:1203:17)
    at MemoryRouter (/Users/tunbee27/Documents/Tako-san-ui-rebuild/node_modules/.pnpm/react-router@6.30.6_react@18.3.1/node_modules/react-router/dist/umd/react-router.development.js:1097:7)
    at QueryClientProvider (file:///Users/tunbee27/Documents/Tako-san-ui-rebuild/node_modules/.pnpm/@tanstack+react-query@5.102.8_react@18.3.1/node_modules/@tanstack/react-query/build/modern/QueryClientProvider.js:12:32)
Warning: useLayoutEffect does nothing on the server, because its effect cannot be encoded into the server renderer's output format. This will lead to a mismatch between the initial, non-hydrated UI and the intended UI. To avoid this, useLayoutEffect should only be used in components that render exclusively on the client. See https://reactjs.org/link/uselayouteffect-ssr for common fixes.
    at LinkWithRef (/Users/tunbee27/Documents/Tako-san-ui-rebuild/node_modules/.pnpm/react-router-dom@6.30.6_react-dom@18.3.1_react@18.3.1__react@18.3.1/node_modules/react-router-dom/dist/umd/react-router-dom.development.js:807:9)
    at div
    at header
    at KitchenHeader (/Users/tunbee27/Documents/Tako-san-ui-rebuild/src/web/components/common/KitchenHeader.tsx:9:3)
    at TopBar (/Users/tunbee27/Documents/Tako-san-ui-rebuild/src/web/components/common/TopBar.tsx:9:3)
    at div
    at HomePage (/Users/tunbee27/Documents/Tako-san-ui-rebuild/src/web/pages/HomePage.tsx:161:65)
    at Router (/Users/tunbee27/Documents/Tako-san-ui-rebuild/node_modules/.pnpm/react-router@6.30.6_react@18.3.1/node_modules/react-router/dist/umd/react-router.development.js:1203:17)
    at MemoryRouter (/Users/tunbee27/Documents/Tako-san-ui-rebuild/node_modules/.pnpm/react-router@6.30.6_react@18.3.1/node_modules/react-router/dist/umd/react-router.development.js:1097:7)
    at QueryClientProvider (file:///Users/tunbee27/Documents/Tako-san-ui-rebuild/node_modules/.pnpm/@tanstack+react-query@5.102.8_react@18.3.1/node_modules/@tanstack/react-query/build/modern/QueryClientProvider.js:12:32)
Warning: useLayoutEffect does nothing on the server, because its effect cannot be encoded into the server renderer's output format. This will lead to a mismatch between the initial, non-hydrated UI and the intended UI. To avoid this, useLayoutEffect should only be used in components that render exclusively on the client. See https://reactjs.org/link/uselayouteffect-ssr for common fixes.
    at LinkWithRef (/Users/tunbee27/Documents/Tako-san-ui-rebuild/node_modules/.pnpm/react-router-dom@6.30.6_react-dom@18.3.1_react@18.3.1__react@18.3.1/node_modules/react-router-dom/dist/umd/react-router-dom.development.js:807:9)
    at div
    at header
    at KitchenHeader (/Users/tunbee27/Documents/Tako-san-ui-rebuild/src/web/components/common/KitchenHeader.tsx:9:3)
    at TopBar (/Users/tunbee27/Documents/Tako-san-ui-rebuild/src/web/components/common/TopBar.tsx:9:3)
    at div
    at HomePage (/Users/tunbee27/Documents/Tako-san-ui-rebuild/src/web/pages/HomePage.tsx:161:65)
    at Router (/Users/tunbee27/Documents/Tako-san-ui-rebuild/node_modules/.pnpm/react-router@6.30.6_react@18.3.1/node_modules/react-router/dist/umd/react-router.development.js:1203:17)
    at MemoryRouter (/Users/tunbee27/Documents/Tako-san-ui-rebuild/node_modules/.pnpm/react-router@6.30.6_react@18.3.1/node_modules/react-router/dist/umd/react-router.development.js:1097:7)
    at QueryClientProvider (file:///Users/tunbee27/Documents/Tako-san-ui-rebuild/node_modules/.pnpm/@tanstack+react-query@5.102.8_react@18.3.1/node_modules/@tanstack/react-query/build/modern/QueryClientProvider.js:12:32)
Warning: useLayoutEffect does nothing on the server, because its effect cannot be encoded into the server renderer's output format. This will lead to a mismatch between the initial, non-hydrated UI and the intended UI. To avoid this, useLayoutEffect should only be used in components that render exclusively on the client. See https://reactjs.org/link/uselayouteffect-ssr for common fixes.
    at LinkWithRef (/Users/tunbee27/Documents/Tako-san-ui-rebuild/node_modules/.pnpm/react-router-dom@6.30.6_react-dom@18.3.1_react@18.3.1__react@18.3.1/node_modules/react-router-dom/dist/umd/react-router-dom.development.js:807:9)
    at div
    at section
    at PlannedMeal (/Users/tunbee27/Documents/Tako-san-ui-rebuild/src/web/pages/HomePage.tsx:22:24)
    at div
    at div
    at div
    at div
    at HomePage (/Users/tunbee27/Documents/Tako-san-ui-rebuild/src/web/pages/HomePage.tsx:161:65)
    at Router (/Users/tunbee27/Documents/Tako-san-ui-rebuild/node_modules/.pnpm/react-router@6.30.6_react@18.3.1/node_modules/react-router/dist/umd/react-router.development.js:1203:17)
    at MemoryRouter (/Users/tunbee27/Documents/Tako-san-ui-rebuild/node_modules/.pnpm/react-router@6.30.6_react@18.3.1/node_modules/react-router/dist/umd/react-router.development.js:1097:7)
    at QueryClientProvider (file:///Users/tunbee27/Documents/Tako-san-ui-rebuild/node_modules/.pnpm/@tanstack+react-query@5.102.8_react@18.3.1/node_modules/@tanstack/react-query/build/modern/QueryClientProvider.js:12:32)
Warning: useLayoutEffect does nothing on the server, because its effect cannot be encoded into the server renderer's output format. This will lead to a mismatch between the initial, non-hydrated UI and the intended UI. To avoid this, useLayoutEffect should only be used in components that render exclusively on the client. See https://reactjs.org/link/uselayouteffect-ssr for common fixes.
    at LinkWithRef (/Users/tunbee27/Documents/Tako-san-ui-rebuild/node_modules/.pnpm/react-router-dom@6.30.6_react-dom@18.3.1_react@18.3.1__react@18.3.1/node_modules/react-router-dom/dist/umd/react-router-dom.development.js:807:9)
    at section
    at div
    at div
    at div
    at div
    at HomePage (/Users/tunbee27/Documents/Tako-san-ui-rebuild/src/web/pages/HomePage.tsx:161:65)
    at Router (/Users/tunbee27/Documents/Tako-san-ui-rebuild/node_modules/.pnpm/react-router@6.30.6_react@18.3.1/node_modules/react-router/dist/umd/react-router.development.js:1203:17)
    at MemoryRouter (/Users/tunbee27/Documents/Tako-san-ui-rebuild/node_modules/.pnpm/react-router@6.30.6_react@18.3.1/node_modules/react-router/dist/umd/react-router.development.js:1097:7)
    at QueryClientProvider (file:///Users/tunbee27/Documents/Tako-san-ui-rebuild/node_modules/.pnpm/@tanstack+react-query@5.102.8_react@18.3.1/node_modules/@tanstack/react-query/build/modern/QueryClientProvider.js:12:32)
Warning: useLayoutEffect does nothing on the server, because its effect cannot be encoded into the server renderer's output format. This will lead to a mismatch between the initial, non-hydrated UI and the intended UI. To avoid this, useLayoutEffect should only be used in components that render exclusively on the client. See https://reactjs.org/link/uselayouteffect-ssr for common fixes.
    at LinkWithRef (/Users/tunbee27/Documents/Tako-san-ui-rebuild/node_modules/.pnpm/react-router-dom@6.30.6_react-dom@18.3.1_react@18.3.1__react@18.3.1/node_modules/react-router-dom/dist/umd/react-router-dom.development.js:807:9)
    at div
    at section
    at div
    at div
    at div
    at div
    at HomePage (/Users/tunbee27/Documents/Tako-san-ui-rebuild/src/web/pages/HomePage.tsx:161:65)
    at Router (/Users/tunbee27/Documents/Tako-san-ui-rebuild/node_modules/.pnpm/react-router@6.30.6_react@18.3.1/node_modules/react-router/dist/umd/react-router.development.js:1203:17)
    at MemoryRouter (/Users/tunbee27/Documents/Tako-san-ui-rebuild/node_modules/.pnpm/react-router@6.30.6_react@18.3.1/node_modules/react-router/dist/umd/react-router.development.js:1097:7)
    at QueryClientProvider (file:///Users/tunbee27/Documents/Tako-san-ui-rebuild/node_modules/.pnpm/@tanstack+react-query@5.102.8_react@18.3.1/node_modules/@tanstack/react-query/build/modern/QueryClientProvider.js:12:32)
Warning: useLayoutEffect does nothing on the server, because its effect cannot be encoded into the server renderer's output format. This will lead to a mismatch between the initial, non-hydrated UI and the intended UI. To avoid this, useLayoutEffect should only be used in components that render exclusively on the client. See https://reactjs.org/link/uselayouteffect-ssr for common fixes.
    at LinkWithRef (/Users/tunbee27/Documents/Tako-san-ui-rebuild/node_modules/.pnpm/react-router-dom@6.30.6_react-dom@18.3.1_react@18.3.1__react@18.3.1/node_modules/react-router-dom/dist/umd/react-router-dom.development.js:807:9)
    at div
    at section
    at div
    at div
    at div
    at div
    at HomePage (/Users/tunbee27/Documents/Tako-san-ui-rebuild/src/web/pages/HomePage.tsx:161:65)
    at Router (/Users/tunbee27/Documents/Tako-san-ui-rebuild/node_modules/.pnpm/react-router@6.30.6_react@18.3.1/node_modules/react-router/dist/umd/react-router.development.js:1203:17)
    at MemoryRouter (/Users/tunbee27/Documents/Tako-san-ui-rebuild/node_modules/.pnpm/react-router@6.30.6_react@18.3.1/node_modules/react-router/dist/umd/react-router.development.js:1097:7)
    at QueryClientProvider (file:///Users/tunbee27/Documents/Tako-san-ui-rebuild/node_modules/.pnpm/@tanstack+react-query@5.102.8_react@18.3.1/node_modules/@tanstack/react-query/build/modern/QueryClientProvider.js:12:32)
Warning: useLayoutEffect does nothing on the server, because its effect cannot be encoded into the server renderer's output format. This will lead to a mismatch between the initial, non-hydrated UI and the intended UI. To avoid this, useLayoutEffect should only be used in components that render exclusively on the client. See https://reactjs.org/link/uselayouteffect-ssr for common fixes.
    at LinkWithRef (/Users/tunbee27/Documents/Tako-san-ui-rebuild/node_modules/.pnpm/react-router-dom@6.30.6_react-dom@18.3.1_react@18.3.1__react@18.3.1/node_modules/react-router-dom/dist/umd/react-router-dom.development.js:807:9)
    at div
    at section
    at div
    at div
    at div
    at HomePage (/Users/tunbee27/Documents/Tako-san-ui-rebuild/src/web/pages/HomePage.tsx:161:65)
    at Router (/Users/tunbee27/Documents/Tako-san-ui-rebuild/node_modules/.pnpm/react-router@6.30.6_react@18.3.1/node_modules/react-router/dist/umd/react-router.development.js:1203:17)
    at MemoryRouter (/Users/tunbee27/Documents/Tako-san-ui-rebuild/node_modules/.pnpm/react-router@6.30.6_react@18.3.1/node_modules/react-router/dist/umd/react-router.development.js:1097:7)
    at QueryClientProvider (file:///Users/tunbee27/Documents/Tako-san-ui-rebuild/node_modules/.pnpm/@tanstack+react-query@5.102.8_react@18.3.1/node_modules/@tanstack/react-query/build/modern/QueryClientProvider.js:12:32)
Warning: useLayoutEffect does nothing on the server, because its effect cannot be encoded into the server renderer's output format. This will lead to a mismatch between the initial, non-hydrated UI and the intended UI. To avoid this, useLayoutEffect should only be used in components that render exclusively on the client. See https://reactjs.org/link/uselayouteffect-ssr for common fixes.
    at LinkWithRef (/Users/tunbee27/Documents/Tako-san-ui-rebuild/node_modules/.pnpm/react-router-dom@6.30.6_react-dom@18.3.1_react@18.3.1__react@18.3.1/node_modules/react-router-dom/dist/umd/react-router-dom.development.js:807:9)
    at div
    at section
    at div
    at div
    at div
    at HomePage (/Users/tunbee27/Documents/Tako-san-ui-rebuild/src/web/pages/HomePage.tsx:161:65)
    at Router (/Users/tunbee27/Documents/Tako-san-ui-rebuild/node_modules/.pnpm/react-router@6.30.6_react@18.3.1/node_modules/react-router/dist/umd/react-router.development.js:1203:17)
    at MemoryRouter (/Users/tunbee27/Documents/Tako-san-ui-rebuild/node_modules/.pnpm/react-router@6.30.6_react@18.3.1/node_modules/react-router/dist/umd/react-router.development.js:1097:7)
    at QueryClientProvider (file:///Users/tunbee27/Documents/Tako-san-ui-rebuild/node_modules/.pnpm/@tanstack+react-query@5.102.8_react@18.3.1/node_modules/@tanstack/react-query/build/modern/QueryClientProvider.js:12:32)
Warning: useLayoutEffect does nothing on the server, because its effect cannot be encoded into the server renderer's output format. This will lead to a mismatch between the initial, non-hydrated UI and the intended UI. To avoid this, useLayoutEffect should only be used in components that render exclusively on the client. See https://reactjs.org/link/uselayouteffect-ssr for common fixes.
    at LinkWithRef (/Users/tunbee27/Documents/Tako-san-ui-rebuild/node_modules/.pnpm/react-router-dom@6.30.6_react-dom@18.3.1_react@18.3.1__react@18.3.1/node_modules/react-router-dom/dist/umd/react-router-dom.development.js:807:9)
    at section
    at div
    at div
    at div
    at HomePage (/Users/tunbee27/Documents/Tako-san-ui-rebuild/src/web/pages/HomePage.tsx:161:65)
    at Router (/Users/tunbee27/Documents/Tako-san-ui-rebuild/node_modules/.pnpm/react-router@6.30.6_react@18.3.1/node_modules/react-router/dist/umd/react-router.development.js:1203:17)
    at MemoryRouter (/Users/tunbee27/Documents/Tako-san-ui-rebuild/node_modules/.pnpm/react-router@6.30.6_react@18.3.1/node_modules/react-router/dist/umd/react-router.development.js:1097:7)
    at QueryClientProvider (file:///Users/tunbee27/Documents/Tako-san-ui-rebuild/node_modules/.pnpm/@tanstack+react-query@5.102.8_react@18.3.1/node_modules/@tanstack/react-query/build/modern/QueryClientProvider.js:12:32)

stderr | tests/integration/frontend-ui-integration.test.tsx > real Home data rendered through the shared QueryClient > qualifies estimated expiry on Home and keeps KNOWN/ESTIMATED/UNKNOWN visually distinct
Warning: useLayoutEffect does nothing on the server, because its effect cannot be encoded into the server renderer's output format. This will lead to a mismatch between the initial, non-hydrated UI and the intended UI. To avoid this, useLayoutEffect should only be used in components that render exclusively on the client. See https://reactjs.org/link/uselayouteffect-ssr for common fixes.
    at MemoryRouter (/Users/tunbee27/Documents/Tako-san-ui-rebuild/node_modules/.pnpm/react-router@6.30.6_react@18.3.1/node_modules/react-router/dist/umd/react-router.development.js:1097:7)
    at QueryClientProvider (file:///Users/tunbee27/Documents/Tako-san-ui-rebuild/node_modules/.pnpm/@tanstack+react-query@5.102.8_react@18.3.1/node_modules/@tanstack/react-query/build/modern/QueryClientProvider.js:12:32)
Warning: useLayoutEffect does nothing on the server, because its effect cannot be encoded into the server renderer's output format. This will lead to a mismatch between the initial, non-hydrated UI and the intended UI. To avoid this, useLayoutEffect should only be used in components that render exclusively on the client. See https://reactjs.org/link/uselayouteffect-ssr for common fixes.
    at LinkWithRef (/Users/tunbee27/Documents/Tako-san-ui-rebuild/node_modules/.pnpm/react-router-dom@6.30.6_react-dom@18.3.1_react@18.3.1__react@18.3.1/node_modules/react-router-dom/dist/umd/react-router-dom.development.js:807:9)
    at div
    at header
    at KitchenHeader (/Users/tunbee27/Documents/Tako-san-ui-rebuild/src/web/components/common/KitchenHeader.tsx:9:3)
    at TopBar (/Users/tunbee27/Documents/Tako-san-ui-rebuild/src/web/components/common/TopBar.tsx:9:3)
    at div
    at HomePage (/Users/tunbee27/Documents/Tako-san-ui-rebuild/src/web/pages/HomePage.tsx:161:65)
    at Router (/Users/tunbee27/Documents/Tako-san-ui-rebuild/node_modules/.pnpm/react-router@6.30.6_react@18.3.1/node_modules/react-router/dist/umd/react-router.development.js:1203:17)
    at MemoryRouter (/Users/tunbee27/Documents/Tako-san-ui-rebuild/node_modules/.pnpm/react-router@6.30.6_react@18.3.1/node_modules/react-router/dist/umd/react-router.development.js:1097:7)
    at QueryClientProvider (file:///Users/tunbee27/Documents/Tako-san-ui-rebuild/node_modules/.pnpm/@tanstack+react-query@5.102.8_react@18.3.1/node_modules/@tanstack/react-query/build/modern/QueryClientProvider.js:12:32)
Warning: useLayoutEffect does nothing on the server, because its effect cannot be encoded into the server renderer's output format. This will lead to a mismatch between the initial, non-hydrated UI and the intended UI. To avoid this, useLayoutEffect should only be used in components that render exclusively on the client. See https://reactjs.org/link/uselayouteffect-ssr for common fixes.
    at LinkWithRef (/Users/tunbee27/Documents/Tako-san-ui-rebuild/node_modules/.pnpm/react-router-dom@6.30.6_react-dom@18.3.1_react@18.3.1__react@18.3.1/node_modules/react-router-dom/dist/umd/react-router-dom.development.js:807:9)
    at div
    at header
    at KitchenHeader (/Users/tunbee27/Documents/Tako-san-ui-rebuild/src/web/components/common/KitchenHeader.tsx:9:3)
    at TopBar (/Users/tunbee27/Documents/Tako-san-ui-rebuild/src/web/components/common/TopBar.tsx:9:3)
    at div
    at HomePage (/Users/tunbee27/Documents/Tako-san-ui-rebuild/src/web/pages/HomePage.tsx:161:65)
    at Router (/Users/tunbee27/Documents/Tako-san-ui-rebuild/node_modules/.pnpm/react-router@6.30.6_react@18.3.1/node_modules/react-router/dist/umd/react-router.development.js:1203:17)
    at MemoryRouter (/Users/tunbee27/Documents/Tako-san-ui-rebuild/node_modules/.pnpm/react-router@6.30.6_react@18.3.1/node_modules/react-router/dist/umd/react-router.development.js:1097:7)
    at QueryClientProvider (file:///Users/tunbee27/Documents/Tako-san-ui-rebuild/node_modules/.pnpm/@tanstack+react-query@5.102.8_react@18.3.1/node_modules/@tanstack/react-query/build/modern/QueryClientProvider.js:12:32)
Warning: useLayoutEffect does nothing on the server, because its effect cannot be encoded into the server renderer's output format. This will lead to a mismatch between the initial, non-hydrated UI and the intended UI. To avoid this, useLayoutEffect should only be used in components that render exclusively on the client. See https://reactjs.org/link/uselayouteffect-ssr for common fixes.
    at LinkWithRef (/Users/tunbee27/Documents/Tako-san-ui-rebuild/node_modules/.pnpm/react-router-dom@6.30.6_react-dom@18.3.1_react@18.3.1__react@18.3.1/node_modules/react-router-dom/dist/umd/react-router-dom.development.js:807:9)
    at div
    at header
    at KitchenHeader (/Users/tunbee27/Documents/Tako-san-ui-rebuild/src/web/components/common/KitchenHeader.tsx:9:3)
    at TopBar (/Users/tunbee27/Documents/Tako-san-ui-rebuild/src/web/components/common/TopBar.tsx:9:3)
    at div
    at HomePage (/Users/tunbee27/Documents/Tako-san-ui-rebuild/src/web/pages/HomePage.tsx:161:65)
    at Router (/Users/tunbee27/Documents/Tako-san-ui-rebuild/node_modules/.pnpm/react-router@6.30.6_react@18.3.1/node_modules/react-router/dist/umd/react-router.development.js:1203:17)
    at MemoryRouter (/Users/tunbee27/Documents/Tako-san-ui-rebuild/node_modules/.pnpm/react-router@6.30.6_react@18.3.1/node_modules/react-router/dist/umd/react-router.development.js:1097:7)
    at QueryClientProvider (file:///Users/tunbee27/Documents/Tako-san-ui-rebuild/node_modules/.pnpm/@tanstack+react-query@5.102.8_react@18.3.1/node_modules/@tanstack/react-query/build/modern/QueryClientProvider.js:12:32)
Warning: useLayoutEffect does nothing on the server, because its effect cannot be encoded into the server renderer's output format. This will lead to a mismatch between the initial, non-hydrated UI and the intended UI. To avoid this, useLayoutEffect should only be used in components that render exclusively on the client. See https://reactjs.org/link/uselayouteffect-ssr for common fixes.
    at LinkWithRef (/Users/tunbee27/Documents/Tako-san-ui-rebuild/node_modules/.pnpm/react-router-dom@6.30.6_react-dom@18.3.1_react@18.3.1__react@18.3.1/node_modules/react-router-dom/dist/umd/react-router-dom.development.js:807:9)
    at div
    at section
    at div
    at div
    at div
    at div
    at HomePage (/Users/tunbee27/Documents/Tako-san-ui-rebuild/src/web/pages/HomePage.tsx:161:65)
    at Router (/Users/tunbee27/Documents/Tako-san-ui-rebuild/node_modules/.pnpm/react-router@6.30.6_react@18.3.1/node_modules/react-router/dist/umd/react-router.development.js:1203:17)
    at MemoryRouter (/Users/tunbee27/Documents/Tako-san-ui-rebuild/node_modules/.pnpm/react-router@6.30.6_react@18.3.1/node_modules/react-router/dist/umd/react-router.development.js:1097:7)
    at QueryClientProvider (file:///Users/tunbee27/Documents/Tako-san-ui-rebuild/node_modules/.pnpm/@tanstack+react-query@5.102.8_react@18.3.1/node_modules/@tanstack/react-query/build/modern/QueryClientProvider.js:12:32)
Warning: useLayoutEffect does nothing on the server, because its effect cannot be encoded into the server renderer's output format. This will lead to a mismatch between the initial, non-hydrated UI and the intended UI. To avoid this, useLayoutEffect should only be used in components that render exclusively on the client. See https://reactjs.org/link/uselayouteffect-ssr for common fixes.
    at LinkWithRef (/Users/tunbee27/Documents/Tako-san-ui-rebuild/node_modules/.pnpm/react-router-dom@6.30.6_react-dom@18.3.1_react@18.3.1__react@18.3.1/node_modules/react-router-dom/dist/umd/react-router-dom.development.js:807:9)
    at div
    at section
    at div
    at div
    at div
    at div
    at HomePage (/Users/tunbee27/Documents/Tako-san-ui-rebuild/src/web/pages/HomePage.tsx:161:65)
    at Router (/Users/tunbee27/Documents/Tako-san-ui-rebuild/node_modules/.pnpm/react-router@6.30.6_react@18.3.1/node_modules/react-router/dist/umd/react-router.development.js:1203:17)
    at MemoryRouter (/Users/tunbee27/Documents/Tako-san-ui-rebuild/node_modules/.pnpm/react-router@6.30.6_react@18.3.1/node_modules/react-router/dist/umd/react-router.development.js:1097:7)
    at QueryClientProvider (file:///Users/tunbee27/Documents/Tako-san-ui-rebuild/node_modules/.pnpm/@tanstack+react-query@5.102.8_react@18.3.1/node_modules/@tanstack/react-query/build/modern/QueryClientProvider.js:12:32)
Warning: useLayoutEffect does nothing on the server, because its effect cannot be encoded into the server renderer's output format. This will lead to a mismatch between the initial, non-hydrated UI and the intended UI. To avoid this, useLayoutEffect should only be used in components that render exclusively on the client. See https://reactjs.org/link/uselayouteffect-ssr for common fixes.
    at LinkWithRef (/Users/tunbee27/Documents/Tako-san-ui-rebuild/node_modules/.pnpm/react-router-dom@6.30.6_react-dom@18.3.1_react@18.3.1__react@18.3.1/node_modules/react-router-dom/dist/umd/react-router-dom.development.js:807:9)
    at div
    at section
    at div
    at div
    at div
    at div
    at HomePage (/Users/tunbee27/Documents/Tako-san-ui-rebuild/src/web/pages/HomePage.tsx:161:65)
    at Router (/Users/tunbee27/Documents/Tako-san-ui-rebuild/node_modules/.pnpm/react-router@6.30.6_react@18.3.1/node_modules/react-router/dist/umd/react-router.development.js:1203:17)
    at MemoryRouter (/Users/tunbee27/Documents/Tako-san-ui-rebuild/node_modules/.pnpm/react-router@6.30.6_react@18.3.1/node_modules/react-router/dist/umd/react-router.development.js:1097:7)
    at QueryClientProvider (file:///Users/tunbee27/Documents/Tako-san-ui-rebuild/node_modules/.pnpm/@tanstack+react-query@5.102.8_react@18.3.1/node_modules/@tanstack/react-query/build/modern/QueryClientProvider.js:12:32)
Warning: useLayoutEffect does nothing on the server, because its effect cannot be encoded into the server renderer's output format. This will lead to a mismatch between the initial, non-hydrated UI and the intended UI. To avoid this, useLayoutEffect should only be used in components that render exclusively on the client. See https://reactjs.org/link/uselayouteffect-ssr for common fixes.
    at LinkWithRef (/Users/tunbee27/Documents/Tako-san-ui-rebuild/node_modules/.pnpm/react-router-dom@6.30.6_react-dom@18.3.1_react@18.3.1__react@18.3.1/node_modules/react-router-dom/dist/umd/react-router-dom.development.js:807:9)
    at div
    at section
    at div
    at div
    at div
    at div
    at HomePage (/Users/tunbee27/Documents/Tako-san-ui-rebuild/src/web/pages/HomePage.tsx:161:65)
    at Router (/Users/tunbee27/Documents/Tako-san-ui-rebuild/node_modules/.pnpm/react-router@6.30.6_react@18.3.1/node_modules/react-router/dist/umd/react-router.development.js:1203:17)
    at MemoryRouter (/Users/tunbee27/Documents/Tako-san-ui-rebuild/node_modules/.pnpm/react-router@6.30.6_react@18.3.1/node_modules/react-router/dist/umd/react-router.development.js:1097:7)
    at QueryClientProvider (file:///Users/tunbee27/Documents/Tako-san-ui-rebuild/node_modules/.pnpm/@tanstack+react-query@5.102.8_react@18.3.1/node_modules/@tanstack/react-query/build/modern/QueryClientProvider.js:12:32)
Warning: useLayoutEffect does nothing on the server, because its effect cannot be encoded into the server renderer's output format. This will lead to a mismatch between the initial, non-hydrated UI and the intended UI. To avoid this, useLayoutEffect should only be used in components that render exclusively on the client. See https://reactjs.org/link/uselayouteffect-ssr for common fixes.
    at LinkWithRef (/Users/tunbee27/Documents/Tako-san-ui-rebuild/node_modules/.pnpm/react-router-dom@6.30.6_react-dom@18.3.1_react@18.3.1__react@18.3.1/node_modules/react-router-dom/dist/umd/react-router-dom.development.js:807:9)
    at div
    at section
    at div
    at div
    at div
    at div
    at HomePage (/Users/tunbee27/Documents/Tako-san-ui-rebuild/src/web/pages/HomePage.tsx:161:65)
    at Router (/Users/tunbee27/Documents/Tako-san-ui-rebuild/node_modules/.pnpm/react-router@6.30.6_react@18.3.1/node_modules/react-router/dist/umd/react-router.development.js:1203:17)
    at MemoryRouter (/Users/tunbee27/Documents/Tako-san-ui-rebuild/node_modules/.pnpm/react-router@6.30.6_react@18.3.1/node_modules/react-router/dist/umd/react-router.development.js:1097:7)
    at QueryClientProvider (file:///Users/tunbee27/Documents/Tako-san-ui-rebuild/node_modules/.pnpm/@tanstack+react-query@5.102.8_react@18.3.1/node_modules/@tanstack/react-query/build/modern/QueryClientProvider.js:12:32)
Warning: useLayoutEffect does nothing on the server, because its effect cannot be encoded into the server renderer's output format. This will lead to a mismatch between the initial, non-hydrated UI and the intended UI. To avoid this, useLayoutEffect should only be used in components that render exclusively on the client. See https://reactjs.org/link/uselayouteffect-ssr for common fixes.
    at LinkWithRef (/Users/tunbee27/Documents/Tako-san-ui-rebuild/node_modules/.pnpm/react-router-dom@6.30.6_react-dom@18.3.1_react@18.3.1__react@18.3.1/node_modules/react-router-dom/dist/umd/react-router-dom.development.js:807:9)
    at div
    at section
    at div
    at div
    at div
    at HomePage (/Users/tunbee27/Documents/Tako-san-ui-rebuild/src/web/pages/HomePage.tsx:161:65)
    at Router (/Users/tunbee27/Documents/Tako-san-ui-rebuild/node_modules/.pnpm/react-router@6.30.6_react@18.3.1/node_modules/react-router/dist/umd/react-router.development.js:1203:17)
    at MemoryRouter (/Users/tunbee27/Documents/Tako-san-ui-rebuild/node_modules/.pnpm/react-router@6.30.6_react@18.3.1/node_modules/react-router/dist/umd/react-router.development.js:1097:7)
    at QueryClientProvider (file:///Users/tunbee27/Documents/Tako-san-ui-rebuild/node_modules/.pnpm/@tanstack+react-query@5.102.8_react@18.3.1/node_modules/@tanstack/react-query/build/modern/QueryClientProvider.js:12:32)
Warning: useLayoutEffect does nothing on the server, because its effect cannot be encoded into the server renderer's output format. This will lead to a mismatch between the initial, non-hydrated UI and the intended UI. To avoid this, useLayoutEffect should only be used in components that render exclusively on the client. See https://reactjs.org/link/uselayouteffect-ssr for common fixes.
    at LinkWithRef (/Users/tunbee27/Documents/Tako-san-ui-rebuild/node_modules/.pnpm/react-router-dom@6.30.6_react-dom@18.3.1_react@18.3.1__react@18.3.1/node_modules/react-router-dom/dist/umd/react-router-dom.development.js:807:9)
    at div
    at section
    at div
    at div
    at div
    at HomePage (/Users/tunbee27/Documents/Tako-san-ui-rebuild/src/web/pages/HomePage.tsx:161:65)
    at Router (/Users/tunbee27/Documents/Tako-san-ui-rebuild/node_modules/.pnpm/react-router@6.30.6_react@18.3.1/node_modules/react-router/dist/umd/react-router.development.js:1203:17)
    at MemoryRouter (/Users/tunbee27/Documents/Tako-san-ui-rebuild/node_modules/.pnpm/react-router@6.30.6_react@18.3.1/node_modules/react-router/dist/umd/react-router.development.js:1097:7)
    at QueryClientProvider (file:///Users/tunbee27/Documents/Tako-san-ui-rebuild/node_modules/.pnpm/@tanstack+react-query@5.102.8_react@18.3.1/node_modules/@tanstack/react-query/build/modern/QueryClientProvider.js:12:32)
Warning: useLayoutEffect does nothing on the server, because its effect cannot be encoded into the server renderer's output format. This will lead to a mismatch between the initial, non-hydrated UI and the intended UI. To avoid this, useLayoutEffect should only be used in components that render exclusively on the client. See https://reactjs.org/link/uselayouteffect-ssr for common fixes.
    at LinkWithRef (/Users/tunbee27/Documents/Tako-san-ui-rebuild/node_modules/.pnpm/react-router-dom@6.30.6_react-dom@18.3.1_react@18.3.1__react@18.3.1/node_modules/react-router-dom/dist/umd/react-router-dom.development.js:807:9)
    at section
    at div
    at div
    at div
    at HomePage (/Users/tunbee27/Documents/Tako-san-ui-rebuild/src/web/pages/HomePage.tsx:161:65)
    at Router (/Users/tunbee27/Documents/Tako-san-ui-rebuild/node_modules/.pnpm/react-router@6.30.6_react@18.3.1/node_modules/react-router/dist/umd/react-router.development.js:1203:17)
    at MemoryRouter (/Users/tunbee27/Documents/Tako-san-ui-rebuild/node_modules/.pnpm/react-router@6.30.6_react@18.3.1/node_modules/react-router/dist/umd/react-router.development.js:1097:7)
    at QueryClientProvider (file:///Users/tunbee27/Documents/Tako-san-ui-rebuild/node_modules/.pnpm/@tanstack+react-query@5.102.8_react@18.3.1/node_modules/@tanstack/react-query/build/modern/QueryClientProvider.js:12:32)

stderr | tests/integration/frontend-ui-integration.test.tsx > real Home data rendered through the shared QueryClient > keeps successful widgets visible while a failed Home query offers retry
Warning: useLayoutEffect does nothing on the server, because its effect cannot be encoded into the server renderer's output format. This will lead to a mismatch between the initial, non-hydrated UI and the intended UI. To avoid this, useLayoutEffect should only be used in components that render exclusively on the client. See https://reactjs.org/link/uselayouteffect-ssr for common fixes.
    at MemoryRouter (/Users/tunbee27/Documents/Tako-san-ui-rebuild/node_modules/.pnpm/react-router@6.30.6_react@18.3.1/node_modules/react-router/dist/umd/react-router.development.js:1097:7)
    at QueryClientProvider (file:///Users/tunbee27/Documents/Tako-san-ui-rebuild/node_modules/.pnpm/@tanstack+react-query@5.102.8_react@18.3.1/node_modules/@tanstack/react-query/build/modern/QueryClientProvider.js:12:32)
Warning: useLayoutEffect does nothing on the server, because its effect cannot be encoded into the server renderer's output format. This will lead to a mismatch between the initial, non-hydrated UI and the intended UI. To avoid this, useLayoutEffect should only be used in components that render exclusively on the client. See https://reactjs.org/link/uselayouteffect-ssr for common fixes.
    at LinkWithRef (/Users/tunbee27/Documents/Tako-san-ui-rebuild/node_modules/.pnpm/react-router-dom@6.30.6_react-dom@18.3.1_react@18.3.1__react@18.3.1/node_modules/react-router-dom/dist/umd/react-router-dom.development.js:807:9)
    at div
    at header
    at KitchenHeader (/Users/tunbee27/Documents/Tako-san-ui-rebuild/src/web/components/common/KitchenHeader.tsx:9:3)
    at TopBar (/Users/tunbee27/Documents/Tako-san-ui-rebuild/src/web/components/common/TopBar.tsx:9:3)
    at div
    at HomePage (/Users/tunbee27/Documents/Tako-san-ui-rebuild/src/web/pages/HomePage.tsx:161:65)
    at Router (/Users/tunbee27/Documents/Tako-san-ui-rebuild/node_modules/.pnpm/react-router@6.30.6_react@18.3.1/node_modules/react-router/dist/umd/react-router.development.js:1203:17)
    at MemoryRouter (/Users/tunbee27/Documents/Tako-san-ui-rebuild/node_modules/.pnpm/react-router@6.30.6_react@18.3.1/node_modules/react-router/dist/umd/react-router.development.js:1097:7)
    at QueryClientProvider (file:///Users/tunbee27/Documents/Tako-san-ui-rebuild/node_modules/.pnpm/@tanstack+react-query@5.102.8_react@18.3.1/node_modules/@tanstack/react-query/build/modern/QueryClientProvider.js:12:32)
Warning: useLayoutEffect does nothing on the server, because its effect cannot be encoded into the server renderer's output format. This will lead to a mismatch between the initial, non-hydrated UI and the intended UI. To avoid this, useLayoutEffect should only be used in components that render exclusively on the client. See https://reactjs.org/link/uselayouteffect-ssr for common fixes.
    at LinkWithRef (/Users/tunbee27/Documents/Tako-san-ui-rebuild/node_modules/.pnpm/react-router-dom@6.30.6_react-dom@18.3.1_react@18.3.1__react@18.3.1/node_modules/react-router-dom/dist/umd/react-router-dom.development.js:807:9)
    at div
    at header
    at KitchenHeader (/Users/tunbee27/Documents/Tako-san-ui-rebuild/src/web/components/common/KitchenHeader.tsx:9:3)
    at TopBar (/Users/tunbee27/Documents/Tako-san-ui-rebuild/src/web/components/common/TopBar.tsx:9:3)
    at div
    at HomePage (/Users/tunbee27/Documents/Tako-san-ui-rebuild/src/web/pages/HomePage.tsx:161:65)
    at Router (/Users/tunbee27/Documents/Tako-san-ui-rebuild/node_modules/.pnpm/react-router@6.30.6_react@18.3.1/node_modules/react-router/dist/umd/react-router.development.js:1203:17)
    at MemoryRouter (/Users/tunbee27/Documents/Tako-san-ui-rebuild/node_modules/.pnpm/react-router@6.30.6_react@18.3.1/node_modules/react-router/dist/umd/react-router.development.js:1097:7)
    at QueryClientProvider (file:///Users/tunbee27/Documents/Tako-san-ui-rebuild/node_modules/.pnpm/@tanstack+react-query@5.102.8_react@18.3.1/node_modules/@tanstack/react-query/build/modern/QueryClientProvider.js:12:32)
Warning: useLayoutEffect does nothing on the server, because its effect cannot be encoded into the server renderer's output format. This will lead to a mismatch between the initial, non-hydrated UI and the intended UI. To avoid this, useLayoutEffect should only be used in components that render exclusively on the client. See https://reactjs.org/link/uselayouteffect-ssr for common fixes.
    at LinkWithRef (/Users/tunbee27/Documents/Tako-san-ui-rebuild/node_modules/.pnpm/react-router-dom@6.30.6_react-dom@18.3.1_react@18.3.1__react@18.3.1/node_modules/react-router-dom/dist/umd/react-router-dom.development.js:807:9)
    at div
    at header
    at KitchenHeader (/Users/tunbee27/Documents/Tako-san-ui-rebuild/src/web/components/common/KitchenHeader.tsx:9:3)
    at TopBar (/Users/tunbee27/Documents/Tako-san-ui-rebuild/src/web/components/common/TopBar.tsx:9:3)
    at div
    at HomePage (/Users/tunbee27/Documents/Tako-san-ui-rebuild/src/web/pages/HomePage.tsx:161:65)
    at Router (/Users/tunbee27/Documents/Tako-san-ui-rebuild/node_modules/.pnpm/react-router@6.30.6_react@18.3.1/node_modules/react-router/dist/umd/react-router.development.js:1203:17)
    at MemoryRouter (/Users/tunbee27/Documents/Tako-san-ui-rebuild/node_modules/.pnpm/react-router@6.30.6_react@18.3.1/node_modules/react-router/dist/umd/react-router.development.js:1097:7)
    at QueryClientProvider (file:///Users/tunbee27/Documents/Tako-san-ui-rebuild/node_modules/.pnpm/@tanstack+react-query@5.102.8_react@18.3.1/node_modules/@tanstack/react-query/build/modern/QueryClientProvider.js:12:32)
Warning: useLayoutEffect does nothing on the server, because its effect cannot be encoded into the server renderer's output format. This will lead to a mismatch between the initial, non-hydrated UI and the intended UI. To avoid this, useLayoutEffect should only be used in components that render exclusively on the client. See https://reactjs.org/link/uselayouteffect-ssr for common fixes.
    at LinkWithRef (/Users/tunbee27/Documents/Tako-san-ui-rebuild/node_modules/.pnpm/react-router-dom@6.30.6_react-dom@18.3.1_react@18.3.1__react@18.3.1/node_modules/react-router-dom/dist/umd/react-router-dom.development.js:807:9)
    at div
    at section
    at div
    at div
    at div
    at div
    at HomePage (/Users/tunbee27/Documents/Tako-san-ui-rebuild/src/web/pages/HomePage.tsx:161:65)
    at Router (/Users/tunbee27/Documents/Tako-san-ui-rebuild/node_modules/.pnpm/react-router@6.30.6_react@18.3.1/node_modules/react-router/dist/umd/react-router.development.js:1203:17)
    at MemoryRouter (/Users/tunbee27/Documents/Tako-san-ui-rebuild/node_modules/.pnpm/react-router@6.30.6_react@18.3.1/node_modules/react-router/dist/umd/react-router.development.js:1097:7)
    at QueryClientProvider (file:///Users/tunbee27/Documents/Tako-san-ui-rebuild/node_modules/.pnpm/@tanstack+react-query@5.102.8_react@18.3.1/node_modules/@tanstack/react-query/build/modern/QueryClientProvider.js:12:32)
Warning: useLayoutEffect does nothing on the server, because its effect cannot be encoded into the server renderer's output format. This will lead to a mismatch between the initial, non-hydrated UI and the intended UI. To avoid this, useLayoutEffect should only be used in components that render exclusively on the client. See https://reactjs.org/link/uselayouteffect-ssr for common fixes.
    at LinkWithRef (/Users/tunbee27/Documents/Tako-san-ui-rebuild/node_modules/.pnpm/react-router-dom@6.30.6_react-dom@18.3.1_react@18.3.1__react@18.3.1/node_modules/react-router-dom/dist/umd/react-router-dom.development.js:807:9)
    at div
    at section
    at div
    at div
    at div
    at div
    at HomePage (/Users/tunbee27/Documents/Tako-san-ui-rebuild/src/web/pages/HomePage.tsx:161:65)
    at Router (/Users/tunbee27/Documents/Tako-san-ui-rebuild/node_modules/.pnpm/react-router@6.30.6_react@18.3.1/node_modules/react-router/dist/umd/react-router.development.js:1203:17)
    at MemoryRouter (/Users/tunbee27/Documents/Tako-san-ui-rebuild/node_modules/.pnpm/react-router@6.30.6_react@18.3.1/node_modules/react-router/dist/umd/react-router.development.js:1097:7)
    at QueryClientProvider (file:///Users/tunbee27/Documents/Tako-san-ui-rebuild/node_modules/.pnpm/@tanstack+react-query@5.102.8_react@18.3.1/node_modules/@tanstack/react-query/build/modern/QueryClientProvider.js:12:32)
Warning: useLayoutEffect does nothing on the server, because its effect cannot be encoded into the server renderer's output format. This will lead to a mismatch between the initial, non-hydrated UI and the intended UI. To avoid this, useLayoutEffect should only be used in components that render exclusively on the client. See https://reactjs.org/link/uselayouteffect-ssr for common fixes.
    at LinkWithRef (/Users/tunbee27/Documents/Tako-san-ui-rebuild/node_modules/.pnpm/react-router-dom@6.30.6_react-dom@18.3.1_react@18.3.1__react@18.3.1/node_modules/react-router-dom/dist/umd/react-router-dom.development.js:807:9)
    at div
    at section
    at div
    at div
    at div
    at HomePage (/Users/tunbee27/Documents/Tako-san-ui-rebuild/src/web/pages/HomePage.tsx:161:65)
    at Router (/Users/tunbee27/Documents/Tako-san-ui-rebuild/node_modules/.pnpm/react-router@6.30.6_react@18.3.1/node_modules/react-router/dist/umd/react-router.development.js:1203:17)
    at MemoryRouter (/Users/tunbee27/Documents/Tako-san-ui-rebuild/node_modules/.pnpm/react-router@6.30.6_react@18.3.1/node_modules/react-router/dist/umd/react-router.development.js:1097:7)
    at QueryClientProvider (file:///Users/tunbee27/Documents/Tako-san-ui-rebuild/node_modules/.pnpm/@tanstack+react-query@5.102.8_react@18.3.1/node_modules/@tanstack/react-query/build/modern/QueryClientProvider.js:12:32)
Warning: useLayoutEffect does nothing on the server, because its effect cannot be encoded into the server renderer's output format. This will lead to a mismatch between the initial, non-hydrated UI and the intended UI. To avoid this, useLayoutEffect should only be used in components that render exclusively on the client. See https://reactjs.org/link/uselayouteffect-ssr for common fixes.
    at LinkWithRef (/Users/tunbee27/Documents/Tako-san-ui-rebuild/node_modules/.pnpm/react-router-dom@6.30.6_react-dom@18.3.1_react@18.3.1__react@18.3.1/node_modules/react-router-dom/dist/umd/react-router-dom.development.js:807:9)
    at div
    at section
    at div
    at div
    at div
    at HomePage (/Users/tunbee27/Documents/Tako-san-ui-rebuild/src/web/pages/HomePage.tsx:161:65)
    at Router (/Users/tunbee27/Documents/Tako-san-ui-rebuild/node_modules/.pnpm/react-router@6.30.6_react@18.3.1/node_modules/react-router/dist/umd/react-router.development.js:1203:17)
    at MemoryRouter (/Users/tunbee27/Documents/Tako-san-ui-rebuild/node_modules/.pnpm/react-router@6.30.6_react@18.3.1/node_modules/react-router/dist/umd/react-router.development.js:1097:7)
    at QueryClientProvider (file:///Users/tunbee27/Documents/Tako-san-ui-rebuild/node_modules/.pnpm/@tanstack+react-query@5.102.8_react@18.3.1/node_modules/@tanstack/react-query/build/modern/QueryClientProvider.js:12:32)
Warning: useLayoutEffect does nothing on the server, because its effect cannot be encoded into the server renderer's output format. This will lead to a mismatch between the initial, non-hydrated UI and the intended UI. To avoid this, useLayoutEffect should only be used in components that render exclusively on the client. See https://reactjs.org/link/uselayouteffect-ssr for common fixes.
    at LinkWithRef (/Users/tunbee27/Documents/Tako-san-ui-rebuild/node_modules/.pnpm/react-router-dom@6.30.6_react-dom@18.3.1_react@18.3.1__react@18.3.1/node_modules/react-router-dom/dist/umd/react-router-dom.development.js:807:9)
    at section
    at div
    at div
    at div
    at HomePage (/Users/tunbee27/Documents/Tako-san-ui-rebuild/src/web/pages/HomePage.tsx:161:65)
    at Router (/Users/tunbee27/Documents/Tako-san-ui-rebuild/node_modules/.pnpm/react-router@6.30.6_react@18.3.1/node_modules/react-router/dist/umd/react-router.development.js:1203:17)
    at MemoryRouter (/Users/tunbee27/Documents/Tako-san-ui-rebuild/node_modules/.pnpm/react-router@6.30.6_react@18.3.1/node_modules/react-router/dist/umd/react-router.development.js:1097:7)
    at QueryClientProvider (file:///Users/tunbee27/Documents/Tako-san-ui-rebuild/node_modules/.pnpm/@tanstack+react-query@5.102.8_react@18.3.1/node_modules/@tanstack/react-query/build/modern/QueryClientProvider.js:12:32)

stderr | tests/integration/frontend-ui-integration.test.tsx > real Home data rendered through the shared QueryClient > renders recommendations from server-state data rather than a hardcoded featured recipe
Warning: useLayoutEffect does nothing on the server, because its effect cannot be encoded into the server renderer's output format. This will lead to a mismatch between the initial, non-hydrated UI and the intended UI. To avoid this, useLayoutEffect should only be used in components that render exclusively on the client. See https://reactjs.org/link/uselayouteffect-ssr for common fixes.
    at MemoryRouter (/Users/tunbee27/Documents/Tako-san-ui-rebuild/node_modules/.pnpm/react-router@6.30.6_react@18.3.1/node_modules/react-router/dist/umd/react-router.development.js:1097:7)
    at QueryClientProvider (file:///Users/tunbee27/Documents/Tako-san-ui-rebuild/node_modules/.pnpm/@tanstack+react-query@5.102.8_react@18.3.1/node_modules/@tanstack/react-query/build/modern/QueryClientProvider.js:12:32)
Warning: useLayoutEffect does nothing on the server, because its effect cannot be encoded into the server renderer's output format. This will lead to a mismatch between the initial, non-hydrated UI and the intended UI. To avoid this, useLayoutEffect should only be used in components that render exclusively on the client. See https://reactjs.org/link/uselayouteffect-ssr for common fixes.
    at LinkWithRef (/Users/tunbee27/Documents/Tako-san-ui-rebuild/node_modules/.pnpm/react-router-dom@6.30.6_react-dom@18.3.1_react@18.3.1__react@18.3.1/node_modules/react-router-dom/dist/umd/react-router-dom.development.js:807:9)
    at div
    at header
    at KitchenHeader (/Users/tunbee27/Documents/Tako-san-ui-rebuild/src/web/components/common/KitchenHeader.tsx:9:3)
    at TopBar (/Users/tunbee27/Documents/Tako-san-ui-rebuild/src/web/components/common/TopBar.tsx:9:3)
    at div
    at HomePage (/Users/tunbee27/Documents/Tako-san-ui-rebuild/src/web/pages/HomePage.tsx:161:65)
    at Router (/Users/tunbee27/Documents/Tako-san-ui-rebuild/node_modules/.pnpm/react-router@6.30.6_react@18.3.1/node_modules/react-router/dist/umd/react-router.development.js:1203:17)
    at MemoryRouter (/Users/tunbee27/Documents/Tako-san-ui-rebuild/node_modules/.pnpm/react-router@6.30.6_react@18.3.1/node_modules/react-router/dist/umd/react-router.development.js:1097:7)
    at QueryClientProvider (file:///Users/tunbee27/Documents/Tako-san-ui-rebuild/node_modules/.pnpm/@tanstack+react-query@5.102.8_react@18.3.1/node_modules/@tanstack/react-query/build/modern/QueryClientProvider.js:12:32)
Warning: useLayoutEffect does nothing on the server, because its effect cannot be encoded into the server renderer's output format. This will lead to a mismatch between the initial, non-hydrated UI and the intended UI. To avoid this, useLayoutEffect should only be used in components that render exclusively on the client. See https://reactjs.org/link/uselayouteffect-ssr for common fixes.
    at LinkWithRef (/Users/tunbee27/Documents/Tako-san-ui-rebuild/node_modules/.pnpm/react-router-dom@6.30.6_react-dom@18.3.1_react@18.3.1__react@18.3.1/node_modules/react-router-dom/dist/umd/react-router-dom.development.js:807:9)
    at div
    at header
    at KitchenHeader (/Users/tunbee27/Documents/Tako-san-ui-rebuild/src/web/components/common/KitchenHeader.tsx:9:3)
    at TopBar (/Users/tunbee27/Documents/Tako-san-ui-rebuild/src/web/components/common/TopBar.tsx:9:3)
    at div
    at HomePage (/Users/tunbee27/Documents/Tako-san-ui-rebuild/src/web/pages/HomePage.tsx:161:65)
    at Router (/Users/tunbee27/Documents/Tako-san-ui-rebuild/node_modules/.pnpm/react-router@6.30.6_react@18.3.1/node_modules/react-router/dist/umd/react-router.development.js:1203:17)
    at MemoryRouter (/Users/tunbee27/Documents/Tako-san-ui-rebuild/node_modules/.pnpm/react-router@6.30.6_react@18.3.1/node_modules/react-router/dist/umd/react-router.development.js:1097:7)
    at QueryClientProvider (file:///Users/tunbee27/Documents/Tako-san-ui-rebuild/node_modules/.pnpm/@tanstack+react-query@5.102.8_react@18.3.1/node_modules/@tanstack/react-query/build/modern/QueryClientProvider.js:12:32)
Warning: useLayoutEffect does nothing on the server, because its effect cannot be encoded into the server renderer's output format. This will lead to a mismatch between the initial, non-hydrated UI and the intended UI. To avoid this, useLayoutEffect should only be used in components that render exclusively on the client. See https://reactjs.org/link/uselayouteffect-ssr for common fixes.
    at LinkWithRef (/Users/tunbee27/Documents/Tako-san-ui-rebuild/node_modules/.pnpm/react-router-dom@6.30.6_react-dom@18.3.1_react@18.3.1__react@18.3.1/node_modules/react-router-dom/dist/umd/react-router-dom.development.js:807:9)
    at div
    at header
    at KitchenHeader (/Users/tunbee27/Documents/Tako-san-ui-rebuild/src/web/components/common/KitchenHeader.tsx:9:3)
    at TopBar (/Users/tunbee27/Documents/Tako-san-ui-rebuild/src/web/components/common/TopBar.tsx:9:3)
    at div
    at HomePage (/Users/tunbee27/Documents/Tako-san-ui-rebuild/src/web/pages/HomePage.tsx:161:65)
    at Router (/Users/tunbee27/Documents/Tako-san-ui-rebuild/node_modules/.pnpm/react-router@6.30.6_react@18.3.1/node_modules/react-router/dist/umd/react-router.development.js:1203:17)
    at MemoryRouter (/Users/tunbee27/Documents/Tako-san-ui-rebuild/node_modules/.pnpm/react-router@6.30.6_react@18.3.1/node_modules/react-router/dist/umd/react-router.development.js:1097:7)
    at QueryClientProvider (file:///Users/tunbee27/Documents/Tako-san-ui-rebuild/node_modules/.pnpm/@tanstack+react-query@5.102.8_react@18.3.1/node_modules/@tanstack/react-query/build/modern/QueryClientProvider.js:12:32)
Warning: useLayoutEffect does nothing on the server, because its effect cannot be encoded into the server renderer's output format. This will lead to a mismatch between the initial, non-hydrated UI and the intended UI. To avoid this, useLayoutEffect should only be used in components that render exclusively on the client. See https://reactjs.org/link/uselayouteffect-ssr for common fixes.
    at LinkWithRef (/Users/tunbee27/Documents/Tako-san-ui-rebuild/node_modules/.pnpm/react-router-dom@6.30.6_react-dom@18.3.1_react@18.3.1__react@18.3.1/node_modules/react-router-dom/dist/umd/react-router-dom.development.js:807:9)
    at div
    at section
    at div
    at div
    at div
    at div
    at HomePage (/Users/tunbee27/Documents/Tako-san-ui-rebuild/src/web/pages/HomePage.tsx:161:65)
    at Router (/Users/tunbee27/Documents/Tako-san-ui-rebuild/node_modules/.pnpm/react-router@6.30.6_react@18.3.1/node_modules/react-router/dist/umd/react-router.development.js:1203:17)
    at MemoryRouter (/Users/tunbee27/Documents/Tako-san-ui-rebuild/node_modules/.pnpm/react-router@6.30.6_react@18.3.1/node_modules/react-router/dist/umd/react-router.development.js:1097:7)
    at QueryClientProvider (file:///Users/tunbee27/Documents/Tako-san-ui-rebuild/node_modules/.pnpm/@tanstack+react-query@5.102.8_react@18.3.1/node_modules/@tanstack/react-query/build/modern/QueryClientProvider.js:12:32)
Warning: useLayoutEffect does nothing on the server, because its effect cannot be encoded into the server renderer's output format. This will lead to a mismatch between the initial, non-hydrated UI and the intended UI. To avoid this, useLayoutEffect should only be used in components that render exclusively on the client. See https://reactjs.org/link/uselayouteffect-ssr for common fixes.
    at LinkWithRef (/Users/tunbee27/Documents/Tako-san-ui-rebuild/node_modules/.pnpm/react-router-dom@6.30.6_react-dom@18.3.1_react@18.3.1__react@18.3.1/node_modules/react-router-dom/dist/umd/react-router-dom.development.js:807:9)
    at div
    at section
    at div
    at div
    at div
    at div
    at HomePage (/Users/tunbee27/Documents/Tako-san-ui-rebuild/src/web/pages/HomePage.tsx:161:65)
    at Router (/Users/tunbee27/Documents/Tako-san-ui-rebuild/node_modules/.pnpm/react-router@6.30.6_react@18.3.1/node_modules/react-router/dist/umd/react-router.development.js:1203:17)
    at MemoryRouter (/Users/tunbee27/Documents/Tako-san-ui-rebuild/node_modules/.pnpm/react-router@6.30.6_react@18.3.1/node_modules/react-router/dist/umd/react-router.development.js:1097:7)
    at QueryClientProvider (file:///Users/tunbee27/Documents/Tako-san-ui-rebuild/node_modules/.pnpm/@tanstack+react-query@5.102.8_react@18.3.1/node_modules/@tanstack/react-query/build/modern/QueryClientProvider.js:12:32)
Warning: useLayoutEffect does nothing on the server, because its effect cannot be encoded into the server renderer's output format. This will lead to a mismatch between the initial, non-hydrated UI and the intended UI. To avoid this, useLayoutEffect should only be used in components that render exclusively on the client. See https://reactjs.org/link/uselayouteffect-ssr for common fixes.
    at LinkWithRef (/Users/tunbee27/Documents/Tako-san-ui-rebuild/node_modules/.pnpm/react-router-dom@6.30.6_react-dom@18.3.1_react@18.3.1__react@18.3.1/node_modules/react-router-dom/dist/umd/react-router-dom.development.js:807:9)
    at div
    at section
    at div
    at div
    at div
    at div
    at HomePage (/Users/tunbee27/Documents/Tako-san-ui-rebuild/src/web/pages/HomePage.tsx:161:65)
    at Router (/Users/tunbee27/Documents/Tako-san-ui-rebuild/node_modules/.pnpm/react-router@6.30.6_react@18.3.1/node_modules/react-router/dist/umd/react-router.development.js:1203:17)
    at MemoryRouter (/Users/tunbee27/Documents/Tako-san-ui-rebuild/node_modules/.pnpm/react-router@6.30.6_react@18.3.1/node_modules/react-router/dist/umd/react-router.development.js:1097:7)
    at QueryClientProvider (file:///Users/tunbee27/Documents/Tako-san-ui-rebuild/node_modules/.pnpm/@tanstack+react-query@5.102.8_react@18.3.1/node_modules/@tanstack/react-query/build/modern/QueryClientProvider.js:12:32)
Warning: useLayoutEffect does nothing on the server, because its effect cannot be encoded into the server renderer's output format. This will lead to a mismatch between the initial, non-hydrated UI and the intended UI. To avoid this, useLayoutEffect should only be used in components that render exclusively on the client. See https://reactjs.org/link/uselayouteffect-ssr for common fixes.
    at LinkWithRef (/Users/tunbee27/Documents/Tako-san-ui-rebuild/node_modules/.pnpm/react-router-dom@6.30.6_react-dom@18.3.1_react@18.3.1__react@18.3.1/node_modules/react-router-dom/dist/umd/react-router-dom.development.js:807:9)
    at div
    at section
    at div
    at div
    at div
    at HomePage (/Users/tunbee27/Documents/Tako-san-ui-rebuild/src/web/pages/HomePage.tsx:161:65)
    at Router (/Users/tunbee27/Documents/Tako-san-ui-rebuild/node_modules/.pnpm/react-router@6.30.6_react@18.3.1/node_modules/react-router/dist/umd/react-router.development.js:1203:17)
    at MemoryRouter (/Users/tunbee27/Documents/Tako-san-ui-rebuild/node_modules/.pnpm/react-router@6.30.6_react@18.3.1/node_modules/react-router/dist/umd/react-router.development.js:1097:7)
    at QueryClientProvider (file:///Users/tunbee27/Documents/Tako-san-ui-rebuild/node_modules/.pnpm/@tanstack+react-query@5.102.8_react@18.3.1/node_modules/@tanstack/react-query/build/modern/QueryClientProvider.js:12:32)
Warning: useLayoutEffect does nothing on the server, because its effect cannot be encoded into the server renderer's output format. This will lead to a mismatch between the initial, non-hydrated UI and the intended UI. To avoid this, useLayoutEffect should only be used in components that render exclusively on the client. See https://reactjs.org/link/uselayouteffect-ssr for common fixes.
    at LinkWithRef (/Users/tunbee27/Documents/Tako-san-ui-rebuild/node_modules/.pnpm/react-router-dom@6.30.6_react-dom@18.3.1_react@18.3.1__react@18.3.1/node_modules/react-router-dom/dist/umd/react-router-dom.development.js:807:9)
    at section
    at div
    at div
    at div
    at HomePage (/Users/tunbee27/Documents/Tako-san-ui-rebuild/src/web/pages/HomePage.tsx:161:65)
    at Router (/Users/tunbee27/Documents/Tako-san-ui-rebuild/node_modules/.pnpm/react-router@6.30.6_react@18.3.1/node_modules/react-router/dist/umd/react-router.development.js:1203:17)
    at MemoryRouter (/Users/tunbee27/Documents/Tako-san-ui-rebuild/node_modules/.pnpm/react-router@6.30.6_react@18.3.1/node_modules/react-router/dist/umd/react-router.development.js:1097:7)
    at QueryClientProvider (file:///Users/tunbee27/Documents/Tako-san-ui-rebuild/node_modules/.pnpm/@tanstack+react-query@5.102.8_react@18.3.1/node_modules/@tanstack/react-query/build/modern/QueryClientProvider.js:12:32)

stderr | tests/integration/frontend-ui-integration.test.tsx > RecipeDetail loading, not-found, error, and success remain distinct > renders a real pending state before recipe data arrives
Warning: useLayoutEffect does nothing on the server, because its effect cannot be encoded into the server renderer's output format. This will lead to a mismatch between the initial, non-hydrated UI and the intended UI. To avoid this, useLayoutEffect should only be used in components that render exclusively on the client. See https://reactjs.org/link/uselayouteffect-ssr for common fixes.
    at MemoryRouter (/Users/tunbee27/Documents/Tako-san-ui-rebuild/node_modules/.pnpm/react-router@6.30.6_react@18.3.1/node_modules/react-router/dist/umd/react-router.development.js:1097:7)
    at QueryClientProvider (file:///Users/tunbee27/Documents/Tako-san-ui-rebuild/node_modules/.pnpm/@tanstack+react-query@5.102.8_react@18.3.1/node_modules/@tanstack/react-query/build/modern/QueryClientProvider.js:12:32)
Warning: useLayoutEffect does nothing on the server, because its effect cannot be encoded into the server renderer's output format. This will lead to a mismatch between the initial, non-hydrated UI and the intended UI. To avoid this, useLayoutEffect should only be used in components that render exclusively on the client. See https://reactjs.org/link/uselayouteffect-ssr for common fixes.
    at LinkWithRef (/Users/tunbee27/Documents/Tako-san-ui-rebuild/node_modules/.pnpm/react-router-dom@6.30.6_react-dom@18.3.1_react@18.3.1__react@18.3.1/node_modules/react-router-dom/dist/umd/react-router-dom.development.js:807:9)
    at div
    at header
    at KitchenHeader (/Users/tunbee27/Documents/Tako-san-ui-rebuild/src/web/components/common/KitchenHeader.tsx:9:3)
    at TopBar (/Users/tunbee27/Documents/Tako-san-ui-rebuild/src/web/components/common/TopBar.tsx:9:3)
    at div
    at RecipeDetailPage (/Users/tunbee27/Documents/Tako-san-ui-rebuild/src/web/pages/RecipeDetailPage.tsx:51:63)
    at Router (/Users/tunbee27/Documents/Tako-san-ui-rebuild/node_modules/.pnpm/react-router@6.30.6_react@18.3.1/node_modules/react-router/dist/umd/react-router.development.js:1203:17)
    at MemoryRouter (/Users/tunbee27/Documents/Tako-san-ui-rebuild/node_modules/.pnpm/react-router@6.30.6_react@18.3.1/node_modules/react-router/dist/umd/react-router.development.js:1097:7)
    at QueryClientProvider (file:///Users/tunbee27/Documents/Tako-san-ui-rebuild/node_modules/.pnpm/@tanstack+react-query@5.102.8_react@18.3.1/node_modules/@tanstack/react-query/build/modern/QueryClientProvider.js:12:32)
Warning: useLayoutEffect does nothing on the server, because its effect cannot be encoded into the server renderer's output format. This will lead to a mismatch between the initial, non-hydrated UI and the intended UI. To avoid this, useLayoutEffect should only be used in components that render exclusively on the client. See https://reactjs.org/link/uselayouteffect-ssr for common fixes.
    at LinkWithRef (/Users/tunbee27/Documents/Tako-san-ui-rebuild/node_modules/.pnpm/react-router-dom@6.30.6_react-dom@18.3.1_react@18.3.1__react@18.3.1/node_modules/react-router-dom/dist/umd/react-router-dom.development.js:807:9)
    at div
    at header
    at KitchenHeader (/Users/tunbee27/Documents/Tako-san-ui-rebuild/src/web/components/common/KitchenHeader.tsx:9:3)
    at TopBar (/Users/tunbee27/Documents/Tako-san-ui-rebuild/src/web/components/common/TopBar.tsx:9:3)
    at div
    at RecipeDetailPage (/Users/tunbee27/Documents/Tako-san-ui-rebuild/src/web/pages/RecipeDetailPage.tsx:51:63)
    at Router (/Users/tunbee27/Documents/Tako-san-ui-rebuild/node_modules/.pnpm/react-router@6.30.6_react@18.3.1/node_modules/react-router/dist/umd/react-router.development.js:1203:17)
    at MemoryRouter (/Users/tunbee27/Documents/Tako-san-ui-rebuild/node_modules/.pnpm/react-router@6.30.6_react@18.3.1/node_modules/react-router/dist/umd/react-router.development.js:1097:7)
    at QueryClientProvider (file:///Users/tunbee27/Documents/Tako-san-ui-rebuild/node_modules/.pnpm/@tanstack+react-query@5.102.8_react@18.3.1/node_modules/@tanstack/react-query/build/modern/QueryClientProvider.js:12:32)
Warning: useLayoutEffect does nothing on the server, because its effect cannot be encoded into the server renderer's output format. This will lead to a mismatch between the initial, non-hydrated UI and the intended UI. To avoid this, useLayoutEffect should only be used in components that render exclusively on the client. See https://reactjs.org/link/uselayouteffect-ssr for common fixes.
    at LinkWithRef (/Users/tunbee27/Documents/Tako-san-ui-rebuild/node_modules/.pnpm/react-router-dom@6.30.6_react-dom@18.3.1_react@18.3.1__react@18.3.1/node_modules/react-router-dom/dist/umd/react-router-dom.development.js:807:9)
    at div
    at header
    at KitchenHeader (/Users/tunbee27/Documents/Tako-san-ui-rebuild/src/web/components/common/KitchenHeader.tsx:9:3)
    at TopBar (/Users/tunbee27/Documents/Tako-san-ui-rebuild/src/web/components/common/TopBar.tsx:9:3)
    at div
    at RecipeDetailPage (/Users/tunbee27/Documents/Tako-san-ui-rebuild/src/web/pages/RecipeDetailPage.tsx:51:63)
    at Router (/Users/tunbee27/Documents/Tako-san-ui-rebuild/node_modules/.pnpm/react-router@6.30.6_react@18.3.1/node_modules/react-router/dist/umd/react-router.development.js:1203:17)
    at MemoryRouter (/Users/tunbee27/Documents/Tako-san-ui-rebuild/node_modules/.pnpm/react-router@6.30.6_react@18.3.1/node_modules/react-router/dist/umd/react-router.development.js:1097:7)
    at QueryClientProvider (file:///Users/tunbee27/Documents/Tako-san-ui-rebuild/node_modules/.pnpm/@tanstack+react-query@5.102.8_react@18.3.1/node_modules/@tanstack/react-query/build/modern/QueryClientProvider.js:12:32)
Warning: useLayoutEffect does nothing on the server, because its effect cannot be encoded into the server renderer's output format. This will lead to a mismatch between the initial, non-hydrated UI and the intended UI. To avoid this, useLayoutEffect should only be used in components that render exclusively on the client. See https://reactjs.org/link/uselayouteffect-ssr for common fixes.
    at LinkWithRef (/Users/tunbee27/Documents/Tako-san-ui-rebuild/node_modules/.pnpm/react-router-dom@6.30.6_react-dom@18.3.1_react@18.3.1__react@18.3.1/node_modules/react-router-dom/dist/umd/react-router-dom.development.js:807:9)
    at div
    at header
    at KitchenHeader (/Users/tunbee27/Documents/Tako-san-ui-rebuild/src/web/components/common/KitchenHeader.tsx:9:3)
    at TopBar (/Users/tunbee27/Documents/Tako-san-ui-rebuild/src/web/components/common/TopBar.tsx:9:3)
    at div
    at RecipeDetailPage (/Users/tunbee27/Documents/Tako-san-ui-rebuild/src/web/pages/RecipeDetailPage.tsx:51:63)
    at Router (/Users/tunbee27/Documents/Tako-san-ui-rebuild/node_modules/.pnpm/react-router@6.30.6_react@18.3.1/node_modules/react-router/dist/umd/react-router.development.js:1203:17)
    at MemoryRouter (/Users/tunbee27/Documents/Tako-san-ui-rebuild/node_modules/.pnpm/react-router@6.30.6_react@18.3.1/node_modules/react-router/dist/umd/react-router.development.js:1097:7)
    at QueryClientProvider (file:///Users/tunbee27/Documents/Tako-san-ui-rebuild/node_modules/.pnpm/@tanstack+react-query@5.102.8_react@18.3.1/node_modules/@tanstack/react-query/build/modern/QueryClientProvider.js:12:32)

stderr | tests/integration/frontend-ui-integration.test.tsx > RecipeDetail loading, not-found, error, and success remain distinct > does not spin forever when a successful response has no recipe
Warning: useLayoutEffect does nothing on the server, because its effect cannot be encoded into the server renderer's output format. This will lead to a mismatch between the initial, non-hydrated UI and the intended UI. To avoid this, useLayoutEffect should only be used in components that render exclusively on the client. See https://reactjs.org/link/uselayouteffect-ssr for common fixes.
    at MemoryRouter (/Users/tunbee27/Documents/Tako-san-ui-rebuild/node_modules/.pnpm/react-router@6.30.6_react@18.3.1/node_modules/react-router/dist/umd/react-router.development.js:1097:7)
    at QueryClientProvider (file:///Users/tunbee27/Documents/Tako-san-ui-rebuild/node_modules/.pnpm/@tanstack+react-query@5.102.8_react@18.3.1/node_modules/@tanstack/react-query/build/modern/QueryClientProvider.js:12:32)
Warning: useLayoutEffect does nothing on the server, because its effect cannot be encoded into the server renderer's output format. This will lead to a mismatch between the initial, non-hydrated UI and the intended UI. To avoid this, useLayoutEffect should only be used in components that render exclusively on the client. See https://reactjs.org/link/uselayouteffect-ssr for common fixes.
    at LinkWithRef (/Users/tunbee27/Documents/Tako-san-ui-rebuild/node_modules/.pnpm/react-router-dom@6.30.6_react-dom@18.3.1_react@18.3.1__react@18.3.1/node_modules/react-router-dom/dist/umd/react-router-dom.development.js:807:9)
    at div
    at header
    at KitchenHeader (/Users/tunbee27/Documents/Tako-san-ui-rebuild/src/web/components/common/KitchenHeader.tsx:9:3)
    at TopBar (/Users/tunbee27/Documents/Tako-san-ui-rebuild/src/web/components/common/TopBar.tsx:9:3)
    at div
    at RecipeDetailPage (/Users/tunbee27/Documents/Tako-san-ui-rebuild/src/web/pages/RecipeDetailPage.tsx:51:63)
    at Router (/Users/tunbee27/Documents/Tako-san-ui-rebuild/node_modules/.pnpm/react-router@6.30.6_react@18.3.1/node_modules/react-router/dist/umd/react-router.development.js:1203:17)
    at MemoryRouter (/Users/tunbee27/Documents/Tako-san-ui-rebuild/node_modules/.pnpm/react-router@6.30.6_react@18.3.1/node_modules/react-router/dist/umd/react-router.development.js:1097:7)
    at QueryClientProvider (file:///Users/tunbee27/Documents/Tako-san-ui-rebuild/node_modules/.pnpm/@tanstack+react-query@5.102.8_react@18.3.1/node_modules/@tanstack/react-query/build/modern/QueryClientProvider.js:12:32)
Warning: useLayoutEffect does nothing on the server, because its effect cannot be encoded into the server renderer's output format. This will lead to a mismatch between the initial, non-hydrated UI and the intended UI. To avoid this, useLayoutEffect should only be used in components that render exclusively on the client. See https://reactjs.org/link/uselayouteffect-ssr for common fixes.
    at LinkWithRef (/Users/tunbee27/Documents/Tako-san-ui-rebuild/node_modules/.pnpm/react-router-dom@6.30.6_react-dom@18.3.1_react@18.3.1__react@18.3.1/node_modules/react-router-dom/dist/umd/react-router-dom.development.js:807:9)
    at div
    at header
    at KitchenHeader (/Users/tunbee27/Documents/Tako-san-ui-rebuild/src/web/components/common/KitchenHeader.tsx:9:3)
    at TopBar (/Users/tunbee27/Documents/Tako-san-ui-rebuild/src/web/components/common/TopBar.tsx:9:3)
    at div
    at RecipeDetailPage (/Users/tunbee27/Documents/Tako-san-ui-rebuild/src/web/pages/RecipeDetailPage.tsx:51:63)
    at Router (/Users/tunbee27/Documents/Tako-san-ui-rebuild/node_modules/.pnpm/react-router@6.30.6_react@18.3.1/node_modules/react-router/dist/umd/react-router.development.js:1203:17)
    at MemoryRouter (/Users/tunbee27/Documents/Tako-san-ui-rebuild/node_modules/.pnpm/react-router@6.30.6_react@18.3.1/node_modules/react-router/dist/umd/react-router.development.js:1097:7)
    at QueryClientProvider (file:///Users/tunbee27/Documents/Tako-san-ui-rebuild/node_modules/.pnpm/@tanstack+react-query@5.102.8_react@18.3.1/node_modules/@tanstack/react-query/build/modern/QueryClientProvider.js:12:32)
Warning: useLayoutEffect does nothing on the server, because its effect cannot be encoded into the server renderer's output format. This will lead to a mismatch between the initial, non-hydrated UI and the intended UI. To avoid this, useLayoutEffect should only be used in components that render exclusively on the client. See https://reactjs.org/link/uselayouteffect-ssr for common fixes.
    at LinkWithRef (/Users/tunbee27/Documents/Tako-san-ui-rebuild/node_modules/.pnpm/react-router-dom@6.30.6_react-dom@18.3.1_react@18.3.1__react@18.3.1/node_modules/react-router-dom/dist/umd/react-router-dom.development.js:807:9)
    at div
    at header
    at KitchenHeader (/Users/tunbee27/Documents/Tako-san-ui-rebuild/src/web/components/common/KitchenHeader.tsx:9:3)
    at TopBar (/Users/tunbee27/Documents/Tako-san-ui-rebuild/src/web/components/common/TopBar.tsx:9:3)
    at div
    at RecipeDetailPage (/Users/tunbee27/Documents/Tako-san-ui-rebuild/src/web/pages/RecipeDetailPage.tsx:51:63)
    at Router (/Users/tunbee27/Documents/Tako-san-ui-rebuild/node_modules/.pnpm/react-router@6.30.6_react@18.3.1/node_modules/react-router/dist/umd/react-router.development.js:1203:17)
    at MemoryRouter (/Users/tunbee27/Documents/Tako-san-ui-rebuild/node_modules/.pnpm/react-router@6.30.6_react@18.3.1/node_modules/react-router/dist/umd/react-router.development.js:1097:7)
    at QueryClientProvider (file:///Users/tunbee27/Documents/Tako-san-ui-rebuild/node_modules/.pnpm/@tanstack+react-query@5.102.8_react@18.3.1/node_modules/@tanstack/react-query/build/modern/QueryClientProvider.js:12:32)
Warning: useLayoutEffect does nothing on the server, because its effect cannot be encoded into the server renderer's output format. This will lead to a mismatch between the initial, non-hydrated UI and the intended UI. To avoid this, useLayoutEffect should only be used in components that render exclusively on the client. See https://reactjs.org/link/uselayouteffect-ssr for common fixes.
    at LinkWithRef (/Users/tunbee27/Documents/Tako-san-ui-rebuild/node_modules/.pnpm/react-router-dom@6.30.6_react-dom@18.3.1_react@18.3.1__react@18.3.1/node_modules/react-router-dom/dist/umd/react-router-dom.development.js:807:9)
    at div
    at header
    at KitchenHeader (/Users/tunbee27/Documents/Tako-san-ui-rebuild/src/web/components/common/KitchenHeader.tsx:9:3)
    at TopBar (/Users/tunbee27/Documents/Tako-san-ui-rebuild/src/web/components/common/TopBar.tsx:9:3)
    at div
    at RecipeDetailPage (/Users/tunbee27/Documents/Tako-san-ui-rebuild/src/web/pages/RecipeDetailPage.tsx:51:63)
    at Router (/Users/tunbee27/Documents/Tako-san-ui-rebuild/node_modules/.pnpm/react-router@6.30.6_react@18.3.1/node_modules/react-router/dist/umd/react-router.development.js:1203:17)
    at MemoryRouter (/Users/tunbee27/Documents/Tako-san-ui-rebuild/node_modules/.pnpm/react-router@6.30.6_react@18.3.1/node_modules/react-router/dist/umd/react-router.development.js:1097:7)
    at QueryClientProvider (file:///Users/tunbee27/Documents/Tako-san-ui-rebuild/node_modules/.pnpm/@tanstack+react-query@5.102.8_react@18.3.1/node_modules/@tanstack/react-query/build/modern/QueryClientProvider.js:12:32)

stderr | tests/integration/frontend-ui-integration.test.tsx > RecipeDetail loading, not-found, error, and success remain distinct > renders a distinct 404 response instead of an infinite spinner
Warning: useLayoutEffect does nothing on the server, because its effect cannot be encoded into the server renderer's output format. This will lead to a mismatch between the initial, non-hydrated UI and the intended UI. To avoid this, useLayoutEffect should only be used in components that render exclusively on the client. See https://reactjs.org/link/uselayouteffect-ssr for common fixes.
    at MemoryRouter (/Users/tunbee27/Documents/Tako-san-ui-rebuild/node_modules/.pnpm/react-router@6.30.6_react@18.3.1/node_modules/react-router/dist/umd/react-router.development.js:1097:7)
    at QueryClientProvider (file:///Users/tunbee27/Documents/Tako-san-ui-rebuild/node_modules/.pnpm/@tanstack+react-query@5.102.8_react@18.3.1/node_modules/@tanstack/react-query/build/modern/QueryClientProvider.js:12:32)
Warning: useLayoutEffect does nothing on the server, because its effect cannot be encoded into the server renderer's output format. This will lead to a mismatch between the initial, non-hydrated UI and the intended UI. To avoid this, useLayoutEffect should only be used in components that render exclusively on the client. See https://reactjs.org/link/uselayouteffect-ssr for common fixes.
    at LinkWithRef (/Users/tunbee27/Documents/Tako-san-ui-rebuild/node_modules/.pnpm/react-router-dom@6.30.6_react-dom@18.3.1_react@18.3.1__react@18.3.1/node_modules/react-router-dom/dist/umd/react-router-dom.development.js:807:9)
    at div
    at header
    at KitchenHeader (/Users/tunbee27/Documents/Tako-san-ui-rebuild/src/web/components/common/KitchenHeader.tsx:9:3)
    at TopBar (/Users/tunbee27/Documents/Tako-san-ui-rebuild/src/web/components/common/TopBar.tsx:9:3)
    at div
    at RecipeDetailPage (/Users/tunbee27/Documents/Tako-san-ui-rebuild/src/web/pages/RecipeDetailPage.tsx:51:63)
    at Router (/Users/tunbee27/Documents/Tako-san-ui-rebuild/node_modules/.pnpm/react-router@6.30.6_react@18.3.1/node_modules/react-router/dist/umd/react-router.development.js:1203:17)
    at MemoryRouter (/Users/tunbee27/Documents/Tako-san-ui-rebuild/node_modules/.pnpm/react-router@6.30.6_react@18.3.1/node_modules/react-router/dist/umd/react-router.development.js:1097:7)
    at QueryClientProvider (file:///Users/tunbee27/Documents/Tako-san-ui-rebuild/node_modules/.pnpm/@tanstack+react-query@5.102.8_react@18.3.1/node_modules/@tanstack/react-query/build/modern/QueryClientProvider.js:12:32)
Warning: useLayoutEffect does nothing on the server, because its effect cannot be encoded into the server renderer's output format. This will lead to a mismatch between the initial, non-hydrated UI and the intended UI. To avoid this, useLayoutEffect should only be used in components that render exclusively on the client. See https://reactjs.org/link/uselayouteffect-ssr for common fixes.
    at LinkWithRef (/Users/tunbee27/Documents/Tako-san-ui-rebuild/node_modules/.pnpm/react-router-dom@6.30.6_react-dom@18.3.1_react@18.3.1__react@18.3.1/node_modules/react-router-dom/dist/umd/react-router-dom.development.js:807:9)
    at div
    at header
    at KitchenHeader (/Users/tunbee27/Documents/Tako-san-ui-rebuild/src/web/components/common/KitchenHeader.tsx:9:3)
    at TopBar (/Users/tunbee27/Documents/Tako-san-ui-rebuild/src/web/components/common/TopBar.tsx:9:3)
    at div
    at RecipeDetailPage (/Users/tunbee27/Documents/Tako-san-ui-rebuild/src/web/pages/RecipeDetailPage.tsx:51:63)
    at Router (/Users/tunbee27/Documents/Tako-san-ui-rebuild/node_modules/.pnpm/react-router@6.30.6_react@18.3.1/node_modules/react-router/dist/umd/react-router.development.js:1203:17)
    at MemoryRouter (/Users/tunbee27/Documents/Tako-san-ui-rebuild/node_modules/.pnpm/react-router@6.30.6_react@18.3.1/node_modules/react-router/dist/umd/react-router.development.js:1097:7)
    at QueryClientProvider (file:///Users/tunbee27/Documents/Tako-san-ui-rebuild/node_modules/.pnpm/@tanstack+react-query@5.102.8_react@18.3.1/node_modules/@tanstack/react-query/build/modern/QueryClientProvider.js:12:32)
Warning: useLayoutEffect does nothing on the server, because its effect cannot be encoded into the server renderer's output format. This will lead to a mismatch between the initial, non-hydrated UI and the intended UI. To avoid this, useLayoutEffect should only be used in components that render exclusively on the client. See https://reactjs.org/link/uselayouteffect-ssr for common fixes.
    at LinkWithRef (/Users/tunbee27/Documents/Tako-san-ui-rebuild/node_modules/.pnpm/react-router-dom@6.30.6_react-dom@18.3.1_react@18.3.1__react@18.3.1/node_modules/react-router-dom/dist/umd/react-router-dom.development.js:807:9)
    at div
    at header
    at KitchenHeader (/Users/tunbee27/Documents/Tako-san-ui-rebuild/src/web/components/common/KitchenHeader.tsx:9:3)
    at TopBar (/Users/tunbee27/Documents/Tako-san-ui-rebuild/src/web/components/common/TopBar.tsx:9:3)
    at div
    at RecipeDetailPage (/Users/tunbee27/Documents/Tako-san-ui-rebuild/src/web/pages/RecipeDetailPage.tsx:51:63)
    at Router (/Users/tunbee27/Documents/Tako-san-ui-rebuild/node_modules/.pnpm/react-router@6.30.6_react@18.3.1/node_modules/react-router/dist/umd/react-router.development.js:1203:17)
    at MemoryRouter (/Users/tunbee27/Documents/Tako-san-ui-rebuild/node_modules/.pnpm/react-router@6.30.6_react@18.3.1/node_modules/react-router/dist/umd/react-router.development.js:1097:7)
    at QueryClientProvider (file:///Users/tunbee27/Documents/Tako-san-ui-rebuild/node_modules/.pnpm/@tanstack+react-query@5.102.8_react@18.3.1/node_modules/@tanstack/react-query/build/modern/QueryClientProvider.js:12:32)
Warning: useLayoutEffect does nothing on the server, because its effect cannot be encoded into the server renderer's output format. This will lead to a mismatch between the initial, non-hydrated UI and the intended UI. To avoid this, useLayoutEffect should only be used in components that render exclusively on the client. See https://reactjs.org/link/uselayouteffect-ssr for common fixes.
    at LinkWithRef (/Users/tunbee27/Documents/Tako-san-ui-rebuild/node_modules/.pnpm/react-router-dom@6.30.6_react-dom@18.3.1_react@18.3.1__react@18.3.1/node_modules/react-router-dom/dist/umd/react-router-dom.development.js:807:9)
    at div
    at header
    at KitchenHeader (/Users/tunbee27/Documents/Tako-san-ui-rebuild/src/web/components/common/KitchenHeader.tsx:9:3)
    at TopBar (/Users/tunbee27/Documents/Tako-san-ui-rebuild/src/web/components/common/TopBar.tsx:9:3)
    at div
    at RecipeDetailPage (/Users/tunbee27/Documents/Tako-san-ui-rebuild/src/web/pages/RecipeDetailPage.tsx:51:63)
    at Router (/Users/tunbee27/Documents/Tako-san-ui-rebuild/node_modules/.pnpm/react-router@6.30.6_react@18.3.1/node_modules/react-router/dist/umd/react-router.development.js:1203:17)
    at MemoryRouter (/Users/tunbee27/Documents/Tako-san-ui-rebuild/node_modules/.pnpm/react-router@6.30.6_react@18.3.1/node_modules/react-router/dist/umd/react-router.development.js:1097:7)
    at QueryClientProvider (file:///Users/tunbee27/Documents/Tako-san-ui-rebuild/node_modules/.pnpm/@tanstack+react-query@5.102.8_react@18.3.1/node_modules/@tanstack/react-query/build/modern/QueryClientProvider.js:12:32)

stderr | tests/integration/frontend-ui-integration.test.tsx > RecipeDetail loading, not-found, error, and success remain distinct > renders a distinct 500 response instead of an infinite spinner
Warning: useLayoutEffect does nothing on the server, because its effect cannot be encoded into the server renderer's output format. This will lead to a mismatch between the initial, non-hydrated UI and the intended UI. To avoid this, useLayoutEffect should only be used in components that render exclusively on the client. See https://reactjs.org/link/uselayouteffect-ssr for common fixes.
    at MemoryRouter (/Users/tunbee27/Documents/Tako-san-ui-rebuild/node_modules/.pnpm/react-router@6.30.6_react@18.3.1/node_modules/react-router/dist/umd/react-router.development.js:1097:7)
    at QueryClientProvider (file:///Users/tunbee27/Documents/Tako-san-ui-rebuild/node_modules/.pnpm/@tanstack+react-query@5.102.8_react@18.3.1/node_modules/@tanstack/react-query/build/modern/QueryClientProvider.js:12:32)
Warning: useLayoutEffect does nothing on the server, because its effect cannot be encoded into the server renderer's output format. This will lead to a mismatch between the initial, non-hydrated UI and the intended UI. To avoid this, useLayoutEffect should only be used in components that render exclusively on the client. See https://reactjs.org/link/uselayouteffect-ssr for common fixes.
    at LinkWithRef (/Users/tunbee27/Documents/Tako-san-ui-rebuild/node_modules/.pnpm/react-router-dom@6.30.6_react-dom@18.3.1_react@18.3.1__react@18.3.1/node_modules/react-router-dom/dist/umd/react-router-dom.development.js:807:9)
    at div
    at header
    at KitchenHeader (/Users/tunbee27/Documents/Tako-san-ui-rebuild/src/web/components/common/KitchenHeader.tsx:9:3)
    at TopBar (/Users/tunbee27/Documents/Tako-san-ui-rebuild/src/web/components/common/TopBar.tsx:9:3)
    at div
    at RecipeDetailPage (/Users/tunbee27/Documents/Tako-san-ui-rebuild/src/web/pages/RecipeDetailPage.tsx:51:63)
    at Router (/Users/tunbee27/Documents/Tako-san-ui-rebuild/node_modules/.pnpm/react-router@6.30.6_react@18.3.1/node_modules/react-router/dist/umd/react-router.development.js:1203:17)
    at MemoryRouter (/Users/tunbee27/Documents/Tako-san-ui-rebuild/node_modules/.pnpm/react-router@6.30.6_react@18.3.1/node_modules/react-router/dist/umd/react-router.development.js:1097:7)
    at QueryClientProvider (file:///Users/tunbee27/Documents/Tako-san-ui-rebuild/node_modules/.pnpm/@tanstack+react-query@5.102.8_react@18.3.1/node_modules/@tanstack/react-query/build/modern/QueryClientProvider.js:12:32)
Warning: useLayoutEffect does nothing on the server, because its effect cannot be encoded into the server renderer's output format. This will lead to a mismatch between the initial, non-hydrated UI and the intended UI. To avoid this, useLayoutEffect should only be used in components that render exclusively on the client. See https://reactjs.org/link/uselayouteffect-ssr for common fixes.
    at LinkWithRef (/Users/tunbee27/Documents/Tako-san-ui-rebuild/node_modules/.pnpm/react-router-dom@6.30.6_react-dom@18.3.1_react@18.3.1__react@18.3.1/node_modules/react-router-dom/dist/umd/react-router-dom.development.js:807:9)
    at div
    at header
    at KitchenHeader (/Users/tunbee27/Documents/Tako-san-ui-rebuild/src/web/components/common/KitchenHeader.tsx:9:3)
    at TopBar (/Users/tunbee27/Documents/Tako-san-ui-rebuild/src/web/components/common/TopBar.tsx:9:3)
    at div
    at RecipeDetailPage (/Users/tunbee27/Documents/Tako-san-ui-rebuild/src/web/pages/RecipeDetailPage.tsx:51:63)
    at Router (/Users/tunbee27/Documents/Tako-san-ui-rebuild/node_modules/.pnpm/react-router@6.30.6_react@18.3.1/node_modules/react-router/dist/umd/react-router.development.js:1203:17)
    at MemoryRouter (/Users/tunbee27/Documents/Tako-san-ui-rebuild/node_modules/.pnpm/react-router@6.30.6_react@18.3.1/node_modules/react-router/dist/umd/react-router.development.js:1097:7)
    at QueryClientProvider (file:///Users/tunbee27/Documents/Tako-san-ui-rebuild/node_modules/.pnpm/@tanstack+react-query@5.102.8_react@18.3.1/node_modules/@tanstack/react-query/build/modern/QueryClientProvider.js:12:32)
Warning: useLayoutEffect does nothing on the server, because its effect cannot be encoded into the server renderer's output format. This will lead to a mismatch between the initial, non-hydrated UI and the intended UI. To avoid this, useLayoutEffect should only be used in components that render exclusively on the client. See https://reactjs.org/link/uselayouteffect-ssr for common fixes.
    at LinkWithRef (/Users/tunbee27/Documents/Tako-san-ui-rebuild/node_modules/.pnpm/react-router-dom@6.30.6_react-dom@18.3.1_react@18.3.1__react@18.3.1/node_modules/react-router-dom/dist/umd/react-router-dom.development.js:807:9)
    at div
    at header
    at KitchenHeader (/Users/tunbee27/Documents/Tako-san-ui-rebuild/src/web/components/common/KitchenHeader.tsx:9:3)
    at TopBar (/Users/tunbee27/Documents/Tako-san-ui-rebuild/src/web/components/common/TopBar.tsx:9:3)
    at div
    at RecipeDetailPage (/Users/tunbee27/Documents/Tako-san-ui-rebuild/src/web/pages/RecipeDetailPage.tsx:51:63)
    at Router (/Users/tunbee27/Documents/Tako-san-ui-rebuild/node_modules/.pnpm/react-router@6.30.6_react@18.3.1/node_modules/react-router/dist/umd/react-router.development.js:1203:17)
    at MemoryRouter (/Users/tunbee27/Documents/Tako-san-ui-rebuild/node_modules/.pnpm/react-router@6.30.6_react@18.3.1/node_modules/react-router/dist/umd/react-router.development.js:1097:7)
    at QueryClientProvider (file:///Users/tunbee27/Documents/Tako-san-ui-rebuild/node_modules/.pnpm/@tanstack+react-query@5.102.8_react@18.3.1/node_modules/@tanstack/react-query/build/modern/QueryClientProvider.js:12:32)
Warning: useLayoutEffect does nothing on the server, because its effect cannot be encoded into the server renderer's output format. This will lead to a mismatch between the initial, non-hydrated UI and the intended UI. To avoid this, useLayoutEffect should only be used in components that render exclusively on the client. See https://reactjs.org/link/uselayouteffect-ssr for common fixes.
    at LinkWithRef (/Users/tunbee27/Documents/Tako-san-ui-rebuild/node_modules/.pnpm/react-router-dom@6.30.6_react-dom@18.3.1_react@18.3.1__react@18.3.1/node_modules/react-router-dom/dist/umd/react-router-dom.development.js:807:9)
    at div
    at header
    at KitchenHeader (/Users/tunbee27/Documents/Tako-san-ui-rebuild/src/web/components/common/KitchenHeader.tsx:9:3)
    at TopBar (/Users/tunbee27/Documents/Tako-san-ui-rebuild/src/web/components/common/TopBar.tsx:9:3)
    at div
    at RecipeDetailPage (/Users/tunbee27/Documents/Tako-san-ui-rebuild/src/web/pages/RecipeDetailPage.tsx:51:63)
    at Router (/Users/tunbee27/Documents/Tako-san-ui-rebuild/node_modules/.pnpm/react-router@6.30.6_react@18.3.1/node_modules/react-router/dist/umd/react-router.development.js:1203:17)
    at MemoryRouter (/Users/tunbee27/Documents/Tako-san-ui-rebuild/node_modules/.pnpm/react-router@6.30.6_react@18.3.1/node_modules/react-router/dist/umd/react-router.development.js:1097:7)
    at QueryClientProvider (file:///Users/tunbee27/Documents/Tako-san-ui-rebuild/node_modules/.pnpm/@tanstack+react-query@5.102.8_react@18.3.1/node_modules/@tanstack/react-query/build/modern/QueryClientProvider.js:12:32)

stderr | tests/integration/frontend-ui-integration.test.tsx > RecipeDetail loading, not-found, error, and success remain distinct > renders the offline error honestly with retry
Warning: useLayoutEffect does nothing on the server, because its effect cannot be encoded into the server renderer's output format. This will lead to a mismatch between the initial, non-hydrated UI and the intended UI. To avoid this, useLayoutEffect should only be used in components that render exclusively on the client. See https://reactjs.org/link/uselayouteffect-ssr for common fixes.
    at MemoryRouter (/Users/tunbee27/Documents/Tako-san-ui-rebuild/node_modules/.pnpm/react-router@6.30.6_react@18.3.1/node_modules/react-router/dist/umd/react-router.development.js:1097:7)
    at QueryClientProvider (file:///Users/tunbee27/Documents/Tako-san-ui-rebuild/node_modules/.pnpm/@tanstack+react-query@5.102.8_react@18.3.1/node_modules/@tanstack/react-query/build/modern/QueryClientProvider.js:12:32)
Warning: useLayoutEffect does nothing on the server, because its effect cannot be encoded into the server renderer's output format. This will lead to a mismatch between the initial, non-hydrated UI and the intended UI. To avoid this, useLayoutEffect should only be used in components that render exclusively on the client. See https://reactjs.org/link/uselayouteffect-ssr for common fixes.
    at LinkWithRef (/Users/tunbee27/Documents/Tako-san-ui-rebuild/node_modules/.pnpm/react-router-dom@6.30.6_react-dom@18.3.1_react@18.3.1__react@18.3.1/node_modules/react-router-dom/dist/umd/react-router-dom.development.js:807:9)
    at div
    at header
    at KitchenHeader (/Users/tunbee27/Documents/Tako-san-ui-rebuild/src/web/components/common/KitchenHeader.tsx:9:3)
    at TopBar (/Users/tunbee27/Documents/Tako-san-ui-rebuild/src/web/components/common/TopBar.tsx:9:3)
    at div
    at RecipeDetailPage (/Users/tunbee27/Documents/Tako-san-ui-rebuild/src/web/pages/RecipeDetailPage.tsx:51:63)
    at Router (/Users/tunbee27/Documents/Tako-san-ui-rebuild/node_modules/.pnpm/react-router@6.30.6_react@18.3.1/node_modules/react-router/dist/umd/react-router.development.js:1203:17)
    at MemoryRouter (/Users/tunbee27/Documents/Tako-san-ui-rebuild/node_modules/.pnpm/react-router@6.30.6_react@18.3.1/node_modules/react-router/dist/umd/react-router.development.js:1097:7)
    at QueryClientProvider (file:///Users/tunbee27/Documents/Tako-san-ui-rebuild/node_modules/.pnpm/@tanstack+react-query@5.102.8_react@18.3.1/node_modules/@tanstack/react-query/build/modern/QueryClientProvider.js:12:32)
Warning: useLayoutEffect does nothing on the server, because its effect cannot be encoded into the server renderer's output format. This will lead to a mismatch between the initial, non-hydrated UI and the intended UI. To avoid this, useLayoutEffect should only be used in components that render exclusively on the client. See https://reactjs.org/link/uselayouteffect-ssr for common fixes.
    at LinkWithRef (/Users/tunbee27/Documents/Tako-san-ui-rebuild/node_modules/.pnpm/react-router-dom@6.30.6_react-dom@18.3.1_react@18.3.1__react@18.3.1/node_modules/react-router-dom/dist/umd/react-router-dom.development.js:807:9)
    at div
    at header
    at KitchenHeader (/Users/tunbee27/Documents/Tako-san-ui-rebuild/src/web/components/common/KitchenHeader.tsx:9:3)
    at TopBar (/Users/tunbee27/Documents/Tako-san-ui-rebuild/src/web/components/common/TopBar.tsx:9:3)
    at div
    at RecipeDetailPage (/Users/tunbee27/Documents/Tako-san-ui-rebuild/src/web/pages/RecipeDetailPage.tsx:51:63)
    at Router (/Users/tunbee27/Documents/Tako-san-ui-rebuild/node_modules/.pnpm/react-router@6.30.6_react@18.3.1/node_modules/react-router/dist/umd/react-router.development.js:1203:17)
    at MemoryRouter (/Users/tunbee27/Documents/Tako-san-ui-rebuild/node_modules/.pnpm/react-router@6.30.6_react@18.3.1/node_modules/react-router/dist/umd/react-router.development.js:1097:7)
    at QueryClientProvider (file:///Users/tunbee27/Documents/Tako-san-ui-rebuild/node_modules/.pnpm/@tanstack+react-query@5.102.8_react@18.3.1/node_modules/@tanstack/react-query/build/modern/QueryClientProvider.js:12:32)
Warning: useLayoutEffect does nothing on the server, because its effect cannot be encoded into the server renderer's output format. This will lead to a mismatch between the initial, non-hydrated UI and the intended UI. To avoid this, useLayoutEffect should only be used in components that render exclusively on the client. See https://reactjs.org/link/uselayouteffect-ssr for common fixes.
    at LinkWithRef (/Users/tunbee27/Documents/Tako-san-ui-rebuild/node_modules/.pnpm/react-router-dom@6.30.6_react-dom@18.3.1_react@18.3.1__react@18.3.1/node_modules/react-router-dom/dist/umd/react-router-dom.development.js:807:9)
    at div
    at header
    at KitchenHeader (/Users/tunbee27/Documents/Tako-san-ui-rebuild/src/web/components/common/KitchenHeader.tsx:9:3)
    at TopBar (/Users/tunbee27/Documents/Tako-san-ui-rebuild/src/web/components/common/TopBar.tsx:9:3)
    at div
    at RecipeDetailPage (/Users/tunbee27/Documents/Tako-san-ui-rebuild/src/web/pages/RecipeDetailPage.tsx:51:63)
    at Router (/Users/tunbee27/Documents/Tako-san-ui-rebuild/node_modules/.pnpm/react-router@6.30.6_react@18.3.1/node_modules/react-router/dist/umd/react-router.development.js:1203:17)
    at MemoryRouter (/Users/tunbee27/Documents/Tako-san-ui-rebuild/node_modules/.pnpm/react-router@6.30.6_react@18.3.1/node_modules/react-router/dist/umd/react-router.development.js:1097:7)
    at QueryClientProvider (file:///Users/tunbee27/Documents/Tako-san-ui-rebuild/node_modules/.pnpm/@tanstack+react-query@5.102.8_react@18.3.1/node_modules/@tanstack/react-query/build/modern/QueryClientProvider.js:12:32)
Warning: useLayoutEffect does nothing on the server, because its effect cannot be encoded into the server renderer's output format. This will lead to a mismatch between the initial, non-hydrated UI and the intended UI. To avoid this, useLayoutEffect should only be used in components that render exclusively on the client. See https://reactjs.org/link/uselayouteffect-ssr for common fixes.
    at LinkWithRef (/Users/tunbee27/Documents/Tako-san-ui-rebuild/node_modules/.pnpm/react-router-dom@6.30.6_react-dom@18.3.1_react@18.3.1__react@18.3.1/node_modules/react-router-dom/dist/umd/react-router-dom.development.js:807:9)
    at div
    at header
    at KitchenHeader (/Users/tunbee27/Documents/Tako-san-ui-rebuild/src/web/components/common/KitchenHeader.tsx:9:3)
    at TopBar (/Users/tunbee27/Documents/Tako-san-ui-rebuild/src/web/components/common/TopBar.tsx:9:3)
    at div
    at RecipeDetailPage (/Users/tunbee27/Documents/Tako-san-ui-rebuild/src/web/pages/RecipeDetailPage.tsx:51:63)
    at Router (/Users/tunbee27/Documents/Tako-san-ui-rebuild/node_modules/.pnpm/react-router@6.30.6_react@18.3.1/node_modules/react-router/dist/umd/react-router.development.js:1203:17)
    at MemoryRouter (/Users/tunbee27/Documents/Tako-san-ui-rebuild/node_modules/.pnpm/react-router@6.30.6_react@18.3.1/node_modules/react-router/dist/umd/react-router.development.js:1097:7)
    at QueryClientProvider (file:///Users/tunbee27/Documents/Tako-san-ui-rebuild/node_modules/.pnpm/@tanstack+react-query@5.102.8_react@18.3.1/node_modules/@tanstack/react-query/build/modern/QueryClientProvider.js:12:32)

stderr | tests/integration/frontend-ui-integration.test.tsx > RecipeDetail loading, not-found, error, and success remain distinct > renders a successfully loaded recipe from the secure query cache
Warning: useLayoutEffect does nothing on the server, because its effect cannot be encoded into the server renderer's output format. This will lead to a mismatch between the initial, non-hydrated UI and the intended UI. To avoid this, useLayoutEffect should only be used in components that render exclusively on the client. See https://reactjs.org/link/uselayouteffect-ssr for common fixes.
    at MemoryRouter (/Users/tunbee27/Documents/Tako-san-ui-rebuild/node_modules/.pnpm/react-router@6.30.6_react@18.3.1/node_modules/react-router/dist/umd/react-router.development.js:1097:7)
    at QueryClientProvider (file:///Users/tunbee27/Documents/Tako-san-ui-rebuild/node_modules/.pnpm/@tanstack+react-query@5.102.8_react@18.3.1/node_modules/@tanstack/react-query/build/modern/QueryClientProvider.js:12:32)
Warning: useLayoutEffect does nothing on the server, because its effect cannot be encoded into the server renderer's output format. This will lead to a mismatch between the initial, non-hydrated UI and the intended UI. To avoid this, useLayoutEffect should only be used in components that render exclusively on the client. See https://reactjs.org/link/uselayouteffect-ssr for common fixes.
    at LinkWithRef (/Users/tunbee27/Documents/Tako-san-ui-rebuild/node_modules/.pnpm/react-router-dom@6.30.6_react-dom@18.3.1_react@18.3.1__react@18.3.1/node_modules/react-router-dom/dist/umd/react-router-dom.development.js:807:9)
    at div
    at header
    at KitchenHeader (/Users/tunbee27/Documents/Tako-san-ui-rebuild/src/web/components/common/KitchenHeader.tsx:9:3)
    at TopBar (/Users/tunbee27/Documents/Tako-san-ui-rebuild/src/web/components/common/TopBar.tsx:9:3)
    at div
    at RecipeDetailPage (/Users/tunbee27/Documents/Tako-san-ui-rebuild/src/web/pages/RecipeDetailPage.tsx:51:63)
    at Router (/Users/tunbee27/Documents/Tako-san-ui-rebuild/node_modules/.pnpm/react-router@6.30.6_react@18.3.1/node_modules/react-router/dist/umd/react-router.development.js:1203:17)
    at MemoryRouter (/Users/tunbee27/Documents/Tako-san-ui-rebuild/node_modules/.pnpm/react-router@6.30.6_react@18.3.1/node_modules/react-router/dist/umd/react-router.development.js:1097:7)
    at QueryClientProvider (file:///Users/tunbee27/Documents/Tako-san-ui-rebuild/node_modules/.pnpm/@tanstack+react-query@5.102.8_react@18.3.1/node_modules/@tanstack/react-query/build/modern/QueryClientProvider.js:12:32)
Warning: useLayoutEffect does nothing on the server, because its effect cannot be encoded into the server renderer's output format. This will lead to a mismatch between the initial, non-hydrated UI and the intended UI. To avoid this, useLayoutEffect should only be used in components that render exclusively on the client. See https://reactjs.org/link/uselayouteffect-ssr for common fixes.
    at LinkWithRef (/Users/tunbee27/Documents/Tako-san-ui-rebuild/node_modules/.pnpm/react-router-dom@6.30.6_react-dom@18.3.1_react@18.3.1__react@18.3.1/node_modules/react-router-dom/dist/umd/react-router-dom.development.js:807:9)
    at div
    at header
    at KitchenHeader (/Users/tunbee27/Documents/Tako-san-ui-rebuild/src/web/components/common/KitchenHeader.tsx:9:3)
    at TopBar (/Users/tunbee27/Documents/Tako-san-ui-rebuild/src/web/components/common/TopBar.tsx:9:3)
    at div
    at RecipeDetailPage (/Users/tunbee27/Documents/Tako-san-ui-rebuild/src/web/pages/RecipeDetailPage.tsx:51:63)
    at Router (/Users/tunbee27/Documents/Tako-san-ui-rebuild/node_modules/.pnpm/react-router@6.30.6_react@18.3.1/node_modules/react-router/dist/umd/react-router.development.js:1203:17)
    at MemoryRouter (/Users/tunbee27/Documents/Tako-san-ui-rebuild/node_modules/.pnpm/react-router@6.30.6_react@18.3.1/node_modules/react-router/dist/umd/react-router.development.js:1097:7)
    at QueryClientProvider (file:///Users/tunbee27/Documents/Tako-san-ui-rebuild/node_modules/.pnpm/@tanstack+react-query@5.102.8_react@18.3.1/node_modules/@tanstack/react-query/build/modern/QueryClientProvider.js:12:32)
Warning: useLayoutEffect does nothing on the server, because its effect cannot be encoded into the server renderer's output format. This will lead to a mismatch between the initial, non-hydrated UI and the intended UI. To avoid this, useLayoutEffect should only be used in components that render exclusively on the client. See https://reactjs.org/link/uselayouteffect-ssr for common fixes.
    at LinkWithRef (/Users/tunbee27/Documents/Tako-san-ui-rebuild/node_modules/.pnpm/react-router-dom@6.30.6_react-dom@18.3.1_react@18.3.1__react@18.3.1/node_modules/react-router-dom/dist/umd/react-router-dom.development.js:807:9)
    at div
    at header
    at KitchenHeader (/Users/tunbee27/Documents/Tako-san-ui-rebuild/src/web/components/common/KitchenHeader.tsx:9:3)
    at TopBar (/Users/tunbee27/Documents/Tako-san-ui-rebuild/src/web/components/common/TopBar.tsx:9:3)
    at div
    at RecipeDetailPage (/Users/tunbee27/Documents/Tako-san-ui-rebuild/src/web/pages/RecipeDetailPage.tsx:51:63)
    at Router (/Users/tunbee27/Documents/Tako-san-ui-rebuild/node_modules/.pnpm/react-router@6.30.6_react@18.3.1/node_modules/react-router/dist/umd/react-router.development.js:1203:17)
    at MemoryRouter (/Users/tunbee27/Documents/Tako-san-ui-rebuild/node_modules/.pnpm/react-router@6.30.6_react@18.3.1/node_modules/react-router/dist/umd/react-router.development.js:1097:7)
    at QueryClientProvider (file:///Users/tunbee27/Documents/Tako-san-ui-rebuild/node_modules/.pnpm/@tanstack+react-query@5.102.8_react@18.3.1/node_modules/@tanstack/react-query/build/modern/QueryClientProvider.js:12:32)
Warning: useLayoutEffect does nothing on the server, because its effect cannot be encoded into the server renderer's output format. This will lead to a mismatch between the initial, non-hydrated UI and the intended UI. To avoid this, useLayoutEffect should only be used in components that render exclusively on the client. See https://reactjs.org/link/uselayouteffect-ssr for common fixes.
    at LinkWithRef (/Users/tunbee27/Documents/Tako-san-ui-rebuild/node_modules/.pnpm/react-router-dom@6.30.6_react-dom@18.3.1_react@18.3.1__react@18.3.1/node_modules/react-router-dom/dist/umd/react-router-dom.development.js:807:9)
    at div
    at header
    at KitchenHeader (/Users/tunbee27/Documents/Tako-san-ui-rebuild/src/web/components/common/KitchenHeader.tsx:9:3)
    at TopBar (/Users/tunbee27/Documents/Tako-san-ui-rebuild/src/web/components/common/TopBar.tsx:9:3)
    at div
    at RecipeDetailPage (/Users/tunbee27/Documents/Tako-san-ui-rebuild/src/web/pages/RecipeDetailPage.tsx:51:63)
    at Router (/Users/tunbee27/Documents/Tako-san-ui-rebuild/node_modules/.pnpm/react-router@6.30.6_react@18.3.1/node_modules/react-router/dist/umd/react-router.development.js:1203:17)
    at MemoryRouter (/Users/tunbee27/Documents/Tako-san-ui-rebuild/node_modules/.pnpm/react-router@6.30.6_react@18.3.1/node_modules/react-router/dist/umd/react-router.development.js:1097:7)
    at QueryClientProvider (file:///Users/tunbee27/Documents/Tako-san-ui-rebuild/node_modules/.pnpm/@tanstack+react-query@5.102.8_react@18.3.1/node_modules/@tanstack/react-query/build/modern/QueryClientProvider.js:12:32)

stderr | tests/integration/frontend-ui-integration.test.tsx > notification honesty > renders no fabricated alerts or global unread dot when the server list is empty
Warning: useLayoutEffect does nothing on the server, because its effect cannot be encoded into the server renderer's output format. This will lead to a mismatch between the initial, non-hydrated UI and the intended UI. To avoid this, useLayoutEffect should only be used in components that render exclusively on the client. See https://reactjs.org/link/uselayouteffect-ssr for common fixes.
    at MemoryRouter (/Users/tunbee27/Documents/Tako-san-ui-rebuild/node_modules/.pnpm/react-router@6.30.6_react@18.3.1/node_modules/react-router/dist/umd/react-router.development.js:1097:7)
    at QueryClientProvider (file:///Users/tunbee27/Documents/Tako-san-ui-rebuild/node_modules/.pnpm/@tanstack+react-query@5.102.8_react@18.3.1/node_modules/@tanstack/react-query/build/modern/QueryClientProvider.js:12:32)
Warning: useLayoutEffect does nothing on the server, because its effect cannot be encoded into the server renderer's output format. This will lead to a mismatch between the initial, non-hydrated UI and the intended UI. To avoid this, useLayoutEffect should only be used in components that render exclusively on the client. See https://reactjs.org/link/uselayouteffect-ssr for common fixes.
    at LinkWithRef (/Users/tunbee27/Documents/Tako-san-ui-rebuild/node_modules/.pnpm/react-router-dom@6.30.6_react-dom@18.3.1_react@18.3.1__react@18.3.1/node_modules/react-router-dom/dist/umd/react-router-dom.development.js:807:9)
    at div
    at div
    at NotificationsPage (/Users/tunbee27/Documents/Tako-san-ui-rebuild/src/web/pages/NotificationsPage.tsx:26:64)
    at Router (/Users/tunbee27/Documents/Tako-san-ui-rebuild/node_modules/.pnpm/react-router@6.30.6_react@18.3.1/node_modules/react-router/dist/umd/react-router.development.js:1203:17)
    at MemoryRouter (/Users/tunbee27/Documents/Tako-san-ui-rebuild/node_modules/.pnpm/react-router@6.30.6_react@18.3.1/node_modules/react-router/dist/umd/react-router.development.js:1097:7)
    at QueryClientProvider (file:///Users/tunbee27/Documents/Tako-san-ui-rebuild/node_modules/.pnpm/@tanstack+react-query@5.102.8_react@18.3.1/node_modules/@tanstack/react-query/build/modern/QueryClientProvider.js:12:32)

stderr | tests/integration/frontend-ui-integration.test.tsx > notification honesty > renders notification content only when returned by the real query contract
Warning: useLayoutEffect does nothing on the server, because its effect cannot be encoded into the server renderer's output format. This will lead to a mismatch between the initial, non-hydrated UI and the intended UI. To avoid this, useLayoutEffect should only be used in components that render exclusively on the client. See https://reactjs.org/link/uselayouteffect-ssr for common fixes.
    at MemoryRouter (/Users/tunbee27/Documents/Tako-san-ui-rebuild/node_modules/.pnpm/react-router@6.30.6_react@18.3.1/node_modules/react-router/dist/umd/react-router.development.js:1097:7)
    at QueryClientProvider (file:///Users/tunbee27/Documents/Tako-san-ui-rebuild/node_modules/.pnpm/@tanstack+react-query@5.102.8_react@18.3.1/node_modules/@tanstack/react-query/build/modern/QueryClientProvider.js:12:32)
Warning: useLayoutEffect does nothing on the server, because its effect cannot be encoded into the server renderer's output format. This will lead to a mismatch between the initial, non-hydrated UI and the intended UI. To avoid this, useLayoutEffect should only be used in components that render exclusively on the client. See https://reactjs.org/link/uselayouteffect-ssr for common fixes.
    at LinkWithRef (/Users/tunbee27/Documents/Tako-san-ui-rebuild/node_modules/.pnpm/react-router-dom@6.30.6_react-dom@18.3.1_react@18.3.1__react@18.3.1/node_modules/react-router-dom/dist/umd/react-router-dom.development.js:807:9)
    at div
    at div
    at NotificationsPage (/Users/tunbee27/Documents/Tako-san-ui-rebuild/src/web/pages/NotificationsPage.tsx:26:64)
    at Router (/Users/tunbee27/Documents/Tako-san-ui-rebuild/node_modules/.pnpm/react-router@6.30.6_react@18.3.1/node_modules/react-router/dist/umd/react-router.development.js:1203:17)
    at MemoryRouter (/Users/tunbee27/Documents/Tako-san-ui-rebuild/node_modules/.pnpm/react-router@6.30.6_react@18.3.1/node_modules/react-router/dist/umd/react-router.development.js:1097:7)
    at QueryClientProvider (file:///Users/tunbee27/Documents/Tako-san-ui-rebuild/node_modules/.pnpm/@tanstack+react-query@5.102.8_react@18.3.1/node_modules/@tanstack/react-query/build/modern/QueryClientProvider.js:12:32)

stderr | tests/integration/frontend-ui-integration.test.tsx > notification honesty > surfaces notification errors rather than pretending the list is empty
Warning: useLayoutEffect does nothing on the server, because its effect cannot be encoded into the server renderer's output format. This will lead to a mismatch between the initial, non-hydrated UI and the intended UI. To avoid this, useLayoutEffect should only be used in components that render exclusively on the client. See https://reactjs.org/link/uselayouteffect-ssr for common fixes.
    at MemoryRouter (/Users/tunbee27/Documents/Tako-san-ui-rebuild/node_modules/.pnpm/react-router@6.30.6_react@18.3.1/node_modules/react-router/dist/umd/react-router.development.js:1097:7)
    at QueryClientProvider (file:///Users/tunbee27/Documents/Tako-san-ui-rebuild/node_modules/.pnpm/@tanstack+react-query@5.102.8_react@18.3.1/node_modules/@tanstack/react-query/build/modern/QueryClientProvider.js:12:32)
Warning: useLayoutEffect does nothing on the server, because its effect cannot be encoded into the server renderer's output format. This will lead to a mismatch between the initial, non-hydrated UI and the intended UI. To avoid this, useLayoutEffect should only be used in components that render exclusively on the client. See https://reactjs.org/link/uselayouteffect-ssr for common fixes.
    at LinkWithRef (/Users/tunbee27/Documents/Tako-san-ui-rebuild/node_modules/.pnpm/react-router-dom@6.30.6_react-dom@18.3.1_react@18.3.1__react@18.3.1/node_modules/react-router-dom/dist/umd/react-router-dom.development.js:807:9)
    at div
    at div
    at NotificationsPage (/Users/tunbee27/Documents/Tako-san-ui-rebuild/src/web/pages/NotificationsPage.tsx:26:64)
    at Router (/Users/tunbee27/Documents/Tako-san-ui-rebuild/node_modules/.pnpm/react-router@6.30.6_react@18.3.1/node_modules/react-router/dist/umd/react-router.development.js:1203:17)
    at MemoryRouter (/Users/tunbee27/Documents/Tako-san-ui-rebuild/node_modules/.pnpm/react-router@6.30.6_react@18.3.1/node_modules/react-router/dist/umd/react-router.development.js:1097:7)
    at QueryClientProvider (file:///Users/tunbee27/Documents/Tako-san-ui-rebuild/node_modules/.pnpm/@tanstack+react-query@5.102.8_react@18.3.1/node_modules/@tanstack/react-query/build/modern/QueryClientProvider.js:12:32)

stderr | tests/integration/frontend-ui-integration.test.tsx > Week shopping data honesty > uses the loaded plan estimate in both summaries instead of a demo budget
Warning: useLayoutEffect does nothing on the server, because its effect cannot be encoded into the server renderer's output format. This will lead to a mismatch between the initial, non-hydrated UI and the intended UI. To avoid this, useLayoutEffect should only be used in components that render exclusively on the client. See https://reactjs.org/link/uselayouteffect-ssr for common fixes.
    at MemoryRouter (/Users/tunbee27/Documents/Tako-san-ui-rebuild/node_modules/.pnpm/react-router@6.30.6_react@18.3.1/node_modules/react-router/dist/umd/react-router.development.js:1097:7)
    at QueryClientProvider (file:///Users/tunbee27/Documents/Tako-san-ui-rebuild/node_modules/.pnpm/@tanstack+react-query@5.102.8_react@18.3.1/node_modules/@tanstack/react-query/build/modern/QueryClientProvider.js:12:32)

 ✓ tests/integration/inventory-closed-loop.test.ts (9 tests) 1136ms
 ✓ tests/integration/frontend-ui-integration.test.tsx (34 tests) 1210ms
stderr | tests/unit/t07-ai.test.ts > T07 planner rollout flags > requires the literal true backend flag (true)
{"level":"warn","limiter":"meal-planning-read","reason":"kv-unbound","message":"Rate limiter degraded to isolate-local counters; enforcement is not globally reliable."}

stdout | tests/unit/t07-ai.test.ts > T07 planner rollout flags > enables AI explanation ordering only for the literal true flag (missing)
{"level":"info","event":"meal_planning_result","status":"feasible","conclusion":"feasible","truncated":false,"states":2}

stderr | tests/unit/t07-ai.test.ts > T07 planner rollout flags > enables AI explanation ordering only for the literal true flag (missing)
{"level":"warn","limiter":"planner-compute","reason":"kv-unbound","message":"Rate limiter degraded to isolate-local counters; enforcement is not globally reliable."}
{"level":"warn","limiter":"meal-planning-expensive","reason":"kv-unbound","message":"Rate limiter degraded to isolate-local counters; enforcement is not globally reliable."}

stdout | tests/unit/t07-ai.test.ts > T07 planner rollout flags > enables AI explanation ordering only for the literal true flag (empty)
{"level":"info","event":"meal_planning_result","status":"feasible","conclusion":"feasible","truncated":false,"states":2}

stdout | tests/unit/t07-ai.test.ts > T07 planner rollout flags > enables AI explanation ordering only for the literal true flag (false)
{"level":"info","event":"meal_planning_result","status":"feasible","conclusion":"feasible","truncated":false,"states":2}

 ✓ tests/integration/cleanup-schema.test.ts (11 tests) 1016ms
stdout | tests/unit/t07-ai.test.ts > T07 planner rollout flags > enables AI explanation ordering only for the literal true flag (invalid)
{"level":"info","event":"meal_planning_result","status":"feasible","conclusion":"feasible","truncated":false,"states":2}

stdout | tests/unit/t07-ai.test.ts > T07 planner rollout flags > enables AI explanation ordering only for the literal true flag (true)
{"level":"info","event":"meal_planning_result","status":"feasible","conclusion":"feasible","truncated":false,"states":2}

 ✓ tests/unit/t07-ai.test.ts (15 tests) 1067ms
 ✓ tests/integration/foundation-hardening.test.ts (13 tests) 950ms
 ✓ tests/integration/recipe-authority-routing.test.ts (8 tests) 943ms
 ✓ tests/integration/recipe-personalization.test.ts (7 tests) 935ms
   ✓ T03 ranking personalization persistence > fails closed for D1 batch failures and malformed persisted preference data without touching cooked or inventory state  357ms
 ✓ tests/integration/inventory-reconciliation-composition.test.ts (19 tests) 933ms
stderr | tests/integration/t13r-a-evidence-completeness.test.ts > T13R-A P2-A raw category/storage/canonical evidence is retained by every writer > sync fridge and sync receipt persist the ingested mapping as immutable evidence
{"level":"warn","limiter":"rl_scan","reason":"kv-unbound","message":"Rate limiter degraded to isolate-local counters; enforcement is not globally reliable."}

stderr | tests/integration/t13r-a-evidence-completeness.test.ts > T13R-A P2-A raw category/storage/canonical evidence is retained by every writer > sync fridge and sync receipt persist the ingested mapping as immutable evidence
{"level":"warn","limiter":"rl_receipt","reason":"kv-unbound","message":"Rate limiter degraded to isolate-local counters; enforcement is not globally reliable."}

stdout | tests/integration/t13r-a-evidence-completeness.test.ts > T13R-A P2-A raw category/storage/canonical evidence is retained by every writer > async fridge persists the same evidence as the synchronous route
{"event":"scan_terminal","supportId":"4ca34b475372","scanType":"fridge","state":"ready","errorCode":null,"retryable":false,"attempt":1,"maxAttempts":3,"logicalModel":"QWEN_MULTIMODAL","configuredPrimaryModel":"qwen3.8-flash","latencyMs":1}

stdout | tests/integration/t13r-a-evidence-completeness.test.ts > T13R-A P2-A raw category/storage/canonical evidence is retained by every writer > async receipt persists the same evidence as the synchronous route
{"event":"scan_terminal","supportId":"0a7d1d174233","scanType":"receipt","state":"ready","errorCode":null,"retryable":false,"attempt":1,"maxAttempts":3,"logicalModel":"QWEN_OCR","configuredPrimaryModel":"qwen-vl-ocr","latencyMs":1}

 ✓ tests/integration/t13r-a-evidence-completeness.test.ts (9 tests) 1064ms
 ✓ tests/integration/t13b-browser-tooling.test.mjs (3 tests) 1010ms
   ✓ isolated browser bootstrap > runs the real Playwright reporter lifecycle without HTML, retaining sanitized failure evidence  1007ms
stderr | tests/integration/shopping-command-race.test.ts > shopping first-claim races (real SQLite HTTP) > legacy Week compatibility > replays the completed winner when an expired prepared lease resumes
{"level":"warn","limiter":"rl_week_w","reason":"kv-unbound","message":"Rate limiter degraded to isolate-local counters; enforcement is not globally reliable."}

 ✓ tests/integration/shopping-command-race.test.ts (8 tests) 857ms
 ✓ tests/unit/t21rc-row-reconciliation.test.mjs (57 tests) 812ms
   ✓ T21R-C offline occurrence reconciliation > accounts all 500 recipes and 2702 V1 ingredient occurrences from the approved local catalog  553ms
stdout | tests/integration/t13r-a-async-evidence.test.ts > T13R-A P1-1 async scan ingestion retains T13 source evidence > async fridge persists raw evidence for confidence 0
{"event":"scan_terminal","supportId":"64b7b3cdae77","scanType":"fridge","state":"ready","errorCode":null,"retryable":false,"attempt":1,"maxAttempts":3,"logicalModel":"QWEN_MULTIMODAL","configuredPrimaryModel":"qwen3.8-flash","latencyMs":3}

stdout | tests/integration/t13r-a-async-evidence.test.ts > T13R-A P1-1 async scan ingestion retains T13 source evidence > async fridge persists raw evidence for confidence 0.11
{"event":"scan_terminal","supportId":"64b7b3cdae77","scanType":"fridge","state":"ready","errorCode":null,"retryable":false,"attempt":1,"maxAttempts":3,"logicalModel":"QWEN_MULTIMODAL","configuredPrimaryModel":"qwen3.8-flash","latencyMs":1}

stdout | tests/integration/t13r-a-async-evidence.test.ts > T13R-A P1-1 async scan ingestion retains T13 source evidence > async fridge persists raw evidence for confidence 0.9
{"event":"scan_terminal","supportId":"64b7b3cdae77","scanType":"fridge","state":"ready","errorCode":null,"retryable":false,"attempt":1,"maxAttempts":3,"logicalModel":"QWEN_MULTIMODAL","configuredPrimaryModel":"qwen3.8-flash","latencyMs":1}

stdout | tests/integration/t13r-a-async-evidence.test.ts > T13R-A P1-1 async scan ingestion retains T13 source evidence > async fridge persists raw evidence for confidence missing
{"event":"scan_terminal","supportId":"64b7b3cdae77","scanType":"fridge","state":"ready","errorCode":null,"retryable":false,"attempt":1,"maxAttempts":3,"logicalModel":"QWEN_MULTIMODAL","configuredPrimaryModel":"qwen3.8-flash","latencyMs":0}

stdout | tests/integration/t13r-a-async-evidence.test.ts > T13R-A P1-1 async scan ingestion retains T13 source evidence > async receipt persists raw evidence for confidence 0
{"event":"scan_terminal","supportId":"64b7b3cdae77","scanType":"receipt","state":"ready","errorCode":null,"retryable":false,"attempt":1,"maxAttempts":3,"logicalModel":"QWEN_OCR","configuredPrimaryModel":"qwen-vl-ocr","latencyMs":0}

stdout | tests/integration/t13r-a-async-evidence.test.ts > T13R-A P1-1 async scan ingestion retains T13 source evidence > async receipt persists raw evidence for confidence 0.11
{"event":"scan_terminal","supportId":"64b7b3cdae77","scanType":"receipt","state":"ready","errorCode":null,"retryable":false,"attempt":1,"maxAttempts":3,"logicalModel":"QWEN_OCR","configuredPrimaryModel":"qwen-vl-ocr","latencyMs":1}

stdout | tests/integration/t13r-a-async-evidence.test.ts > T13R-A P1-1 async scan ingestion retains T13 source evidence > async receipt persists raw evidence for confidence 0.9
{"event":"scan_terminal","supportId":"64b7b3cdae77","scanType":"receipt","state":"ready","errorCode":null,"retryable":false,"attempt":1,"maxAttempts":3,"logicalModel":"QWEN_OCR","configuredPrimaryModel":"qwen-vl-ocr","latencyMs":0}

stdout | tests/integration/t13r-a-async-evidence.test.ts > T13R-A P1-1 async scan ingestion retains T13 source evidence > async receipt persists raw evidence for confidence missing
{"event":"scan_terminal","supportId":"64b7b3cdae77","scanType":"receipt","state":"ready","errorCode":null,"retryable":false,"attempt":1,"maxAttempts":3,"logicalModel":"QWEN_OCR","configuredPrimaryModel":"qwen-vl-ocr","latencyMs":0}

stdout | tests/integration/t13r-a-async-evidence.test.ts > T13R-A P1-1 async scan ingestion retains T13 source evidence > a receipt line without confidence is a valid unknown-confidence line, not a persistence failure
{"event":"scan_terminal","supportId":"64b7b3cdae77","scanType":"receipt","state":"ready","errorCode":null,"retryable":false,"attempt":1,"maxAttempts":3,"logicalModel":"QWEN_OCR","configuredPrimaryModel":"qwen-vl-ocr","latencyMs":1}

 ✓ tests/integration/recipe-foundation.test.ts (9 tests) 774ms
 ✓ tests/integration/t13r-a-async-evidence.test.ts (9 tests) 830ms
stdout | tests/integration/t07-persistence.test.ts > T07 generated-plan persistence concurrency > allows only one same-revision swap winner and only one swap/regenerate winner
{"level":"info","event":"meal_planning_result","status":"feasible","conclusion":"feasible","truncated":false,"states":7}

stdout | tests/integration/t07-persistence.test.ts > T07 generated-plan persistence concurrency > allows only one same-revision swap winner and only one swap/regenerate winner
{"level":"info","event":"meal_planning_result","status":"feasible","conclusion":"feasible","truncated":false,"states":4}

stdout | tests/integration/t07-persistence.test.ts > T07 generated-plan persistence concurrency > allows only one same-revision swap winner and only one swap/regenerate winner
{"level":"info","event":"meal_planning_result","status":"feasible","conclusion":"feasible","truncated":false,"states":4}

stdout | tests/integration/t07-persistence.test.ts > T07 generated-plan persistence concurrency > allows only one same-revision swap winner and only one swap/regenerate winner
{"level":"info","event":"meal_planning_result","status":"feasible","conclusion":"feasible","truncated":false,"states":7}

stdout | tests/integration/t07-persistence.test.ts > T07 generated-plan persistence concurrency > allows only one same-revision swap winner and only one swap/regenerate winner
{"level":"info","event":"meal_planning_result","status":"feasible","conclusion":"feasible","truncated":false,"states":4}

stdout | tests/integration/t07-persistence.test.ts > T07 generated-plan persistence concurrency > allows only one same-revision swap winner and only one swap/regenerate winner
{"level":"info","event":"meal_planning_result","status":"feasible","conclusion":"feasible","truncated":false,"states":7}

stdout | tests/integration/t07-persistence.test.ts > T07 generated-plan persistence concurrency > deduplicates concurrent creation writes while documenting duplicate initial compute
{"level":"info","event":"meal_planning_result","status":"feasible","conclusion":"feasible","truncated":false,"states":7}

stdout | tests/integration/t07-persistence.test.ts > T07 generated-plan persistence concurrency > deduplicates concurrent creation writes while documenting duplicate initial compute
{"level":"info","event":"meal_planning_result","status":"feasible","conclusion":"feasible","truncated":false,"states":7}

stdout | tests/integration/t07-persistence.test.ts > T07 generated-plan persistence concurrency > deduplicates concurrent creation writes while documenting duplicate initial compute
{"level":"info","event":"meal_planning_result","status":"feasible","conclusion":"feasible","truncated":false,"states":7}

stdout | tests/integration/t07-persistence.test.ts > T07 generated-plan persistence concurrency > deduplicates concurrent creation writes while documenting duplicate initial compute
{"level":"info","event":"meal_planning_result","status":"feasible","conclusion":"feasible","truncated":false,"states":7}

stdout | tests/integration/t07-persistence.test.ts > T07 generated-plan persistence concurrency > fences feedback by plan revision while retaining exact retry identity
{"level":"info","event":"meal_planning_result","status":"feasible","conclusion":"feasible","truncated":false,"states":7}

stdout | tests/integration/t07-persistence.test.ts > T07 generated-plan persistence concurrency > fences feedback by plan revision while retaining exact retry identity
{"level":"info","event":"meal_planning_result","status":"feasible","conclusion":"feasible","truncated":false,"states":7}

stdout | tests/integration/t07-persistence.test.ts > T07 generated-plan persistence concurrency > rejects feedback when regeneration commits after its read but before its guarded insert
{"level":"info","event":"meal_planning_result","status":"feasible","conclusion":"feasible","truncated":false,"states":7}

stdout | tests/integration/t07-persistence.test.ts > T07 generated-plan persistence concurrency > rejects feedback when regeneration commits after its read but before its guarded insert
{"level":"info","event":"meal_planning_result","status":"feasible","conclusion":"feasible","truncated":false,"states":7}

stdout | tests/integration/t07-persistence.test.ts > T07 generated-plan persistence concurrency > rejects a shopping result when regeneration makes the source revision stale
{"level":"info","event":"meal_planning_result","status":"feasible","conclusion":"feasible","truncated":false,"states":7}

stdout | tests/integration/t07-persistence.test.ts > T07 generated-plan persistence concurrency > rejects a shopping result when regeneration makes the source revision stale
{"level":"info","event":"meal_planning_result","status":"feasible","conclusion":"feasible","truncated":false,"states":7}

 ✓ tests/integration/t07-persistence.test.ts (6 tests) 758ms
 ✓ tests/unit/t20-staging-fixtures.test.mjs (27 tests) 752ms
 ✓ tests/integration/d1-schema-gate.test.ts (9 tests) 713ms
 ✓ tests/integration/recipe-d1-parity.test.ts (12 tests) 672ms
 ✓ tests/integration/recipe-media-schema.test.ts (13 tests) 676ms
 ✓ tests/integration/meal-planning-persistence.test.ts (6 tests) 642ms
stdout | tests/integration/t13b-preview-fixtures.test.mjs > T13B isolated browser evidence fixtures > keeps all browser controls out of the production worker
{"level":"info","requestId":"0fd0d59d-c554-4ca6-9c81-13563460cb8e","method":"POST","path":"/__preview/t13-scans","status":404,"durationMs":3,"environment":"production"}

stdout | tests/integration/t13b-preview-fixtures.test.mjs > T13B isolated browser evidence fixtures > keeps all browser controls out of the production worker
{"level":"info","requestId":"204209da-3fb7-41b1-aa76-7df88ce0ce31","method":"POST","path":"/__preview/t13-scenarios","status":404,"durationMs":0,"environment":"production"}

stdout | tests/integration/t13b-preview-fixtures.test.mjs > T13B isolated browser evidence fixtures > keeps all browser controls out of the production worker
{"level":"info","requestId":"2645795e-2445-4607-a27c-25607799425c","method":"POST","path":"/__preview/t13-state","status":404,"durationMs":0,"environment":"production"}

stdout | tests/integration/t13b-preview-fixtures.test.mjs > T13B isolated browser evidence fixtures > keeps all browser controls out of the production worker
{"level":"info","requestId":"6922820d-5627-4308-94d7-55fa3b3b95de","method":"POST","path":"/__preview/t13-operator-requests","status":404,"durationMs":0,"environment":"production"}

stdout | tests/integration/t13b-preview-fixtures.test.mjs > T13B isolated browser evidence fixtures > keeps all browser controls out of the production worker
{"level":"info","requestId":"84db4aa4-4514-4ffa-9da6-51e0bf8e8bf7","method":"POST","path":"/__preview/t13-reconciliation","status":404,"durationMs":0,"environment":"production"}

 ✓ tests/integration/inventory-closed-loop-routes.test.ts (5 tests) 654ms
 ✓ tests/integration/t13b-preview-fixtures.test.mjs (7 tests) 662ms
 ✓ tests/integration/inventory-observation-concurrency.test.ts (4 tests) 591ms
 ✓ tests/integration/ranking-nutrition.test.ts (6 tests) 562ms
 ✓ tests/unit/t21rb-v1-semantic.test.mjs (11 tests) 515ms
 ✓ tests/unit/t21rc2-schema-diagnostic.test.mjs (35 tests) 565ms
   ✓ T21RC2 real classify CLI schema-failure boundary > prints and receipts only a safe diagnostic for a synthetic forced schema failure  446ms
 ✓ tests/integration/recipe-candidates.test.ts (3 tests) 536ms
stdout | tests/integration/recipe-canary-test-cohort-http.test.ts > T15C-C — authorized test cohort over HTTP; request input has no influence > P1 rollback over HTTP: canary → shadow/static with cohort secrets retained serves static 71 to include, exclude and ordinary households; no D1 read, no config diagnostic, no secret cleanup
{"event":"recipe_catalog_shadow","catalog_source":"static","catalog_mode":"shadow","status":"compared","catalog_static_count":71,"level":"info","catalog_d1_count":71,"catalog_complete_count":71,"catalog_hydrated_count":71,"catalog_static_only_count":0,"catalog_d1_only_count":0,"catalog_drift_count":0,"catalog_order_drift_count":0,"catalog_hydration_failure_count":0,"catalog_lookup_ms":27,"release_id":"rel-1a047444a3632771","release_expected_count":71,"release_readiness":"ready","release_readiness_code":null,"release_reviewed_growth_count":0,"drift_sample":[],"order_drift_sample":[],"hydration_failure_sample":[]}

 ✓ tests/integration/recipe-canary-test-cohort-http.test.ts (6 tests) 517ms
stdout | tests/integration/scan-queue-retry-policy.test.ts > scan queue provider retry policy > fails a model-access error immediately instead of burning all queue attempts
{"event":"scan_terminal","supportId":"091436fc2dc8","scanType":"fridge","state":"failed","errorCode":"MODEL_NOT_FOUND","retryable":false,"attempt":1,"maxAttempts":3,"logicalModel":"QWEN_MULTIMODAL","configuredPrimaryModel":"qwen3.8-flash","latencyMs":2}

stdout | tests/integration/scan-queue-retry-policy.test.ts > scan queue provider retry policy > does not write an untrusted provider canonical id into the ingredient FK
{"event":"scan_terminal","supportId":"091436fc2dc8","scanType":"fridge","state":"ready","errorCode":null,"retryable":false,"attempt":1,"maxAttempts":3,"logicalModel":"QWEN_MULTIMODAL","configuredPrimaryModel":"qwen3.8-flash","latencyMs":1}

stdout | tests/integration/scan-queue-retry-policy.test.ts > scan queue provider retry policy > keeps a catalog-valid provider canonical id when the raw label is unknown
{"event":"scan_terminal","supportId":"091436fc2dc8","scanType":"fridge","state":"ready","errorCode":null,"retryable":false,"attempt":1,"maxAttempts":3,"logicalModel":"QWEN_MULTIMODAL","configuredPrimaryModel":"qwen3.8-flash","latencyMs":0}

 ✓ tests/integration/scan-queue-retry-policy.test.ts (5 tests) 471ms
 ✓ tests/unit/recipe-import-provenance.test.ts (11 tests) 447ms
 ✓ tests/unit/production-catalog-v2-lineage.test.mjs (27 tests) 487ms
   ✓ production catalog V2 semantic lineage > runs the CLI against the real V2 package and writes only sanitized aggregates  337ms
stdout | tests/integration/production-integration-scan-flow.test.ts > production Qwen queue to T13 inventory authority > preserves a real Qwen result through queue, confirmation and idempotent replay
{"level":"info","event":"ai_usage","task":"receipt_ocr","provider":"qwen","logicalModel":"QWEN_OCR","physicalModel":"qwen-vl-ocr","promptId":"receipt-ocr","promptVersion":"1","inputTokens":12,"outputTokens":68,"cachedInputTokens":0,"estimatedCostUsd":0.000011720000000000001,"pricingVersion":"estimate-2026-09-sg-low-context","latencyMs":2,"attempt":1,"status":"success"}

stdout | tests/integration/production-integration-scan-flow.test.ts > production Qwen queue to T13 inventory authority > preserves a real Qwen result through queue, confirmation and idempotent replay
{"event":"scan_terminal","supportId":"a891736b777e","scanType":"receipt","state":"ready","errorCode":null,"retryable":false,"attempt":1,"maxAttempts":3,"logicalModel":"QWEN_OCR","configuredPrimaryModel":"qwen-vl-ocr","latencyMs":5}

stdout | tests/integration/production-integration-scan-flow.test.ts > production Qwen queue to T13 inventory authority > keeps unknown confidence and fridge provenance through the real Qwen queue path
{"level":"info","event":"ai_usage","task":"fridge_image_analysis","provider":"qwen","logicalModel":"QWEN_MULTIMODAL","physicalModel":"qwen3.8-flash","promptId":"fridge-image-analysis","promptVersion":"1","inputTokens":12,"outputTokens":35,"cachedInputTokens":0,"estimatedCostUsd":0.00001825,"pricingVersion":"estimate-2026-09-sg-low-context","latencyMs":1,"attempt":1,"status":"success"}

stdout | tests/integration/production-integration-scan-flow.test.ts > production Qwen queue to T13 inventory authority > keeps unknown confidence and fridge provenance through the real Qwen queue path
{"event":"scan_terminal","supportId":"1c083ef3bbdf","scanType":"fridge","state":"ready","errorCode":null,"retryable":false,"attempt":1,"maxAttempts":3,"logicalModel":"QWEN_MULTIMODAL","configuredPrimaryModel":"qwen3.8-flash","latencyMs":1}

stdout | tests/integration/production-integration-scan-flow.test.ts > production Qwen queue to T13 inventory authority > persists real Qwen zero confidence without fabricating evidence
{"level":"info","event":"ai_usage","task":"fridge_image_analysis","provider":"qwen","logicalModel":"QWEN_MULTIMODAL","physicalModel":"qwen3.8-flash","promptId":"fridge-image-analysis","promptVersion":"1","inputTokens":12,"outputTokens":39,"cachedInputTokens":0,"estimatedCostUsd":0.00002013,"pricingVersion":"estimate-2026-09-sg-low-context","latencyMs":0,"attempt":1,"status":"success"}

stdout | tests/integration/production-integration-scan-flow.test.ts > production Qwen queue to T13 inventory authority > persists real Qwen zero confidence without fabricating evidence
{"event":"scan_terminal","supportId":"1fc1e7b8ece3","scanType":"fridge","state":"ready","errorCode":null,"retryable":false,"attempt":1,"maxAttempts":3,"logicalModel":"QWEN_MULTIMODAL","configuredPrimaryModel":"qwen3.8-flash","latencyMs":1}

stdout | tests/integration/production-integration-scan-flow.test.ts > production Qwen queue to T13 inventory authority > persists real Qwen low confidence without fabricating evidence
{"level":"info","event":"ai_usage","task":"fridge_image_analysis","provider":"qwen","logicalModel":"QWEN_MULTIMODAL","physicalModel":"qwen3.8-flash","promptId":"fridge-image-analysis","promptVersion":"1","inputTokens":12,"outputTokens":39,"cachedInputTokens":0,"estimatedCostUsd":0.00002013,"pricingVersion":"estimate-2026-09-sg-low-context","latencyMs":1,"attempt":1,"status":"success"}

stdout | tests/integration/production-integration-scan-flow.test.ts > production Qwen queue to T13 inventory authority > persists real Qwen low confidence without fabricating evidence
{"event":"scan_terminal","supportId":"6d048a424198","scanType":"fridge","state":"ready","errorCode":null,"retryable":false,"attempt":1,"maxAttempts":3,"logicalModel":"QWEN_MULTIMODAL","configuredPrimaryModel":"qwen3.8-flash","latencyMs":1}

 ✓ tests/integration/production-integration-scan-flow.test.ts (4 tests) 431ms
 ✓ tests/integration/meal-planning-snapshot.test.ts (5 tests) 435ms
 ✓ tests/unit/recipe-import-factory.test.ts (16 tests) 436ms
 ✓ tests/integration/scan-quota-reconciliation.test.ts (4 tests) 390ms
stdout | tests/integration/t07-rate-limit.test.ts > T07 authenticated planner aggregate compute budget > shares a ten-request budget across plan IDs/actions (primary KV: true)
{"level":"info","event":"meal_planning_result","status":"feasible","conclusion":"feasible","truncated":false,"states":2}

stdout | tests/integration/t07-rate-limit.test.ts > T07 authenticated planner aggregate compute budget > shares a ten-request budget across plan IDs/actions (primary KV: true)
{"level":"info","event":"meal_planning_result","status":"feasible","conclusion":"feasible","truncated":false,"states":2}

stdout | tests/integration/t07-rate-limit.test.ts > T07 authenticated planner aggregate compute budget > shares a ten-request budget across plan IDs/actions (primary KV: true)
{"level":"info","event":"meal_planning_result","status":"feasible","conclusion":"feasible","truncated":false,"states":2}

stdout | tests/integration/t07-rate-limit.test.ts > T07 authenticated planner aggregate compute budget > shares a ten-request budget across plan IDs/actions (primary KV: true)
{"level":"info","event":"meal_planning_result","status":"feasible","conclusion":"feasible","truncated":false,"states":2}

stdout | tests/integration/t07-rate-limit.test.ts > T07 authenticated planner aggregate compute budget > shares a ten-request budget across plan IDs/actions (primary KV: true)
{"level":"info","event":"meal_planning_result","status":"feasible","conclusion":"feasible","truncated":false,"states":2}

stdout | tests/integration/t07-rate-limit.test.ts > T07 authenticated planner aggregate compute budget > shares a ten-request budget across plan IDs/actions (primary KV: true)
{"level":"info","event":"meal_planning_result","status":"feasible","conclusion":"feasible","truncated":false,"states":2}

stdout | tests/integration/t07-rate-limit.test.ts > T07 authenticated planner aggregate compute budget > shares a ten-request budget across plan IDs/actions (primary KV: true)
{"level":"info","event":"meal_planning_result","status":"feasible","conclusion":"feasible","truncated":false,"states":2}

stdout | tests/integration/t07-rate-limit.test.ts > T07 authenticated planner aggregate compute budget > shares a ten-request budget across plan IDs/actions (primary KV: true)
{"level":"info","event":"meal_planning_result","status":"feasible","conclusion":"feasible","truncated":false,"states":2}

stdout | tests/integration/t07-rate-limit.test.ts > T07 authenticated planner aggregate compute budget > shares a ten-request budget across plan IDs/actions (primary KV: true)
{"level":"info","event":"meal_planning_result","status":"feasible","conclusion":"feasible","truncated":false,"states":2}

stdout | tests/integration/t07-rate-limit.test.ts > T07 authenticated planner aggregate compute budget > shares a ten-request budget across plan IDs/actions (primary KV: true)
{"level":"info","event":"meal_planning_result","status":"feasible","conclusion":"feasible","truncated":false,"states":2}

stdout | tests/integration/t07-rate-limit.test.ts > T07 authenticated planner aggregate compute budget > shares a ten-request budget across plan IDs/actions (primary KV: true)
{"level":"info","event":"meal_planning_result","status":"feasible","conclusion":"feasible","truncated":false,"states":2}

 ✓ tests/unit/d1-readonly-query.test.mjs (20 tests) 430ms
   ✓ read-only production D1 query proofs > queries the remote API and preserves one complete result per generated statement  415ms
stderr | tests/integration/t07-rate-limit.test.ts > T07 authenticated planner aggregate compute budget > shares a ten-request budget across plan IDs/actions (primary KV: false)
{"level":"warn","limiter":"planner-compute","reason":"kv-unbound","message":"Rate limiter degraded to isolate-local counters; enforcement is not globally reliable."}
{"level":"warn","limiter":"meal-planning-expensive","reason":"kv-unbound","message":"Rate limiter degraded to isolate-local counters; enforcement is not globally reliable."}

stdout | tests/integration/t07-rate-limit.test.ts > T07 authenticated planner aggregate compute budget > shares a ten-request budget across plan IDs/actions (primary KV: false)
{"level":"info","event":"meal_planning_result","status":"feasible","conclusion":"feasible","truncated":false,"states":2}

stdout | tests/integration/t07-rate-limit.test.ts > T07 authenticated planner aggregate compute budget > shares a ten-request budget across plan IDs/actions (primary KV: false)
{"level":"info","event":"meal_planning_result","status":"feasible","conclusion":"feasible","truncated":false,"states":2}

stdout | tests/integration/t07-rate-limit.test.ts > T07 authenticated planner aggregate compute budget > shares a ten-request budget across plan IDs/actions (primary KV: false)
{"level":"info","event":"meal_planning_result","status":"feasible","conclusion":"feasible","truncated":false,"states":2}

stdout | tests/integration/t07-rate-limit.test.ts > T07 authenticated planner aggregate compute budget > shares a ten-request budget across plan IDs/actions (primary KV: false)
{"level":"info","event":"meal_planning_result","status":"feasible","conclusion":"feasible","truncated":false,"states":2}

stdout | tests/integration/t07-rate-limit.test.ts > T07 authenticated planner aggregate compute budget > shares a ten-request budget across plan IDs/actions (primary KV: false)
{"level":"info","event":"meal_planning_result","status":"feasible","conclusion":"feasible","truncated":false,"states":2}

stdout | tests/integration/t07-rate-limit.test.ts > T07 authenticated planner aggregate compute budget > shares a ten-request budget across plan IDs/actions (primary KV: false)
{"level":"info","event":"meal_planning_result","status":"feasible","conclusion":"feasible","truncated":false,"states":2}

stdout | tests/integration/t07-rate-limit.test.ts > T07 authenticated planner aggregate compute budget > shares a ten-request budget across plan IDs/actions (primary KV: false)
{"level":"info","event":"meal_planning_result","status":"feasible","conclusion":"feasible","truncated":false,"states":2}

stdout | tests/integration/t07-rate-limit.test.ts > T07 authenticated planner aggregate compute budget > shares a ten-request budget across plan IDs/actions (primary KV: false)
{"level":"info","event":"meal_planning_result","status":"feasible","conclusion":"feasible","truncated":false,"states":2}

stdout | tests/integration/t07-rate-limit.test.ts > T07 authenticated planner aggregate compute budget > shares a ten-request budget across plan IDs/actions (primary KV: false)
{"level":"info","event":"meal_planning_result","status":"feasible","conclusion":"feasible","truncated":false,"states":2}

stdout | tests/integration/t07-rate-limit.test.ts > T07 authenticated planner aggregate compute budget > shares a ten-request budget across plan IDs/actions (primary KV: false)
{"level":"info","event":"meal_planning_result","status":"feasible","conclusion":"feasible","truncated":false,"states":2}

stderr | tests/integration/t07-rate-limit.test.ts > T07 authenticated planner aggregate compute budget > shares a ten-request budget across plan IDs/actions (primary KV: false)
{"level":"warn","limiter":"meal-planning-read","reason":"kv-unbound","message":"Rate limiter degraded to isolate-local counters; enforcement is not globally reliable."}

stderr | tests/integration/t07-rate-limit.test.ts > T07 authenticated planner aggregate compute budget > shares a ten-request budget across plan IDs/actions (primary KV: false)
{"level":"warn","limiter":"meal-planning-feedback","reason":"kv-unbound","message":"Rate limiter degraded to isolate-local counters; enforcement is not globally reliable."}

stdout | tests/integration/t07-rate-limit.test.ts > T07 authenticated planner aggregate compute budget > shares a ten-request budget across plan IDs/actions (primary KV: false)
{"level":"info","event":"meal_planning_result","status":"feasible","conclusion":"feasible","truncated":false,"states":2}

 ✓ tests/integration/t07-rate-limit.test.ts (2 tests) 353ms
stderr | tests/integration/week-core-flow.test.ts > Week core HTTP flow (in-memory D1) > creates, reads, regenerates, and swaps a plan while preserving relational state
{"level":"warn","limiter":"rl_week_w","reason":"kv-unbound","message":"Rate limiter degraded to isolate-local counters; enforcement is not globally reliable."}

stderr | tests/integration/week-core-flow.test.ts > Week core HTTP flow (in-memory D1) > creates, reads, regenerates, and swaps a plan while preserving relational state
{"level":"warn","limiter":"rl_gen","reason":"kv-unbound","message":"Rate limiter degraded to isolate-local counters; enforcement is not globally reliable."}

stderr | tests/integration/week-core-flow.test.ts > Week core HTTP flow (in-memory D1) > creates, reads, regenerates, and swaps a plan while preserving relational state
{"level":"warn","limiter":"rl_swap","reason":"kv-unbound","message":"Rate limiter degraded to isolate-local counters; enforcement is not globally reliable."}

 ✓ tests/integration/week-core-flow.test.ts (3 tests) 340ms
 ✓ tests/unit/recipe-refresh-v2.test.ts (18 tests) 316ms
 ✓ tests/unit/production-catalog-lineage.test.mjs (8 tests) 317ms
 ✓ tests/unit/t21rc2t-production-receipt.test.mjs (9 tests) 299ms
 ✓ tests/unit/weekly-planner.test.ts (25 tests) 308ms
 ✓ tests/unit/scan-route-errors.test.ts (3 tests) 301ms
 ✓ tests/unit/production-catalog-recovery-approval.test.mjs (13 tests) 270ms
 ✓ tests/integration/recipe-catalog-safety.test.ts (6 tests) 279ms
 ✓ tests/integration/shopping-optimizer.test.ts (3 tests) 214ms
 ✓ tests/unit/t21rc2t-privacy.test.mjs (37 tests) 217ms
 ✓ tests/unit/runtime-ingredient-v2.test.ts (13 tests) 215ms
 ✓ tests/unit/frontend-services.test.ts (17 tests) 169ms
 ✓ tests/integration/recipe-catalog.test.ts (7 tests) 209ms
 ✓ tests/integration/weekly-planner.test.ts (2 tests) 201ms
 ✓ tests/unit/t20-composer-candidates.test.ts (3 tests) 172ms
 ✓ tests/unit/takosan-brand.test.tsx (19 tests) 139ms
 ✓ tests/unit/inventory-adoption.test.ts (70 tests) 125ms
 ✓ tests/unit/ui04-scan-offline.test.ts (10 tests) 113ms
 ✓ tests/unit/shopping-optimizer.test.ts (56 tests) 105ms
 ✓ tests/unit/inventory-lot-commands.test.ts (202 tests) 105ms
stderr | tests/integration/scan-async-canary.test.ts > Fridge scan async canary (in-memory D1) > returns 202, persists a pending scan, and enqueues a tenant-scoped job
{"level":"warn","limiter":"rl_scan","reason":"kv-unbound","message":"Rate limiter degraded to isolate-local counters; enforcement is not globally reliable."}

 ✓ tests/integration/scan-async-canary.test.ts (1 test) 102ms
 ✓ tests/unit/production-catalog-static-pin.test.mjs (51 tests) 96ms
stderr | tests/unit/sync.test.ts > offline outbox and scan persistence contract > keeps guest outbox and scope unchanged when inventory transfer is deferred
Backend verify OTP failed: ApiError: HTTP 409: {"error":"Inventory transfer deferred","code":"INVENTORY_TRANSFER_DEFERRED"}
    at fetchJson (/Users/tunbee27/Documents/Tako-san-ui-rebuild/src/web/services/http.ts:125:11)
    at Object.verifyOtp (/Users/tunbee27/Documents/Tako-san-ui-rebuild/src/web/services/auth.ts:159:22)
    at /Users/tunbee27/Documents/Tako-san-ui-rebuild/tests/unit/sync.test.ts:300:5
    at file:///Users/tunbee27/Documents/Tako-san-ui-rebuild/node_modules/.pnpm/@vitest+runner@3.2.7/node_modules/@vitest/runner/dist/chunk-hooks.js:752:20 {
  kind: 'http',
  status: 409,
  retryable: undefined,
  requestId: undefined,
  payload: {
    error: 'Inventory transfer deferred',
    code: 'INVENTORY_TRANSFER_DEFERRED'
  }
}

 ✓ tests/unit/sync.test.ts (20 tests) 87ms
 ✓ tests/unit/shopping-catalog.test.ts (61 tests) 69ms
 ✓ tests/unit/auth.test.ts (19 tests) 64ms
 ✓ tests/integration/production-migration-bridge.test.ts (2 tests) 62ms
 ✓ tests/unit/staging-d1-runtime-readiness-check.test.mjs (22 tests) 67ms
 ✓ tests/unit/production-catalog-import-output.test.mjs (106 tests) 50ms
 ✓ tests/unit/recipe-ranking.test.ts (63 tests) 49ms
 ✓ tests/unit/recipe-seed-readonly.test.ts (5 tests) 59ms
 ✓ tests/unit/recipe-catalog-authority.test.ts (6 tests) 54ms
 ✓ tests/unit/production-cloudflare-credential-diagnostics.test.mjs (70 tests) 50ms
 ✓ tests/unit/wait-for-deployed-assets.test.mjs (44 tests) 48ms
 ✓ tests/unit/planner-contract.test.ts (22 tests) 47ms
 ✓ tests/unit/recipe-candidates.test.ts (43 tests) 45ms
 ✓ tests/unit/t20-meal-composition.test.ts (17 tests) 44ms
stderr | tests/unit/command-route-integrity.test.ts > inventory command integrity > requires a PATCH version instead of accepting blind writes
{"level":"warn","limiter":"rl_inv_w","reason":"kv-unbound","message":"Rate limiter degraded to isolate-local counters; enforcement is not globally reliable."}

stderr | tests/unit/command-route-integrity.test.ts > shopping-list command integrity > does not report success when PATCH loses the affected-row guard
{"level":"warn","limiter":"rl_shop_w","reason":"kv-unbound","message":"Rate limiter degraded to isolate-local counters; enforcement is not globally reliable."}

 ✓ tests/unit/command-route-integrity.test.ts (14 tests) 45ms
 ✓ tests/unit/recipe-families.test.ts (14 tests) 38ms
 ✓ tests/unit/t20-composition-safety.test.ts (13 tests) 32ms
 ✓ tests/unit/t21rc4-identity-workflow.test.mjs (25 tests) 37ms
 ✓ tests/unit/t07-domain-integrity.test.ts (6 tests) 37ms
 ✓ tests/unit/d1-temporal-forensics.test.mjs (39 tests) 34ms
 ✓ tests/unit/shopping-hardening.test.ts (17 tests) 34ms
 ✓ tests/unit/t21rc2t-production-capture.test.mjs (14 tests) 31ms
 ✓ tests/unit/planner-presentation.test.ts (62 tests) 33ms
 ✓ tests/unit/t20-composition-shopping.test.ts (8 tests) 31ms
 ✓ tests/unit/runtime-recipe-contract.test.ts (5 tests) 30ms
 ✓ tests/unit/t21rc2-workflow.test.mjs (21 tests) 25ms
stderr | tests/unit/health.test.ts > health endpoints > readiness never leaks secret values
{"level":"error","code":"CONFIG_INVALID","issues":["CONFIG_TURNSTILE_MISSING_SITE_KEY"],"message":"Production configuration gate rejected the deployment."}

stderr | tests/unit/health.test.ts > health endpoints > production gate fails closed with sanitized diagnostics on dangerous configuration
{"level":"error","code":"CONFIG_INVALID","issues":["CONFIG_PRODUCTION_APP_URL","CONFIG_MOCK_MODE_IN_PRODUCTION","CONFIG_BINDING_DB_MISSING","CONFIG_BINDING_CACHE_MISSING","CONFIG_JWT_SECRET_MISSING","CONFIG_OTP_HASH_SECRET_MISSING","CONFIG_QUEUE_BINDING_MISSING","CONFIG_TURNSTILE_MISSING_SECRET","CONFIG_TURNSTILE_MISSING_SITE_KEY"],"message":"Production configuration gate rejected the deployment."}

stderr | tests/unit/health.test.ts > health endpoints > readiness fails closed for unusable auth configuration {}
{"level":"error","code":"CONFIG_INVALID","issues":["CONFIG_OTP_HASH_SECRET_MISSING","CONFIG_TURNSTILE_MISSING_SECRET","CONFIG_TURNSTILE_MISSING_SITE_KEY"],"message":"Production configuration gate rejected the deployment."}

stderr | tests/unit/health.test.ts > health endpoints > readiness fails closed for unusable auth configuration {}
{"level":"error","code":"CONFIG_INVALID","issues":["CONFIG_PRODUCTION_APP_URL","CONFIG_TURNSTILE_MISSING_SECRET","CONFIG_TURNSTILE_MISSING_SITE_KEY"],"message":"Production configuration gate rejected the deployment."}

stderr | tests/unit/health.test.ts > health endpoints > readiness fails closed for unusable auth configuration {"APP_URL":"https://"}
{"level":"error","code":"CONFIG_INVALID","issues":["CONFIG_PRODUCTION_APP_URL","CONFIG_TURNSTILE_MISSING_SECRET","CONFIG_TURNSTILE_MISSING_SITE_KEY"],"message":"Production configuration gate rejected the deployment."}

stderr | tests/unit/health.test.ts > health endpoints > fails production readiness when Qwen is missing even if a native AI binding exists
{"level":"error","code":"CONFIG_INVALID","issues":["CONFIG_QWEN_API_KEY_MISSING"],"message":"Production configuration gate rejected the deployment."}

stderr | tests/unit/health.test.ts > health endpoints > fails production readiness when async scan image storage is missing
{"level":"error","code":"CONFIG_INVALID","issues":["CONFIG_SCAN_IMAGE_STORAGE_MISSING"],"message":"Production configuration gate rejected the deployment."}

 ✓ tests/unit/health.test.ts (15 tests) 28ms
 ✓ tests/unit/cloudflare-worker-rollback.test.mjs (10 tests) 29ms
 ✓ tests/unit/inventory-truth.test.ts (76 tests) 25ms
 ✓ tests/unit/ai-runtime-governance.test.ts (21 tests) 26ms
 ✓ tests/unit/ui02-presentation.test.ts (45 tests) 21ms
 ✓ tests/unit/meal-shopping-dto.test.ts (3 tests) 20ms
stderr | tests/unit/ai-provider-recovery.test.ts > vision provider recovery contract > marks a missing Groq model as permanent and preserves the typed error through the router
{"level":"warn","event":"ai_provider_failed","provider":"groq","model":"qwen/qwen3.6-27b","code":"MODEL_NOT_FOUND","retryable":false}

stderr | tests/unit/ai-provider-recovery.test.ts > vision provider recovery contract > does not activate legacy or future providers from stored keys alone
{"level":"warn","event":"ai_provider_failed","provider":"qwen","model":"qwen3.7-flash","code":"AUTHENTICATION_FAILED","retryable":false}

stderr | tests/unit/ai-provider-recovery.test.ts > vision provider recovery contract > falls through from a failed Qwen ranking request to the explicitly enabled DeepSeek fallback
{"level":"warn","event":"ai_recipe_rank_failed","provider":"qwen"}

 ✓ tests/unit/ai-provider-recovery.test.ts (23 tests) 30ms
 ✓ tests/unit/staging-d1-migration-check.test.mjs (6 tests) 20ms
 ✓ tests/unit/vietnamese-recipe-bank.test.ts (6 tests) 20ms
 ✓ tests/unit/week-planner.test.ts (15 tests) 18ms
 ✓ tests/unit/week-route-serialization.test.ts (6 tests) 19ms
stderr | tests/unit/ai-router.test.ts > AI Router & Schema Verification > applies the quality gate before accepting provider output
{"level":"warn","event":"ai_provider_failed","provider":"groq","model":"qwen/qwen3.6-27b","code":"AI_SCAN_NO_USABLE_ITEMS","retryable":false}

stderr | tests/unit/ai-router.test.ts > AI Router & Schema Verification > applies the quality gate before accepting receipt provider output
{"level":"warn","event":"ai_receipt_provider_failed","provider":"groq","model":"qwen/qwen3.6-27b","code":"AI_SCAN_NO_USABLE_ITEMS","retryable":false}

 ✓ tests/unit/ai-router.test.ts (16 tests) 18ms
 ✓ tests/unit/ingredient-availability.test.ts (29 tests) 18ms
 ✓ tests/unit/shopping-plan-snapshot.test.ts (3 tests) 18ms
stdout | tests/integration/worker-cors.test.mjs > allows both request-owner headers through the Worker CORS preflight
[req] OPTIONS /api/v1/inventory 204 1ms c6a308d0-db1b-45d2-8167-74998bd16b5a

stdout | tests/integration/worker-cors.test.mjs > CORS and CSRF agree: production / https://app.example.com => true
{"level":"info","requestId":"2a477203-0131-46d9-bf55-e67f1570024b","method":"OPTIONS","path":"/api/v1/inventory","status":204,"durationMs":0,"environment":"production"}

stdout | tests/integration/worker-cors.test.mjs > CORS and CSRF agree: production / https://app.example.com.evil.test => false
{"level":"info","requestId":"05434b9b-8eea-462f-84ec-760b292ede4d","method":"OPTIONS","path":"/api/v1/inventory","status":204,"durationMs":0,"environment":"production"}

stdout | tests/integration/worker-cors.test.mjs > CORS and CSRF agree: production / https://evil-app.example.com => false
{"level":"info","requestId":"7105acf8-9fb2-4840-b080-7f7d115ec619","method":"OPTIONS","path":"/api/v1/inventory","status":204,"durationMs":1,"environment":"production"}

stdout | tests/integration/worker-cors.test.mjs > CORS and CSRF agree: production / https://app.example.com@evil.test => false
{"level":"info","requestId":"d8fa4c0f-63df-4b4d-8cff-f1a73bb43677","method":"OPTIONS","path":"/api/v1/inventory","status":204,"durationMs":0,"environment":"production"}

stdout | tests/integration/worker-cors.test.mjs > CORS and CSRF agree: production / https://app.example.com/path => false
{"level":"info","requestId":"f777ea52-bbc4-4733-8e00-8e130b516dce","method":"OPTIONS","path":"/api/v1/inventory","status":204,"durationMs":0,"environment":"production"}

stdout | tests/integration/worker-cors.test.mjs > CORS and CSRF agree: production / http://localhost:5173 => false
{"level":"info","requestId":"507dbb60-b5ea-4118-9866-c7bf9c91a8b6","method":"OPTIONS","path":"/api/v1/inventory","status":204,"durationMs":0,"environment":"production"}

stdout | tests/integration/worker-cors.test.mjs > CORS and CSRF agree: production / https://random.example.com => false
{"level":"info","requestId":"07017bbf-9d05-40eb-ad67-884ff115cf5b","method":"OPTIONS","path":"/api/v1/inventory","status":204,"durationMs":0,"environment":"production"}

stdout | tests/integration/worker-cors.test.mjs > CORS and CSRF agree: production / https://frigo.tungjpstore.net => false
{"level":"info","requestId":"df3228b0-fdf1-40b8-a02b-be7a097c43ab","method":"OPTIONS","path":"/api/v1/inventory","status":204,"durationMs":0,"environment":"production"}

stdout | tests/integration/worker-cors.test.mjs > CORS and CSRF agree: production / null => false
{"level":"info","requestId":"f20b9a4e-8a3f-4bfd-84e5-41a3cbc7c370","method":"OPTIONS","path":"/api/v1/inventory","status":204,"durationMs":1,"environment":"production"}

stdout | tests/integration/worker-cors.test.mjs > CORS and CSRF agree: development / http://localhost:5173 => true
[req] OPTIONS /api/v1/inventory 204 0ms 4a81b212-fcf1-449c-8f85-871a69a26f13

stdout | tests/integration/worker-cors.test.mjs > CORS and CSRF agree: development / http://127.0.0.1:8787 => true
[req] OPTIONS /api/v1/inventory 204 0ms b8b11ac7-364e-4631-b91c-149f63157669

stdout | tests/integration/worker-cors.test.mjs > CORS and CSRF agree: development / https://random.example.com => false
[req] OPTIONS /api/v1/inventory 204 0ms 1450e50f-34aa-4c6b-8df2-61430f9ed955

stdout | tests/integration/worker-cors.test.mjs > CORS and CSRF agree: staging / http://localhost:5173 => false
[req] OPTIONS /api/v1/inventory 204 1ms 72f2d03c-f41a-422f-bb94-87a72dd7bab0

stdout | tests/integration/worker-cors.test.mjs > exposes the request ID to the trusted separate frontend
{"level":"info","requestId":"frontend_test_123","method":"GET","path":"/api/v1/health","status":200,"durationMs":1,"environment":"production"}

stdout | tests/integration/worker-cors.test.mjs > does not emit a wildcard when the request has no Origin
{"level":"info","requestId":"e19a74dd-10c8-4557-9b99-736e6a57df98","method":"GET","path":"/api/v1/health","status":200,"durationMs":0,"environment":"production"}

stdout | tests/integration/worker-cors.test.mjs > allows Google GIS popup handshakes on the SPA without weakening API isolation
{"level":"info","requestId":"23d76a33-b29f-4031-afd5-d97a9c4e3990","method":"GET","path":"/auth","status":200,"durationMs":0,"environment":"production"}

stdout | tests/integration/worker-cors.test.mjs > allows Google GIS popup handshakes on the SPA without weakening API isolation
{"level":"info","requestId":"e5042390-71d3-4070-8ec0-59f3eed9afd0","method":"GET","path":"/api/v1/health","status":200,"durationMs":0,"environment":"production"}

 ✓ tests/integration/worker-cors.test.mjs (17 tests) 16ms
 ✓ tests/unit/meal-planning-client.test.ts (24 tests) 20ms
 ✓ tests/unit/scan-privacy.test.tsx (11 tests) 17ms
 ✓ tests/unit/t21rc4-identity-approval.test.mjs (14 tests) 17ms
 ✓ tests/unit/inventory-observations.test.ts (33 tests) 14ms
 ✓ tests/unit/scan-error-presentation.test.ts (4 tests) 16ms
 ✓ tests/unit/planner-inventory.test.ts (10 tests) 14ms
 ✓ tests/unit/ai-scan-failure-diagnostics.test.ts (7 tests) 15ms
 ✓ tests/unit/ingredient-images.test.ts (7 tests) 15ms
 ✓ tests/unit/recipe-engine.test.ts (4 tests) 12ms
stderr | tests/unit/groq-provider.test.ts > GroqProvider > uses Groq before Workers AI and falls back when Groq fails
{"level":"warn","event":"ai_provider_failed","provider":"groq","model":"qwen/qwen3.6-27b","code":"UPSTREAM_ERROR","retryable":true}

 ✓ tests/unit/groq-provider.test.ts (8 tests) 15ms
 ✓ tests/unit/qwen-provider.test.ts (14 tests) 14ms
 ✓ tests/unit/inventory-fefo.test.ts (20 tests) 15ms
 ✓ tests/unit/account-gates.test.tsx (3 tests) 14ms
 ✓ tests/unit/week-reconciliation.test.ts (5 tests) 13ms
 ✓ tests/unit/t13-receipt-vision-truth.test.ts (41 tests) 14ms
 ✓ tests/unit/domain-foundation.test.ts (25 tests) 13ms
 ✓ tests/unit/ai-vision-repair-prompt.test.ts (7 tests) 16ms
 ✓ tests/unit/inventory-idempotency.test.ts (4 tests) 13ms
 ✓ tests/unit/planner-nutrition.test.ts (14 tests) 10ms
 ✓ tests/unit/wait-for-deployed-release.test.mjs (29 tests) 11ms
 ✓ tests/unit/meal-planning-explanation.test.ts (18 tests) 12ms
stderr | tests/unit/email-privacy.test.ts > transactional email provider routing > classifies Resend HTTP 429 as rate limited
{"event":"email_delivery_failed","provider":"resend","category":"rate_limited"}

stderr | tests/unit/email-privacy.test.ts > transactional email provider routing > distinguishes a Resend daily quota rejection from request-rate limiting
{"event":"email_delivery_failed","provider":"resend","category":"daily_limit"}

stderr | tests/unit/email-privacy.test.ts > transactional email provider routing > classifies Resend sender verification failures without exposing its response
{"event":"email_delivery_failed","provider":"resend","category":"sender_not_verified"}

stderr | tests/unit/email-privacy.test.ts > transactional email provider routing > classifies Resend network and timeout failures as provider unavailable
{"event":"email_delivery_failed","provider":"resend","category":"provider_unavailable"}

stderr | tests/unit/email-privacy.test.ts > transactional email provider routing > reports not configured when neither provider is available
{"event":"email_delivery_failed","provider":"none","category":"not_configured"}

stderr | tests/unit/email-privacy.test.ts > does not retain provider response bodies in delivery diagnostics
{"event":"email_delivery_failed","provider":"resend","category":"provider_unavailable"}

stderr | tests/unit/email-privacy.test.ts > does not retain network exception details in delivery diagnostics
{"event":"email_delivery_failed","provider":"resend","category":"provider_unavailable"}

 ✓ tests/unit/email-privacy.test.ts (16 tests) 11ms
 ✓ tests/unit/config-validation.test.ts (49 tests) 11ms
stderr | tests/unit/rate-limit.test.ts > rate limiter failure behavior > degrades explicitly (not silently) when KV fails in best-effort mode
{"level":"warn","limiter":"rl_t2","reason":"kv-error","message":"Rate limiter degraded to isolate-local counters; enforcement is not globally reliable."}

stderr | tests/unit/rate-limit.test.ts > rate limiter failure behavior > fails closed in production for critical limiters when the primary limiter fails
{"level":"warn","limiter":"rl_t3","reason":"kv-error","message":"Rate limiter failed closed in production."}

stderr | tests/unit/rate-limit.test.ts > rate limiter failure behavior > keeps best-effort behavior in non-production even with fail-closed enforcement
{"level":"warn","limiter":"rl_t4","reason":"kv-error","message":"Rate limiter degraded to isolate-local counters; enforcement is not globally reliable."}

stderr | tests/unit/rate-limit.test.ts > rate limiter failure behavior > marks an unbound KV namespace as degraded instead of implying global enforcement
{"level":"warn","limiter":"rl_t5","reason":"kv-unbound","message":"Rate limiter degraded to isolate-local counters; enforcement is not globally reliable."}

 ✓ tests/unit/rate-limit.test.ts (5 tests) 8ms
 ✓ tests/unit/canonical-ocr-normalization.test.ts (9 tests) 8ms
 ✓ tests/unit/t07-rate-limit.test.ts (2 tests) 7ms
 ✓ tests/unit/recipe-seed-output-policy.test.mjs (29 tests) 8ms
 ✓ tests/unit/production-d1-diagnostics.test.mjs (7 tests) 9ms
stderr | tests/unit/turnstile.test.ts > Turnstile verification > fails closed on provider rejection/malformed responses
{"event":"turnstile_verification_failed"}

 ✓ tests/unit/turnstile.test.ts (14 tests) 8ms
 ✓ tests/unit/shopping-search.test.ts (16 tests) 7ms
 ✓ tests/unit/receipt-scan.test.ts (4 tests) 8ms
 ✓ tests/unit/planner-reason-coverage.test.ts (6 tests) 7ms
 ✓ tests/unit/cleanup.test.ts (8 tests) 6ms
 ✓ tests/unit/ui-rebuild-availability.test.ts (6 tests) 6ms
 ✓ tests/unit/t21rc2t-workflow-safety.test.mjs (6 tests) 6ms
 ✓ tests/unit/t21rb-v1-production.test.mjs (5 tests) 5ms
 ✓ tests/unit/scan-queue.test.ts (21 tests) 5ms
 ✓ tests/unit/ingredient-authority-v2.test.ts (4 tests) 5ms
 ✓ tests/unit/scans.test.ts (5 tests) 10ms
 ✓ tests/unit/cooking-store.test.ts (2 tests) 4ms
 ✓ tests/unit/scan-request-correlation.test.ts (1 test) 4ms
 ✓ tests/unit/logout-dialog.test.tsx (1 test) 4ms
 ✓ tests/unit/ai-golden-dataset.test.ts (3 tests) 4ms
 ✓ tests/unit/quantity.test.ts (11 tests) 3ms
 ✓ tests/unit/query-client.test.ts (11 tests) 3ms
 ✓ tests/unit/csp.test.ts (5 tests) 4ms
 ✓ tests/unit/week-shopping-route-policy.test.ts (6 tests) 3ms
 ✓ tests/unit/logout-ux.test.ts (2 tests) 2ms
 ✓ tests/unit/cooking-route-allocation.test.ts (3 tests) 2ms
 ✓ tests/unit/production-d1-migration-runtime-proof.test.mjs (1 test) 2ms
stderr | tests/unit/t20-meal-composer-ui.test.tsx > T20 Meal composer UI > renders components with accessible role labels and lock state; lock is a server mutation at the current revision
⚠️ React Router Future Flag Warning: React Router will begin wrapping state updates in `React.startTransition` in v7. You can use the `v7_startTransition` future flag to opt-in early. For more information, see https://reactrouter.com/v6/upgrading/future#v7_starttransition.
⚠️ React Router Future Flag Warning: Relative route resolution within Splat routes is changing in v7. You can use the `v7_relativeSplatPath` future flag to opt-in early. For more information, see https://reactrouter.com/v6/upgrading/future#v7_relativesplatpath.

stderr | tests/unit/auth-verify-route.test.tsx > screen 03 — /auth/verify route > does not let a delayed unverified-login response attach to a replacement session
Backend login failed: ApiError: Phiên làm việc đã thay đổi. Vui lòng đăng nhập lại.
    at assertCurrent (/Users/tunbee27/Documents/Tako-san-ui-rebuild/src/web/services/http.ts:61:29)
    at fetchJson (/Users/tunbee27/Documents/Tako-san-ui-rebuild/src/web/services/http.ts:112:3)
    at Object.login (/Users/tunbee27/Documents/Tako-san-ui-rebuild/src/web/services/auth.ts:225:14)
    at handleLogin (/Users/tunbee27/Documents/Tako-san-ui-rebuild/src/web/pages/AuthPage.tsx:360:19) {
  kind: 'auth',
  status: undefined,
  retryable: undefined,
  requestId: undefined,
  payload: null
}

stderr | tests/unit/auth-verify-route.test.tsx > screen 03 — /auth/verify route > does not let a delayed login response navigate after the auth route is abandoned
Backend login failed: ApiError: HTTP 401: {"error":"Account verification required","requireOtp":true,"otpDelivered":true}
    at fetchJson (/Users/tunbee27/Documents/Tako-san-ui-rebuild/src/web/services/http.ts:120:13)
    at Object.login (/Users/tunbee27/Documents/Tako-san-ui-rebuild/src/web/services/auth.ts:225:14)
    at handleLogin (/Users/tunbee27/Documents/Tako-san-ui-rebuild/src/web/pages/AuthPage.tsx:360:19) {
  kind: 'auth',
  status: 401,
  retryable: undefined,
  requestId: undefined,
  payload: {
    error: 'Account verification required',
    requireOtp: true,
    otpDelivered: true
  }
}

stderr | tests/unit/auth-verify-route.test.tsx > screen 03 — /auth/verify route > invalid verification failure stays server-authoritative on /auth/verify
Backend verify OTP failed: ApiError: HTTP 400: {"error":"Mã OTP không chính xác hoặc đã được sử dụng"}
    at fetchJson (/Users/tunbee27/Documents/Tako-san-ui-rebuild/src/web/services/http.ts:125:11)
    at Object.verifyOtp (/Users/tunbee27/Documents/Tako-san-ui-rebuild/src/web/services/auth.ts:159:22)
    at submitOtpVerification (/Users/tunbee27/Documents/Tako-san-ui-rebuild/src/web/pages/AuthPage.tsx:512:19)
    at handleVerifyOtp (/Users/tunbee27/Documents/Tako-san-ui-rebuild/src/web/pages/AuthPage.tsx:560:5) {
  kind: 'http',
  status: 400,
  retryable: undefined,
  requestId: undefined,
  payload: { error: 'Mã OTP không chính xác hoặc đã được sử dụng' }
}

stderr | tests/unit/auth-verify-route.test.tsx > screen 03 — /auth/verify route > expired verification failure stays server-authoritative on /auth/verify
Backend verify OTP failed: ApiError: HTTP 400: {"error":"Mã OTP đã hết hạn. Vui lòng bấm gửi lại mã mới."}
    at fetchJson (/Users/tunbee27/Documents/Tako-san-ui-rebuild/src/web/services/http.ts:125:11)
    at Object.verifyOtp (/Users/tunbee27/Documents/Tako-san-ui-rebuild/src/web/services/auth.ts:159:22)
    at submitOtpVerification (/Users/tunbee27/Documents/Tako-san-ui-rebuild/src/web/pages/AuthPage.tsx:512:19)
    at handleVerifyOtp (/Users/tunbee27/Documents/Tako-san-ui-rebuild/src/web/pages/AuthPage.tsx:560:5) {
  kind: 'http',
  status: 400,
  retryable: undefined,
  requestId: undefined,
  payload: { error: 'Mã OTP đã hết hạn. Vui lòng bấm gửi lại mã mới.' }
}

stderr | tests/unit/auth-verify-route.test.tsx > screen 03 — /auth/verify route > rate-limited verification failure stays server-authoritative on /auth/verify
Backend verify OTP failed: ApiError: HTTP 429: {"error":"Bạn đã thử quá nhiều lần. Vui lòng chờ rồi thử lại."}
    at fetchJson (/Users/tunbee27/Documents/Tako-san-ui-rebuild/src/web/services/http.ts:125:11)
    at Object.verifyOtp (/Users/tunbee27/Documents/Tako-san-ui-rebuild/src/web/services/auth.ts:159:22)
    at submitOtpVerification (/Users/tunbee27/Documents/Tako-san-ui-rebuild/src/web/pages/AuthPage.tsx:512:19)
    at handleVerifyOtp (/Users/tunbee27/Documents/Tako-san-ui-rebuild/src/web/pages/AuthPage.tsx:560:5) {
  kind: 'http',
  status: 429,
  retryable: undefined,
  requestId: undefined,
  payload: { error: 'Bạn đã thử quá nhiều lần. Vui lòng chờ rồi thử lại.' }
}

stderr | tests/unit/auth-verify-route.test.tsx > screen 03 — /auth/verify route > reports an offline verification without consuming context or establishing a local session
Backend verify OTP failed: ApiError: Không có kết nối mạng khi gọi /auth/verify-otp
    at fetchJson (/Users/tunbee27/Documents/Tako-san-ui-rebuild/src/web/services/http.ts:109:11)
    at Object.verifyOtp (/Users/tunbee27/Documents/Tako-san-ui-rebuild/src/web/services/auth.ts:159:22)
    at submitOtpVerification (/Users/tunbee27/Documents/Tako-san-ui-rebuild/src/web/pages/AuthPage.tsx:512:19)
    at handleVerifyOtp (/Users/tunbee27/Documents/Tako-san-ui-rebuild/src/web/pages/AuthPage.tsx:560:5) {
  kind: 'offline',
  status: undefined,
  retryable: true,
  requestId: undefined,
  payload: null
}

stderr | tests/unit/auth-verify-route.test.tsx > screen 03 — /auth/verify route > ignores a delayed resend after session-change
Backend resend OTP failed: ApiError: Phiên làm việc đã thay đổi. Vui lòng đăng nhập lại.
    at assertCurrent (/Users/tunbee27/Documents/Tako-san-ui-rebuild/src/web/services/http.ts:61:29)
    at fetchJson (/Users/tunbee27/Documents/Tako-san-ui-rebuild/src/web/services/http.ts:112:3)
    at Object.resendOtp (/Users/tunbee27/Documents/Tako-san-ui-rebuild/src/web/services/auth.ts:204:14)
    at handleResendOtp (/Users/tunbee27/Documents/Tako-san-ui-rebuild/src/web/pages/AuthPage.tsx:580:19) {
  kind: 'auth',
  status: undefined,
  retryable: undefined,
  requestId: undefined,
  payload: null
}

stderr | tests/unit/auth-verify-route.test.tsx > screen 03 — /auth/verify route > ignores a delayed resend after logout
Backend resend OTP failed: ApiError: Phiên làm việc đã thay đổi. Vui lòng đăng nhập lại.
    at assertCurrent (/Users/tunbee27/Documents/Tako-san-ui-rebuild/src/web/services/http.ts:61:29)
    at fetchJson (/Users/tunbee27/Documents/Tako-san-ui-rebuild/src/web/services/http.ts:112:3)
    at Object.resendOtp (/Users/tunbee27/Documents/Tako-san-ui-rebuild/src/web/services/auth.ts:204:14)
    at handleResendOtp (/Users/tunbee27/Documents/Tako-san-ui-rebuild/src/web/pages/AuthPage.tsx:580:19) {
  kind: 'auth',
  status: undefined,
  retryable: undefined,
  requestId: undefined,
  payload: null
}

stderr | tests/unit/auth-verify-route.test.tsx > screen 03 — /auth/verify route > OTP_DELIVERY_UNAVAILABLE on register still reaches /auth/verify honestly: error shown, no cooldown, context marked undelivered
Backend register failed: ApiError: HTTP 503: {"error":"Email OTP chưa gửi được.","code":"OTP_DELIVERY_UNAVAILABLE","accountCreated":true}
    at fetchJson (/Users/tunbee27/Documents/Tako-san-ui-rebuild/src/web/services/http.ts:125:11)
    at Object.register (/Users/tunbee27/Documents/Tako-san-ui-rebuild/src/web/services/auth.ts:134:14)
    at handleRegister (/Users/tunbee27/Documents/Tako-san-ui-rebuild/src/web/pages/AuthPage.tsx:418:19) {
  kind: 'http',
  status: 503,
  retryable: undefined,
  requestId: undefined,
  payload: {
    error: 'Email OTP chưa gửi được.',
    code: 'OTP_DELIVERY_UNAVAILABLE',
    accountCreated: true
  }
}

stderr | tests/unit/auth-verify-route.test.tsx > screen 03 — /auth/verify route > a failed resend surfaces the server error and leaves resend available
Backend register failed: ApiError: HTTP 503: {"error":"Email OTP chưa gửi được.","code":"OTP_DELIVERY_UNAVAILABLE","accountCreated":true}
    at fetchJson (/Users/tunbee27/Documents/Tako-san-ui-rebuild/src/web/services/http.ts:125:11)
    at Object.register (/Users/tunbee27/Documents/Tako-san-ui-rebuild/src/web/services/auth.ts:134:14)
    at handleRegister (/Users/tunbee27/Documents/Tako-san-ui-rebuild/src/web/pages/AuthPage.tsx:418:19) {
  kind: 'http',
  status: 503,
  retryable: undefined,
  requestId: undefined,
  payload: {
    error: 'Email OTP chưa gửi được.',
    code: 'OTP_DELIVERY_UNAVAILABLE',
    accountCreated: true
  }
}

stderr | tests/unit/auth-verify-route.test.tsx > screen 03 — /auth/verify route > a failed resend surfaces the server error and leaves resend available
Backend resend OTP failed: ApiError: HTTP 429: {"error":"Vui lòng chờ trước khi gửi lại mã."}
    at fetchJson (/Users/tunbee27/Documents/Tako-san-ui-rebuild/src/web/services/http.ts:125:11)
    at Object.resendOtp (/Users/tunbee27/Documents/Tako-san-ui-rebuild/src/web/services/auth.ts:204:14)
    at handleResendOtp (/Users/tunbee27/Documents/Tako-san-ui-rebuild/src/web/pages/AuthPage.tsx:580:19) {
  kind: 'http',
  status: 429,
  retryable: undefined,
  requestId: undefined,
  payload: { error: 'Vui lòng chờ trước khi gửi lại mã.' }
}

stderr | tests/unit/auth-verify-route.test.tsx > screen 03 — /auth/verify route > invalidates stale delivery and expiry claims when the server cannot deliver a replacement
Backend resend OTP failed: ApiError: HTTP 503: {"error":"Email OTP chưa gửi được.","code":"OTP_DELIVERY_UNAVAILABLE"}
    at fetchJson (/Users/tunbee27/Documents/Tako-san-ui-rebuild/src/web/services/http.ts:125:11)
    at Object.resendOtp (/Users/tunbee27/Documents/Tako-san-ui-rebuild/src/web/services/auth.ts:204:14)
    at handleResendOtp (/Users/tunbee27/Documents/Tako-san-ui-rebuild/src/web/pages/AuthPage.tsx:580:19) {
  kind: 'http',
  status: 503,
  retryable: undefined,
  requestId: undefined,
  payload: {
    error: 'Email OTP chưa gửi được.',
    code: 'OTP_DELIVERY_UNAVAILABLE'
  }
}

stderr | tests/unit/auth-verify-route.test.tsx > screen 03 — /auth/verify route > reports an offline resend without fabricating delivery or expiry metadata
Backend resend OTP failed: ApiError: Không có kết nối mạng khi gọi /auth/resend-otp
    at fetchJson (/Users/tunbee27/Documents/Tako-san-ui-rebuild/src/web/services/http.ts:109:11)
    at Object.resendOtp (/Users/tunbee27/Documents/Tako-san-ui-rebuild/src/web/services/auth.ts:204:14)
    at handleResendOtp (/Users/tunbee27/Documents/Tako-san-ui-rebuild/src/web/pages/AuthPage.tsx:580:19) {
  kind: 'offline',
  status: undefined,
  retryable: true,
  requestId: undefined,
  payload: null
}

 ✓ tests/unit/auth-verify-route.test.tsx (39 tests) 2025ms
   ✓ screen 03 — /auth/verify route > refresh of /auth/verify restores the verification (email, cooldown) from the tab-scoped context and completes with the server  529ms
 ✓ tests/unit/t20-meal-composer-ui.test.tsx (23 tests) 2929ms
   ✓ T20 Meal composer UI > never exposes stale rows from a previous filter or a late load-more response  794ms
   ✓ T20 Meal composer UI > picker cuisine filter is a labelled control combined with search and role on the server query  527ms
   ✓ T20 Meal composer UI > an empty filtered picker result explains the filters and can clear them  773ms
stderr | tests/unit/auth-guest-transfer-deferred.test.tsx > D3 guest → email registration with deferred inventory transfer > B+D. the first guest attempt sends the transfer field; the 409 deferral is shown as an explicit choice, not as a wrong OTP, and the guest session is untouched
Backend verify OTP failed: ApiError: HTTP 409: {"error":"Chưa hỗ trợ chuyển dữ liệu từ hộ khách một cách an toàn. Hàng tồn kho vẫn được giữ nguyên trong hộ khách; tài khoản chưa được kích hoạt và mã OTP chưa được sử dụng.","code":"INVENTORY_TRANSFER_DEFERRED"}
    at fetchJson (/Users/tunbee27/Documents/Tako-san-ui-rebuild/src/web/services/http.ts:125:11)
    at Object.verifyOtp (/Users/tunbee27/Documents/Tako-san-ui-rebuild/src/web/services/auth.ts:159:22)
    at submitOtpVerification (/Users/tunbee27/Documents/Tako-san-ui-rebuild/src/web/pages/AuthPage.tsx:512:19)
    at handleVerifyOtp (/Users/tunbee27/Documents/Tako-san-ui-rebuild/src/web/pages/AuthPage.tsx:560:5) {
  kind: 'http',
  status: 409,
  retryable: undefined,
  requestId: undefined,
  payload: {
    error: 'Chưa hỗ trợ chuyển dữ liệu từ hộ khách một cách an toàn. Hàng tồn kho vẫn được giữ nguyên trong hộ khách; tài khoản chưa được kích hoạt và mã OTP chưa được sử dụng.',
    code: 'INVENTORY_TRANSFER_DEFERRED'
  }
}

stderr | tests/unit/auth-guest-transfer-deferred.test.tsx > D3 guest → email registration with deferred inventory transfer > C+F. continuing without transfer retries the same OTP without migrateFromHouseholdId and only then establishes the account session
Backend verify OTP failed: ApiError: HTTP 409: {"error":"Chưa hỗ trợ chuyển dữ liệu từ hộ khách một cách an toàn. Hàng tồn kho vẫn được giữ nguyên trong hộ khách; tài khoản chưa được kích hoạt và mã OTP chưa được sử dụng.","code":"INVENTORY_TRANSFER_DEFERRED"}
    at fetchJson (/Users/tunbee27/Documents/Tako-san-ui-rebuild/src/web/services/http.ts:125:11)
    at Object.verifyOtp (/Users/tunbee27/Documents/Tako-san-ui-rebuild/src/web/services/auth.ts:159:22)
    at submitOtpVerification (/Users/tunbee27/Documents/Tako-san-ui-rebuild/src/web/pages/AuthPage.tsx:512:19)
    at handleVerifyOtp (/Users/tunbee27/Documents/Tako-san-ui-rebuild/src/web/pages/AuthPage.tsx:560:5) {
  kind: 'http',
  status: 409,
  retryable: undefined,
  requestId: undefined,
  payload: {
    error: 'Chưa hỗ trợ chuyển dữ liệu từ hộ khách một cách an toàn. Hàng tồn kho vẫn được giữ nguyên trong hộ khách; tài khoản chưa được kích hoạt và mã OTP chưa được sử dụng.',
    code: 'INVENTORY_TRANSFER_DEFERRED'
  }
}

stderr | tests/unit/auth-guest-transfer-deferred.test.tsx > D3 guest → email registration with deferred inventory transfer > E. a failed continue-without-transfer retry leaves the guest session intact and never half-authenticates
Backend verify OTP failed: ApiError: HTTP 409: {"error":"Chưa hỗ trợ chuyển dữ liệu từ hộ khách một cách an toàn. Hàng tồn kho vẫn được giữ nguyên trong hộ khách; tài khoản chưa được kích hoạt và mã OTP chưa được sử dụng.","code":"INVENTORY_TRANSFER_DEFERRED"}
    at fetchJson (/Users/tunbee27/Documents/Tako-san-ui-rebuild/src/web/services/http.ts:125:11)
    at Object.verifyOtp (/Users/tunbee27/Documents/Tako-san-ui-rebuild/src/web/services/auth.ts:159:22)
    at submitOtpVerification (/Users/tunbee27/Documents/Tako-san-ui-rebuild/src/web/pages/AuthPage.tsx:512:19)
    at handleVerifyOtp (/Users/tunbee27/Documents/Tako-san-ui-rebuild/src/web/pages/AuthPage.tsx:560:5) {
  kind: 'http',
  status: 409,
  retryable: undefined,
  requestId: undefined,
  payload: {
    error: 'Chưa hỗ trợ chuyển dữ liệu từ hộ khách một cách an toàn. Hàng tồn kho vẫn được giữ nguyên trong hộ khách; tài khoản chưa được kích hoạt và mã OTP chưa được sử dụng.',
    code: 'INVENTORY_TRANSFER_DEFERRED'
  }
}

stderr | tests/unit/auth-guest-transfer-deferred.test.tsx > D3 guest → email registration with deferred inventory transfer > E. a failed continue-without-transfer retry leaves the guest session intact and never half-authenticates
Backend verify OTP failed: ApiError: HTTP 400: {"error":"Mã OTP đã hết hạn. Vui lòng bấm gửi lại mã mới."}
    at fetchJson (/Users/tunbee27/Documents/Tako-san-ui-rebuild/src/web/services/http.ts:125:11)
    at Object.verifyOtp (/Users/tunbee27/Documents/Tako-san-ui-rebuild/src/web/services/auth.ts:159:22)
    at submitOtpVerification (/Users/tunbee27/Documents/Tako-san-ui-rebuild/src/web/pages/AuthPage.tsx:512:19)
    at handleContinueWithoutTransfer (/Users/tunbee27/Documents/Tako-san-ui-rebuild/src/web/pages/AuthPage.tsx:566:5) {
  kind: 'http',
  status: 400,
  retryable: undefined,
  requestId: undefined,
  payload: { error: 'Mã OTP đã hết hạn. Vui lòng bấm gửi lại mã mới.' }
}

stderr | tests/unit/auth-guest-transfer-deferred.test.tsx > D3 guest → email registration with deferred inventory transfer > keeps unrelated OTP failures on the normal error path (no deferral state)
Backend verify OTP failed: ApiError: HTTP 400: {"error":"Mã OTP không chính xác hoặc đã được sử dụng"}
    at fetchJson (/Users/tunbee27/Documents/Tako-san-ui-rebuild/src/web/services/http.ts:125:11)
    at Object.verifyOtp (/Users/tunbee27/Documents/Tako-san-ui-rebuild/src/web/services/auth.ts:159:22)
    at submitOtpVerification (/Users/tunbee27/Documents/Tako-san-ui-rebuild/src/web/pages/AuthPage.tsx:512:19)
    at handleVerifyOtp (/Users/tunbee27/Documents/Tako-san-ui-rebuild/src/web/pages/AuthPage.tsx:560:5) {
  kind: 'http',
  status: 400,
  retryable: undefined,
  requestId: undefined,
  payload: { error: 'Mã OTP không chính xác hoặc đã được sử dụng' }
}

 ✓ tests/unit/auth-guest-transfer-deferred.test.tsx (6 tests) 1429ms
   ✓ D3 guest → email registration with deferred inventory transfer > A. a non-guest registration verifies the OTP once, without any transfer field, and opens the account session  608ms
   ✓ D3 guest → email registration with deferred inventory transfer > C+F. continuing without transfer retries the same OTP without migrateFromHouseholdId and only then establishes the account session  578ms
stderr | tests/unit/t13b-inventory-detail.test.tsx > T13B ingredient detail expiry truth > UNKNOWN never shows Tươi ngon despite the compatibility freshness field saying fresh
⚠️ React Router Future Flag Warning: React Router will begin wrapping state updates in `React.startTransition` in v7. You can use the `v7_startTransition` future flag to opt-in early. For more information, see https://reactrouter.com/v6/upgrading/future#v7_starttransition.
⚠️ React Router Future Flag Warning: Relative route resolution within Splat routes is changing in v7. You can use the `v7_relativeSplatPath` future flag to opt-in early. For more information, see https://reactrouter.com/v6/upgrading/future#v7_relativesplatpath.

 ✓ tests/unit/planner-hook.test.tsx (48 tests) 1357ms
 ✓ tests/unit/t13b-inventory-detail.test.tsx (25 tests) 948ms
 ✓ tests/unit/ui02-surfaces.test.tsx (17 tests) 852ms
   ✓ Discovery mounted URL interactions > deep-linked search reaches later ingredients and reset restores all results/focus  301ms
 ✓ tests/unit/t13r-a-lot-draft-ownership.test.tsx (7 tests) 472ms
 ✓ tests/integration/t13b-review-roundtrip.test.tsx (4 tests) 652ms
 ✓ tests/unit/t13b-receipt-review.test.tsx (43 tests) 398ms
 ✓ tests/unit/t13b-fridge-review.test.tsx (35 tests) 385ms
 ✓ tests/unit/t07-planner-ui.test.tsx (12 tests) 353ms
 ✓ tests/unit/t13b-fridge-hardening.test.tsx (26 tests) 306ms
 ✓ tests/unit/ui-rebuild-surfaces.test.tsx (7 tests) 240ms
 ✓ tests/unit/t13r-b-inventory-conflict.test.tsx (4 tests) 189ms
stderr | tests/unit/onboarding-contract.test.tsx > screens 04-06 — onboarding contract > screen 04 owns only household size and exposes native single-select state
⚠️ React Router Future Flag Warning: React Router will begin wrapping state updates in `React.startTransition` in v7. You can use the `v7_startTransition` future flag to opt-in early. For more information, see https://reactrouter.com/v6/upgrading/future#v7_starttransition.
⚠️ React Router Future Flag Warning: Relative route resolution within Splat routes is changing in v7. You can use the `v7_relativeSplatPath` future flag to opt-in early. For more information, see https://reactrouter.com/v6/upgrading/future#v7_relativesplatpath.

stderr | tests/unit/payment-checkout.test.tsx > server-authoritative payment checkout > renders arbitrary server prices and uses the selected plan without a client amount
⚠️ React Router Future Flag Warning: React Router will begin wrapping state updates in `React.startTransition` in v7. You can use the `v7_startTransition` future flag to opt-in early. For more information, see https://reactrouter.com/v6/upgrading/future#v7_starttransition.
⚠️ React Router Future Flag Warning: Relative route resolution within Splat routes is changing in v7. You can use the `v7_relativeSplatPath` future flag to opt-in early. For more information, see https://reactrouter.com/v6/upgrading/future#v7_relativesplatpath.

 ✓ tests/unit/onboarding-contract.test.tsx (20 tests) 172ms
 ✓ tests/unit/payment-checkout.test.tsx (19 tests) 158ms
 ✓ tests/unit/receipt-review-polling.test.tsx (3 tests) 128ms
 ✓ tests/unit/t13r-a-receipt-ownership.test.tsx (6 tests) 136ms
 ✓ tests/unit/planner-ui.test.tsx (58 tests) 82ms
stderr | tests/unit/auth-resend-turnstile.test.tsx > registration-only Turnstile lifecycle > challenges once during registration and resends OTP without another widget
⚠️ React Router Future Flag Warning: React Router will begin wrapping state updates in `React.startTransition` in v7. You can use the `v7_startTransition` future flag to opt-in early. For more information, see https://reactrouter.com/v6/upgrading/future#v7_starttransition.
⚠️ React Router Future Flag Warning: Relative route resolution within Splat routes is changing in v7. You can use the `v7_relativeSplatPath` future flag to opt-in early. For more information, see https://reactrouter.com/v6/upgrading/future#v7_relativesplatpath.

stderr | tests/unit/auth-resend-turnstile.test.tsx > registration-only Turnstile lifecycle > challenges once during registration and resends OTP without another widget
Backend register failed: ApiError: HTTP 503: {"error":"Email OTP chưa gửi được.","code":"OTP_DELIVERY_UNAVAILABLE","accountCreated":true}
    at fetchJson (/Users/tunbee27/Documents/Tako-san-ui-rebuild/src/web/services/http.ts:125:11)
    at Object.register (/Users/tunbee27/Documents/Tako-san-ui-rebuild/src/web/services/auth.ts:134:14)
    at handleRegister (/Users/tunbee27/Documents/Tako-san-ui-rebuild/src/web/pages/AuthPage.tsx:418:19) {
  kind: 'http',
  status: 503,
  retryable: undefined,
  requestId: undefined,
  payload: {
    error: 'Email OTP chưa gửi được.',
    code: 'OTP_DELIVERY_UNAVAILABLE',
    accountCreated: true
  }
}

 ✓ tests/unit/auth-resend-turnstile.test.tsx (2 tests) 87ms
stderr | tests/unit/scan-ui-quota.test.tsx > scan quota UI > does not advance server processing stages just because time passes
⚠️ React Router Future Flag Warning: React Router will begin wrapping state updates in `React.startTransition` in v7. You can use the `v7_startTransition` future flag to opt-in early. For more information, see https://reactrouter.com/v6/upgrading/future#v7_starttransition.
⚠️ React Router Future Flag Warning: Relative route resolution within Splat routes is changing in v7. You can use the `v7_relativeSplatPath` future flag to opt-in early. For more information, see https://reactrouter.com/v6/upgrading/future#v7_relativesplatpath.

 ✓ tests/unit/scan-ui-quota.test.tsx (4 tests) 74ms
 ✓ tests/unit/t18c-keyboard-controls.test.tsx (5 tests) 63ms
 ✓ tests/unit/ui03-discovery.test.ts (14 tests) 59ms
stderr | tests/unit/auth-google-credential.test.tsx > Google authentication entry point > renders only the real GIS entry point and never offers a credential-less fallback
⚠️ React Router Future Flag Warning: React Router will begin wrapping state updates in `React.startTransition` in v7. You can use the `v7_startTransition` future flag to opt-in early. For more information, see https://reactrouter.com/v6/upgrading/future#v7_starttransition.
⚠️ React Router Future Flag Warning: Relative route resolution within Splat routes is changing in v7. You can use the `v7_relativeSplatPath` future flag to opt-in early. For more information, see https://reactrouter.com/v6/upgrading/future#v7_relativesplatpath.

 ✓ tests/unit/auth-google-credential.test.tsx (2 tests) 60ms
stderr | tests/unit/ui06-planner-lifecycle.test.tsx > ignores late generation after a pathname change and allows the new workspace to operate
⚠️ React Router Future Flag Warning: React Router will begin wrapping state updates in `React.startTransition` in v7. You can use the `v7_startTransition` future flag to opt-in early. For more information, see https://reactrouter.com/v6/upgrading/future#v7_starttransition.
⚠️ React Router Future Flag Warning: Relative route resolution within Splat routes is changing in v7. You can use the `v7_relativeSplatPath` future flag to opt-in early. For more information, see https://reactrouter.com/v6/upgrading/future#v7_relativesplatpath.

 ✓ tests/unit/ui06-planner-lifecycle.test.tsx (2 tests) 31ms
stderr | tests/unit/auth-funnel-ui.test.tsx > auth funnel UI > honors the registration query parameter on first render
⚠️ React Router Future Flag Warning: React Router will begin wrapping state updates in `React.startTransition` in v7. You can use the `v7_startTransition` future flag to opt-in early. For more information, see https://reactrouter.com/v6/upgrading/future#v7_starttransition.
⚠️ React Router Future Flag Warning: Relative route resolution within Splat routes is changing in v7. You can use the `v7_relativeSplatPath` future flag to opt-in early. For more information, see https://reactrouter.com/v6/upgrading/future#v7_relativesplatpath.

 ✓ tests/unit/auth-funnel-ui.test.tsx (2 tests) 42ms
 ✓ tests/unit/ui05-cooking-state.test.ts (14 tests) 29ms
 ✓ tests/unit/ui04-camera-lifecycle.test.tsx (2 tests) 30ms
 ✓ tests/unit/scan-processing-state.test.tsx (2 tests) 27ms
 ✓ tests/unit/t13-inventory-ux.test.tsx (37 tests) 23ms
 ✓ tests/unit/billing-service.test.ts (14 tests) 14ms
 ✓ tests/unit/ui-rebuild-cooking.test.ts (7 tests) 14ms
 ✓ tests/unit/recipe-media-presentation.test.ts (8 tests) 9ms
 ✓ tests/unit/ui06-shopping.test.ts (9 tests) 13ms
stderr | tests/unit/ui05-cooking-voice.test.ts > non-permission no-speech events preserve listening and real errors stop auto-restart
Speech recognition event: not-allowed

 ✓ tests/unit/voice-chef-a11y.test.ts (3 tests) 4ms
 ✓ tests/unit/ui05-cooking-voice.test.ts (5 tests) 5ms

 Test Files  272 passed (272)
      Tests  6533 passed (6533)
   Start at  19:11:07
   Duration  331.63s (transform 3.89s, setup 1.07s, collect 31.79s, tests 568.42s, environment 7.45s, prepare 10.06s)

4. Replaying Database Migrations...

> frigo@0.1.0 check:migrations /Users/tunbee27/Documents/Tako-san-ui-rebuild
> bash scripts/migration-smoke.sh

migration-smoke=ok
5. Skipping Remote D1 Schema (set CHECK_REMOTE_SCHEMA=1 for release validation).
6. Skipping Remote Week Parity (set CHECK_WEEK_PARITY_REMOTE=1 before enabling dual-write).
7. Building Production Assets...

> frigo@0.1.0 build /Users/tunbee27/Documents/Tako-san-ui-rebuild
> vite build && tsc -p tsconfig.worker.json

vite v6.4.3 building for production...
transforming...
✓ 2528 modules transformed.
rendering chunks...
computing gzip size...
dist/client/index.html                                        2.81 kB │ gzip:   1.10 kB
dist/client/assets/index-CV435Do1.css                        99.21 kB │ gzip:  18.00 kB
dist/client/assets/Card-BFM6xUqU.js                           0.41 kB │ gzip:   0.32 kB │ map:     0.97 kB
dist/client/assets/format-zRZ7DBjT.js                         0.71 kB │ gzip:   0.43 kB │ map:     2.88 kB
dist/client/assets/CookingCompletePage-BN3TvSCQ.js            0.84 kB │ gzip:   0.54 kB │ map:     1.38 kB
dist/client/assets/use-modal-focus-DttN_fVe.js                1.34 kB │ gzip:   0.65 kB │ map:     4.02 kB
dist/client/assets/KitchenHeader-2w9arcA9.js                  1.53 kB │ gzip:   0.71 kB │ map:     3.77 kB
dist/client/assets/EmptyState-pqDFNIX4.js                     1.54 kB │ gzip:   0.80 kB │ map:     3.92 kB
dist/client/assets/ConfirmDialog-CgC60AW3.js                  1.64 kB │ gzip:   0.84 kB │ map:     3.87 kB
dist/client/assets/AsyncState-DxjyZSya.js                     1.65 kB │ gzip:   0.88 kB │ map:     3.47 kB
dist/client/assets/recipe-media-DaNiCCZ6.js                   1.67 kB │ gzip:   0.87 kB │ map:     6.33 kB
dist/client/assets/StatusChip-DLWvX9Nm.js                     1.72 kB │ gzip:   0.69 kB │ map:     3.55 kB
dist/client/assets/WeekGeneratingPage-DscM3IAS.js             2.06 kB │ gzip:   1.17 kB │ map:     4.90 kB
dist/client/assets/WeekSettingsPage-Dt_4R9kf.js               2.84 kB │ gzip:   1.21 kB │ map:     6.18 kB
dist/client/assets/FamilySharingPage-C1WpA4g0.js              2.88 kB │ gzip:   1.32 kB │ map:     5.50 kB
dist/client/assets/TopBar-Cj72ihiM.js                         2.94 kB │ gzip:   1.10 kB │ map:     6.42 kB
dist/client/assets/NotificationsPage-BiPvP4p7.js              3.04 kB │ gzip:   1.40 kB │ map:     6.70 kB
dist/client/assets/PrivacyDataPage-D5fZBdFp.js                3.20 kB │ gzip:   1.43 kB │ map:     5.75 kB
dist/client/assets/LandingPage-Cr1EndTy.js                    3.46 kB │ gzip:   1.60 kB │ map:     6.59 kB
dist/client/assets/NotificationPreferencesPage-I3TX2Alq.js    3.56 kB │ gzip:   1.76 kB │ map:     8.21 kB
dist/client/assets/inventory-truth-BHprnlBW.js                3.88 kB │ gzip:   1.68 kB │ map:    11.89 kB
dist/client/assets/SettingsPage-CFVFTwDq.js                   4.59 kB │ gzip:   1.80 kB │ map:     9.20 kB
dist/client/assets/MealSwapSheet-hnclYzrc.js                  4.81 kB │ gzip:   1.99 kB │ map:    11.04 kB
dist/client/assets/ReviewSource-vH7UQRXn.js                   4.88 kB │ gzip:   1.98 kB │ map:    12.84 kB
dist/client/assets/useCookingStore-OiQTUwaW.js                5.38 kB │ gzip:   2.37 kB │ map:    18.16 kB
dist/client/assets/ReconciliationPage-DJshYKx2.js             5.48 kB │ gzip:   2.40 kB │ map:    13.25 kB
dist/client/assets/useWeekStore-CR6Yvb2x.js                   5.53 kB │ gzip:   1.84 kB │ map:    18.08 kB
dist/client/assets/ProfilePage-CJUnrwxd.js                    5.86 kB │ gzip:   2.46 kB │ map:    13.56 kB
dist/client/assets/primitives-BEJWGX7t.js                     6.06 kB │ gzip:   2.20 kB │ map:    17.87 kB
dist/client/assets/FoodPreferencesPage-CM-BJ-Kg.js            6.16 kB │ gzip:   2.25 kB │ map:    16.13 kB
dist/client/assets/scan-errors-FhUyxW0h.js                    7.24 kB │ gzip:   3.06 kB │ map:    18.14 kB
dist/client/assets/CookingReview-BmF7aRDc.js                  7.30 kB │ gzip:   2.93 kB │ map:    20.01 kB
dist/client/assets/PlanningSettingsPage-CEcmnrj5.js           7.60 kB │ gzip:   2.60 kB │ map:    17.64 kB
dist/client/assets/ShoppingPage-CyI7Jll8.js                   7.73 kB │ gzip:   3.31 kB │ map:    21.90 kB
dist/client/assets/WeekShoppingPage-fFQiwl96.js               9.43 kB │ gzip:   3.13 kB │ map:    23.12 kB
dist/client/assets/RecipesPage-RrLAdm5P.js                    9.76 kB │ gzip:   3.86 kB │ map:    29.63 kB
dist/client/assets/RecipeCard-D44EACAW.js                    10.49 kB │ gzip:   2.13 kB │ map:    20.52 kB
dist/client/assets/MealDetailPage-CVCS_Cm-.js                11.67 kB │ gzip:   3.33 kB │ map:    23.79 kB
dist/client/assets/HomePage-RR3XGRv7.js                      11.75 kB │ gzip:   4.28 kB │ map:    37.40 kB
dist/client/assets/WeekSetupPage-Ch50UQnC.js                 12.50 kB │ gzip:   3.53 kB │ map:    29.79 kB
dist/client/assets/ScanPage-DFWou3n7.js                      13.26 kB │ gzip:   5.09 kB │ map:    38.17 kB
dist/client/assets/ScanResultPage-DjgF5lSa.js                13.46 kB │ gzip:   4.89 kB │ map:    41.46 kB
dist/client/assets/ReceiptReviewPage-DuK19Ga2.js             13.50 kB │ gzip:   4.61 kB │ map:    39.34 kB
dist/client/assets/OnboardingPage-DvmRLzWn.js                13.55 kB │ gzip:   3.81 kB │ map:    34.24 kB
dist/client/assets/IngredientDetailPage-CfZJe5cw.js          13.67 kB │ gzip:   4.06 kB │ map:    32.59 kB
dist/client/assets/composition-CDq0HVs4.js                   13.79 kB │ gzip:   5.18 kB │ map:    46.29 kB
dist/client/assets/RecipeDetailPage-BwHeW7NK.js              14.42 kB │ gzip:   4.73 kB │ map:    36.05 kB
dist/client/assets/CookingModePage-DCfUCOmh.js               15.13 kB │ gzip:   5.28 kB │ map:    44.00 kB
dist/client/assets/PlusPaywallPage-sQS3WVW_.js               19.06 kB │ gzip:   5.85 kB │ map:    45.22 kB
dist/client/assets/InventoryPage-CXadHy_t.js                 20.07 kB │ gzip:   7.03 kB │ map:    68.18 kB
dist/client/assets/ingredient-images-DMUMQtkM.js             20.22 kB │ gzip:   4.97 kB │ map:    19.75 kB
dist/client/assets/WeekDashboardPage-0PSjyqO_.js             23.89 kB │ gzip:   6.01 kB │ map:    51.95 kB
dist/client/assets/Button-Dbu-XMj6.js                        29.01 kB │ gzip:   9.35 kB │ map:   152.63 kB
dist/client/assets/AuthPage-4SSr2tLC.js                      30.49 kB │ gzip:   9.20 kB │ map:    96.05 kB
dist/client/assets/vendor-icons-EOwulv81.js                  33.53 kB │ gzip:   7.21 kB │ map:    89.17 kB
dist/client/assets/vendor-query-D03hXVOl.js                  42.42 kB │ gzip:  12.92 kB │ map:   155.73 kB
dist/client/assets/PlannerPage-1byk4HiT.js                   83.28 kB │ gzip:  24.10 kB │ map:   178.10 kB
dist/client/assets/vendor-react-B6oo3S7f.js                 164.07 kB │ gzip:  53.69 kB │ map:   705.96 kB
dist/client/assets/index-BLXVPKEQ.js                        458.37 kB │ gzip: 127.74 kB │ map: 1,740.27 kB
✓ built in 2.88s
=== ALL CHECKS PASSED SUCCESSFULLY! ===
Local gates are green. Production rollout still requires schema preflight, backup/export, and explicit deploy approval.
