
> frigo@0.1.0 check /Users/tunbee27/Documents/Tako-san-ui-rebuild
> bash scripts/deploy-check.sh

=== Frigo Pre-Deployment Verification ===
1. Checking TypeScript Types...

> frigo@0.1.0 typecheck /Users/tunbee27/Documents/Tako-san-ui-rebuild
> tsc -p tsconfig.json --noEmit && tsc -p tsconfig.worker.json --noEmit

2. Running ESLint...

> frigo@0.1.0 lint /Users/tunbee27/Documents/Tako-san-ui-rebuild
> eslint .

3. Running Vitest Suite...

> frigo@0.1.0 test /Users/tunbee27/Documents/Tako-san-ui-rebuild
> vitest run


 RUN  v3.2.7 /Users/tunbee27/Documents/Tako-san-ui-rebuild

 ✓ tests/integration/inventory-lot-authority.test.ts (306 tests) 42550ms
 ✓ tests/unit/production-catalog-import-inspection.test.mjs (163 tests) 44678ms
   ✓ fixed production import incident SELECT-only inspection > observes an exact applied marker and shape-safe archive/target/live counts without certifying a release  412ms
   ✓ fixed production import incident SELECT-only inspection > rejects an extra recovery-prefix object despite the complete 58 known objects  411ms
   ✓ fixed production import incident SELECT-only inspection > rejects modified evidence-trigger SQL even with exact object names and types  407ms
   ✓ fixed production import incident SELECT-only inspection > does not trust an applied status row with a different source identity  412ms
   ✓ sealed latest V2 import incident SELECT-only inspection > queries only application FKs with the real SQLite authorizer rejecting reserved names  418ms
   ✓ sealed latest V2 import incident SELECT-only inspection > still scans an unknown application table and reports its incoming uppercase catalog FK  411ms
   ✓ sealed latest V2 import incident SELECT-only inspection > blocks unknown table before any schema PRAGMA  395ms
   ✓ sealed latest V2 import incident SELECT-only inspection > blocks case-variant reserved view before any schema PRAGMA  392ms
   ✓ sealed latest V2 import incident SELECT-only inspection > blocks malformed documented table before any schema PRAGMA  400ms
   ✓ sealed latest V2 import incident SELECT-only inspection > blocks attached reserved index before any schema PRAGMA  396ms
   ✓ sealed latest V2 import incident SELECT-only inspection > observes exact applied V2 evidence and target counts despite the expected old-catalog bound mismatch  404ms
   ✓ sealed latest V2 import incident SELECT-only inspection > observes a real complete rollback with the optional canonical 59th guard object  609ms
   ✓ sealed latest V2 import incident SELECT-only inspection > does not trust an applied marker with a changed repair ID or digest  415ms
   ✓ sealed latest V2 import incident SELECT-only inspection > does not claim applied observation when live target counts drift  409ms
   ✓ sealed latest V2 import incident SELECT-only inspection > rejects a compatible-shape rollback guard with different DDL  619ms
   ✓ sealed latest V2 import incident SELECT-only inspection > rejects incomplete rollback guard rows despite an exact rolled-back marker  613ms
   ✓ sealed latest V2 import incident SELECT-only inspection > keeps final observation blocked when namespace read is not primary  407ms
   ✓ sealed latest V2 import incident SELECT-only inspection > keeps final observation blocked when schema read is not primary  414ms
   ✓ sealed latest V2 import incident SELECT-only inspection > keeps final observation blocked when aggregate read is not primary  407ms
   ✓ sealed latest V2 import incident SELECT-only inspection > keeps final observation blocked when status read is not primary  406ms
   ✓ sealed latest V2 import incident SELECT-only inspection > sanitizes auth-scope errors from a latest aggregate and blocks final observation  435ms
   ✓ sealed latest V2 import incident SELECT-only inspection > rejects changed archive map before querying production  322ms
   ✓ sealed fixed V2 import incident 37536969564 SELECT-only inspection > observes complete applied evidence with a marker unique to this run  406ms
   ✓ sealed fixed V2 import incident 37536969564 SELECT-only inspection > observes real rollback evidence and all canonical rollback guard rows  611ms
   ✓ sealed fixed V2 import incident 37536969564 SELECT-only inspection > rejects substituted status identity even when all applied objects exist  407ms
   ✓ sealed fixed V2 import incident 37536969564 SELECT-only inspection > blocks applied count drift  409ms
   ✓ sealed fixed V2 import incident 37536969564 SELECT-only inspection > blocks incomplete rollback evidence  608ms
   ✓ sealed fixed V2 import incident 37536969564 SELECT-only inspection > uses the approved reserved inventory before scanning application FK metadata  401ms
   ✓ sealed fixed V2 import incident 37536969564 SELECT-only inspection > blocks unknown reserved table before any schema PRAGMA, as confirmed by a real authorizer  391ms
   ✓ sealed fixed V2 import incident 37536969564 SELECT-only inspection > blocks case-variant reserved view before any schema PRAGMA, as confirmed by a real authorizer  394ms
   ✓ sealed fixed V2 import incident 37536969564 SELECT-only inspection > blocks malformed reserved table before any schema PRAGMA, as confirmed by a real authorizer  391ms
   ✓ sealed fixed V2 import incident 37536969564 SELECT-only inspection > blocks reserved index before any schema PRAGMA, as confirmed by a real authorizer  391ms
   ✓ sealed fixed V2 import incident 37536969564 SELECT-only inspection > requires strict primary metadata for each namespace read  408ms
   ✓ sealed fixed V2 import incident 37536969564 SELECT-only inspection > requires strict primary metadata for each schema read  405ms
   ✓ sealed fixed V2 import incident 37536969564 SELECT-only inspection > requires strict primary metadata for each aggregate read  405ms
   ✓ sealed fixed V2 import incident 37536969564 SELECT-only inspection > requires strict primary metadata for each status read  406ms
 ✓ tests/unit/production-catalog-preflight-diagnostics.test.mjs (45 tests) 32701ms
   ✓ production catalog preflight diagnostics using the real 0038 catalog > proves both existing gates at 0038 without applying 0039 or changing database content  853ms
   ✓ production catalog preflight diagnostics using the real 0038 catalog > accepts 500 already-ready heroes while keeping the receipt aggregate-only  830ms
   ✓ production catalog preflight diagnostics using the real 0038 catalog > rejects missing operational aggregate media_total without fallback to the stale policy  805ms
   ✓ production catalog preflight diagnostics using the real 0038 catalog > rejects missing operational aggregate recipes_without_active_hero without fallback to the stale policy  805ms
   ✓ production catalog preflight diagnostics using the real 0038 catalog > rejects missing operational aggregate media_orphan_rows without fallback to the stale policy  776ms
   ✓ production catalog preflight diagnostics using the real 0038 catalog > rejects missing operational aggregate media_duplicate_ready_roles without fallback to the stale policy  807ms
   ✓ production catalog preflight diagnostics using the real 0038 catalog > rejects missing operational aggregate media_invalid_metadata without fallback to the stale policy  807ms
   ✓ production catalog preflight diagnostics using the real 0038 catalog > rejects missing operational aggregate media_invalid_ready_metadata without fallback to the stale policy  843ms
   ✓ production catalog preflight diagnostics using the real 0038 catalog > rejects a missing pending hero even though all recipes hydrate and the runtime fingerprint matches  834ms
   ✓ production catalog preflight diagnostics using the real 0038 catalog > rejects gapped recipe order despite complete hydration and an unchanged ordered runtime payload  820ms
   ✓ production catalog preflight diagnostics using the real 0038 catalog > rejects semantic step drift that leaves ingredient lineage, counts and hydration valid  930ms
   ✓ production catalog preflight diagnostics using the real 0038 catalog > rejects missing ingredient positions and never emits hydration row identifiers  792ms
   ✓ production catalog preflight diagnostics using the real 0038 catalog > rejects changed aggregate and identity snapshots before certifying the catalog  782ms
   ✓ production catalog preflight diagnostics using the real 0038 catalog > rejects changed runtime reads even if each read individually remains hydratable  753ms
   ✓ production catalog preflight diagnostics using the real 0038 catalog > blocks ledger advancement and does not evaluate either catalog gate  771ms
   ✓ production catalog preflight diagnostics using the real 0038 catalog > blocks missing historical migration and does not evaluate either catalog gate  748ms
   ✓ production catalog preflight diagnostics using the real 0038 catalog > blocks duplicate migration and does not evaluate either catalog gate  771ms
   ✓ production catalog preflight diagnostics using the real 0038 catalog > blocks unexpected migration and does not evaluate either catalog gate  776ms
   ✓ production catalog preflight diagnostics using the real 0038 catalog > rejects an unchanged 0039 ledger because this diagnostic is scoped to the pre-migration 0038 state  770ms
   ✓ production catalog preflight diagnostics using the real 0038 catalog > retains a sanitized blocked receipt for catalog missing  803ms
   ✓ production catalog preflight diagnostics using the real 0038 catalog > retains a sanitized blocked receipt for catalog statement missing  783ms
   ✓ production catalog preflight diagnostics using the real 0038 catalog > retains a sanitized blocked receipt for catalog failed statement  816ms
   ✓ production catalog preflight diagnostics using the real 0038 catalog > retains a sanitized blocked receipt for multiple aggregate rows  775ms
   ✓ production catalog preflight diagnostics using the real 0038 catalog > retains a sanitized blocked receipt for runtime missing  776ms
   ✓ production catalog preflight diagnostics using the real 0038 catalog > retains a sanitized blocked receipt for runtime statement missing  758ms
   ✓ production catalog preflight diagnostics using the real 0038 catalog > retains a sanitized blocked receipt for runtime failed statement  780ms
   ✓ production catalog preflight diagnostics using the real 0038 catalog > rejects a malformed known aggregate value 0 without coercing it  811ms
   ✓ production catalog preflight diagnostics using the real 0038 catalog > rejects a malformed known aggregate value 9007199254740992 without coercing it  815ms
   ✓ production catalog preflight diagnostics using the real 0038 catalog > rejects a malformed known aggregate value NaN without coercing it  791ms
   ✓ production catalog preflight diagnostics using the real 0038 catalog > rejects a malformed known aggregate value Infinity without coercing it  777ms
   ✓ production catalog preflight diagnostics using the real 0038 catalog > retains null order extrema while rejecting an empty runtime order range  915ms
   ✓ production catalog preflight diagnostics using the real 0038 catalog > retains negative order bounds as evidence while rejecting the invalid recipe order range  1037ms
   ✓ production catalog preflight diagnostics using the real 0038 catalog > rejects negative count fields instead of exposing an impossible aggregate  1171ms
   ✓ production catalog preflight diagnostics using the real 0038 catalog > rejects unreviewed migration tip before issuing a receipt  1035ms
   ✓ production catalog preflight diagnostics using the real 0038 catalog > rejects migration content hash drift before issuing a receipt  958ms
   ✓ production catalog preflight diagnostics using the real 0038 catalog > drops unknown row, provider and manifest fields from a successful diagnostic receipt  816ms
   ✓ production catalog preflight diagnostics using the real 0038 catalog > ignores provider timing metadata when comparing otherwise identical read snapshots  828ms
   ✓ production catalog preflight diagnostics using the real 0038 catalog > keeps provider or pipeline exception messages out of blocked receipts  810ms
 ✓ tests/unit/t21rc2-production-approval.test.mjs (148 tests) 35719ms
   ✓ T21R-C2 reviewed execution closure (real Git objects) > allows the protected merge and later unrelated docs commit with its own exact-main CI  422ms
   ✓ T21R-C2 reviewed execution closure (real Git objects) > rejects unreviewed changes to .github/workflows/production-d1-t21rc-row-reconciliation.yml despite ancestry and green exact-main CI  368ms
   ✓ T21R-C2 reviewed execution closure (real Git objects) > rejects unreviewed changes to scripts/t21rc2-production-approval.mjs despite ancestry and green exact-main CI  351ms
   ✓ T21R-C2 reviewed execution closure (real Git objects) > rejects unreviewed changes to scripts/t21rc2-production-capture.mjs despite ancestry and green exact-main CI  353ms
   ✓ T21R-C2 reviewed execution closure (real Git objects) > rejects unreviewed changes to scripts/t21rc2-production-files.mjs despite ancestry and green exact-main CI  332ms
   ✓ T21R-C2 reviewed execution closure (real Git objects) > rejects unreviewed changes to scripts/t21rc2-production-receipt.mjs despite ancestry and green exact-main CI  361ms
   ✓ T21R-C2 reviewed execution closure (real Git objects) > rejects unreviewed changes to scripts/t21rc-row-reconciliation.mjs despite ancestry and green exact-main CI  364ms
   ✓ T21R-C2 reviewed execution closure (real Git objects) > rejects unreviewed changes to scripts/t21r-v1-authority.mjs despite ancestry and green exact-main CI  356ms
   ✓ T21R-C2 reviewed execution closure (real Git objects) > rejects unreviewed changes to scripts/release-check.mjs despite ancestry and green exact-main CI  372ms
   ✓ T21R-C2 reviewed execution closure (real Git objects) > rejects unreviewed changes to scripts/d1-migration-check.mjs despite ancestry and green exact-main CI  353ms
   ✓ T21R-C2 reviewed execution closure (real Git objects) > rejects unreviewed changes to docs/ai/recipe-catalog/T21RC_ROW_RECONCILIATION_SCHEMA.json despite ancestry and green exact-main CI  351ms
   ✓ T21R-C2 reviewed execution closure (real Git objects) > rejects unreviewed changes to docs/ai/recipe-catalog/T21RA_RUNTIME_CANONICAL_TARGET.json despite ancestry and green exact-main CI  367ms
   ✓ T21R-C2 reviewed execution closure (real Git objects) > rejects unreviewed changes to wrangler.jsonc despite ancestry and green exact-main CI  358ms
   ✓ T21R-C2 reviewed execution closure (real Git objects) > rejects unreviewed changes to package.json despite ancestry and green exact-main CI  341ms
   ✓ T21R-C2 reviewed execution closure (real Git objects) > rejects unreviewed changes to pnpm-lock.yaml despite ancestry and green exact-main CI  328ms
   ✓ T21R-C2 reviewed execution closure (real Git objects) > rejects unreviewed changes to .github/workflows/ci.yml despite ancestry and green exact-main CI  365ms
   ✓ T21R-C2 reviewed execution closure (real Git objects) > rejects unreviewed changes to scripts/t21rb-v1-semantic.mjs despite ancestry and green exact-main CI  358ms
   ✓ T21R-C2 reviewed execution closure (real Git objects) > rejects unreviewed changes to vite.config.ts despite ancestry and green exact-main CI  352ms
   ✓ T21R-C2 reviewed execution closure (real Git objects) > rejects unreviewed changes to tsconfig.json despite ancestry and green exact-main CI  360ms
   ✓ T21R-C2 reviewed execution closure (real Git objects) > rejects unreviewed changes to data/recipe-import/approved-batches.json despite ancestry and green exact-main CI  354ms
   ✓ T21R-C2 reviewed execution closure (real Git objects) > rejects unreviewed changes to data/recipe-import/t14f/pilot-30.jsonl despite ancestry and green exact-main CI  360ms
   ✓ T21R-C2 reviewed execution closure (real Git objects) > rejects unreviewed changes to data/recipe-import/t14f/scale-399.jsonl despite ancestry and green exact-main CI  392ms
   ✓ T21R-C2 reviewed execution closure (real Git objects) > rejects unreviewed changes to data/recipe-refresh/v2/ingredient-reconciliation.json despite ancestry and green exact-main CI  359ms
   ✓ T21R-C2 reviewed execution closure (real Git objects) > rejects unreviewed changes to packages/recipes/src/import/catalog-release.current.json despite ancestry and green exact-main CI  358ms
   ✓ T21R-C2 reviewed execution closure (real Git objects) > rejects unreviewed changes to migrations despite ancestry and green exact-main CI  341ms
   ✓ T21R-C2 reviewed execution closure (real Git objects) > rejects unreviewed changes to packages/domain/src/availability.ts despite ancestry and green exact-main CI  362ms
   ✓ T21R-C2 reviewed execution closure (real Git objects) > rejects unreviewed changes to packages/domain/src/foundation.ts despite ancestry and green exact-main CI  352ms
   ✓ T21R-C2 reviewed execution closure (real Git objects) > rejects unreviewed changes to packages/domain/src/index.ts despite ancestry and green exact-main CI  343ms
   ✓ T21R-C2 reviewed execution closure (real Git objects) > rejects unreviewed changes to packages/domain/src/inventory-read-authority.ts despite ancestry and green exact-main CI  477ms
   ✓ T21R-C2 reviewed execution closure (real Git objects) > rejects unreviewed changes to packages/domain/src/inventory-truth.ts despite ancestry and green exact-main CI  357ms
   ✓ T21R-C2 reviewed execution closure (real Git objects) > rejects unreviewed changes to packages/domain/src/meal-planning-api.ts despite ancestry and green exact-main CI  359ms
   ✓ T21R-C2 reviewed execution closure (real Git objects) > rejects unreviewed changes to packages/domain/src/meal-shopping-api.ts despite ancestry and green exact-main CI  338ms
   ✓ T21R-C2 reviewed execution closure (real Git objects) > rejects unreviewed changes to packages/domain/src/quantity.ts despite ancestry and green exact-main CI  360ms
   ✓ T21R-C2 reviewed execution closure (real Git objects) > rejects unreviewed changes to packages/domain/src/units.ts despite ancestry and green exact-main CI  343ms
   ✓ T21R-C2 reviewed execution closure (real Git objects) > rejects unreviewed changes to packages/domain/src/week/index.ts despite ancestry and green exact-main CI  343ms
   ✓ T21R-C2 reviewed execution closure (real Git objects) > rejects unreviewed changes to packages/domain/src/week/leftover.ts despite ancestry and green exact-main CI  355ms
   ✓ T21R-C2 reviewed execution closure (real Git objects) > rejects unreviewed changes to packages/domain/src/week/packages.ts despite ancestry and green exact-main CI  359ms
   ✓ T21R-C2 reviewed execution closure (real Git objects) > rejects unreviewed changes to packages/domain/src/week/planner.ts despite ancestry and green exact-main CI  349ms
   ✓ T21R-C2 reviewed execution closure (real Git objects) > rejects unreviewed changes to packages/domain/src/week/portion.ts despite ancestry and green exact-main CI  364ms
   ✓ T21R-C2 reviewed execution closure (real Git objects) > rejects unreviewed changes to packages/domain/src/week/pricing.ts despite ancestry and green exact-main CI  345ms
   ✓ T21R-C2 reviewed execution closure (real Git objects) > rejects unreviewed changes to packages/domain/src/week/score.ts despite ancestry and green exact-main CI  359ms
   ✓ T21R-C2 reviewed execution closure (real Git objects) > rejects unreviewed changes to packages/domain/src/week/shopping.ts despite ancestry and green exact-main CI  350ms
   ✓ T21R-C2 reviewed execution closure (real Git objects) > rejects unreviewed changes to packages/domain/src/week/types.ts despite ancestry and green exact-main CI  358ms
   ✓ T21R-C2 reviewed execution closure (real Git objects) > rejects unreviewed changes to packages/domain/src/week/utilization.ts despite ancestry and green exact-main CI  364ms
   ✓ T21R-C2 reviewed execution closure (real Git objects) > rejects unreviewed changes to packages/recipes/src/catalog-fingerprint.ts despite ancestry and green exact-main CI  343ms
   ✓ T21R-C2 reviewed execution closure (real Git objects) > rejects unreviewed changes to packages/recipes/src/data.ts despite ancestry and green exact-main CI  367ms
   ✓ T21R-C2 reviewed execution closure (real Git objects) > rejects unreviewed changes to packages/recipes/src/import/compiler.ts despite ancestry and green exact-main CI  352ms
   ✓ T21R-C2 reviewed execution closure (real Git objects) > rejects unreviewed changes to packages/recipes/src/import/duplicates.ts despite ancestry and green exact-main CI  364ms
   ✓ T21R-C2 reviewed execution closure (real Git objects) > rejects unreviewed changes to packages/recipes/src/import/identity.ts despite ancestry and green exact-main CI  365ms
   ✓ T21R-C2 reviewed execution closure (real Git objects) > rejects unreviewed changes to packages/recipes/src/import/ingredients.ts despite ancestry and green exact-main CI  336ms
   ✓ T21R-C2 reviewed execution closure (real Git objects) > rejects unreviewed changes to packages/recipes/src/import/index.ts despite ancestry and green exact-main CI  352ms
   ✓ T21R-C2 reviewed execution closure (real Git objects) > rejects unreviewed changes to packages/recipes/src/import/normalize.ts despite ancestry and green exact-main CI  384ms
   ✓ T21R-C2 reviewed execution closure (real Git objects) > rejects unreviewed changes to packages/recipes/src/import/parse.ts despite ancestry and green exact-main CI  356ms
   ✓ T21R-C2 reviewed execution closure (real Git objects) > rejects unreviewed changes to packages/recipes/src/import/release-manifest.ts despite ancestry and green exact-main CI  346ms
   ✓ T21R-C2 reviewed execution closure (real Git objects) > rejects unreviewed changes to packages/recipes/src/import/schema.ts despite ancestry and green exact-main CI  348ms
   ✓ T21R-C2 reviewed execution closure (real Git objects) > rejects unreviewed changes to packages/recipes/src/import/sql-render.ts despite ancestry and green exact-main CI  364ms
   ✓ T21R-C2 reviewed execution closure (real Git objects) > rejects unreviewed changes to packages/recipes/src/import/types.ts despite ancestry and green exact-main CI  364ms
   ✓ T21R-C2 reviewed execution closure (real Git objects) > rejects unreviewed changes to packages/recipes/src/runtime-recipe.ts despite ancestry and green exact-main CI  344ms
   ✓ T21R-C2 reviewed execution closure (real Git objects) > rejects unreviewed changes to packages/recipes/src/seed-render.ts despite ancestry and green exact-main CI  349ms
   ✓ T21R-C2 reviewed execution closure (real Git objects) > rejects unreviewed changes to packages/recipes/src/vietnamese-bank.ts despite ancestry and green exact-main CI  345ms
   ✓ T21R-C2 reviewed execution closure (real Git objects) > rejects unreviewed changes to packages/recipes/src/vietnamese-images.ts despite ancestry and green exact-main CI  366ms
   ✓ T21R-C2 reviewed execution closure (real Git objects) > rejects unreviewed changes to .npmrc despite ancestry and green exact-main CI  345ms
   ✓ T21R-C2 reviewed execution closure (real Git objects) > rejects unreviewed changes to .pnpmfile.cjs despite ancestry and green exact-main CI  365ms
   ✓ T21R-C2 reviewed execution closure (real Git objects) > rejects unreviewed changes to pnpm-workspace.yaml despite ancestry and green exact-main CI  365ms
   ✓ T21R-C2 reviewed execution closure (real Git objects) > rejects unreviewed changes to .gitattributes despite ancestry and green exact-main CI  362ms
   ✓ T21R-C2 reviewed execution closure (real Git objects) > rejects unreviewed changes to vite.config.js despite ancestry and green exact-main CI  361ms
   ✓ T21R-C2 reviewed execution closure (real Git objects) > rejects unreviewed changes to vite.config.mjs despite ancestry and green exact-main CI  342ms
   ✓ T21R-C2 reviewed execution closure (real Git objects) > rejects unreviewed changes to vite.config.cjs despite ancestry and green exact-main CI  355ms
   ✓ T21R-C2 reviewed execution closure (real Git objects) > rejects unreviewed changes to vite.config.mts despite ancestry and green exact-main CI  366ms
   ✓ T21R-C2 reviewed execution closure (real Git objects) > rejects unreviewed changes to vite.config.cts despite ancestry and green exact-main CI  342ms
   ✓ T21R-C2 reviewed execution closure (real Git objects) > rejects unreviewed changes to .env despite ancestry and green exact-main CI  357ms
   ✓ T21R-C2 reviewed execution closure (real Git objects) > rejects unreviewed changes to .env.local despite ancestry and green exact-main CI  403ms
   ✓ T21R-C2 reviewed execution closure (real Git objects) > rejects unreviewed changes to .env.development despite ancestry and green exact-main CI  476ms
   ✓ T21R-C2 reviewed execution closure (real Git objects) > rejects unreviewed changes to .env.development.local despite ancestry and green exact-main CI  486ms
   ✓ T21R-C2 reviewed execution closure (real Git objects) > rejects a missing mandatory reviewed file even when both commit snapshots omit it  308ms
   ✓ T21R-C2 reviewed execution closure (real Git objects) > allows an absent optional config but rejects introducing an unreviewed auto-loaded config  523ms
   ✓ T21R-C2 reviewed execution closure (real Git objects) > rejects adding a later migration anywhere in the reviewed migration tree  371ms
   ✓ T21R-C2 reviewed execution closure (real Git objects) > blocks the gate before production approval and before emitting a candidate output  479ms
   ✓ T21R-C2 reviewed execution closure (real Git objects) > blocks capture reauthorization before any Cloudflare subprocess when reviewed bytes changed  580ms
   ✓ T21R-C2 reviewed execution closure (real Git objects) > rechecks byte binding again before producing final authorization for aggregate publication  640ms
   ✓ runner-local approval CLI lifecycle > writes only candidate_sha for gate and keeps authorization private to approve/recheck  498ms
   ✓ runner-local approval CLI lifecycle > blocks recheck if review history is skipped  329ms
   ✓ runner-local approval CLI lifecycle > blocks recheck when environment reviewer policy changes  330ms
   ✓ runner-local approval CLI lifecycle > detects admin-bypass availability changes through the policy digest  340ms
 ✓ tests/integration/inventory-event-authority.test.ts (205 tests) 24889ms
 ✓ tests/unit/production-catalog-recovery-runner.test.mjs (75 tests) 30000ms
   ✓ bounded production recovery orchestration > pins static and captures a bookmark before one import, then certifies real V1 hydration  740ms
   ✓ bounded production recovery orchestration > accepts the last integer below the 100 MiB bound  712ms
   ✓ bounded production recovery orchestration > rejects D1 routing becoming active after the bookmark, before import  446ms
   ✓ bounded production recovery orchestration > restores the catalog archive if independent verification fails and keeps static routing  842ms
   ✓ bounded production recovery orchestration > records an unknown outcome when import committed but the provider response was lost  643ms
   ✓ bounded production recovery orchestration > inspects the exact failed import twice between identical static pin and ledger proofs  379ms
   ✓ bounded production recovery orchestration > executes the real compiler-derived helper through the readonly runner without changing catalog rows  435ms
   ✓ bounded production recovery orchestration > loads the latest failed batch from its fixed historical source and repeats its inspection  322ms
   ✓ bounded production recovery orchestration > loads the third incident from immutable a8fa and saves two stable SELECT-only observations  322ms
   ✓ bounded production recovery orchestration > rejects stale main or approval at the final authorization check  379ms
   ✓ bounded production recovery orchestration > rejects a changed final Worker pin after readonly inspection  378ms
   ✓ bounded production recovery orchestration > blocks a new import before pin/bookmark when the third incident has objects  382ms
   ✓ bounded production recovery orchestration > blocks a new import before pin/bookmark when the third incident has applied marker  380ms
   ✓ bounded production recovery orchestration > blocks a new import before pin/bookmark when the third incident has rolled-back marker  383ms
   ✓ bounded production recovery orchestration > blocks a new import before pin/bookmark when the third incident has primary unavailable  385ms
   ✓ bounded production recovery orchestration > blocks a new import before pin/bookmark when the third incident has failed read  382ms
   ✓ bounded production recovery orchestration > blocks a new import before pin/bookmark when the third incident has non-primary read  389ms
   ✓ bounded production recovery orchestration > blocks a new import before pin/bookmark when the third incident has missing guard evidence  388ms
   ✓ bounded production recovery orchestration > blocks a new import before pin/bookmark when the third incident has guard mismatch  380ms
   ✓ bounded production recovery orchestration > blocks new recovery when third-incident captures drift and retains unknown terminal state  393ms
   ✓ bounded production recovery orchestration > protects populated child references with an uppercase SQLite target name  388ms
   ✓ bounded production recovery orchestration > detects an added trigger attached to an uppercase catalog table name  384ms
   ✓ bounded production recovery orchestration > rejects an unknown D1 internal object before any pin or import  305ms
   ✓ bounded production recovery orchestration > retains detection of incoming recipe references from an unknown application table  391ms
   ✓ bounded production recovery orchestration > rejects corrected preflight without strict primary metadata: false  431ms
   ✓ bounded production recovery orchestration > rejects corrected preflight without strict primary metadata: undefined  426ms
   ✓ bounded production recovery orchestration > rejects changing corrected preflights before any mutation  438ms
   ✓ bounded production recovery orchestration > rechecks the original Worker immediately before pinning  435ms
   ✓ bounded production recovery orchestration > rechecks main and normal approval after the corrected preflight  434ms
   ✓ bounded production recovery orchestration > records only numeric provider codes and bounded exit status on file import failure  440ms
   ✓ bounded production recovery orchestration > certifies a successful import despite pinned Wrangler cached progress on stdout  719ms
   ✓ bounded production recovery orchestration > certifies a successful import despite pinned Wrangler uploaded progress on stdout  709ms
   ✓ bounded production recovery orchestration > confirms guarded archive rollback with vendor progress after independent certification fails  844ms
   ✓ bounded production recovery orchestration > does not claim success or rollback on an unproved file response: malformed json  641ms
   ✓ bounded production recovery orchestration > does not claim success or rollback on an unproved file response: []  644ms
   ✓ bounded production recovery orchestration > does not claim success or rollback on an unproved file response: [{"success":false}]  641ms
   ✓ bounded production recovery orchestration > keeps a timed-out import outcome unknown without inventing an exit status  434ms
   ✓ bounded production recovery orchestration > rejects changing corrected preflight observations in read-only inspect mode  380ms
 ✓ tests/integration/inventory-fefo.test.ts (34 tests) 20541ms
   ✓ T09E multi-effect FEFO authority > enforces the 32-effect boundary before partial writes  562ms
   ✓ T09E multi-effect FEFO authority > enforces the 33-effect boundary before partial writes  328ms
   ✓ T09E multi-effect FEFO authority > permits a 1,000-lot FEFO snapshot and rejects the 1,001st lot before allocation  15660ms
 ✓ tests/integration/t20-legacy-family-and-safety.test.ts (15 tests) 18000ms
   ✓ T20 Manual enforces the same T03 hard contract as Auto > reviewed dietary tag required (safety unknown): Auto adds nothing and Manual cannot persist the dish  1253ms
   ✓ T20 Manual enforces the same T03 hard contract as Auto > allergen requested (safety unknown): Auto adds nothing and Manual cannot persist the dish  1143ms
   ✓ T20 Manual enforces the same T03 hard contract as Auto > hard nutrition target without reviewed nutrition: Auto adds nothing and Manual cannot persist the dish  1102ms
   ✓ T20 Manual enforces the same T03 hard contract as Auto > rejects a substitution that becomes forbidden after an earlier component consumes direct stock  918ms
   ✓ T20 Manual enforces the same T03 hard contract as Auto > rejects a swap that makes an existing downstream dish fall back to forbidden shrimp  1035ms
   ✓ T20 Manual enforces the same T03 hard contract as Auto > rejects an upstream-slot swap that makes a later slot use forbidden shrimp  1397ms
   ✓ T20 Manual enforces the same T03 hard contract as Auto > does not rejudge a later dish when an earlier edit changes unrelated inventory  1181ms
   ✓ T20 Manual enforces the same T03 hard contract as Auto > does not rejudge a later dish for stock quantity changes that leave its safety facts unchanged  1085ms
   ✓ T20 Manual enforces the same T03 hard contract as Auto > PATCH reorder rejects an unsafe inventory-prefix change  1353ms
   ✓ T20 Manual enforces the same T03 hard contract as Auto > PUT replace rejects an unsafe inventory-prefix change  1786ms
   ✓ T20 Manual enforces the same T03 hard contract as Auto > allows a safe reorder of existing components after a stable inventory prefix  824ms
   ✓ T20 Manual enforces the same T03 hard contract as Auto > does not rejudge a stable prefix when only later components move  843ms
   ✓ T20 Manual enforces the same T03 hard contract as Auto > hard max time: a dish over (or without) a known total time is rejected; the existing V1 anchor may stay  642ms
   ✓ T20 V1 family-variant meals > refuses a Manual swap that makes a later legacy-family variant substitute forbidden shrimp  1459ms
   ✓ T20 V1 family-variant meals > keeps V1 swap, refuses composition, and stays in composed-plan shopping (single projection)  1978ms
 ✓ tests/unit/recipe-catalog-recovery.test.mjs (48 tests) 16553ms
   ✓ offline certified V1 recovery compiler > restores all 500 certified recipes from 6720 unreviewed lines and keeps a lossless immutable archive  479ms
   ✓ offline certified V1 recovery compiler > preserves the approved internal table during complete restore and rollback: documented spelling  690ms
   ✓ offline certified V1 recovery compiler > preserves the approved internal table during complete restore and rollback: ASCII whitespace and keyword case  666ms
   ✓ offline certified V1 recovery compiler > preserves the approved internal table during complete restore and rollback: long whitespace runs  651ms
   ✓ offline certified V1 recovery compiler > reproduces the original D1 authorization failure and visits every application table with the corrected restore and rollback  1052ms
   ✓ offline certified V1 recovery compiler > keeps unknown application foreign keys to recipe_ingredients visible under the same D1 authorization policy  376ms
   ✓ offline certified V1 recovery compiler > keeps unknown application foreign keys to RECIPE_INGREDIENTS visible under the same D1 authorization policy  382ms
   ✓ offline certified V1 recovery compiler > stops unknown protected objects before FK calls with the D1 authorizer enabled  374ms
   ✓ offline certified V1 recovery compiler > clears versioned enrichment so shared ingredient profiles and stale versions cannot authorize nutrition  320ms
   ✓ offline certified V1 recovery compiler > rolls every archive and catalog change back when a later statement fails  416ms
   ✓ offline certified V1 recovery compiler > restores the complete original archive atomically without changing shared profiles  672ms
   ✓ offline certified V1 recovery compiler > refuses rollback after an unknown reserved object appears and keeps the applied catalog and archive intact  451ms
   ✓ offline certified V1 recovery compiler > refuses rollback after a catalog edit and preserves that edit  398ms
   ✓ offline certified V1 recovery compiler > handles a live slug permutation through temporary unique slugs and reverses it exactly  611ms
   ✓ offline certified V1 recovery compiler > refuses a repeat restore and keeps the first successful archive intact  441ms
 ✓ tests/integration/inventory-lot-commands.test.ts (146 tests) 14803ms
 ✓ tests/unit/recipe-import-output-policy.test.mjs (25 tests) 14490ms
   ✓ recipe-import CLI (real script, git-ignored artifact directory) > validate / compile / verify / check succeed on the fixture and never touch migrations/ or recipe source  9124ms
   ✓ recipe-import CLI (real script, git-ignored artifact directory) > a failing batch exits non-zero, writes diagnostics only (no migration.sql); traversal and symlink outputs are refused before any write  5357ms
 ✓ tests/integration/t20-meal-composition-flows.test.ts (16 tests) 12803ms
   ✓ T20 assisted composition > "complete" proposes without mutating, retains every existing component, and applies only on explicit accept  1008ms
   ✓ T20 assisted composition > a forged or stale proposal ID is rejected and nothing changes  640ms
   ✓ T20 auto composition > keeps locked components identical, replaces only unlocked ones, is deterministic and explainable  1190ms
   ✓ T20 auto composition > respects household hard restrictions in Auto and rejects them in Manual  742ms
   ✓ T20 optimistic concurrency and idempotency > competing add/add and swap/swap: exactly one wins, the stale one is a typed conflict  966ms
   ✓ T20 optimistic concurrency and idempotency > competing add/remove: either winner is valid and the final composition reflects only the winner  723ms
   ✓ T20 optimistic concurrency and idempotency > competing lock/regenerate on a composed slot: the loser is a typed conflict and is not applied  1153ms
   ✓ T20 optimistic concurrency and idempotency > competing manual-save/auto-apply: the final composition is exactly the winner's  1187ms
   ✓ T20 optimistic concurrency and idempotency > a retried add (same revision) never duplicates a component  910ms
   ✓ T20 security > cross-household plan/component access fails without leaking existence or writing  447ms
   ✓ T20 security > clients cannot inject authority, household, provenance, role source, confidence, inventory, prices, weights or lock bypass  812ms
   ✓ T20 × T19 recipe authority > d1: a D1-only recipe added to a meal resolves in Recipe API detail, cooking and shopping  791ms
   ✓ T20 × T19 recipe authority > an authority source change is a typed revalidation for composition edits and generation  510ms
   ✓ T20 V1 operations on composed plans > V1 swap on a composed slot is a typed 409; regenerate preserves locked components and replaces unlocked ones  1133ms
stderr | tests/integration/t20-meal-composition-stale-read.test.ts > T20 torn-read revision classification > stale PATCH on a concurrently added slot is a revision conflict
{"level":"warn","limiter":"planner-compute","reason":"kv-unbound","message":"Rate limiter degraded to isolate-local counters; enforcement is not globally reliable."}
{"level":"warn","limiter":"meal-planning-expensive","reason":"kv-unbound","message":"Rate limiter degraded to isolate-local counters; enforcement is not globally reliable."}

stderr | tests/integration/t20-meal-composition-stale-read.test.ts > T20 torn-read revision classification > stale PATCH on a concurrently added slot is a revision conflict
{"level":"warn","limiter":"meal-composition-write","reason":"kv-unbound","message":"Rate limiter degraded to isolate-local counters; enforcement is not globally reliable."}

stderr | tests/integration/t20-meal-composition-stale-read.test.ts > T20 torn-read revision classification > stale PATCH on a concurrently added slot is a revision conflict
{"level":"warn","limiter":"meal-planning-read","reason":"kv-unbound","message":"Rate limiter degraded to isolate-local counters; enforcement is not globally reliable."}

 ✓ tests/integration/t20-meal-composition-stale-read.test.ts (9 tests) 10398ms
   ✓ T20 torn-read revision classification > stale PATCH on a concurrently added slot is a revision conflict  1350ms
   ✓ T20 torn-read revision classification > stale AUTO on a concurrently added slot is a revision conflict  1237ms
   ✓ T20 torn-read revision classification > stale PATCH after regenerate returns 409 even when the edited component was replaced  1281ms
   ✓ T20 torn-read revision classification > stale DELETE after a concurrent DELETE does not erase the winner  1056ms
   ✓ T20 torn-read revision classification > stale swap after a concurrent removal returns a revision conflict, not component missing  1094ms
   ✓ T20 torn-read revision classification > stale replace/save cannot overwrite the winning mutation  1077ms
   ✓ T20 torn-read revision classification > stale Auto apply returns a revision conflict before checking its option ID  1268ms
   ✓ T20 torn-read revision classification > a genuinely absent component at the current revision stays 404; an absent slot stays SLOT_NOT_FOUND  785ms
   ✓ T20 torn-read revision classification > a nonexistent slot wins over stale revision without weakening existing-slot revision checks  1250ms
 ✓ tests/integration/t19-recipe-authority-split.test.ts (11 tests) 10946ms
   ✓ T19 — planner universe must equal Recipe API universe under every authority mode > static: generated plan, alternatives and swap only expose recipes the Recipe API and cooking resolve  665ms
   ✓ T19 — planner universe must equal Recipe API universe under every authority mode > shadow: generated plan, alternatives and swap only expose recipes the Recipe API and cooking resolve  656ms
   ✓ T19 — planner universe must equal Recipe API universe under every authority mode > canary (outside cohort): generated plan, alternatives and swap only expose recipes the Recipe API and cooking resolve  583ms
   ✓ T19 — planner universe must equal Recipe API universe under every authority mode > canary (inside cohort): generated plan, alternatives and swap only expose recipes the Recipe API and cooking resolve  2143ms
   ✓ T19 — planner universe must equal Recipe API universe under every authority mode > d1: generated plan, alternatives and swap only expose recipes the Recipe API and cooking resolve  2084ms
   ✓ T19 — planner universe must equal Recipe API universe under every authority mode > static: the planned universe is exactly the legacy 71 and a static plan is not staled by an invisible D1-only change  553ms
   ✓ T19 — planner universe must equal Recipe API universe under every authority mode > d1 readiness failure: Recipe API and Planner fall back to static TOGETHER (no split authority)  1524ms
   ✓ T19 — planner universe must equal Recipe API universe under every authority mode > d1 catalog read failure: Recipe API and Planner both serve the static fallback without a 500  552ms
   ✓ T19 — planner universe must equal Recipe API universe under every authority mode > security: no request parameter, header or body field can choose the recipe authority  558ms
   ✓ T19 — planner universe must equal Recipe API universe under every authority mode > d1: shopping and cooking accept a D1-only recipe the planner chose  1530ms
stderr | tests/integration/auth-hardening.test.ts > cookie authentication and production CSRF > issues a production HttpOnly opaque cookie, persists only its hash, and authenticates against D1
{"level":"warn","limiter":"rl_auth","reason":"kv-unbound","message":"Rate limiter degraded to isolate-local counters; enforcement is not globally reliable."}

stderr | tests/integration/auth-hardening.test.ts > expected-owner fencing across cookie changes > rejects an A replay when /me authenticates A but another tab installs B cookie before the mutation, retaining the owned outbox
{"level":"warn","limiter":"rl_inv_w","reason":"kv-unbound","message":"Rate limiter degraded to isolate-local counters; enforcement is not globally reliable."}

stderr | tests/integration/auth-hardening.test.ts > D1-authoritative OTP verification > fails registration honestly and invalidates the challenge when no provider accepts the OTP
{"event":"otp_delivery_failed","provider":"workers-email","category":"sender_not_verified","purpose":"register","environment":"production"}

stderr | tests/integration/auth-hardening.test.ts > D1-authoritative OTP verification > recovers from initial registration delivery failure through a secured resend
{"event":"otp_delivery_failed","provider":"workers-email","category":"provider_unavailable","purpose":"register","environment":"production"}

stderr | tests/integration/auth-hardening.test.ts > D1-authoritative OTP verification > fails resend honestly and leaves the newly generated challenge unusable
{"event":"otp_delivery_failed","provider":"workers-email","category":"provider_unavailable","purpose":"register","environment":"production"}

stderr | tests/integration/auth-hardening.test.ts > D1-authoritative OTP verification > keeps resend available when the optional KV cooldown store is unavailable
{"level":"warn","limiter":"rl_auth","reason":"kv-error","message":"Rate limiter degraded to isolate-local counters; enforcement is not globally reliable."}

 ✓ tests/integration/inventory-fefo-schema.test.ts (78 tests) 8963ms
   ✓ T09E SQLite FEFO authority guards > accepts a captured synthetic FEFO batch only with authoritative adoption evidence  318ms
 ✓ tests/integration/auth-hardening.test.ts (92 tests) 9788ms
stderr | tests/integration/t07-security.test.ts > T07 H1 planner tenancy and trust boundary > keeps every plan action creator-private across household and same-household member sessions
{"level":"warn","limiter":"planner-compute","reason":"kv-unbound","message":"Rate limiter degraded to isolate-local counters; enforcement is not globally reliable."}
{"level":"warn","limiter":"meal-planning-expensive","reason":"kv-unbound","message":"Rate limiter degraded to isolate-local counters; enforcement is not globally reliable."}

stdout | tests/integration/t07-security.test.ts > T07 H1 planner tenancy and trust boundary > keeps every plan action creator-private across household and same-household member sessions
{"level":"info","event":"meal_planning_result","status":"feasible","conclusion":"feasible","truncated":false,"states":3}

stderr | tests/integration/t07-security.test.ts > T07 H1 planner tenancy and trust boundary > keeps every plan action creator-private across household and same-household member sessions
{"level":"warn","limiter":"meal-planning-read","reason":"kv-unbound","message":"Rate limiter degraded to isolate-local counters; enforcement is not globally reliable."}

stderr | tests/integration/inventory-adoption-operator.test.ts > AC13 actual operator CLI → authenticated Hono → SQLite adoption > adopts one legacy household, preserves all stock and safely replays through the executable
{"level":"warn","limiter":"rl_inv_w","reason":"kv-unbound","message":"Rate limiter degraded to isolate-local counters; enforcement is not globally reliable."}

stderr | tests/integration/t07-security.test.ts > T07 H1 planner tenancy and trust boundary > keeps every plan action creator-private across household and same-household member sessions
{"level":"warn","limiter":"meal-planning-feedback","reason":"kv-unbound","message":"Rate limiter degraded to isolate-local counters; enforcement is not globally reliable."}

stdout | tests/integration/t07-security.test.ts > T07 H1 planner tenancy and trust boundary > denies every planner boundary after current membership is revoked
{"level":"info","event":"meal_planning_result","status":"feasible","conclusion":"feasible","truncated":false,"states":3}

stdout | tests/integration/t07-security.test.ts > T07 H1 planner tenancy and trust boundary > requires a cookie session, trusted mutation origin, and exact optional owner fence
{"level":"info","event":"meal_planning_result","status":"feasible","conclusion":"feasible","truncated":false,"states":3}

stdout | tests/integration/t07-security.test.ts > T07 H1 planner tenancy and trust boundary > uses only the authenticated member personal ranking state while retaining household hard policy
{"level":"info","event":"meal_planning_result","status":"feasible","conclusion":"feasible","truncated":false,"states":2}

stdout | tests/integration/t07-security.test.ts > T07 H1 planner tenancy and trust boundary > uses only the authenticated member personal ranking state while retaining household hard policy
{"level":"info","event":"meal_planning_result","status":"feasible","conclusion":"feasible","truncated":false,"states":3}

stdout | tests/integration/t07-security.test.ts > T07 H1 planner tenancy and trust boundary > preserves persisted hard restrictions when regenerate omits any client policy and rejects policy injection
{"level":"info","event":"meal_planning_result","status":"infeasible","conclusion":"proven_infeasible","truncated":false,"states":1}

stdout | tests/integration/t07-security.test.ts > T07 H1 planner tenancy and trust boundary > preserves persisted hard restrictions when regenerate omits any client policy and rejects policy injection
{"level":"info","event":"meal_planning_result","status":"infeasible","conclusion":"proven_infeasible","truncated":false,"states":1}

stdout | tests/integration/t07-security.test.ts > T07 H1 hostile planner bodies > rejects regenerate missing authority or malformed body
{"level":"info","event":"meal_planning_result","status":"feasible","conclusion":"feasible","truncated":false,"states":3}

stdout | tests/integration/t07-security.test.ts > T07 H1 hostile planner bodies > rejects regenerate null revision authority or malformed body
{"level":"info","event":"meal_planning_result","status":"feasible","conclusion":"feasible","truncated":false,"states":3}

stdout | tests/integration/t07-security.test.ts > T07 H1 hostile planner bodies > rejects regenerate null intent authority or malformed body
{"level":"info","event":"meal_planning_result","status":"feasible","conclusion":"feasible","truncated":false,"states":3}

stdout | tests/integration/t07-security.test.ts > T07 H1 hostile planner bodies > rejects regenerate empty slots authority or malformed body
{"level":"info","event":"meal_planning_result","status":"feasible","conclusion":"feasible","truncated":false,"states":3}

stdout | tests/integration/t07-security.test.ts > T07 H1 hostile planner bodies > rejects regenerate nested trusted snapshot authority or malformed body
{"level":"info","event":"meal_planning_result","status":"feasible","conclusion":"feasible","truncated":false,"states":3}

stdout | tests/integration/t07-security.test.ts > T07 H1 hostile planner bodies > rejects regenerate nested ranking context authority or malformed body
{"level":"info","event":"meal_planning_result","status":"feasible","conclusion":"feasible","truncated":false,"states":3}

stdout | tests/integration/t07-security.test.ts > T07 H1 hostile planner bodies > rejects regenerate outer catalog authority or malformed body
{"level":"info","event":"meal_planning_result","status":"feasible","conclusion":"feasible","truncated":false,"states":3}

stdout | tests/integration/t07-security.test.ts > T07 H1 hostile planner bodies > rejects regenerate outer price authority or malformed body
{"level":"info","event":"meal_planning_result","status":"feasible","conclusion":"feasible","truncated":false,"states":3}

stdout | tests/integration/t07-security.test.ts > T07 H1 hostile planner bodies > rejects regenerate outer substitution approval authority or malformed body
{"level":"info","event":"meal_planning_result","status":"feasible","conclusion":"feasible","truncated":false,"states":3}

stdout | tests/integration/t07-security.test.ts > T07 H1 hostile planner bodies > rejects swap missing replacement without advancing the plan
{"level":"info","event":"meal_planning_result","status":"feasible","conclusion":"feasible","truncated":false,"states":3}

stdout | tests/integration/t07-security.test.ts > T07 H1 hostile planner bodies > rejects swap null replacement without advancing the plan
{"level":"info","event":"meal_planning_result","status":"feasible","conclusion":"feasible","truncated":false,"states":3}

stdout | tests/integration/t07-security.test.ts > T07 H1 hostile planner bodies > rejects swap empty replacement without advancing the plan
{"level":"info","event":"meal_planning_result","status":"feasible","conclusion":"feasible","truncated":false,"states":3}

stdout | tests/integration/t07-security.test.ts > T07 H1 hostile planner bodies > rejects swap empty recipe ID without advancing the plan
{"level":"info","event":"meal_planning_result","status":"feasible","conclusion":"feasible","truncated":false,"states":3}

stdout | tests/integration/t07-security.test.ts > T07 H1 hostile planner bodies > rejects swap fabricated recipe version without advancing the plan
{"level":"info","event":"meal_planning_result","status":"feasible","conclusion":"feasible","truncated":false,"states":3}

stdout | tests/integration/t07-security.test.ts > T07 H1 hostile planner bodies > rejects swap fabricated safety review without advancing the plan
{"level":"info","event":"meal_planning_result","status":"feasible","conclusion":"feasible","truncated":false,"states":3}

stdout | tests/integration/t07-security.test.ts > T07 H1 hostile planner bodies > rejects swap fabricated substitution approval without advancing the plan
{"level":"info","event":"meal_planning_result","status":"feasible","conclusion":"feasible","truncated":false,"states":3}

stdout | tests/integration/t07-security.test.ts > T07 H1 hostile planner bodies > rejects swap recipe variant elevation without advancing the plan
{"level":"info","event":"meal_planning_result","status":"feasible","conclusion":"feasible","truncated":false,"states":3}

stdout | tests/integration/t07-security.test.ts > T07 H1 hostile planner bodies > rejects shopping top-level prices rather than accepting trusted commercial state
{"level":"info","event":"meal_planning_result","status":"feasible","conclusion":"feasible","truncated":false,"states":3}

stdout | tests/integration/t07-security.test.ts > T07 H1 hostile planner bodies > rejects shopping top-level shortages rather than accepting trusted commercial state
{"level":"info","event":"meal_planning_result","status":"feasible","conclusion":"feasible","truncated":false,"states":3}

stdout | tests/integration/t07-security.test.ts > T07 H1 hostile planner bodies > rejects shopping top-level catalog rather than accepting trusted commercial state
{"level":"info","event":"meal_planning_result","status":"feasible","conclusion":"feasible","truncated":false,"states":3}

stdout | tests/integration/t07-security.test.ts > T07 H1 hostile planner bodies > rejects shopping top-level inventory rather than accepting trusted commercial state
{"level":"info","event":"meal_planning_result","status":"feasible","conclusion":"feasible","truncated":false,"states":3}

stdout | tests/integration/t07-security.test.ts > T07 H1 hostile planner bodies > rejects shopping top-level creator rather than accepting trusted commercial state
{"level":"info","event":"meal_planning_result","status":"feasible","conclusion":"feasible","truncated":false,"states":3}

stdout | tests/integration/t07-security.test.ts > T07 H1 hostile planner bodies > rejects shopping null budget rather than accepting trusted commercial state
{"level":"info","event":"meal_planning_result","status":"feasible","conclusion":"feasible","truncated":false,"states":3}

stdout | tests/integration/t07-security.test.ts > T07 H1 hostile planner bodies > rejects shopping nested price claim rather than accepting trusted commercial state
{"level":"info","event":"meal_planning_result","status":"feasible","conclusion":"feasible","truncated":false,"states":3}

stdout | tests/integration/t07-security.test.ts > T07 H1 hostile planner bodies > rejects feedback client target identity before writing user state
{"level":"info","event":"meal_planning_result","status":"feasible","conclusion":"feasible","truncated":false,"states":3}

stdout | tests/integration/t07-security.test.ts > T07 H1 hostile planner bodies > rejects feedback client occurred time before writing user state
{"level":"info","event":"meal_planning_result","status":"feasible","conclusion":"feasible","truncated":false,"states":3}

stdout | tests/integration/t07-security.test.ts > T07 H1 hostile planner bodies > rejects feedback client creator before writing user state
{"level":"info","event":"meal_planning_result","status":"feasible","conclusion":"feasible","truncated":false,"states":3}

stdout | tests/integration/t07-security.test.ts > T07 H1 hostile planner bodies > rejects feedback client history before writing user state
{"level":"info","event":"meal_planning_result","status":"feasible","conclusion":"feasible","truncated":false,"states":3}

stdout | tests/integration/t07-security.test.ts > T07 H1 hostile planner bodies > rejects feedback client revision string before writing user state
{"level":"info","event":"meal_planning_result","status":"feasible","conclusion":"feasible","truncated":false,"states":3}

stdout | tests/integration/t07-security.test.ts > T07 H1 hostile planner bodies > rejects explanation reason code injection without invoking a caller-selected fact set
{"level":"info","event":"meal_planning_result","status":"feasible","conclusion":"feasible","truncated":false,"states":3}

stdout | tests/integration/t07-security.test.ts > T07 H1 hostile planner bodies > rejects explanation trusted plan injection without invoking a caller-selected fact set
{"level":"info","event":"meal_planning_result","status":"feasible","conclusion":"feasible","truncated":false,"states":3}

 ✓ tests/integration/inventory-adoption-operator.test.ts (26 tests) 6473ms
   ✓ AC13 actual operator CLI → authenticated Hono → SQLite adoption > adopts one legacy household, preserves all stock and safely replays through the executable  445ms
   ✓ AC13 actual operator CLI → authenticated Hono → SQLite adoption > reports missing terminal evidence, accepts explicit facts, and rejects changed replay intent  722ms
   ✓ AC13 actual operator CLI → authenticated Hono → SQLite adoption > recovers from a lost committed response only by explicitly rerunning the same tool intent  400ms
stdout | tests/integration/t07-security.test.ts > T07 H1 hostile planner bodies > rejects explanation catalog injection without invoking a caller-selected fact set
{"level":"info","event":"meal_planning_result","status":"feasible","conclusion":"feasible","truncated":false,"states":3}

stdout | tests/integration/t07-security.test.ts > T07 H1 hostile planner bodies > rejects explanation malformed locale without invoking a caller-selected fact set
{"level":"info","event":"meal_planning_result","status":"feasible","conclusion":"feasible","truncated":false,"states":3}

stdout | tests/integration/t07-security.test.ts > T07 H1 hostile planner bodies > rejects unknown and duplicate alternatives query values rather than treating a client revision as trusted
{"level":"info","event":"meal_planning_result","status":"feasible","conclusion":"feasible","truncated":false,"states":3}

 ✓ tests/integration/t07-security.test.ts (51 tests) 5950ms
stderr | tests/integration/t13-receipt-vision-truth.test.ts > T13B-A receipt lot truth and authoritative correction evidence > preserves the entire manual lot, creates a receipt purchase lot, and reads total 5 through T11
{"level":"warn","limiter":"rl_inv_w","reason":"kv-unbound","message":"Rate limiter degraded to isolate-local counters; enforcement is not globally reliable."}

stderr | tests/integration/t13-receipt-vision-truth.test.ts > T13B-A receipt lot truth and authoritative correction evidence > receipt atomic failure recovery > rolls back the entire confirmation when a later stock statement fails
Adopted scan confirmation failed: Error: T13B-A injected late stock failure
    at SqliteD1.execute (/Users/tunbee27/Documents/Tako-san-ui-rebuild/tests/helpers/sqlite-d1.ts:119:33)
    at /Users/tunbee27/Documents/Tako-san-ui-rebuild/tests/helpers/sqlite-d1.ts:97:50
    at Array.map (<anonymous>)
    at SqliteD1.batch (/Users/tunbee27/Documents/Tako-san-ui-rebuild/tests/helpers/sqlite-d1.ts:97:26)
    at confirmAdoptedScan (/Users/tunbee27/Documents/Tako-san-ui-rebuild/src/worker/routes/scans.ts:194:21)
    at dispatch (file:///Users/tunbee27/Documents/Tako-san-ui-rebuild/node_modules/.pnpm/hono@4.13.7/node_modules/hono/dist/compose.js:22:17)
    at tenancyGuard (/Users/tunbee27/Documents/Tako-san-ui-rebuild/src/worker/middleware/tenancy.ts:69:3)
    at dispatch (file:///Users/tunbee27/Documents/Tako-san-ui-rebuild/node_modules/.pnpm/hono@4.13.7/node_modules/hono/dist/compose.js:22:17)
    at authMiddleware (/Users/tunbee27/Documents/Tako-san-ui-rebuild/src/worker/middleware/auth.ts:150:12)
    at dispatch (file:///Users/tunbee27/Documents/Tako-san-ui-rebuild/node_modules/.pnpm/hono@4.13.7/node_modules/hono/dist/compose.js:22:17) {
  code: 'ERR_SQLITE_ERROR',
  errcode: 1811,
  errstr: 'constraint failed'
}

stderr | tests/integration/t13-receipt-vision-truth.test.ts > T13B-A receipt lot truth and authoritative correction evidence > receipt atomic failure recovery > rolls back the entire confirmation when a later observation statement fails
Adopted scan confirmation failed: Error: T13B-A injected late observation failure
    at SqliteD1.execute (/Users/tunbee27/Documents/Tako-san-ui-rebuild/tests/helpers/sqlite-d1.ts:130:30)
    at /Users/tunbee27/Documents/Tako-san-ui-rebuild/tests/helpers/sqlite-d1.ts:97:50
    at Array.map (<anonymous>)
    at SqliteD1.batch (/Users/tunbee27/Documents/Tako-san-ui-rebuild/tests/helpers/sqlite-d1.ts:97:26)
    at confirmAdoptedScan (/Users/tunbee27/Documents/Tako-san-ui-rebuild/src/worker/routes/scans.ts:194:21)
    at dispatch (file:///Users/tunbee27/Documents/Tako-san-ui-rebuild/node_modules/.pnpm/hono@4.13.7/node_modules/hono/dist/compose.js:22:17)
    at tenancyGuard (/Users/tunbee27/Documents/Tako-san-ui-rebuild/src/worker/middleware/tenancy.ts:69:3)
    at dispatch (file:///Users/tunbee27/Documents/Tako-san-ui-rebuild/node_modules/.pnpm/hono@4.13.7/node_modules/hono/dist/compose.js:22:17)
    at authMiddleware (/Users/tunbee27/Documents/Tako-san-ui-rebuild/src/worker/middleware/auth.ts:150:12)
    at dispatch (file:///Users/tunbee27/Documents/Tako-san-ui-rebuild/node_modules/.pnpm/hono@4.13.7/node_modules/hono/dist/compose.js:22:17) {
  code: 'ERR_SQLITE_ERROR',
  errcode: 1811,
  errstr: 'constraint failed'
}

stderr | tests/integration/t13-receipt-vision-truth.test.ts > T13B-A receipt lot truth and authoritative correction evidence > receipt atomic failure recovery > rolls back the entire confirmation when a later status statement fails
Adopted scan confirmation failed: Error: T13B-A injected late status failure
    at SqliteD1.execute (/Users/tunbee27/Documents/Tako-san-ui-rebuild/tests/helpers/sqlite-d1.ts:130:30)
    at /Users/tunbee27/Documents/Tako-san-ui-rebuild/tests/helpers/sqlite-d1.ts:97:50
    at Array.map (<anonymous>)
    at SqliteD1.batch (/Users/tunbee27/Documents/Tako-san-ui-rebuild/tests/helpers/sqlite-d1.ts:97:26)
    at confirmAdoptedScan (/Users/tunbee27/Documents/Tako-san-ui-rebuild/src/worker/routes/scans.ts:194:21)
    at dispatch (file:///Users/tunbee27/Documents/Tako-san-ui-rebuild/node_modules/.pnpm/hono@4.13.7/node_modules/hono/dist/compose.js:22:17)
    at tenancyGuard (/Users/tunbee27/Documents/Tako-san-ui-rebuild/src/worker/middleware/tenancy.ts:69:3)
    at dispatch (file:///Users/tunbee27/Documents/Tako-san-ui-rebuild/node_modules/.pnpm/hono@4.13.7/node_modules/hono/dist/compose.js:22:17)
    at authMiddleware (/Users/tunbee27/Documents/Tako-san-ui-rebuild/src/worker/middleware/auth.ts:150:12)
    at dispatch (file:///Users/tunbee27/Documents/Tako-san-ui-rebuild/node_modules/.pnpm/hono@4.13.7/node_modules/hono/dist/compose.js:22:17) {
  code: 'ERR_SQLITE_ERROR',
  errcode: 1811,
  errstr: 'constraint failed'
}

stderr | tests/integration/t13-receipt-vision-truth.test.ts > T13B-A receipt lot truth and authoritative correction evidence > fridge atomic failure recovery > rolls back the entire confirmation when a later stock statement fails
Adopted scan confirmation failed: Error: T13B-A injected late stock failure
    at SqliteD1.execute (/Users/tunbee27/Documents/Tako-san-ui-rebuild/tests/helpers/sqlite-d1.ts:119:33)
    at /Users/tunbee27/Documents/Tako-san-ui-rebuild/tests/helpers/sqlite-d1.ts:97:50
    at Array.map (<anonymous>)
    at SqliteD1.batch (/Users/tunbee27/Documents/Tako-san-ui-rebuild/tests/helpers/sqlite-d1.ts:97:26)
    at confirmAdoptedScan (/Users/tunbee27/Documents/Tako-san-ui-rebuild/src/worker/routes/scans.ts:194:21)
    at dispatch (file:///Users/tunbee27/Documents/Tako-san-ui-rebuild/node_modules/.pnpm/hono@4.13.7/node_modules/hono/dist/compose.js:22:17)
    at tenancyGuard (/Users/tunbee27/Documents/Tako-san-ui-rebuild/src/worker/middleware/tenancy.ts:69:3)
    at dispatch (file:///Users/tunbee27/Documents/Tako-san-ui-rebuild/node_modules/.pnpm/hono@4.13.7/node_modules/hono/dist/compose.js:22:17)
    at authMiddleware (/Users/tunbee27/Documents/Tako-san-ui-rebuild/src/worker/middleware/auth.ts:150:12)
    at dispatch (file:///Users/tunbee27/Documents/Tako-san-ui-rebuild/node_modules/.pnpm/hono@4.13.7/node_modules/hono/dist/compose.js:22:17) {
  code: 'ERR_SQLITE_ERROR',
  errcode: 1811,
  errstr: 'constraint failed'
}

stderr | tests/integration/t13-receipt-vision-truth.test.ts > T13B-A receipt lot truth and authoritative correction evidence > fridge atomic failure recovery > rolls back the entire confirmation when a later observation statement fails
Adopted scan confirmation failed: Error: T13B-A injected late observation failure
    at SqliteD1.execute (/Users/tunbee27/Documents/Tako-san-ui-rebuild/tests/helpers/sqlite-d1.ts:130:30)
    at /Users/tunbee27/Documents/Tako-san-ui-rebuild/tests/helpers/sqlite-d1.ts:97:50
    at Array.map (<anonymous>)
    at SqliteD1.batch (/Users/tunbee27/Documents/Tako-san-ui-rebuild/tests/helpers/sqlite-d1.ts:97:26)
    at confirmAdoptedScan (/Users/tunbee27/Documents/Tako-san-ui-rebuild/src/worker/routes/scans.ts:194:21)
    at dispatch (file:///Users/tunbee27/Documents/Tako-san-ui-rebuild/node_modules/.pnpm/hono@4.13.7/node_modules/hono/dist/compose.js:22:17)
    at tenancyGuard (/Users/tunbee27/Documents/Tako-san-ui-rebuild/src/worker/middleware/tenancy.ts:69:3)
    at dispatch (file:///Users/tunbee27/Documents/Tako-san-ui-rebuild/node_modules/.pnpm/hono@4.13.7/node_modules/hono/dist/compose.js:22:17)
    at authMiddleware (/Users/tunbee27/Documents/Tako-san-ui-rebuild/src/worker/middleware/auth.ts:150:12)
    at dispatch (file:///Users/tunbee27/Documents/Tako-san-ui-rebuild/node_modules/.pnpm/hono@4.13.7/node_modules/hono/dist/compose.js:22:17) {
  code: 'ERR_SQLITE_ERROR',
  errcode: 1811,
  errstr: 'constraint failed'
}

stderr | tests/integration/t13-receipt-vision-truth.test.ts > T13B-A receipt lot truth and authoritative correction evidence > fridge atomic failure recovery > rolls back the entire confirmation when a later status statement fails
Adopted scan confirmation failed: Error: T13B-A injected late status failure
    at SqliteD1.execute (/Users/tunbee27/Documents/Tako-san-ui-rebuild/tests/helpers/sqlite-d1.ts:130:30)
    at /Users/tunbee27/Documents/Tako-san-ui-rebuild/tests/helpers/sqlite-d1.ts:97:50
    at Array.map (<anonymous>)
    at SqliteD1.batch (/Users/tunbee27/Documents/Tako-san-ui-rebuild/tests/helpers/sqlite-d1.ts:97:26)
    at confirmAdoptedScan (/Users/tunbee27/Documents/Tako-san-ui-rebuild/src/worker/routes/scans.ts:194:21)
    at dispatch (file:///Users/tunbee27/Documents/Tako-san-ui-rebuild/node_modules/.pnpm/hono@4.13.7/node_modules/hono/dist/compose.js:22:17)
    at tenancyGuard (/Users/tunbee27/Documents/Tako-san-ui-rebuild/src/worker/middleware/tenancy.ts:69:3)
    at dispatch (file:///Users/tunbee27/Documents/Tako-san-ui-rebuild/node_modules/.pnpm/hono@4.13.7/node_modules/hono/dist/compose.js:22:17)
    at authMiddleware (/Users/tunbee27/Documents/Tako-san-ui-rebuild/src/worker/middleware/auth.ts:150:12)
    at dispatch (file:///Users/tunbee27/Documents/Tako-san-ui-rebuild/node_modules/.pnpm/hono@4.13.7/node_modules/hono/dist/compose.js:22:17) {
  code: 'ERR_SQLITE_ERROR',
  errcode: 1811,
  errstr: 'constraint failed'
}

stderr | tests/integration/t13-receipt-vision-truth.test.ts > T13 Inventory UX V2 read routes and tenancy > AC8: household B cannot read household A lots, evidence or reconciliation
{"level":"warn","limiter":"rl_inv_truth","reason":"kv-unbound","message":"Rate limiter degraded to isolate-local counters; enforcement is not globally reliable."}

 ✓ tests/integration/t13-receipt-vision-truth.test.ts (57 tests) 6436ms
 ✓ tests/integration/t20-performance.test.ts (1 test) 6353ms
   ✓ 500-recipe Worker generation/picker stay bounded in SQL, payload and search; generation never writes  6353ms
stdout | tests/integration/payment-authority.test.ts > server payment authority > returns only the server price catalog to authenticated non-guests
[req] GET /api/v1/billing/plans 200 0ms 975a2a0c-0fbe-4f1b-833f-b47ea88c34fc

stdout | tests/integration/payment-authority.test.ts > server payment authority > rejects guests and unauthenticated callers for plans
[req] GET /api/v1/billing/plans 401 0ms 831e3751-6c9c-4f9a-bd95-9308a185b59a

stdout | tests/integration/payment-authority.test.ts > server payment authority > rejects guests and unauthenticated callers for plans
[req] GET /api/v1/billing/plans 401 0ms 54de34d9-f816-4800-929d-c3a5611c09f2

stderr | tests/integration/payment-authority.test.ts > server payment authority > rejects malformed plan { plan: 'weekly' } without creating an intent
{"level":"warn","limiter":"rl_payment_create","reason":"kv-unbound","message":"Rate limiter degraded to isolate-local counters; enforcement is not globally reliable."}

stdout | tests/integration/payment-authority.test.ts > server payment authority > rejects malformed plan { plan: 'weekly' } without creating an intent
[req] POST /api/v1/billing/payment-intents 400 0ms fbbfe041-f257-4a27-b99d-63af4726e1ad

stdout | tests/integration/payment-authority.test.ts > server payment authority > rejects malformed plan { plan: '' } without creating an intent
[req] POST /api/v1/billing/payment-intents 400 0ms da54adcf-30b0-4a06-bb7e-11d23e523cff

stdout | tests/integration/payment-authority.test.ts > server payment authority > rejects malformed plan {} without creating an intent
[req] POST /api/v1/billing/payment-intents 400 0ms d17a5481-9912-4018-aab4-d112367866e5

stdout | tests/integration/payment-authority.test.ts > server payment authority > ignores legacy client amount fields while using the authoritative monthly amount
[req] POST /api/v1/billing/payment-intents 201 0ms 097ce13b-116b-401a-ad42-801e90d1ba01

stdout | tests/integration/payment-authority.test.ts > server payment authority > creates annual intent data and signs the exact provider request fields
[req] POST /api/v1/billing/payment-intents 201 0ms 7ece3257-308d-4909-afe2-08766e5a3980

stdout | tests/integration/payment-authority.test.ts > server payment authority > issued payment intent keeps its server-approved amount after catalog price changes: monthly
[req] POST /api/v1/billing/payment-intents 201 0ms 471d4df0-4b20-43cc-bdb8-d2a74da06b20

stdout | tests/integration/payment-authority.test.ts > server payment authority > issued payment intent keeps its server-approved amount after catalog price changes: monthly
[req] GET /api/v1/billing/plans 200 0ms 3388a8d6-3e00-46ca-889c-cad4b11a4ece

stdout | tests/integration/payment-authority.test.ts > server payment authority > issued payment intent keeps its server-approved amount after catalog price changes: monthly
[req] GET /api/v1/billing/payment-intents/pay_1bd5080d-6678-4e63-b85f-4c610f17249b 200 0ms a192f328-af20-4dfb-963c-caeb5db70f45

stdout | tests/integration/payment-authority.test.ts > server payment authority > issued payment intent keeps its server-approved amount after catalog price changes: monthly
[req] POST /api/v1/billing/payos/webhook 409 0ms 72a13dca-f03d-467f-99c9-30203489b2c0

stdout | tests/integration/payment-authority.test.ts > server payment authority > issued payment intent keeps its server-approved amount after catalog price changes: monthly
[req] POST /api/v1/billing/payos/webhook 200 0ms 5db64272-07d0-4934-883d-f47df5965c4a

stdout | tests/integration/payment-authority.test.ts > server payment authority > issued payment intent keeps its server-approved amount after catalog price changes: monthly
[req] POST /api/v1/billing/payos/webhook 200 0ms a5875fc8-94d2-4542-840b-056dbc7d250e

stdout | tests/integration/payment-authority.test.ts > server payment authority > issued payment intent keeps its server-approved amount after catalog price changes: monthly
[req] GET /api/v1/billing/payment-intents/pay_1bd5080d-6678-4e63-b85f-4c610f17249b 200 0ms 6faa0daf-5c4d-4e78-8608-885a4933133a

stdout | tests/integration/payment-authority.test.ts > server payment authority > issued payment intent keeps its server-approved amount after catalog price changes: monthly
[req] POST /api/v1/billing/payos/webhook 409 0ms 94165656-9207-498a-b39f-da4915cf232f

stdout | tests/integration/payment-authority.test.ts > server payment authority > issued payment intent keeps its server-approved amount after catalog price changes: monthly
[req] POST /api/v1/billing/payment-intents 201 0ms 9599ab2f-9a31-4bc5-93fd-86aadf9a6ab9

stdout | tests/integration/payment-authority.test.ts > server payment authority > issued payment intent keeps its server-approved amount after catalog price changes: monthly
[req] POST /api/v1/billing/payos/webhook 409 0ms 3e9ea7c9-d166-4228-990d-3805118e219d

stdout | tests/integration/payment-authority.test.ts > server payment authority > issued payment intent keeps its server-approved amount after catalog price changes: monthly
[req] POST /api/v1/billing/payos/webhook 200 0ms 58b318ca-ce13-4a73-b602-2b7cd6956845

stdout | tests/integration/payment-authority.test.ts > server payment authority > issued payment intent keeps its server-approved amount after catalog price changes: monthly
[req] POST /api/v1/billing/payos/webhook 409 0ms eb3fce11-b993-4162-bf59-7a9e2eaaac17

stdout | tests/integration/payment-authority.test.ts > server payment authority > issued payment intent keeps its server-approved amount after catalog price changes: annual
[req] POST /api/v1/billing/payment-intents 201 0ms c8c10367-afa5-4650-aff3-a51787b79bc2

stdout | tests/integration/payment-authority.test.ts > server payment authority > issued payment intent keeps its server-approved amount after catalog price changes: annual
[req] GET /api/v1/billing/plans 200 0ms 0a7c95d3-fda2-45c7-a1f9-182063ab812d

stdout | tests/integration/payment-authority.test.ts > server payment authority > issued payment intent keeps its server-approved amount after catalog price changes: annual
[req] GET /api/v1/billing/payment-intents/pay_869765fb-a9cb-4ae8-9be6-af2739522e2c 200 0ms 5e8ad091-d22b-4bf8-b24a-0749b96725a3

stdout | tests/integration/payment-authority.test.ts > server payment authority > issued payment intent keeps its server-approved amount after catalog price changes: annual
[req] POST /api/v1/billing/payos/webhook 409 0ms 5f76839e-f462-4556-9e5e-39096ac8478b

stdout | tests/integration/payment-authority.test.ts > server payment authority > issued payment intent keeps its server-approved amount after catalog price changes: annual
[req] POST /api/v1/billing/payos/webhook 200 0ms 3a84075e-1a97-435d-9750-5ebdc6765ff0

stdout | tests/integration/payment-authority.test.ts > server payment authority > issued payment intent keeps its server-approved amount after catalog price changes: annual
[req] POST /api/v1/billing/payos/webhook 200 0ms 6cb417c8-6543-447a-bbe0-8f4dd50ab0cb

stdout | tests/integration/payment-authority.test.ts > server payment authority > issued payment intent keeps its server-approved amount after catalog price changes: annual
[req] GET /api/v1/billing/payment-intents/pay_869765fb-a9cb-4ae8-9be6-af2739522e2c 200 0ms 1a8a81fe-a847-4ead-a58f-8b5f845541d0

stdout | tests/integration/payment-authority.test.ts > server payment authority > issued payment intent keeps its server-approved amount after catalog price changes: annual
[req] POST /api/v1/billing/payos/webhook 409 0ms 7cc691bb-12f3-4166-afd9-5cb9685b34ff

stdout | tests/integration/payment-authority.test.ts > server payment authority > issued payment intent keeps its server-approved amount after catalog price changes: annual
[req] POST /api/v1/billing/payment-intents 201 0ms 726c52db-389e-4501-b6c9-fbd6fe0bdc4e

stdout | tests/integration/payment-authority.test.ts > server payment authority > issued payment intent keeps its server-approved amount after catalog price changes: annual
[req] POST /api/v1/billing/payos/webhook 409 0ms a6159a58-8a66-46cb-806b-6fc13e162d81

stdout | tests/integration/payment-authority.test.ts > server payment authority > issued payment intent keeps its server-approved amount after catalog price changes: annual
[req] POST /api/v1/billing/payos/webhook 200 0ms 7e8f15bd-7a92-46b7-aace-7aa1f9dd653f

stdout | tests/integration/payment-authority.test.ts > server payment authority > issued payment intent keeps its server-approved amount after catalog price changes: annual
[req] POST /api/v1/billing/payos/webhook 409 0ms 4747ceaf-4405-45ac-8b97-bab14d694e6b

stdout | tests/integration/payment-authority.test.ts > server payment authority > rejects the first payment of an expired old-price intent after a catalog change
[req] POST /api/v1/billing/payment-intents 201 0ms f9df2e11-2000-47dd-a301-75d52e398fc5

stdout | tests/integration/payment-authority.test.ts > server payment authority > rejects the first payment of an expired old-price intent after a catalog change
[req] GET /api/v1/billing/payment-intents/pay_90d36dc5-a98a-42ac-a4f1-5b7b2f7c8931 200 0ms bee5ed89-fa00-437d-90e5-ffd73e17a537

stdout | tests/integration/payment-authority.test.ts > server payment authority > rejects the first payment of an expired old-price intent after a catalog change
[req] POST /api/v1/billing/payos/webhook 409 0ms 5d9859d2-35e8-4d9c-bab6-3f4444c095eb

stdout | tests/integration/payment-authority.test.ts > server payment authority > rejects a new payment of a consumed failed old-price intent after a catalog change
[req] POST /api/v1/billing/payment-intents 201 0ms 51d52fc1-0f2d-4833-aad7-666efbdfbf1b

stdout | tests/integration/payment-authority.test.ts > server payment authority > rejects a new payment of a consumed failed old-price intent after a catalog change
[req] GET /api/v1/billing/payment-intents/pay_1076895f-93f2-4b87-9fa7-752427bacb4a 200 0ms 093c5546-44bd-4c9c-9f20-10609cd3df92

stdout | tests/integration/payment-authority.test.ts > server payment authority > rejects a new payment of a consumed failed old-price intent after a catalog change
[req] POST /api/v1/billing/payos/webhook 409 0ms 77b534d9-114d-4369-94b8-5fc2b7c110cd

stdout | tests/integration/payment-authority.test.ts > server payment authority > rejects a new payment of a consumed refunded old-price intent after a catalog change
[req] POST /api/v1/billing/payment-intents 201 0ms 524e98d4-ad28-42a3-8245-7f5b95c419d6

stdout | tests/integration/payment-authority.test.ts > server payment authority > rejects a new payment of a consumed refunded old-price intent after a catalog change
[req] GET /api/v1/billing/payment-intents/pay_3446b282-e827-4cba-ac4f-6d2a996403d5 200 0ms a8ed9ff7-a391-4813-908d-5ca215ebe07d

stdout | tests/integration/payment-authority.test.ts > server payment authority > rejects a new payment of a consumed refunded old-price intent after a catalog change
[req] POST /api/v1/billing/payos/webhook 409 0ms d722ef56-6378-46a7-8230-2aaa2ae8f45b

stdout | tests/integration/payment-authority.test.ts > server payment authority > rejects a new payment of a consumed expired old-price intent after a catalog change
[req] POST /api/v1/billing/payment-intents 201 0ms b12ad29a-7eed-4434-871e-57f293d6862a

stdout | tests/integration/payment-authority.test.ts > server payment authority > rejects a new payment of a consumed expired old-price intent after a catalog change
[req] GET /api/v1/billing/payment-intents/pay_77a6e866-de4d-4d26-956c-55581fd64d49 200 0ms db5b6556-acbc-4f2e-8805-d41cd219400f

stdout | tests/integration/payment-authority.test.ts > server payment authority > rejects a new payment of a consumed expired old-price intent after a catalog change
[req] POST /api/v1/billing/payos/webhook 409 0ms 8eee89b4-ecdd-4c74-91aa-deee9199d4c2

stdout | tests/integration/payment-authority.test.ts > server payment authority > rejects a new payment of a consumed paid old-price intent after a catalog change
[req] POST /api/v1/billing/payment-intents 201 0ms 9facc0e7-8dc9-4b53-9aa7-5c73c455f499

stdout | tests/integration/payment-authority.test.ts > server payment authority > rejects a new payment of a consumed paid old-price intent after a catalog change
[req] GET /api/v1/billing/payment-intents/pay_52b39b7e-77d1-4d74-a581-9fc4a2819887 200 0ms 4fb83931-9f4e-4095-84e7-54363b2cd65f

stdout | tests/integration/payment-authority.test.ts > server payment authority > rejects a new payment of a consumed paid old-price intent after a catalog change
[req] POST /api/v1/billing/payos/webhook 409 0ms 43f70e0a-b32a-4b06-b9d4-6372247f86fc

stdout | tests/integration/payment-authority.test.ts > server payment authority > rejects structurally invalid persisted plan = forged on reads and callbacks
[req] POST /api/v1/billing/payment-intents 201 0ms 11ee5a9c-eee0-40f8-9c42-62be80bfe8d3

stdout | tests/integration/payment-authority.test.ts > server payment authority > rejects structurally invalid persisted plan = forged on reads and callbacks
[req] GET /api/v1/billing/payment-intents/pay_da8d0bd9-0dff-41b4-aaa1-eae314a7f96f 409 0ms 78441b17-7054-431c-8cf5-b133e9195802

stdout | tests/integration/payment-authority.test.ts > server payment authority > rejects structurally invalid persisted plan = forged on reads and callbacks
[req] POST /api/v1/billing/payos/webhook 409 0ms a2626f5c-d373-4516-9274-b313b4929f40

stdout | tests/integration/payment-authority.test.ts > server payment authority > rejects structurally invalid persisted amount_vnd = 0 on reads and callbacks
[req] POST /api/v1/billing/payment-intents 201 0ms b0a7fbd7-0edf-4349-8c42-b7f45c43d74b

stdout | tests/integration/payment-authority.test.ts > server payment authority > rejects structurally invalid persisted amount_vnd = 0 on reads and callbacks
[req] GET /api/v1/billing/payment-intents/pay_52b465aa-ce34-427a-888b-7ac33f3d6609 409 0ms 321f0f20-845c-46b0-a760-d6f8a15b8531

stdout | tests/integration/payment-authority.test.ts > server payment authority > rejects structurally invalid persisted amount_vnd = 0 on reads and callbacks
[req] POST /api/v1/billing/payos/webhook 409 0ms abd7ddae-93c8-45f2-836a-b16764536018

stdout | tests/integration/payment-authority.test.ts > server payment authority > rejects structurally invalid persisted amount_vnd = -1 on reads and callbacks
[req] POST /api/v1/billing/payment-intents 201 0ms afc1f23e-ad07-4973-9eb8-ec7aaeea9417

stdout | tests/integration/payment-authority.test.ts > server payment authority > rejects structurally invalid persisted amount_vnd = -1 on reads and callbacks
[req] GET /api/v1/billing/payment-intents/pay_788d86df-e455-4e85-914b-2d59e80496dc 409 0ms 95cc3fff-afb5-4858-9fb8-bf28772e8984

stdout | tests/integration/payment-authority.test.ts > server payment authority > rejects structurally invalid persisted amount_vnd = -1 on reads and callbacks
[req] POST /api/v1/billing/payos/webhook 409 0ms 69050f9d-ee17-400e-92c0-b814f2228bdb

stdout | tests/integration/payment-authority.test.ts > server payment authority > rejects structurally invalid persisted amount_vnd = 49000.5 on reads and callbacks
[req] POST /api/v1/billing/payment-intents 201 0ms 6891b202-6649-4fed-83ab-c6bd468cb9d9

stdout | tests/integration/payment-authority.test.ts > server payment authority > rejects structurally invalid persisted amount_vnd = 49000.5 on reads and callbacks
[req] GET /api/v1/billing/payment-intents/pay_55dc1a88-b85d-40b2-84c8-9e236e41d329 409 0ms 01f403f8-7fb8-47ea-bb18-a3f2854160f7

stdout | tests/integration/payment-authority.test.ts > server payment authority > rejects structurally invalid persisted amount_vnd = 49000.5 on reads and callbacks
[req] POST /api/v1/billing/payos/webhook 409 0ms 73c6ea80-9a81-4cd5-af48-5e0d7c0d7844

stdout | tests/integration/payment-authority.test.ts > server payment authority > rejects structurally invalid persisted amount_vnd = 1.7976931348623157e+308 on reads and callbacks
[req] POST /api/v1/billing/payment-intents 201 0ms d1813782-0880-45e0-827e-4060dc5e32af

stdout | tests/integration/payment-authority.test.ts > server payment authority > rejects structurally invalid persisted amount_vnd = 1.7976931348623157e+308 on reads and callbacks
[req] GET /api/v1/billing/payment-intents/pay_41a6d432-09ba-4348-8c80-a0d34df311a0 409 0ms 69cf5dec-6215-49d1-b179-956dffa31e91

stdout | tests/integration/payment-authority.test.ts > server payment authority > rejects structurally invalid persisted amount_vnd = 1.7976931348623157e+308 on reads and callbacks
[req] POST /api/v1/billing/payos/webhook 409 0ms 5c2872de-85ea-40b4-afaf-25d9108c2720

stdout | tests/integration/payment-authority.test.ts > server payment authority > rejects structurally invalid persisted amount_vnd = invalid on reads and callbacks
[req] POST /api/v1/billing/payment-intents 201 0ms e2b960b9-5ba0-4b3a-ab0b-3b3716d37356

stdout | tests/integration/payment-authority.test.ts > server payment authority > rejects structurally invalid persisted amount_vnd = invalid on reads and callbacks
[req] GET /api/v1/billing/payment-intents/pay_50bfe5fc-6d74-4b97-8197-ae347530eaeb 409 0ms 38e02f05-942e-459b-86b2-ceef39efb009

stdout | tests/integration/payment-authority.test.ts > server payment authority > rejects structurally invalid persisted amount_vnd = invalid on reads and callbacks
[req] POST /api/v1/billing/payos/webhook 409 0ms 8fcc41a1-45aa-4332-92e6-8447a541f407

stdout | tests/integration/payment-authority.test.ts > server payment authority > rejects structurally invalid persisted currency = USD on reads and callbacks
[req] POST /api/v1/billing/payment-intents 201 0ms 9a7fffe9-8a5b-4489-82ea-b5ee47643e84

stdout | tests/integration/payment-authority.test.ts > server payment authority > rejects structurally invalid persisted currency = USD on reads and callbacks
[req] GET /api/v1/billing/payment-intents/pay_ea452245-0f03-4525-ad0e-26a9ec6c0fb6 409 0ms 1f195c58-10ec-4eb5-900e-453c39303384

stdout | tests/integration/payment-authority.test.ts > server payment authority > rejects structurally invalid persisted currency = USD on reads and callbacks
[req] POST /api/v1/billing/payos/webhook 409 0ms 6cf45c6b-2daf-4019-9033-48e68cd6ac75

stdout | tests/integration/payment-authority.test.ts > server payment authority > rejects structurally invalid persisted order_code = 0 on reads and callbacks
[req] POST /api/v1/billing/payment-intents 201 0ms cf70491e-aafd-42f9-a854-99a769d9224b

stdout | tests/integration/payment-authority.test.ts > server payment authority > rejects structurally invalid persisted order_code = 0 on reads and callbacks
[req] GET /api/v1/billing/payment-intents/pay_1f0aedaf-58dd-4e9d-b641-44ec1cee4db5 409 0ms 9a3a63a4-ba2b-4c1b-8cae-931a71ff06a3

stdout | tests/integration/payment-authority.test.ts > server payment authority > rejects structurally invalid persisted order_code = 0 on reads and callbacks
[req] POST /api/v1/billing/payos/webhook 409 0ms cf9f66d3-2d7d-41fb-a5e5-03f756e2d771

stdout | tests/integration/payment-authority.test.ts > server payment authority > rejects structurally invalid persisted order_code = -1 on reads and callbacks
[req] POST /api/v1/billing/payment-intents 201 0ms b15345d3-da8f-448a-96f9-b77aba5d76e0

stdout | tests/integration/payment-authority.test.ts > server payment authority > rejects structurally invalid persisted order_code = -1 on reads and callbacks
[req] GET /api/v1/billing/payment-intents/pay_d40f8975-5c86-4ef2-b438-6e1b2ff3c4a8 409 0ms ccbcbf26-7721-4d6c-b46d-6e8ac1457066

stdout | tests/integration/payment-authority.test.ts > server payment authority > rejects structurally invalid persisted order_code = -1 on reads and callbacks
[req] POST /api/v1/billing/payos/webhook 409 0ms 33dff46d-0c5e-471f-860e-89b13cfe352e

stdout | tests/integration/payment-authority.test.ts > server payment authority > rejects structurally invalid persisted order_code = 001 on reads and callbacks
[req] POST /api/v1/billing/payment-intents 201 0ms a565c09a-81b5-4e94-973c-cdfe09e551a5

stdout | tests/integration/payment-authority.test.ts > server payment authority > rejects structurally invalid persisted order_code = 001 on reads and callbacks
[req] GET /api/v1/billing/payment-intents/pay_2119cf4d-f17a-4091-9222-de73f5682111 409 0ms db3fb094-150d-4a5b-bbed-7f554acd81b4

stdout | tests/integration/payment-authority.test.ts > server payment authority > rejects structurally invalid persisted order_code = 001 on reads and callbacks
[req] POST /api/v1/billing/payos/webhook 409 0ms cd52a76b-bae7-43f7-bca0-95a55566cc8c

stdout | tests/integration/payment-authority.test.ts > server payment authority > rejects structurally invalid persisted order_code = 1.5 on reads and callbacks
[req] POST /api/v1/billing/payment-intents 201 0ms 4f26bc4a-d326-4292-afa5-b0e185d2d4b1

stdout | tests/integration/payment-authority.test.ts > server payment authority > rejects structurally invalid persisted order_code = 1.5 on reads and callbacks
[req] GET /api/v1/billing/payment-intents/pay_37b072ec-9e4b-44bb-8943-1dbc277407da 409 0ms c73cd2e5-4062-4c83-867c-d90de4241933

stdout | tests/integration/payment-authority.test.ts > server payment authority > rejects structurally invalid persisted order_code = 1.5 on reads and callbacks
[req] POST /api/v1/billing/payos/webhook 409 0ms 1ecfe9b7-80b3-49e4-a01c-7ecb04d87c3f

stdout | tests/integration/payment-authority.test.ts > server payment authority > rejects structurally invalid persisted order_code = 1e3 on reads and callbacks
[req] POST /api/v1/billing/payment-intents 201 0ms d8dd7e45-8999-48d4-a234-a96542cc561b

stdout | tests/integration/payment-authority.test.ts > server payment authority > rejects structurally invalid persisted order_code = 1e3 on reads and callbacks
[req] GET /api/v1/billing/payment-intents/pay_1bb6b4bb-6dd4-4e15-ba3d-c8959968fff0 409 0ms 119f8fcc-01bc-406a-af93-e1c5b2a13d39

stdout | tests/integration/payment-authority.test.ts > server payment authority > rejects structurally invalid persisted order_code = 1e3 on reads and callbacks
[req] POST /api/v1/billing/payos/webhook 409 0ms d1dbb4bf-2864-484c-bf2e-71e3b80d3334

stdout | tests/integration/payment-authority.test.ts > server payment authority > rejects structurally invalid persisted order_code = 9007199254740992 on reads and callbacks
[req] POST /api/v1/billing/payment-intents 201 0ms a3ffb941-7a48-439a-9809-d141299952db

stdout | tests/integration/payment-authority.test.ts > server payment authority > rejects structurally invalid persisted order_code = 9007199254740992 on reads and callbacks
[req] GET /api/v1/billing/payment-intents/pay_4934c9ff-0ccf-4359-8541-95334f95b6d2 409 0ms cc0a9e89-6825-4f35-954f-e0ab7acbeeba

stdout | tests/integration/payment-authority.test.ts > server payment authority > rejects structurally invalid persisted order_code = 9007199254740992 on reads and callbacks
[req] POST /api/v1/billing/payos/webhook 409 0ms 83896ca2-01da-4bf1-b8f0-0bd7121fd898

stdout | tests/integration/payment-authority.test.ts > server payment authority > rejects structurally invalid persisted expires_at = invalid on reads and callbacks
[req] POST /api/v1/billing/payment-intents 201 0ms e26a55a5-6370-4166-9bc2-dc031fab5559

stdout | tests/integration/payment-authority.test.ts > server payment authority > rejects structurally invalid persisted expires_at = invalid on reads and callbacks
[req] GET /api/v1/billing/payment-intents/pay_b34b3d82-eaf8-48e0-8aff-bee281af0ebb 409 0ms b777e236-24f8-4b60-8f84-b43f145027c0

stdout | tests/integration/payment-authority.test.ts > server payment authority > rejects structurally invalid persisted expires_at = invalid on reads and callbacks
[req] POST /api/v1/billing/payos/webhook 409 0ms 85f4efd9-7f7e-4444-8f6d-2de818046f0e

stdout | tests/integration/payment-authority.test.ts > server payment authority > rejects structurally invalid persisted expires_at =  on reads and callbacks
[req] POST /api/v1/billing/payment-intents 201 0ms 98dabf63-f493-4913-a323-4fe5e89c4fe3

stdout | tests/integration/payment-authority.test.ts > server payment authority > rejects structurally invalid persisted expires_at =  on reads and callbacks
[req] GET /api/v1/billing/payment-intents/pay_daf12ddc-2d6e-4cab-863c-0ae8c929038f 409 0ms 83525c04-bc1e-4cb3-bbc1-de368fd2cca8

stdout | tests/integration/payment-authority.test.ts > server payment authority > rejects structurally invalid persisted expires_at =  on reads and callbacks
[req] POST /api/v1/billing/payos/webhook 409 0ms ea7593a8-3653-4f22-a62d-e325564d65be

stdout | tests/integration/payment-authority.test.ts > server payment authority > rejects structurally invalid persisted expires_at = 0 on reads and callbacks
[req] POST /api/v1/billing/payment-intents 201 0ms 1339408f-2e95-4806-a197-2372538be484

stdout | tests/integration/payment-authority.test.ts > server payment authority > rejects structurally invalid persisted expires_at = 0 on reads and callbacks
[req] GET /api/v1/billing/payment-intents/pay_787c644c-7b68-40ad-8754-2f4e861cd56b 409 0ms 804caa45-0258-44c3-8210-905c84776175

stdout | tests/integration/payment-authority.test.ts > server payment authority > rejects structurally invalid persisted expires_at = 0 on reads and callbacks
[req] POST /api/v1/billing/payos/webhook 409 0ms cc45da9b-5dcf-4fc2-bfa1-6c4740780d0c

stdout | tests/integration/payment-authority.test.ts > server payment authority > rejects structurally invalid persisted expires_at = 1 on reads and callbacks
[req] POST /api/v1/billing/payment-intents 201 0ms 8d166684-cf15-4a14-9542-a3dd4a15d27d

stdout | tests/integration/payment-authority.test.ts > server payment authority > rejects structurally invalid persisted expires_at = 1 on reads and callbacks
[req] GET /api/v1/billing/payment-intents/pay_896d9cc6-2ad9-4535-9b35-6879c03c8f53 409 0ms 683ab71e-b58d-45f7-8949-cf4e7c857f6c

stdout | tests/integration/payment-authority.test.ts > server payment authority > rejects structurally invalid persisted expires_at = 1 on reads and callbacks
[req] POST /api/v1/billing/payos/webhook 409 0ms ec1b3ca8-d51b-485c-9786-4df7cd69cc5e

stdout | tests/integration/payment-authority.test.ts > server payment authority > rejects structurally invalid persisted expires_at = 2025 on reads and callbacks
[req] POST /api/v1/billing/payment-intents 201 0ms 83cf581e-0732-4d39-ba59-fc413582ac5f

stdout | tests/integration/payment-authority.test.ts > server payment authority > rejects structurally invalid persisted expires_at = 2025 on reads and callbacks
[req] GET /api/v1/billing/payment-intents/pay_3775fdde-dfe1-46e0-99f6-d64b29394482 409 0ms 96534a4e-3e72-469d-88f0-2b9e3c1b646d

stdout | tests/integration/payment-authority.test.ts > server payment authority > rejects structurally invalid persisted expires_at = 2025 on reads and callbacks
[req] POST /api/v1/billing/payos/webhook 409 0ms ce314945-8a8b-4338-85ba-fb791b44a034

stdout | tests/integration/payment-authority.test.ts > server payment authority > rejects structurally invalid persisted expires_at = 2025-01-01 on reads and callbacks
[req] POST /api/v1/billing/payment-intents 201 0ms c2dd3e0d-9b31-4363-ba7b-7782c32e4dc3

stdout | tests/integration/payment-authority.test.ts > server payment authority > rejects structurally invalid persisted expires_at = 2025-01-01 on reads and callbacks
[req] GET /api/v1/billing/payment-intents/pay_a47bb064-f96b-4256-a050-df0be16acf0f 409 0ms 71ecae58-a894-40c8-b9ef-43a6af71f201

stdout | tests/integration/payment-authority.test.ts > server payment authority > rejects structurally invalid persisted expires_at = 2025-01-01 on reads and callbacks
[req] POST /api/v1/billing/payos/webhook 409 0ms 666a3fe2-7361-4b81-b8ab-4d00eb7dd336

stdout | tests/integration/payment-authority.test.ts > server payment authority > rejects structurally invalid persisted expires_at = 2099-02-30T00:00:00.000Z on reads and callbacks
[req] POST /api/v1/billing/payment-intents 201 0ms 62b96d3f-8fc9-44a1-9ccd-04160760981b

stdout | tests/integration/payment-authority.test.ts > server payment authority > rejects structurally invalid persisted expires_at = 2099-02-30T00:00:00.000Z on reads and callbacks
[req] GET /api/v1/billing/payment-intents/pay_bb1c87fa-de7b-48c1-9233-a5a7a45fe673 409 0ms b23f55f5-7364-44dc-b769-68e01bec9478

stdout | tests/integration/payment-authority.test.ts > server payment authority > rejects structurally invalid persisted expires_at = 2099-02-30T00:00:00.000Z on reads and callbacks
[req] POST /api/v1/billing/payos/webhook 409 0ms 644044b7-0e8b-4d5c-b910-bfbdc1ff8af3

stdout | tests/integration/payment-authority.test.ts > server payment authority > rejects structurally invalid persisted status = forged on reads and callbacks
[req] POST /api/v1/billing/payment-intents 201 0ms 5afe45ac-28d3-4eeb-9a73-63b20dccea70

stdout | tests/integration/payment-authority.test.ts > server payment authority > rejects structurally invalid persisted status = forged on reads and callbacks
[req] GET /api/v1/billing/payment-intents/pay_198920b1-bb72-4028-a30e-3777d9ae28cd 409 0ms b764b8b7-5163-4efe-8324-ce46619b72e1

stdout | tests/integration/payment-authority.test.ts > server payment authority > rejects structurally invalid persisted status = forged on reads and callbacks
[req] POST /api/v1/billing/payos/webhook 409 0ms 36a3beb4-9f25-4139-8314-2f67cbd196b8

stdout | tests/integration/payment-authority.test.ts > server payment authority > rejects a signed amount that no longer matches the persisted intent
[req] POST /api/v1/billing/payment-intents 201 0ms 32bde28f-f94d-4734-905a-28d1efc90735

stdout | tests/integration/payment-authority.test.ts > server payment authority > rejects a signed amount that no longer matches the persisted intent
[req] POST /api/v1/billing/payos/webhook 409 0ms 20e68492-928b-4d0a-bc8b-14cf9bc5923f

stdout | tests/integration/payment-authority.test.ts > server payment authority > enforces the safe-integer boundary on stored amounts without consulting catalog prices
[req] POST /api/v1/billing/payment-intents 201 0ms b0b2bd83-c4c8-4a76-9639-e91c1b6b3cf5

stdout | tests/integration/payment-authority.test.ts > server payment authority > fails closed before DB/provider work when PayOS configuration is incomplete
[req] POST /api/v1/billing/payment-intents 503 0ms 61b2f211-80c6-45de-bea9-dd0c4c864477

stdout | tests/integration/payment-authority.test.ts > server payment authority > rejects a provider response whose signed amount does not match the local intent
[req] POST /api/v1/billing/payment-intents 502 0ms 15fea764-1732-4fcf-85df-56a3fd850904

stdout | tests/integration/payment-authority.test.ts > server payment authority > marks an intent failed after a provider timeout and rejects a later signed callback
[req] POST /api/v1/billing/payment-intents 502 0ms 9179d2d9-c0c7-4546-85e9-13f6590e7608

stdout | tests/integration/payment-authority.test.ts > server payment authority > marks an intent failed after a provider timeout and rejects a later signed callback
[req] POST /api/v1/billing/payos/webhook 409 0ms ce6f48e5-cacb-4835-93e4-63ad3ad87b67

stdout | tests/integration/payment-authority.test.ts > server payment authority > accepts a signed provider description prefix and uses that exact description in QR addInfo
[req] POST /api/v1/billing/payment-intents 201 0ms dffb7f27-3621-4e57-885a-0b14099ac3b1

stdout | tests/integration/payment-authority.test.ts > server payment authority > rejects a provider response with an invalid signature and fails the local intent
[req] POST /api/v1/billing/payment-intents 502 0ms b2ff8757-f7a4-4ad8-830e-65ef366d71db

stdout | tests/integration/payment-authority.test.ts > server payment authority > rejects provider order, currency, and expiry mismatches
[req] POST /api/v1/billing/payment-intents 502 0ms c5822a2d-51ee-4f2f-affe-af325801d6a5

stdout | tests/integration/payment-authority.test.ts > server payment authority > rejects provider order, currency, and expiry mismatches
[req] POST /api/v1/billing/payment-intents 502 0ms 5b0ce87d-a518-46b9-8103-e53fbd99559c

stdout | tests/integration/payment-authority.test.ts > server payment authority > rejects provider order, currency, and expiry mismatches
[req] POST /api/v1/billing/payment-intents 502 0ms 24ca98bb-8757-4a33-9a59-bc9b62a4379f

stdout | tests/integration/payment-authority.test.ts > owned payment intent status > returns DB status without exposing provider payment instructions
[req] POST /api/v1/billing/payment-intents 201 0ms eb1abcbc-dc72-44a5-b80a-400525c73de5

stdout | tests/integration/payment-authority.test.ts > owned payment intent status > returns DB status without exposing provider payment instructions
[req] GET /api/v1/billing/payment-intents/pay_ecc1db83-c273-43f8-b82d-9c674387b1c0 200 0ms a221b277-8878-434c-93f4-61a975277ae3

stdout | tests/integration/payment-authority.test.ts > owned payment intent status > does not disclose another user’s intent
[req] POST /api/v1/billing/payment-intents 201 0ms ccd25370-a059-46c9-9736-03d8acbd50cd

stdout | tests/integration/payment-authority.test.ts > owned payment intent status > does not disclose another user’s intent
[req] GET /api/v1/billing/payment-intents/pay_5785b010-88ec-48ea-9a11-42c768df9789 404 0ms 52dc1afd-e22b-466e-b560-176bae63093e

stdout | tests/integration/payment-authority.test.ts > owned payment intent status > derives expired status from the server clock without mutating the pending row
[req] POST /api/v1/billing/payment-intents 201 0ms f352228e-dc49-4330-9e99-828d6cb6d252

stdout | tests/integration/payment-authority.test.ts > owned payment intent status > derives expired status from the server clock without mutating the pending row
[req] GET /api/v1/billing/payment-intents/pay_23236d94-7225-46a6-81ba-fc93d4e5faee 200 0ms 1390a175-7a04-403b-b791-6adb7d4c6e3c

stdout | tests/integration/payment-authority.test.ts > owned payment intent status > requires CSRF origin protection for cookie-authenticated intent creation
[req] POST /api/v1/billing/payment-intents 403 0ms eae7bf41-5817-4c4a-be3d-e35f2be680a0

stdout | tests/integration/payment-authority.test.ts > owned payment intent status > rejects a request whose expected account headers do not match the cookie session
[req] GET /api/v1/billing/plans 403 0ms a2bb645d-2d2c-4721-ae25-b1c606c70046

stdout | tests/integration/payment-authority.test.ts > verified webhook reconciliation and entitlement grants > rejects bad signatures before touching the intent
[req] POST /api/v1/billing/payment-intents 201 0ms 79c43aa7-b699-46ba-871b-44a91792be8d

stdout | tests/integration/payment-authority.test.ts > verified webhook reconciliation and entitlement grants > rejects bad signatures before touching the intent
[req] POST /api/v1/billing/payos/webhook 401 0ms 9396ea22-0375-4f71-a14c-ba65748ac644

stdout | tests/integration/payment-authority.test.ts > verified webhook reconciliation and entitlement grants > uses signed data.code rather than the unsigned envelope code
[req] POST /api/v1/billing/payment-intents 201 0ms 236c5f49-4628-4ae2-8a30-4d1f166b876b

stdout | tests/integration/payment-authority.test.ts > verified webhook reconciliation and entitlement grants > uses signed data.code rather than the unsigned envelope code
[req] POST /api/v1/billing/payos/webhook 200 0ms f1c6abab-d184-4741-b86c-0a769aac1cbc

stdout | tests/integration/payment-authority.test.ts > verified webhook reconciliation and entitlement grants > requires a signed reference and validates amount and currency
[req] POST /api/v1/billing/payment-intents 201 0ms 03e70df8-a463-4b5f-bd4d-6bd80f99cf70

stdout | tests/integration/payment-authority.test.ts > verified webhook reconciliation and entitlement grants > requires a signed reference and validates amount and currency
[req] POST /api/v1/billing/payos/webhook 400 0ms d5593092-9192-4c47-93ee-26b208d4cfe1

stdout | tests/integration/payment-authority.test.ts > verified webhook reconciliation and entitlement grants > requires a signed reference and validates amount and currency
[req] POST /api/v1/billing/payment-intents 201 0ms 11459111-c181-4dbe-a6fd-3670094fb853

stdout | tests/integration/payment-authority.test.ts > verified webhook reconciliation and entitlement grants > requires a signed reference and validates amount and currency
[req] POST /api/v1/billing/payos/webhook 409 0ms 1fb4eea5-90fc-4285-ae30-5b5ba02c5969

stdout | tests/integration/payment-authority.test.ts > verified webhook reconciliation and entitlement grants > requires a signed reference and validates amount and currency
[req] POST /api/v1/billing/payment-intents 201 0ms d47fd0aa-5344-4b6e-8099-0b9113c83fc1

stdout | tests/integration/payment-authority.test.ts > verified webhook reconciliation and entitlement grants > requires a signed reference and validates amount and currency
[req] POST /api/v1/billing/payos/webhook 409 0ms 7293cb50-a0de-48f2-ba2d-6399fa33a138

stdout | tests/integration/payment-authority.test.ts > verified webhook reconciliation and entitlement grants > does not allow a failed terminal intent to become paid
[req] POST /api/v1/billing/payment-intents 201 0ms afb55a81-1b1f-4ed7-88bf-fbcb1540c888

stdout | tests/integration/payment-authority.test.ts > verified webhook reconciliation and entitlement grants > does not allow a failed terminal intent to become paid
[req] POST /api/v1/billing/payos/webhook 200 0ms f6b1b95a-dd61-4350-a42d-bf832b934060

stdout | tests/integration/payment-authority.test.ts > verified webhook reconciliation and entitlement grants > does not allow a failed terminal intent to become paid
[req] POST /api/v1/billing/payos/webhook 409 0ms eb79ead4-aee9-4556-83fb-23b88a3cef8d

stdout | tests/integration/payment-authority.test.ts > verified webhook reconciliation and entitlement grants > rejects paid callbacks for invalid stored plans
[req] POST /api/v1/billing/payment-intents 201 0ms ca3fd8f0-aa1c-42b2-ba7a-59a709460e58

stdout | tests/integration/payment-authority.test.ts > verified webhook reconciliation and entitlement grants > rejects paid callbacks for invalid stored plans
[req] POST /api/v1/billing/payos/webhook 409 0ms b8158169-2ceb-43f3-90d1-61ec1f6246f0

stdout | tests/integration/payment-authority.test.ts > verified webhook reconciliation and entitlement grants > rejects a paid callback for terminal failed intents
[req] POST /api/v1/billing/payment-intents 201 0ms 77ce0c2f-e398-4d91-aa59-4cb2d305ce9c

stdout | tests/integration/payment-authority.test.ts > verified webhook reconciliation and entitlement grants > rejects a paid callback for terminal failed intents
[req] POST /api/v1/billing/payos/webhook 409 0ms f2f60b80-e14f-4c12-b287-665ca7b6ad33

stdout | tests/integration/payment-authority.test.ts > verified webhook reconciliation and entitlement grants > rejects a paid callback for terminal refunded intents
[req] POST /api/v1/billing/payment-intents 201 0ms 5ad39f3b-22f8-4566-b8a4-3873dde6d088

stdout | tests/integration/payment-authority.test.ts > verified webhook reconciliation and entitlement grants > rejects a paid callback for terminal refunded intents
[req] POST /api/v1/billing/payos/webhook 409 0ms fbd47b08-20d8-4878-8507-4b1ee9baba21

stdout | tests/integration/payment-authority.test.ts > verified webhook reconciliation and entitlement grants > rejects a paid callback for terminal expired intents
[req] POST /api/v1/billing/payment-intents 201 0ms 9882ed83-9ab7-40fe-87bf-019b72346619

stdout | tests/integration/payment-authority.test.ts > verified webhook reconciliation and entitlement grants > rejects a paid callback for terminal expired intents
[req] POST /api/v1/billing/payos/webhook 409 0ms eb534893-dd4f-4cbd-b78a-06b22890b667

stdout | tests/integration/payment-authority.test.ts > verified webhook reconciliation and entitlement grants > ACKs duplicate paid callbacks without extending the same entitlement
[req] POST /api/v1/billing/payment-intents 201 0ms 8c4a4a72-1d0d-4ee7-87ca-50b9cda42813

stdout | tests/integration/payment-authority.test.ts > verified webhook reconciliation and entitlement grants > ACKs duplicate paid callbacks without extending the same entitlement
[req] POST /api/v1/billing/payos/webhook 200 0ms 57a20056-4043-4d6b-be25-3566ceb6318f

stdout | tests/integration/payment-authority.test.ts > verified webhook reconciliation and entitlement grants > ACKs duplicate paid callbacks without extending the same entitlement
[req] POST /api/v1/billing/payos/webhook 200 0ms bac57af0-cd5b-4205-95a7-cbbab62f5e54

 ✓ tests/unit/t21rc2t-production-approval.test.mjs (42 tests) 5878ms
   ✓ T21R-C2T independent reviewed-byte closure > rejects changes to C2T-bound bytes and introduction of absent config or generator paths  2094ms
   ✓ T21R-C2T fresh reauthorization and output privacy > rechecks current main, CI and the same approval after Environment approval  322ms
   ✓ T21R-C2T fresh reauthorization and output privacy > rejects changed approval, moved main and changed exact-main CI on recheck  1150ms
stdout | tests/integration/payment-authority.test.ts > verified webhook reconciliation and entitlement grants > serializes concurrent callbacks for one intent and stacks distinct paid orders
[req] POST /api/v1/billing/payment-intents 201 0ms 03ba7624-929b-403c-83f5-7c07a474eadb

stdout | tests/integration/payment-authority.test.ts > verified webhook reconciliation and entitlement grants > serializes concurrent callbacks for one intent and stacks distinct paid orders
[req] POST /api/v1/billing/payos/webhook 200 0ms ae3e6657-c64e-4688-8525-02e0e8c9df8b

stdout | tests/integration/payment-authority.test.ts > verified webhook reconciliation and entitlement grants > serializes concurrent callbacks for one intent and stacks distinct paid orders
[req] POST /api/v1/billing/payos/webhook 200 0ms 373a75b8-aa56-46ff-ab41-fcd73c8163d4

stdout | tests/integration/payment-authority.test.ts > verified webhook reconciliation and entitlement grants > serializes concurrent callbacks for one intent and stacks distinct paid orders
[req] POST /api/v1/billing/payment-intents 201 0ms df98c67f-f17e-4497-a6e1-fa505a576e41

stdout | tests/integration/payment-authority.test.ts > verified webhook reconciliation and entitlement grants > serializes concurrent callbacks for one intent and stacks distinct paid orders
[req] POST /api/v1/billing/payos/webhook 200 0ms 9207fb3c-a977-4391-ad81-df91a0e44c66

stdout | tests/integration/payment-authority.test.ts > verified webhook reconciliation and entitlement grants > stacks two distinct paid orders when their signed callbacks arrive concurrently
[req] POST /api/v1/billing/payment-intents 201 0ms 75dfd6ed-5b1a-4d29-9464-7222f635e782

stdout | tests/integration/payment-authority.test.ts > verified webhook reconciliation and entitlement grants > stacks two distinct paid orders when their signed callbacks arrive concurrently
[req] POST /api/v1/billing/payment-intents 201 0ms 1288db4d-d0dc-4026-804f-02d7597100b7

stdout | tests/integration/payment-authority.test.ts > verified webhook reconciliation and entitlement grants > stacks two distinct paid orders when their signed callbacks arrive concurrently
[req] POST /api/v1/billing/payos/webhook 200 0ms 12af8d66-6a76-4a58-a527-79452ec053f7

stdout | tests/integration/payment-authority.test.ts > verified webhook reconciliation and entitlement grants > stacks two distinct paid orders when their signed callbacks arrive concurrently
[req] POST /api/v1/billing/payos/webhook 200 0ms dfeb71dd-2acb-4764-aa0d-89dcebc1efaf

stdout | tests/integration/payment-authority.test.ts > verified webhook reconciliation and entitlement grants > rolls back a second order when its provider reference is already used by another order
[req] POST /api/v1/billing/payment-intents 201 0ms 54688366-7be7-4d7d-9293-722c4420c051

stdout | tests/integration/payment-authority.test.ts > verified webhook reconciliation and entitlement grants > rolls back a second order when its provider reference is already used by another order
[req] POST /api/v1/billing/payment-intents 201 0ms 189cbc69-fb43-4379-92c1-bee548738583

stdout | tests/integration/payment-authority.test.ts > verified webhook reconciliation and entitlement grants > rolls back a second order when its provider reference is already used by another order
[req] POST /api/v1/billing/payos/webhook 200 0ms 8110da06-d152-4971-9d73-46af98e21ba4

stdout | tests/integration/payment-authority.test.ts > verified webhook reconciliation and entitlement grants > rolls back a second order when its provider reference is already used by another order
[req] POST /api/v1/billing/payos/webhook 409 0ms c8487710-875a-4515-9288-5c41fde765a9

stdout | tests/integration/payment-authority.test.ts > verified webhook reconciliation and entitlement grants > ACKs a paid replay after the intent expiry time without mutating entitlement
[req] POST /api/v1/billing/payment-intents 201 0ms ed51f1bb-7dc4-43a8-8286-9bd617add235

stdout | tests/integration/payment-authority.test.ts > verified webhook reconciliation and entitlement grants > ACKs a paid replay after the intent expiry time without mutating entitlement
[req] POST /api/v1/billing/payos/webhook 200 0ms 0bacb016-bccb-4a07-8102-e8353f4da5cd

stdout | tests/integration/payment-authority.test.ts > verified webhook reconciliation and entitlement grants > ACKs a paid replay after the intent expiry time without mutating entitlement
[req] POST /api/v1/billing/payos/webhook 200 0ms 784123d9-c1c9-44da-aed3-4d04154692d2

stdout | tests/integration/payment-authority.test.ts > verified webhook reconciliation and entitlement grants > rejects a first paid callback that crosses the pending intent expiry
[req] POST /api/v1/billing/payment-intents 201 0ms 66d261bb-1e95-47b1-aae4-c329bdd99934

stdout | tests/integration/payment-authority.test.ts > verified webhook reconciliation and entitlement grants > rejects a first paid callback that crosses the pending intent expiry
[req] POST /api/v1/billing/payos/webhook 409 0ms 709ed829-999d-4094-b6ce-37eb1a890842

stderr | tests/integration/payment-authority.test.ts > legacy activation retirement > returns compatibility pending state but never writes a grant
{"level":"warn","limiter":"rl_auth","reason":"kv-unbound","message":"Rate limiter degraded to isolate-local counters; enforcement is not globally reliable."}

stdout | tests/integration/payment-authority.test.ts > legacy activation retirement > returns compatibility pending state but never writes a grant
[req] POST /api/v1/auth/plus/activate 200 0ms fc97c27c-fa1c-49f7-9944-82925ba18c8a

stdout | tests/integration/payment-authority.test.ts > legacy activation retirement > rejects browser-supplied legacy grant codes without writing entitlement
[req] POST /api/v1/auth/plus/activate 410 0ms 283fef82-66f4-4b9d-bc72-973da6bc9a06

 ✓ tests/integration/payment-authority.test.ts (65 tests) 6053ms
 ✓ tests/integration/inventory-truth.test.ts (54 tests) 5791ms
 ✓ tests/unit/production-certify-workflow.test.mjs (48 tests) 6576ms
   ✓ production certification workflow safety > rejects absent or malformed schema proof, not just reported schema issues  463ms
   ✓ production certification workflow safety > does not certify missing, contradictory or partial evidence  609ms
   ✓ production certification workflow safety > allows current generated catalog, runtime and SELECT-only schema CTE queries  418ms
   ✓ production certification workflow safety > rejects generated unsafe SQL: PRAGMA writable_schema=ON  310ms
   ✓ production certification workflow safety > rejects generated unsafe SQL: SELECT load_extension(1)  301ms
   ✓ production certification workflow safety > rejects generated unsafe SQL: SELECT writefile(1)  392ms
   ✓ production certification workflow safety > rejects generated unsafe SQL: SELECT * FROM pragma_wal_checkpoint  350ms
   ✓ production certification workflow safety > rejects generated unsafe SQL: WITH x AS (SELECT 1) DELETE FROM recipes  319ms
stderr | tests/integration/meal-planning-http.test.ts > T06A real authenticated Worker/API boundary > generates and retrieves a safe DTO through the actual Worker without stock, AI or payment calls
{"level":"warn","limiter":"planner-compute","reason":"kv-unbound","message":"Rate limiter degraded to isolate-local counters; enforcement is not globally reliable."}
{"level":"warn","limiter":"meal-planning-expensive","reason":"kv-unbound","message":"Rate limiter degraded to isolate-local counters; enforcement is not globally reliable."}

stdout | tests/integration/meal-planning-http.test.ts > T06A real authenticated Worker/API boundary > generates and retrieves a safe DTO through the actual Worker without stock, AI or payment calls
{"level":"info","event":"meal_planning_result","status":"feasible","conclusion":"feasible","truncated":true,"states":57}

stdout | tests/integration/meal-planning-http.test.ts > T06A real authenticated Worker/API boundary > generates and retrieves a safe DTO through the actual Worker without stock, AI or payment calls
[req] POST /api/v1/meal-planning/plans 200 158ms 1d8d20e3-6fd4-4fe1-9330-60676b3130c7

stderr | tests/integration/meal-planning-http.test.ts > T06A real authenticated Worker/API boundary > generates and retrieves a safe DTO through the actual Worker without stock, AI or payment calls
{"level":"warn","limiter":"meal-planning-read","reason":"kv-unbound","message":"Rate limiter degraded to isolate-local counters; enforcement is not globally reliable."}

stdout | tests/integration/meal-planning-http.test.ts > T06A real authenticated Worker/API boundary > generates and retrieves a safe DTO through the actual Worker without stock, AI or payment calls
[req] GET /api/v1/meal-planning/plans/11236203-422b-44c7-8347-b34648748d20 200 6ms e9794442-d638-4846-bee7-aad2ac9d8894

stdout | tests/integration/meal-planning-http.test.ts > T06A real authenticated Worker/API boundary > rejects unauthenticated generation and reads
[req] POST /api/v1/meal-planning/plans 401 1ms de991ec6-f93b-4b8a-89a6-5d82fd4dca76

stdout | tests/integration/meal-planning-http.test.ts > T06A real authenticated Worker/API boundary > rejects unauthenticated generation and reads
[req] GET /api/v1/meal-planning/plans/fdbdbb3f-e79e-4b80-8f19-f4cdcbbcbde3 401 0ms 6e2f3966-a616-4076-ad14-604d02ebf33d

stdout | tests/e2e/planner-preview.test.mjs > isolated planner preview using real registered Worker sessions and T02–T05 > replays all migrations and seeds idempotently without retaining a plaintext session
[req] GET /api/v1/me 200 5ms 6af8cb73-3adb-40f1-81b7-dd1c89d1a029

stdout | tests/integration/meal-planning-http.test.ts > T06A real authenticated Worker/API boundary > protects CSRF, session owner fencing, membership and private creator plans
{"level":"info","event":"meal_planning_result","status":"feasible","conclusion":"feasible","truncated":false,"states":7}

stderr | tests/integration/meal-planning-http.test.ts > T06A real authenticated Worker/API boundary > protects CSRF, session owner fencing, membership and private creator plans
{"level":"warn","limiter":"meal-planning-feedback","reason":"kv-unbound","message":"Rate limiter degraded to isolate-local counters; enforcement is not globally reliable."}

stdout | tests/e2e/planner-preview.test.mjs > isolated planner preview using real registered Worker sessions and T02–T05 > generates a real seven-meal plan, restores it, shops with unknown prices, swaps and records cooked without consuming inventory
[req] GET /api/v1/meal-planning/plans/current 200 7ms e305f256-7795-459a-b39b-f28c854c2469

stdout | tests/e2e/planner-preview.test.mjs > isolated planner preview using real registered Worker sessions and T02–T05 > generates a real seven-meal plan, restores it, shops with unknown prices, swaps and records cooked without consuming inventory
{"level":"info","event":"meal_planning_result","status":"feasible","conclusion":"feasible","truncated":true,"states":297}

stdout | tests/e2e/planner-preview.test.mjs > isolated planner preview using real registered Worker sessions and T02–T05 > generates a real seven-meal plan, restores it, shops with unknown prices, swaps and records cooked without consuming inventory
[req] POST /api/v1/meal-planning/plans 200 756ms 68b1501a-d43a-4e0d-a566-835b957a4109

stdout | tests/e2e/planner-preview.test.mjs > isolated planner preview using real registered Worker sessions and T02–T05 > generates a real seven-meal plan, restores it, shops with unknown prices, swaps and records cooked without consuming inventory
[req] GET /api/v1/meal-planning/plans/5b618a11-64a5-4dd9-9d3b-28ee8578932e 200 21ms 67f5a80a-a13e-4df9-9899-13d021513ca8

stdout | tests/e2e/planner-preview.test.mjs > isolated planner preview using real registered Worker sessions and T02–T05 > generates a real seven-meal plan, restores it, shops with unknown prices, swaps and records cooked without consuming inventory
{"level":"info","event":"meal_shopping_result","catalogStatus":"reviewed_catalog_unavailable"}

stdout | tests/e2e/planner-preview.test.mjs > isolated planner preview using real registered Worker sessions and T02–T05 > generates a real seven-meal plan, restores it, shops with unknown prices, swaps and records cooked without consuming inventory
[req] POST /api/v1/meal-planning/plans/5b618a11-64a5-4dd9-9d3b-28ee8578932e/shopping 200 15ms bec652ef-6a45-49eb-adcc-d35733bbe066

stdout | tests/e2e/planner-preview.test.mjs > isolated planner preview using real registered Worker sessions and T02–T05 > generates a real seven-meal plan, restores it, shops with unknown prices, swaps and records cooked without consuming inventory
[req] GET /api/v1/meal-planning/plans/5b618a11-64a5-4dd9-9d3b-28ee8578932e/alternatives 200 6ms b452d3af-35e1-4d17-8279-c1195c0e306c

stdout | tests/e2e/planner-preview.test.mjs > isolated planner preview using real registered Worker sessions and T02–T05 > generates a real seven-meal plan, restores it, shops with unknown prices, swaps and records cooked without consuming inventory
{"level":"info","event":"meal_planning_result","status":"feasible","conclusion":"feasible","truncated":true,"states":250}

stdout | tests/e2e/planner-preview.test.mjs > isolated planner preview using real registered Worker sessions and T02–T05 > generates a real seven-meal plan, restores it, shops with unknown prices, swaps and records cooked without consuming inventory
[req] POST /api/v1/meal-planning/plans/5b618a11-64a5-4dd9-9d3b-28ee8578932e/swap 200 478ms a22745c2-d394-4734-b35e-c7152f31bdfa

stdout | tests/e2e/planner-preview.test.mjs > isolated planner preview using real registered Worker sessions and T02–T05 > generates a real seven-meal plan, restores it, shops with unknown prices, swaps and records cooked without consuming inventory
[req] POST /api/v1/meal-planning/plans/5b618a11-64a5-4dd9-9d3b-28ee8578932e/explanation 200 3ms a0e02cce-177e-471b-9643-d3250ccda351

stdout | tests/e2e/planner-preview.test.mjs > isolated planner preview using real registered Worker sessions and T02–T05 > generates a real seven-meal plan, restores it, shops with unknown prices, swaps and records cooked without consuming inventory
[req] POST /api/v1/meal-planning/plans/5b618a11-64a5-4dd9-9d3b-28ee8578932e/feedback 200 2ms bbfb5399-5fc5-421c-8d1c-4acbb30254a2

stdout | tests/e2e/planner-preview.test.mjs > isolated planner preview using real registered Worker sessions and T02–T05 > generates a real seven-meal plan, restores it, shops with unknown prices, swaps and records cooked without consuming inventory
[req] POST /api/v1/meal-planning/plans/5b618a11-64a5-4dd9-9d3b-28ee8578932e/feedback 200 2ms 70ec3742-6d5e-4089-bd17-5e29b74de52f

stdout | tests/e2e/planner-preview.test.mjs > isolated planner preview using real registered Worker sessions and T02–T05 > generates a real seven-meal plan, restores it, shops with unknown prices, swaps and records cooked without consuming inventory
[req] GET /api/v1/meal-planning/plans/current 200 7ms f7f7adc9-9d99-4a46-96a0-43de3f3e3343

stdout | tests/integration/meal-planning-http.test.ts > T06A real authenticated Worker/API boundary > enforces server household hard restrictions despite perfect personal soft preference and omission
{"level":"info","event":"meal_planning_result","status":"infeasible","conclusion":"proven_infeasible","truncated":false,"states":1}

stdout | tests/e2e/planner-preview.test.mjs > isolated planner preview using real registered Worker sessions and T02–T05 > does not hide stale source state and recovers through regeneration
{"level":"info","event":"meal_planning_result","status":"feasible","conclusion":"feasible","truncated":true,"states":297}

stdout | tests/e2e/planner-preview.test.mjs > isolated planner preview using real registered Worker sessions and T02–T05 > does not hide stale source state and recovers through regeneration
[req] POST /api/v1/meal-planning/plans 200 589ms a09a76d6-baa5-444c-88cc-f64d0e3dc434

stdout | tests/integration/meal-planning-http.test.ts > T06A real authenticated Worker/API boundary > deduplicates creation before running T04 again, and rejects different intent under a reused key
{"level":"info","event":"meal_planning_result","status":"feasible","conclusion":"feasible","truncated":false,"states":7}

stdout | tests/e2e/planner-preview.test.mjs > isolated planner preview using real registered Worker sessions and T02–T05 > does not hide stale source state and recovers through regeneration
[req] POST /api/v1/meal-planning/plans/860ff29c-4622-4be5-8e52-3c4770e98765/shopping 409 20ms 9ef089b5-0b95-4830-9dd4-0baf3e38a77e

stdout | tests/integration/meal-planning-http.test.ts > T06A real authenticated Worker/API boundary > replans all sequential stock after an early swap and protects newer revisions
{"level":"info","event":"meal_planning_result","status":"feasible","conclusion":"feasible","truncated":false,"states":7}

stdout | tests/integration/meal-planning-http.test.ts > T06A real authenticated Worker/API boundary > replans all sequential stock after an early swap and protects newer revisions
{"level":"info","event":"meal_planning_result","status":"feasible","conclusion":"feasible","truncated":false,"states":4}

stdout | tests/integration/meal-planning-http.test.ts > T06A real authenticated Worker/API boundary > rejects a newly forbidden replacement without changing the persisted plan
{"level":"info","event":"meal_planning_result","status":"feasible","conclusion":"feasible","truncated":false,"states":7}

stdout | tests/integration/meal-planning-http.test.ts > T06A real authenticated Worker/API boundary > rejects a newly forbidden replacement without changing the persisted plan
{"level":"info","event":"meal_planning_result","status":"infeasible","conclusion":"proven_infeasible","truncated":false,"states":1}

stdout | tests/integration/meal-planning-http.test.ts > T06A real authenticated Worker/API boundary > detects inventory/catalog/preference changes and regenerates using current data
{"level":"info","event":"meal_planning_result","status":"feasible","conclusion":"feasible","truncated":false,"states":7}

stdout | tests/e2e/planner-preview.test.mjs > isolated planner preview using real registered Worker sessions and T02–T05 > does not hide stale source state and recovers through regeneration
{"level":"info","event":"meal_planning_result","status":"feasible","conclusion":"feasible","truncated":true,"states":297}

stdout | tests/e2e/planner-preview.test.mjs > isolated planner preview using real registered Worker sessions and T02–T05 > does not hide stale source state and recovers through regeneration
[req] POST /api/v1/meal-planning/plans/860ff29c-4622-4be5-8e52-3c4770e98765/regenerate 200 536ms 6e8470f2-10d3-4570-91e9-7314592330f7

stdout | tests/e2e/planner-preview.test.mjs > isolated planner preview using real registered Worker sessions and T02–T05 > does not hide stale source state and recovers through regeneration
[req] POST /api/v1/meal-planning/plans/860ff29c-4622-4be5-8e52-3c4770e98765/shopping 409 1ms 32b71683-724d-4eb4-9aff-d7e82e301950

stdout | tests/integration/meal-planning-http.test.ts > T06A real authenticated Worker/API boundary > detects inventory/catalog/preference changes and regenerates using current data
{"level":"info","event":"meal_planning_result","status":"feasible","conclusion":"feasible","truncated":false,"states":7}

stdout | tests/e2e/planner-preview.test.mjs > isolated planner preview using real registered Worker sessions and T02–T05 > does not hide stale source state and recovers through regeneration
{"level":"info","event":"meal_shopping_result","catalogStatus":"reviewed_catalog_unavailable"}

stdout | tests/e2e/planner-preview.test.mjs > isolated planner preview using real registered Worker sessions and T02–T05 > does not hide stale source state and recovers through regeneration
[req] POST /api/v1/meal-planning/plans/860ff29c-4622-4be5-8e52-3c4770e98765/shopping 200 12ms a4240911-e4b4-4696-9174-a56faad8e509

stdout | tests/integration/meal-planning-http.test.ts > T06A real authenticated Worker/API boundary > revalidates history at the current time so later feedback makes a stored plan stale
{"level":"info","event":"meal_planning_result","status":"feasible","conclusion":"feasible","truncated":false,"states":7}

stdout | tests/integration/meal-planning-http.test.ts > T06A real authenticated Worker/API boundary > keeps missing reviewed prices unknown and never converts them into free shopping
{"level":"info","event":"meal_planning_result","status":"feasible","conclusion":"feasible","truncated":true,"states":57}

stdout | tests/integration/meal-planning-http.test.ts > T06A real authenticated Worker/API boundary > keeps missing reviewed prices unknown and never converts them into free shopping
[req] POST /api/v1/meal-planning/plans 200 123ms 65c1e391-2500-48cd-9934-80aa0cd01a09

stdout | tests/integration/meal-planning-http.test.ts > T06A real authenticated Worker/API boundary > keeps missing reviewed prices unknown and never converts them into free shopping
{"level":"info","event":"meal_shopping_result","catalogStatus":"reviewed_catalog_unavailable"}

stdout | tests/integration/meal-planning-http.test.ts > T06A real authenticated Worker/API boundary > keeps missing reviewed prices unknown and never converts them into free shopping
[req] POST /api/v1/meal-planning/plans/5bbe8bf2-e542-4213-8d69-00f02a61aedb/shopping 200 13ms 81fc2734-1179-4f20-9218-7d024531887e

stdout | tests/integration/meal-planning-http.test.ts > T06A real authenticated Worker/API boundary > rejects shopping mealPlan spoofing and uses unchanged trusted exact prices
{"level":"info","event":"meal_planning_result","status":"feasible","conclusion":"feasible","truncated":false,"states":7}

stdout | tests/integration/meal-planning-http.test.ts > T06A real authenticated Worker/API boundary > rejects shopping mealPlan spoofing and uses unchanged trusted exact prices
{"level":"info","event":"meal_shopping_result","catalogStatus":"available"}

stdout | tests/e2e/planner-preview.test.mjs > isolated planner preview using real registered Worker sessions and T02–T05 > persists liked feedback once without inventory or cooking side effects
{"level":"info","event":"meal_planning_result","status":"feasible","conclusion":"feasible","truncated":true,"states":297}

stdout | tests/e2e/planner-preview.test.mjs > isolated planner preview using real registered Worker sessions and T02–T05 > persists liked feedback once without inventory or cooking side effects
[req] POST /api/v1/meal-planning/plans 200 512ms ab0b32ab-d902-4403-86f0-a58a56a64aee

stdout | tests/e2e/planner-preview.test.mjs > isolated planner preview using real registered Worker sessions and T02–T05 > persists liked feedback once without inventory or cooking side effects
[req] POST /api/v1/meal-planning/plans/f26daad9-5ef9-4bc3-9e78-e82869cfa7f0/feedback 200 8ms c6c1cbe1-fbd3-4195-9226-6492f02ae5e5

stdout | tests/e2e/planner-preview.test.mjs > isolated planner preview using real registered Worker sessions and T02–T05 > persists liked feedback once without inventory or cooking side effects
[req] POST /api/v1/meal-planning/plans/f26daad9-5ef9-4bc3-9e78-e82869cfa7f0/feedback 200 8ms 972003ae-f51a-43c5-a6c5-e05f24eacda8

stdout | tests/integration/meal-planning-http.test.ts > T06A real authenticated Worker/API boundary > rejects shopping shortages spoofing and uses unchanged trusted exact prices
{"level":"info","event":"meal_planning_result","status":"feasible","conclusion":"feasible","truncated":false,"states":7}

stdout | tests/integration/meal-planning-http.test.ts > T06A real authenticated Worker/API boundary > rejects shopping shortages spoofing and uses unchanged trusted exact prices
{"level":"info","event":"meal_shopping_result","catalogStatus":"available"}

stdout | tests/integration/meal-planning-http.test.ts > T06A real authenticated Worker/API boundary > rejects shopping prices spoofing and uses unchanged trusted exact prices
{"level":"info","event":"meal_planning_result","status":"feasible","conclusion":"feasible","truncated":false,"states":7}

stdout | tests/integration/meal-planning-http.test.ts > T06A real authenticated Worker/API boundary > rejects shopping prices spoofing and uses unchanged trusted exact prices
{"level":"info","event":"meal_shopping_result","catalogStatus":"available"}

stdout | tests/integration/meal-planning-http.test.ts > T06A real authenticated Worker/API boundary > rejects shopping catalog spoofing and uses unchanged trusted exact prices
{"level":"info","event":"meal_planning_result","status":"feasible","conclusion":"feasible","truncated":false,"states":7}

stdout | tests/integration/meal-planning-http.test.ts > T06A real authenticated Worker/API boundary > rejects shopping catalog spoofing and uses unchanged trusted exact prices
{"level":"info","event":"meal_shopping_result","catalogStatus":"available"}

stdout | tests/integration/meal-planning-http.test.ts > T06A real authenticated Worker/API boundary > rejects shopping shoppingContext spoofing and uses unchanged trusted exact prices
{"level":"info","event":"meal_planning_result","status":"feasible","conclusion":"feasible","truncated":false,"states":7}

stdout | tests/e2e/planner-preview.test.mjs > isolated planner preview using real registered Worker sessions and T02–T05 > persists disliked feedback once without inventory or cooking side effects
{"level":"info","event":"meal_planning_result","status":"feasible","conclusion":"feasible","truncated":true,"states":297}

stdout | tests/e2e/planner-preview.test.mjs > isolated planner preview using real registered Worker sessions and T02–T05 > persists disliked feedback once without inventory or cooking side effects
[req] POST /api/v1/meal-planning/plans 200 504ms 7a7d300e-e7bd-45a0-ae25-9d40620c902b

stdout | tests/integration/meal-planning-http.test.ts > T06A real authenticated Worker/API boundary > rejects shopping shoppingContext spoofing and uses unchanged trusted exact prices
{"level":"info","event":"meal_shopping_result","catalogStatus":"available"}

stdout | tests/e2e/planner-preview.test.mjs > isolated planner preview using real registered Worker sessions and T02–T05 > persists disliked feedback once without inventory or cooking side effects
[req] POST /api/v1/meal-planning/plans/d5edd40d-defa-4f43-91e5-439d3c1fa3e6/feedback 200 2ms 73681cbd-3202-4695-8aea-a6e2b0cb8d35

stdout | tests/e2e/planner-preview.test.mjs > isolated planner preview using real registered Worker sessions and T02–T05 > persists disliked feedback once without inventory or cooking side effects
[req] POST /api/v1/meal-planning/plans/d5edd40d-defa-4f43-91e5-439d3c1fa3e6/feedback 200 2ms 0155144d-e16e-4417-a027-b9d07dbdd7fa

stdout | tests/integration/meal-planning-http.test.ts > T06A real authenticated Worker/API boundary > records household/user scoped retry-safe tastes and cooked annotation without real cooking
{"level":"info","event":"meal_planning_result","status":"feasible","conclusion":"feasible","truncated":false,"states":7}

stdout | tests/integration/meal-planning-http.test.ts > T06A real authenticated Worker/API boundary > does not let a client claim a swap that never happened
{"level":"info","event":"meal_planning_result","status":"feasible","conclusion":"feasible","truncated":false,"states":7}

stdout | tests/integration/meal-planning-http.test.ts > T06A real authenticated Worker/API boundary > rejects feedback if regeneration advances the revision before the event write
{"level":"info","event":"meal_planning_result","status":"feasible","conclusion":"feasible","truncated":false,"states":7}

stdout | tests/integration/meal-planning-http.test.ts > T06A real authenticated Worker/API boundary > rejects feedback if regeneration advances the revision before the event write
{"level":"info","event":"meal_planning_result","status":"feasible","conclusion":"feasible","truncated":false,"states":7}

stdout | tests/e2e/planner-preview.test.mjs > isolated planner preview using real registered Worker sessions and T02–T05 > persists skipped feedback once without inventory or cooking side effects
{"level":"info","event":"meal_planning_result","status":"feasible","conclusion":"feasible","truncated":true,"states":297}

stdout | tests/e2e/planner-preview.test.mjs > isolated planner preview using real registered Worker sessions and T02–T05 > persists skipped feedback once without inventory or cooking side effects
[req] POST /api/v1/meal-planning/plans 200 379ms 39226bec-2255-473d-9e91-6fba8f6c4c74

stdout | tests/integration/meal-planning-http.test.ts > T06A real authenticated Worker/API boundary > deduplicates concurrent feedback retries with one server event timestamp
{"level":"info","event":"meal_planning_result","status":"feasible","conclusion":"feasible","truncated":false,"states":7}

stdout | tests/e2e/planner-preview.test.mjs > isolated planner preview using real registered Worker sessions and T02–T05 > persists skipped feedback once without inventory or cooking side effects
[req] POST /api/v1/meal-planning/plans/4c3867d3-2005-48db-87c6-23643a13a2d0/feedback 200 4ms 8ae18f91-65ba-4783-8fe0-7406bb01e2b9

stdout | tests/e2e/planner-preview.test.mjs > isolated planner preview using real registered Worker sessions and T02–T05 > persists skipped feedback once without inventory or cooking side effects
[req] POST /api/v1/meal-planning/plans/4c3867d3-2005-48db-87c6-23643a13a2d0/feedback 200 7ms 0c2301bf-1d54-4b8f-aa48-66c1d4dccc13

stdout | tests/e2e/planner-preview.test.mjs > isolated planner preview using real registered Worker sessions and T02–T05 > reports an infeasible cook-now plan instead of manufacturing missing stock
{"level":"info","event":"meal_planning_result","status":"infeasible","conclusion":"proven_infeasible","truncated":false,"states":1}

stdout | tests/e2e/planner-preview.test.mjs > isolated planner preview using real registered Worker sessions and T02–T05 > reports an infeasible cook-now plan instead of manufacturing missing stock
[req] POST /api/v1/meal-planning/plans 200 15ms 4d995b3b-21a0-46a9-8fe1-544d6a236158

stdout | tests/integration/meal-planning-http.test.ts > T06A real authenticated Worker/API boundary > records skipped/disliked and a server-established swapped identity without inventing likes
{"level":"info","event":"meal_planning_result","status":"feasible","conclusion":"feasible","truncated":false,"states":7}

stdout | tests/integration/meal-planning-http.test.ts > T06A real authenticated Worker/API boundary > records skipped/disliked and a server-established swapped identity without inventing likes
{"level":"info","event":"meal_planning_result","status":"feasible","conclusion":"feasible","truncated":false,"states":4}

stdout | tests/e2e/planner-preview.test.mjs > isolated planner preview using real registered Worker sessions and T02–T05 > keeps actual Worker authorization, CSRF and feature-off gates intact
[req] POST /api/v1/meal-planning/plans 401 1ms 54ca9a52-9cd0-455b-916e-e8a701243f8d

stdout | tests/e2e/planner-preview.test.mjs > isolated planner preview using real registered Worker sessions and T02–T05 > keeps actual Worker authorization, CSRF and feature-off gates intact
[req] POST /api/v1/meal-planning/plans 403 0ms d6c14d3a-048d-465e-a29f-9f92c6aeda78

stdout | tests/e2e/planner-preview.test.mjs > isolated planner preview using real registered Worker sessions and T02–T05 > keeps actual Worker authorization, CSRF and feature-off gates intact
[req] POST /api/v1/meal-planning/plans 403 0ms a8f67a55-b572-4258-a011-74044c6f5651

stdout | tests/e2e/planner-preview.test.mjs > isolated planner preview using real registered Worker sessions and T02–T05 > keeps actual Worker authorization, CSRF and feature-off gates intact
[req] POST /api/v1/meal-planning/plans 404 0ms a83dbb9e-7b36-4027-a79a-a58640e40075

stdout | tests/integration/meal-planning-http.test.ts > T06A real authenticated Worker/API boundary > returns a partial plan as a valid application response
{"level":"info","event":"meal_planning_result","status":"partial","conclusion":"proven_infeasible","truncated":false,"states":2}

stdout | tests/integration/meal-planning-http.test.ts > T06A real authenticated Worker/API boundary > preserves incomplete numeric evaluation without claiming proven infeasibility or a server failure
{"level":"info","event":"meal_planning_result","status":"incomplete","conclusion":"no_plan_found_without_proof","truncated":false,"states":1}

stdout | tests/integration/meal-planning-http.test.ts > T06A real authenticated Worker/API boundary > preserves search truncation while returning a feasible best-found plan
{"level":"info","event":"meal_planning_result","status":"feasible","conclusion":"feasible","truncated":true,"states":9}

stdout | tests/integration/meal-planning-http.test.ts > T06A real authenticated Worker/API boundary > validates malformed JSON, dates, money, revisions and oversized bodies
{"level":"info","event":"meal_planning_result","status":"feasible","conclusion":"feasible","truncated":false,"states":7}

stdout | tests/integration/meal-planning-http.test.ts > T06A real authenticated Worker/API boundary > rejects malformed minor-unit string not-money without a server error
{"level":"info","event":"meal_planning_result","status":"feasible","conclusion":"feasible","truncated":false,"states":7}

stdout | tests/integration/meal-planning-http.test.ts > T06A real authenticated Worker/API boundary > rejects malformed minor-unit string 1.5 without a server error
{"level":"info","event":"meal_planning_result","status":"feasible","conclusion":"feasible","truncated":false,"states":7}

stdout | tests/integration/meal-planning-http.test.ts > T06A real authenticated Worker/API boundary > rejects malformed minor-unit string -1 without a server error
{"level":"info","event":"meal_planning_result","status":"feasible","conclusion":"feasible","truncated":false,"states":7}

stdout | tests/e2e/planner-preview.test.mjs > isolated planner preview using real registered Worker sessions and T02–T05 > resets the entire in-memory namespace repeatably and revokes prior sessions
{"level":"info","event":"meal_planning_result","status":"feasible","conclusion":"feasible","truncated":true,"states":297}

stdout | tests/e2e/planner-preview.test.mjs > isolated planner preview using real registered Worker sessions and T02–T05 > resets the entire in-memory namespace repeatably and revokes prior sessions
[req] POST /api/v1/meal-planning/plans 200 387ms 53c5ba77-8060-4908-b53a-663e83be6de2

stdout | tests/integration/meal-planning-http.test.ts > T06A real authenticated Worker/API boundary > rejects malformed minor-unit string 01 without a server error
{"level":"info","event":"meal_planning_result","status":"feasible","conclusion":"feasible","truncated":false,"states":7}

stdout | tests/e2e/planner-preview.test.mjs > isolated planner preview using real registered Worker sessions and T02–T05 > resets the entire in-memory namespace repeatably and revokes prior sessions
[req] GET /api/v1/me 401 1ms e756735e-3667-4ac9-8e56-0f2ac056550d

stdout | tests/e2e/planner-preview.test.mjs > isolated planner preview using real registered Worker sessions and T02–T05 > resets the entire in-memory namespace repeatably and revokes prior sessions
[req] GET /api/v1/me 200 0ms b61aba1e-1409-4075-812d-3afc0412ed54

stdout | tests/integration/meal-planning-http.test.ts > T06A real authenticated Worker/API boundary > rejects malformed minor-unit string Infinity without a server error
{"level":"info","event":"meal_planning_result","status":"feasible","conclusion":"feasible","truncated":false,"states":7}

stderr | tests/integration/meal-planning-http.test.ts > T06A real authenticated Worker/API boundary > sanitizes unexpected service errors even outside production
{"level":"error","event":"meal_planning_failure","code":"MEAL_PLANNING_UNAVAILABLE"}

stdout | tests/integration/meal-planning-http.test.ts > T06A real authenticated Worker/API boundary > sanitizes unexpected service errors even outside production
[req] POST /api/v1/meal-planning/plans 500 1ms e31f7528-9a0f-46f8-93eb-325d8fab6599

 ✓ tests/integration/meal-planning-http.test.ts (42 tests) 6554ms
   ✓ T06A real authenticated Worker/API boundary > generates and retrieves a safe DTO through the actual Worker without stock, AI or payment calls  367ms
   ✓ T06A real authenticated Worker/API boundary > keeps missing reviewed prices unknown and never converts them into free shopping  329ms
stdout | tests/e2e/planner-preview.test.mjs > isolated planner preview using real registered Worker sessions and T02–T05 > resets preview rate-limit state without bypassing the real Worker limiter
[req] POST /api/v1/meal-planning/plans 422 1ms 4447df0b-46f6-45c8-ae49-ffbcd91a918a

stdout | tests/e2e/planner-preview.test.mjs > isolated planner preview using real registered Worker sessions and T02–T05 > resets preview rate-limit state without bypassing the real Worker limiter
[req] POST /api/v1/meal-planning/plans 422 0ms d868dc16-6489-4fef-807c-fc5fb3dc35cf

stdout | tests/e2e/planner-preview.test.mjs > isolated planner preview using real registered Worker sessions and T02–T05 > resets preview rate-limit state without bypassing the real Worker limiter
[req] POST /api/v1/meal-planning/plans 422 1ms 951f1fc1-d72a-41f7-b58f-28a734a05ee1

stdout | tests/e2e/planner-preview.test.mjs > isolated planner preview using real registered Worker sessions and T02–T05 > resets preview rate-limit state without bypassing the real Worker limiter
[req] POST /api/v1/meal-planning/plans 422 0ms de1d8d7b-865d-4498-a2fb-10139983d71f

stdout | tests/e2e/planner-preview.test.mjs > isolated planner preview using real registered Worker sessions and T02–T05 > resets preview rate-limit state without bypassing the real Worker limiter
[req] POST /api/v1/meal-planning/plans 422 0ms 5cd10dac-56bb-4700-aaa3-9fe366083698

stdout | tests/e2e/planner-preview.test.mjs > isolated planner preview using real registered Worker sessions and T02–T05 > resets preview rate-limit state without bypassing the real Worker limiter
[req] POST /api/v1/meal-planning/plans 422 0ms 1bcd0a1c-3353-4af0-859e-59a1403ff8a4

stdout | tests/e2e/planner-preview.test.mjs > isolated planner preview using real registered Worker sessions and T02–T05 > resets preview rate-limit state without bypassing the real Worker limiter
[req] POST /api/v1/meal-planning/plans 422 0ms e6da1ae7-abc5-4ce3-a7a1-68c03a29f101

stdout | tests/e2e/planner-preview.test.mjs > isolated planner preview using real registered Worker sessions and T02–T05 > resets preview rate-limit state without bypassing the real Worker limiter
[req] POST /api/v1/meal-planning/plans 422 0ms 2d8765f1-f57b-4f7b-aeb6-1552b62e35b9

stdout | tests/e2e/planner-preview.test.mjs > isolated planner preview using real registered Worker sessions and T02–T05 > resets preview rate-limit state without bypassing the real Worker limiter
[req] POST /api/v1/meal-planning/plans 422 1ms dc49bf5d-de69-4a82-b766-b424d4593073

stdout | tests/e2e/planner-preview.test.mjs > isolated planner preview using real registered Worker sessions and T02–T05 > resets preview rate-limit state without bypassing the real Worker limiter
[req] POST /api/v1/meal-planning/plans 422 0ms 9b932cbc-1abd-45bd-96ca-dd5b8689d350

stdout | tests/e2e/planner-preview.test.mjs > isolated planner preview using real registered Worker sessions and T02–T05 > resets preview rate-limit state without bypassing the real Worker limiter
[req] POST /api/v1/meal-planning/plans 429 0ms c5634888-cb8d-4fd8-a3a3-83d3f7c071ac

stdout | tests/e2e/planner-preview.test.mjs > isolated planner preview using real registered Worker sessions and T02–T05 > resets preview rate-limit state without bypassing the real Worker limiter
[req] POST /api/v1/meal-planning/plans 422 1ms e9fec017-32bf-4b40-b550-31d9de94c368

stdout | tests/e2e/planner-preview.test.mjs > isolated planner preview using real registered Worker sessions and T02–T05 > does not register local controls on the production Worker
[req] POST /__preview/login 404 0ms 61a95ea6-2dd6-4c55-a0bf-e9245764d399

 ✓ tests/e2e/planner-preview.test.mjs (17 tests) 6355ms
   ✓ isolated planner preview using real registered Worker sessions and T02–T05 > generates a real seven-meal plan, restores it, shops with unknown prices, swaps and records cooked without consuming inventory  1478ms
   ✓ isolated planner preview using real registered Worker sessions and T02–T05 > does not hide stale source state and recovers through regeneration  1293ms
   ✓ isolated planner preview using real registered Worker sessions and T02–T05 > persists liked feedback once without inventory or cooking side effects  628ms
   ✓ isolated planner preview using real registered Worker sessions and T02–T05 > persists disliked feedback once without inventory or cooking side effects  665ms
   ✓ isolated planner preview using real registered Worker sessions and T02–T05 > persists skipped feedback once without inventory or cooking side effects  480ms
   ✓ isolated planner preview using real registered Worker sessions and T02–T05 > resets the entire in-memory namespace repeatably and revokes prior sessions  659ms
stderr | tests/integration/inventory-backfilled-patch.test.ts > T09 legitimate adopted backfilled PATCH > updates category through actual adoption (existing T08 snapshot: false)
{"level":"warn","limiter":"rl_inv_w","reason":"kv-unbound","message":"Rate limiter degraded to isolate-local counters; enforcement is not globally reliable."}

 ✓ tests/integration/inventory-backfilled-patch.test.ts (43 tests) 4859ms
 ✓ tests/integration/t19-planner-authority-persistence.test.ts (18 tests) 4834ms
   ✓ stored plan authority identity > an authority change is a typed revalidation: freshness names it, swap and shopping refuse, regenerate recovers  668ms
   ✓ stored plan authority identity > a lock on a recipe that is no longer visible is dropped on regenerate, never silently substituted in place  520ms
   ✓ stored plan authority identity > regenerate drops family locks whose planner provenance version is stale  837ms
   ✓ stored plan authority identity > plans persisted before T19 (no authority identity) still decode and revalidate through the catalog fingerprint  350ms
 ✓ tests/integration/t20-roles-picker-shopping.test.ts (7 tests) 3865ms
   ✓ T20 picker at 500 recipes > pages through a bounded, stable, role-filtered, authority-fenced summary list with bounded queries  1037ms
   ✓ T20 picker at 500 recipes > cuisine filter uses catalog metadata, combines with role and search, excludes simple foods and is deterministic  650ms
   ✓ T20 shopping on composed plans (HTTP) > adds every component demand across meals and subtracts inventory once through the existing T05 path  1053ms
   ✓ T20 shopping on composed plans (HTTP) > with the V2 flag off, a composed plan falls back to the exact V1 shopping projection  705ms
 ✓ tests/unit/d1-migration-check.test.mjs (114 tests) 4149ms
   ✓ production D1 migration candidate gate (local Git only) > rejects a mismatched expected_pre_tip and malformed migration names  335ms
   ✓ operational recipe media at complete 0038 and 0039 catalogs > loads the actual domain media mapper and validator through the runtime pipeline  434ms
stderr | tests/integration/inventory-patch-parity.test.ts > T09 adopted PATCH semantic parity > rejects changed storage under a committed key
{"level":"warn","limiter":"rl_inv_w","reason":"kv-unbound","message":"Rate limiter degraded to isolate-local counters; enforcement is not globally reliable."}

 ✓ tests/integration/inventory-patch-parity.test.ts (25 tests) 3246ms
 ✓ tests/integration/t19-cooking-hard-restrictions.test.ts (19 tests) 3276ms
stderr | tests/integration/meal-planning-presentation-http.test.ts > current-plan compatibility lookup > returns null with no private plan and restores the plan through the actual Worker
{"level":"warn","limiter":"meal-planning-read","reason":"kv-unbound","message":"Rate limiter degraded to isolate-local counters; enforcement is not globally reliable."}

stdout | tests/integration/meal-planning-presentation-http.test.ts > current-plan compatibility lookup > returns null with no private plan and restores the plan through the actual Worker
[req] GET /api/v1/meal-planning/plans/current 200 4ms 657629f0-4b49-4abf-9a68-414afa5ee6cd

stderr | tests/integration/meal-planning-presentation-http.test.ts > current-plan compatibility lookup > returns null with no private plan and restores the plan through the actual Worker
{"level":"warn","limiter":"planner-compute","reason":"kv-unbound","message":"Rate limiter degraded to isolate-local counters; enforcement is not globally reliable."}
{"level":"warn","limiter":"meal-planning-expensive","reason":"kv-unbound","message":"Rate limiter degraded to isolate-local counters; enforcement is not globally reliable."}

stdout | tests/integration/meal-planning-presentation-http.test.ts > current-plan compatibility lookup > returns null with no private plan and restores the plan through the actual Worker
{"level":"info","event":"meal_planning_result","status":"feasible","conclusion":"feasible","truncated":false,"states":3}

stdout | tests/integration/meal-planning-presentation-http.test.ts > current-plan compatibility lookup > returns null with no private plan and restores the plan through the actual Worker
[req] GET /api/v1/meal-planning/plans/current 200 11ms 3001d74f-a294-44a6-aff0-60cc1b9e2aba

stdout | tests/integration/meal-planning-presentation-http.test.ts > current-plan compatibility lookup > selects newest update, breaks timestamp ties by ID, and includes regenerated revisions
{"level":"info","event":"meal_planning_result","status":"feasible","conclusion":"feasible","truncated":false,"states":3}

stdout | tests/integration/meal-planning-presentation-http.test.ts > current-plan compatibility lookup > selects newest update, breaks timestamp ties by ID, and includes regenerated revisions
{"level":"info","event":"meal_planning_result","status":"feasible","conclusion":"feasible","truncated":false,"states":3}

stdout | tests/integration/meal-planning-presentation-http.test.ts > current-plan compatibility lookup > selects newest update, breaks timestamp ties by ID, and includes regenerated revisions
{"level":"info","event":"meal_planning_result","status":"feasible","conclusion":"feasible","truncated":false,"states":3}

stdout | tests/integration/meal-planning-presentation-http.test.ts > current-plan compatibility lookup > does not return another member or household plan and never ignores current membership
{"level":"info","event":"meal_planning_result","status":"feasible","conclusion":"feasible","truncated":false,"states":3}

stdout | tests/integration/meal-planning-presentation-http.test.ts > current-plan compatibility lookup > does not return another member or household plan and never ignores current membership
{"level":"info","event":"meal_planning_result","status":"feasible","conclusion":"feasible","truncated":false,"states":3}

stdout | tests/integration/meal-planning-presentation-http.test.ts > current-plan compatibility lookup > retains fresh-source inspection without making stale snapshots look current
{"level":"info","event":"meal_planning_result","status":"feasible","conclusion":"feasible","truncated":false,"states":3}

stdout | tests/integration/meal-planning-presentation-http.test.ts > current-plan compatibility lookup > does not mistake membership revoked during lookup for an empty current plan
{"level":"info","event":"meal_planning_result","status":"feasible","conclusion":"feasible","truncated":false,"states":3}

stdout | tests/integration/meal-planning-presentation-http.test.ts > catalog alternative presentation, not eligibility > returns only bounded trusted catalog identity/title, revision-bound and sorted
{"level":"info","event":"meal_planning_result","status":"feasible","conclusion":"feasible","truncated":false,"states":3}

stdout | tests/integration/meal-planning-presentation-http.test.ts > catalog alternative presentation, not eligibility > bounds the result and discloses catalog truncation
{"level":"info","event":"meal_planning_result","status":"feasible","conclusion":"feasible","truncated":false,"states":3}

stdout | tests/integration/meal-planning-presentation-http.test.ts > catalog alternative presentation, not eligibility > does not certify alternatives and unchanged swap still rejects forbidden recipes
{"level":"info","event":"meal_planning_result","status":"feasible","conclusion":"feasible","truncated":false,"states":2}

stdout | tests/integration/meal-planning-presentation-http.test.ts > catalog alternative presentation, not eligibility > does not certify alternatives and unchanged swap still rejects forbidden recipes
{"level":"info","event":"meal_planning_result","status":"infeasible","conclusion":"proven_infeasible","truncated":false,"states":1}

stdout | tests/integration/meal-planning-presentation-http.test.ts > catalog alternative presentation, not eligibility > rechecks revision after the catalog read instead of returning obsolete choices
{"level":"info","event":"meal_planning_result","status":"feasible","conclusion":"feasible","truncated":false,"states":3}

stdout | tests/integration/meal-planning-presentation-http.test.ts > catalog alternative presentation, not eligibility > rechecks revision after the catalog read instead of returning obsolete choices
{"level":"info","event":"meal_planning_result","status":"feasible","conclusion":"feasible","truncated":false,"states":3}

stdout | tests/integration/meal-planning-presentation-http.test.ts > catalog alternative presentation, not eligibility > rechecks membership after the catalog read
{"level":"info","event":"meal_planning_result","status":"feasible","conclusion":"feasible","truncated":false,"states":3}

stdout | tests/integration/meal-planning-presentation-http.test.ts > catalog alternative presentation, not eligibility > rejects malformed query
{"level":"info","event":"meal_planning_result","status":"feasible","conclusion":"feasible","truncated":false,"states":3}

stdout | tests/integration/meal-planning-presentation-http.test.ts > catalog alternative presentation, not eligibility > rejects malformed query ?revision=0
{"level":"info","event":"meal_planning_result","status":"feasible","conclusion":"feasible","truncated":false,"states":3}

stdout | tests/integration/meal-planning-presentation-http.test.ts > catalog alternative presentation, not eligibility > rejects malformed query ?revision=-1
{"level":"info","event":"meal_planning_result","status":"feasible","conclusion":"feasible","truncated":false,"states":3}

stdout | tests/integration/meal-planning-presentation-http.test.ts > catalog alternative presentation, not eligibility > rejects malformed query ?revision=1.5
{"level":"info","event":"meal_planning_result","status":"feasible","conclusion":"feasible","truncated":false,"states":3}

stdout | tests/integration/meal-planning-presentation-http.test.ts > catalog alternative presentation, not eligibility > rejects malformed query ?revision=1e0
{"level":"info","event":"meal_planning_result","status":"feasible","conclusion":"feasible","truncated":false,"states":3}

stdout | tests/integration/meal-planning-presentation-http.test.ts > catalog alternative presentation, not eligibility > rejects malformed query ?revision=9007199254740992
{"level":"info","event":"meal_planning_result","status":"feasible","conclusion":"feasible","truncated":false,"states":3}

stdout | tests/integration/meal-planning-presentation-http.test.ts > catalog alternative presentation, not eligibility > rejects malformed query ?revision=1&revision=2
{"level":"info","event":"meal_planning_result","status":"feasible","conclusion":"feasible","truncated":false,"states":3}

stdout | tests/integration/meal-planning-presentation-http.test.ts > catalog alternative presentation, not eligibility > rejects malformed query ?revision=1&householdId=foreign
{"level":"info","event":"meal_planning_result","status":"feasible","conclusion":"feasible","truncated":false,"states":3}

stdout | tests/integration/meal-planning-presentation-http.test.ts > on-demand explanations and HTTP guard inheritance > defaults to deterministic IDs without mutation or AI during basic reads
{"level":"info","event":"meal_planning_result","status":"feasible","conclusion":"feasible","truncated":false,"states":3}

stdout | tests/integration/meal-planning-presentation-http.test.ts > on-demand explanations and HTTP guard inheritance > calls AI only on explicit request and sends no names, quantities, IDs or household data
{"level":"info","event":"meal_planning_result","status":"feasible","conclusion":"feasible","truncated":false,"states":3}

stdout | tests/integration/meal-planning-presentation-http.test.ts > on-demand explanations and HTTP guard inheritance > falls back through the actual Worker when native provider is unavailable
{"level":"info","event":"meal_planning_result","status":"feasible","conclusion":"feasible","truncated":false,"states":3}

stdout | tests/integration/meal-planning-presentation-http.test.ts > on-demand explanations and HTTP guard inheritance > falls back through the actual Worker when native provider is unavailable
[req] POST /api/v1/meal-planning/plans/a47d53a6-6337-4255-b0a8-96ac14dca745/explanation 200 1ms 372a7e2d-3d46-496c-94e1-f1afd568f37f

stdout | tests/integration/meal-planning-presentation-http.test.ts > on-demand explanations and HTTP guard inheritance > counts generation toward the aggregate budget before a tenth AI request
{"level":"info","event":"meal_planning_result","status":"feasible","conclusion":"feasible","truncated":false,"states":3}

stdout | tests/integration/meal-planning-presentation-http.test.ts > on-demand explanations and HTTP guard inheritance > rejects stale revision for both new plan-specific actions
{"level":"info","event":"meal_planning_result","status":"feasible","conclusion":"feasible","truncated":false,"states":3}

stdout | tests/integration/meal-planning-presentation-http.test.ts > on-demand explanations and HTTP guard inheritance > rejects stale revision for both new plan-specific actions
{"level":"info","event":"meal_planning_result","status":"feasible","conclusion":"feasible","truncated":false,"states":3}

stdout | tests/integration/meal-planning-presentation-http.test.ts > on-demand explanations and HTTP guard inheritance > rechecks revision after provider latency and rejects an obsolete explanation
{"level":"info","event":"meal_planning_result","status":"feasible","conclusion":"feasible","truncated":false,"states":3}

stdout | tests/integration/meal-planning-presentation-http.test.ts > on-demand explanations and HTTP guard inheritance > rechecks revision after provider latency and rejects an obsolete explanation
{"level":"info","event":"meal_planning_result","status":"feasible","conclusion":"feasible","truncated":false,"states":3}

stdout | tests/integration/meal-planning-presentation-http.test.ts > on-demand explanations and HTTP guard inheritance > rechecks current membership after provider latency
{"level":"info","event":"meal_planning_result","status":"feasible","conclusion":"feasible","truncated":false,"states":3}

stdout | tests/integration/meal-planning-presentation-http.test.ts > on-demand explanations and HTTP guard inheritance > rejects private access, unauthenticated access, disabled flag and owner-fence mismatch
{"level":"info","event":"meal_planning_result","status":"feasible","conclusion":"feasible","truncated":false,"states":3}

 ✓ tests/unit/t21rc2t-identity-topology.test.mjs (11 tests) 3142ms
   ✓ T21RC2T committed offline source and deterministic scale > bounds the exact forensic-scale input and produces a permutation-stable aggregate  2051ms
stdout | tests/integration/meal-planning-presentation-http.test.ts > on-demand explanations and HTTP guard inheritance > keeps CSRF and strict explanation intent/selected-slot validation
{"level":"info","event":"meal_planning_result","status":"feasible","conclusion":"feasible","truncated":false,"states":3}

stdout | tests/integration/meal-planning-presentation-http.test.ts > on-demand explanations and HTTP guard inheritance > keeps CSRF and strict explanation intent/selected-slot validation
[req] POST /api/v1/meal-planning/plans/f1d4544f-8524-4fe7-9cb4-758a3c539190/explanation 403 0ms 42a4ad68-5bc1-4e0b-a796-9559972bac29

 ✓ tests/integration/meal-planning-presentation-http.test.ts (27 tests) 3241ms
stdout | tests/unit/recipe-import-scale.test.ts > T14E — 500-recipe synthetic compile > is deterministic (byte-identical across compiles and JSON/JSONL), publishes 500 recipes and a stable 571-recipe manifest
T14E scale 500: recipes=500 ingredient_lines=2000 steps=1750 nutrition_profiles=250 sql_bytes=829131

stderr | tests/integration/inventory-read-authority.test.ts > T11 HTTP read cutover > funnel: adopted households bypass the KV cache; authority read failures fail closed
T11 authority read failed: LotCommandError: CORRUPT_RECEIPT
    at readAdoptedMappings (/Users/tunbee27/Documents/Tako-san-ui-rebuild/packages/db/src/inventory-lot-commands.ts:113:11)
    at readMappedLotSnapshot (/Users/tunbee27/Documents/Tako-san-ui-rebuild/packages/db/src/inventory-lot-commands.ts:205:24)
    at readAdoptedLotSnapshot (/Users/tunbee27/Documents/Tako-san-ui-rebuild/packages/db/src/inventory-lot-commands.ts:617:20)
    at readInventoryAuthority (/Users/tunbee27/Documents/Tako-san-ui-rebuild/packages/db/src/inventory-read-authority.ts:115:20)
    at fetchHouseholdInventoryFromDb (/Users/tunbee27/Documents/Tako-san-ui-rebuild/src/worker/routes/inventory.ts:507:25)
    at /Users/tunbee27/Documents/Tako-san-ui-rebuild/tests/integration/inventory-read-authority.test.ts:356:5
    at file:///Users/tunbee27/Documents/Tako-san-ui-rebuild/node_modules/.pnpm/@vitest+runner@3.2.7/node_modules/@vitest/runner/dist/chunk-hooks.js:752:20 {
  code: 'CORRUPT_RECEIPT'
}

stdout | tests/unit/recipe-import-scale.test.ts > T14E — 5,000-recipe synthetic compile > completes, stays publishable, and keeps duplicate/composition structures bounded (no N² scan)
T14E scale 5000: recipes=5000 ingredient_lines=20000 steps=17500 nutrition_profiles=2500 sql_bytes=8358628

stdout | tests/unit/recipe-import-scale.test.ts > T14E — 5,000-recipe synthetic compile > the duplicate detector compares by bucket, not pairwise: a batch with N recipes performs O(N) index operations
T14E scale 2000: recipes=2000 ingredient_lines=8000 steps=7000 nutrition_profiles=1000 sql_bytes=3339756

 ✓ tests/unit/recipe-import-scale.test.ts (4 tests) 2870ms
   ✓ T14E — 500-recipe synthetic compile > is deterministic (byte-identical across compiles and JSON/JSONL), publishes 500 recipes and a stable 571-recipe manifest  504ms
   ✓ T14E — 5,000-recipe synthetic compile > completes, stays publishable, and keeps duplicate/composition structures bounded (no N² scan)  1572ms
   ✓ T14E — 5,000-recipe synthetic compile > the duplicate detector compares by bucket, not pairwise: a batch with N recipes performs O(N) index operations  524ms
 ✓ tests/integration/inventory-read-authority.test.ts (28 tests) 3073ms
stdout | tests/integration/ui03-discovery-api.test.ts > UI03 authenticated discovery > 24 summaries stay under100KiB; Home3 and detail remain separate; media reads only selected IDs
{"summaryBytes":14117,"gzipBytes":2938,"items":24}

 ✓ tests/integration/inventory-guest-transfer.test.ts (26 tests) 3013ms
 ✓ tests/integration/ui03-discovery-api.test.ts (22 tests) 2957ms
   ✓ UI03 authenticated discovery > all21 pages cover500 unique recipes in identical deterministic order on reload  351ms
 ✓ tests/unit/t21rc4-identity-gate.test.mjs (10 tests) 3095ms
   ✓ C4I review-binding gate > accepts reviewed C4I bytes followed by an unrelated documentation commit  917ms
   ✓ C4I review-binding gate > rejects every changed C4I execution byte after review  1784ms
 ✓ tests/integration/inventory-lot-d1.test.mjs (44 tests) 2854ms
   ✓ T09E actual local D1 multi-effect authority > executes the maximum 32 effects as one real D1 command  377ms
stdout | tests/integration/recipe-catalog-growth-authority.test.ts > T14F — static 71 vs reviewed D1 release: readiness, shadow, canary, d1 > shadow: user response is static 71, the D1 release verifies READY, and reviewed growth is logged at level info (not drift)
{"event":"recipe_catalog_shadow","catalog_source":"static","catalog_mode":"shadow","status":"compared","catalog_static_count":71,"level":"info","catalog_d1_count":500,"catalog_complete_count":500,"catalog_hydrated_count":500,"catalog_static_only_count":0,"catalog_d1_only_count":429,"catalog_drift_count":0,"catalog_order_drift_count":0,"catalog_hydration_failure_count":0,"catalog_lookup_ms":126,"release_id":"rel-bd00a4f53fcaeee4","release_expected_count":500,"release_readiness":"ready","release_readiness_code":null,"release_reviewed_growth_count":429,"drift_sample":[],"order_drift_sample":[],"hydration_failure_sample":[]}

stdout | tests/integration/recipe-catalog-growth-authority.test.ts > T14F — HTTP user flows on the 500-recipe D1 release (list, detail, recommendations, planner, regenerate, swap, cooking) > GET /recipes: static returns 71, d1 returns 500 in release order (legacy prefix identical); detail resolves an imported recipe by id and slug
T14F recipe_list_response: recipe_count=500 response_bytes=778619 static_bytes=144402

 ✓ tests/integration/recipe-catalog-growth-authority.test.ts (9 tests) 2828ms
   ✓ T14F — static 71 vs reviewed D1 release: readiness, shadow, canary, d1 > shadow: user response is static 71, the D1 release verifies READY, and reviewed growth is logged at level info (not drift)  473ms
   ✓ T14F — HTTP user flows on the 500-recipe D1 release (list, detail, recommendations, planner, regenerate, swap, cooking) > GET /recipes: static returns 71, d1 returns 500 in release order (legacy prefix identical); detail resolves an imported recipe by id and slug  329ms
   ✓ T14F — HTTP user flows on the 500-recipe D1 release (list, detail, recommendations, planner, regenerate, swap, cooking) > GET /recommendations over 500 recipes: equals rankRecipes on the D1 snapshot, no duplicate IDs, deterministic ties, an imported recipe is cookable without buying  397ms
   ✓ T14F — HTTP user flows on the 500-recipe D1 release (list, detail, recommendations, planner, regenerate, swap, cooking) > week planner on the D1 release: generate, regenerate, swap alternatives and an executed swap to an imported recipe; no hidden 71 truncation  359ms
   ✓ T14F — HTTP user flows on the 500-recipe D1 release (list, detail, recommendations, planner, regenerate, swap, cooking) > T14F-C: Batch B (t14f-scale-399-v1) recipes from several cuisines participate in list/detail, recommendations, planner swap and cooking under the 500 D1 authority; pilot recipes still resolve  508ms
 ✓ tests/unit/composition-flags.test.mjs (22 tests) 2813ms
   ✓ T20 composition flags: build consistency guard > CLI exits 0 for off/off and on/on, non-zero for mismatch or missing flags  1526ms
   ✓ T20 production planner prerequisite > cannot pass the production CLI guard with T20 on while the compiled planner or Worker prerequisite is missing  1274ms
stdout | tests/integration/recipe-catalog-growth.test.ts > T14F — fresh SQLite replay of the full ledger (0001 → tip) > recipes=500: legacy 71 + imported 429; contiguous runtime order; complete rows; pending hero media; FK/quick_check clean
T14F catalog counts: {"recipes":500,"recipe_ingredients":2702,"recipe_steps":2064,"recipe_runtime_fields":500,"recipe_runtime_ingredient_order":2702,"recipe_classifications":858,"nutrition_profiles":0,"recipe_nutrition":0,"recipe_media":500}

 ✓ tests/integration/recipe-catalog-growth.test.ts (14 tests) 2780ms
   ✓ T14F — Catalog Release Manifest and D1 readiness on the grown ledger > negative controls fail closed: one fewer / one extra recipe, wrong imported ID, wrong order, legacy mutation, imported mutation, stub row, pilot-only DB vs full manifest  1325ms
 ✓ tests/integration/t20-meal-composition-http.test.ts (4 tests) 2613ms
   ✓ T20 V1 compatibility > a V1 one-recipe plan reads as a valid one-component composition without changing the V1 contract  716ms
   ✓ T20 V1 compatibility > composition routes are 404 while the V2 flag is off and V1 behaves unchanged  393ms
   ✓ T20 manual builder > add / lock / swap / reorder / remove persist server-side with one shared revision  1241ms
 ✓ tests/unit/staging-d1-catchup-check.test.mjs (32 tests) 5644ms
   ✓ ephemeral staging D1-only catch-up config > is readable by Wrangler locally and lists only the prefix through the target  3942ms
   ✓ candidate SHA and hosted CI gates > requires the catch-up ref to equal current origin/main  766ms
stdout | tests/e2e/t07-operations.test.mjs > T07 real Worker operational observations > records bounded representative flow observations without performance thresholds
T07_OPERATION_OBSERVATIONS [{"name":"generate","wallMs":469.59,"statements":13,"batches":1,"bytes":16554,"plannerStates":297},{"name":"regenerate","wallMs":413.54,"statements":11,"batches":1,"bytes":16554,"plannerStates":297},{"name":"alternatives","wallMs":7.07,"statements":11,"batches":1,"bytes":4449,"plannerStates":null},{"name":"swap","wallMs":339.88,"statements":11,"batches":1,"bytes":16423,"plannerStates":250},{"name":"shopping","wallMs":24.21,"statements":11,"batches":1,"bytes":17211,"plannerStates":null},{"name":"current","wallMs":9.32,"statements":11,"batches":1,"bytes":16432,"plannerStates":null}]

stdout | tests/e2e/t07-operations.test.mjs > T07 real Worker operational observations > keeps the resolved D1 authority when optional catalog enrichment fails without leaking private SQL
{"level":"info","event":"meal_planning_result","status":"feasible","conclusion":"feasible","truncated":true,"states":297}

stdout | tests/e2e/t07-operations.test.mjs > T07 real Worker operational observations > keeps the resolved D1 authority when optional catalog enrichment fails without leaking private SQL
[req] POST /api/v1/meal-planning/plans 200 501ms 3dc243e4-e798-4551-9143-dc8c925d3cbb

stdout | tests/e2e/t07-operations.test.mjs > T07 real Worker operational observations > reports an empty catalog honestly instead of inventing a fallback plan
{"level":"info","event":"meal_planning_result","status":"feasible","conclusion":"feasible","truncated":true,"states":297}

stdout | tests/e2e/t07-operations.test.mjs > T07 real Worker operational observations > reports an empty catalog honestly instead of inventing a fallback plan
[req] POST /api/v1/meal-planning/plans 200 393ms 5bf14f35-1a14-48de-8d38-f94919c7abb6

stdout | tests/e2e/t07-operations.test.mjs > T07 real Worker operational observations > reports an empty catalog honestly instead of inventing a fallback plan
{"level":"info","event":"meal_planning_result","status":"infeasible","conclusion":"proven_infeasible","truncated":false,"states":1}

stdout | tests/e2e/t07-operations.test.mjs > T07 real Worker operational observations > reports an empty catalog honestly instead of inventing a fallback plan
[req] POST /api/v1/meal-planning/plans 200 7ms bfb3be49-3933-42f9-8fb5-1b2961849d90

 ✓ tests/e2e/t07-operations.test.mjs (3 tests) 2650ms
   ✓ T07 real Worker operational observations > records bounded representative flow observations without performance thresholds  1361ms
   ✓ T07 real Worker operational observations > keeps the resolved D1 authority when optional catalog enrichment fails without leaking private SQL  776ms
   ✓ T07 real Worker operational observations > reports an empty catalog honestly instead of inventing a fallback plan  512ms
 ✓ tests/unit/t21rc2-production-capture.test.mjs (79 tests) 2616ms
   ✓ T21R-C2 runner-local privacy on success and failure > runs the executable capture/classify/receipt pipeline with certified-source synthetic data and mocked Cloudflare only  1415ms
   ✓ T21R-C2 runner-local privacy on success and failure > the real CLI failure path never prints passed raw markers or subprocess stack traces  360ms
stdout | tests/integration/recipe-media-route.test.ts > T14C — GET /api/v1/recipe-media/:recipeId/:role/:version (secure same-origin serving) > serves a ready canonical asset without auth, with immutable cache, ETag from the promotion-verified content hash, nosniff and exact MIME
[req] GET /api/v1/recipe-media/gl-01/hero/2 200 3ms 38fe12a6-e9e1-47dc-abd1-1b0af2876e3f

stdout | tests/integration/recipe-media-route.test.ts > T14C — GET /api/v1/recipe-media/:recipeId/:role/:version (secure same-origin serving) > serves a ready canonical asset without auth, with immutable cache, ETag from the promotion-verified content hash, nosniff and exact MIME
[req] GET /api/v1/recipe-media/gl-01/hero/2 304 0ms edce780a-3e31-4f5a-b31e-cf7b51c148e1

stdout | tests/integration/recipe-media-route.test.ts > T14C — GET /api/v1/recipe-media/:recipeId/:role/:version (secure same-origin serving) > serves a ready canonical asset without auth, with immutable cache, ETag from the promotion-verified content hash, nosniff and exact MIME
[req] HEAD /api/v1/recipe-media/gl-01/hero/2 200 1ms b2afd957-4040-4afb-b5c0-dec89861d471

stdout | tests/integration/recipe-media-route.test.ts > T14C — GET /api/v1/recipe-media/:recipeId/:role/:version (secure same-origin serving) > unknown recipe (/api/v1/recipe-media/no-such-recipe/hero/1) → 404 RECIPE_MEDIA_NOT_FOUND with no-store and no R2 access
[req] GET /api/v1/recipe-media/no-such-recipe/hero/1 404 1ms 3f2de542-ac07-4600-b5c4-f4d6a87ceb8a

stdout | tests/integration/recipe-media-route.test.ts > T14C — GET /api/v1/recipe-media/:recipeId/:role/:version (secure same-origin serving) > invalid role (/api/v1/recipe-media/gl-01/banner/2) → 404 RECIPE_MEDIA_INVALID_ROLE with no-store and no R2 access
[req] GET /api/v1/recipe-media/gl-01/banner/2 404 0ms af3dfc5a-53ea-4730-bbc7-ff47bb6a4c01

stdout | tests/integration/recipe-media-route.test.ts > T14C — GET /api/v1/recipe-media/:recipeId/:role/:version (secure same-origin serving) > version zero (/api/v1/recipe-media/gl-01/hero/0) → 404 RECIPE_MEDIA_INVALID_VERSION with no-store and no R2 access
[req] GET /api/v1/recipe-media/gl-01/hero/0 404 0ms 2a8b4f73-0117-49d0-aec2-39a716e22b53

stdout | tests/integration/recipe-media-route.test.ts > T14C — GET /api/v1/recipe-media/:recipeId/:role/:version (secure same-origin serving) > negative version (/api/v1/recipe-media/gl-01/hero/-1) → 404 RECIPE_MEDIA_INVALID_VERSION with no-store and no R2 access
[req] GET /api/v1/recipe-media/gl-01/hero/-1 404 0ms 620ed691-3ce4-4f73-b2bf-c331c65b4474

stdout | tests/integration/t19-recipe-authority-observability.test.ts > public readiness recipeAuthority summary > { RECIPE_CATALOG_MODE: 'canary', RECIPE_CATALOG_CUTOVER_ENABLED: 'true', RECIPE_CATALOG_D1_CANARY_PERCENT: '5' } → { configuredMode: 'canary', cutoverEnabled: true, canaryPercent: 5, globalSource: 'mixed', fallbackReason: null }
{"event":"recipe_catalog_shadow","catalog_source":"static","catalog_mode":"shadow","status":"compared","catalog_static_count":71,"level":"info","catalog_d1_count":500,"catalog_complete_count":500,"catalog_hydrated_count":500,"catalog_static_only_count":0,"catalog_d1_only_count":429,"catalog_drift_count":0,"catalog_order_drift_count":0,"catalog_hydration_failure_count":0,"catalog_lookup_ms":216,"release_id":"rel-bd00a4f53fcaeee4","release_expected_count":500,"release_readiness":"ready","release_readiness_code":null,"release_reviewed_growth_count":429,"drift_sample":[],"order_drift_sample":[],"hydration_failure_sample":[]}

stdout | tests/integration/recipe-media-route.test.ts > T14C — GET /api/v1/recipe-media/:recipeId/:role/:version (secure same-origin serving) > huge version (/api/v1/recipe-media/gl-01/hero/99999999999) → 404 RECIPE_MEDIA_INVALID_VERSION with no-store and no R2 access
[req] GET /api/v1/recipe-media/gl-01/hero/99999999999 404 0ms 801eaf27-9257-44cc-ba01-7a5af0809c5c

stdout | tests/integration/recipe-media-route.test.ts > T14C — GET /api/v1/recipe-media/:recipeId/:role/:version (secure same-origin serving) > non-numeric version (/api/v1/recipe-media/gl-01/hero/v2.webp) → 404 RECIPE_MEDIA_INVALID_VERSION with no-store and no R2 access
[req] GET /api/v1/recipe-media/gl-01/hero/v2.webp 404 0ms 24a3a039-13d0-4b41-a5af-5272826ea473

stdout | tests/integration/recipe-media-route.test.ts > T14C — GET /api/v1/recipe-media/:recipeId/:role/:version (secure same-origin serving) > float version (/api/v1/recipe-media/gl-01/hero/2.0) → 404 RECIPE_MEDIA_INVALID_VERSION with no-store and no R2 access
[req] GET /api/v1/recipe-media/gl-01/hero/2.0 404 0ms 2f26560f-4d1d-4713-983f-12a3a4ada9bc

stdout | tests/integration/recipe-media-route.test.ts > T14C — GET /api/v1/recipe-media/:recipeId/:role/:version (secure same-origin serving) > uppercase recipe id (/api/v1/recipe-media/GL-01/hero/2) → 404 RECIPE_MEDIA_INVALID_RECIPE with no-store and no R2 access
[req] GET /api/v1/recipe-media/GL-01/hero/2 404 1ms 4f0aea45-7652-443f-941f-ea7ecab17e61

stdout | tests/integration/recipe-media-route.test.ts > T14C — GET /api/v1/recipe-media/:recipeId/:role/:version (secure same-origin serving) > encoded slash (/api/v1/recipe-media/gl-01%2f..%2fusers/hero/2) → 404 RECIPE_MEDIA_INVALID_PATH with no-store and no R2 access
[req] GET /api/v1/recipe-media/gl-01%2f..%2fusers/hero/2 404 1ms 53e4cb7f-a25c-44d7-8f39-c3cef246f819

stdout | tests/integration/recipe-media-route.test.ts > T14C — GET /api/v1/recipe-media/:recipeId/:role/:version (secure same-origin serving) > double encoding (/api/v1/recipe-media/gl-01%252f/hero/2) → 404 RECIPE_MEDIA_INVALID_PATH with no-store and no R2 access
[req] GET /api/v1/recipe-media/gl-01%252f/hero/2 404 0ms a2753494-b2dc-405c-afdd-aae368ebd3f2

stdout | tests/integration/recipe-media-route.test.ts > T14C — GET /api/v1/recipe-media/:recipeId/:role/:version (secure same-origin serving) > encoded backslash (/api/v1/recipe-media/gl-01%5c..%5cx/hero/2) → 404 RECIPE_MEDIA_INVALID_PATH with no-store and no R2 access
[req] GET /api/v1/recipe-media/gl-01\..\x/hero/2 404 0ms c3535d59-93e7-4779-96a2-e71366cfda77

stdout | tests/integration/recipe-media-route.test.ts > T14C — GET /api/v1/recipe-media/:recipeId/:role/:version (secure same-origin serving) > pending version (seeded v1) (/api/v1/recipe-media/gl-02/hero/1) → 409 RECIPE_MEDIA_PENDING with no-store and no R2 access
[req] GET /api/v1/recipe-media/gl-02/hero/1 409 1ms b07a5e7e-1fd7-4684-879a-a66a4d73021e

stdout | tests/integration/recipe-media-route.test.ts > T14C — GET /api/v1/recipe-media/:recipeId/:role/:version (secure same-origin serving) > unknown version (/api/v1/recipe-media/gl-01/hero/9) → 404 RECIPE_MEDIA_NOT_FOUND with no-store and no R2 access
[req] GET /api/v1/recipe-media/gl-01/hero/9 404 0ms d28ff8a5-93de-4284-8bab-5d60871d2959

stdout | tests/integration/recipe-media-route.test.ts > T14C — GET /api/v1/recipe-media/:recipeId/:role/:version (secure same-origin serving) > traversal in raw or encoded path segments can only ever reach the trusted derived key, never an arbitrary object
[req] GET /api/users/x/hero/2 200 0ms f760ff76-e862-40a5-8fed-6ddc6d9b3aca

stdout | tests/integration/recipe-media-route.test.ts > T14C — GET /api/v1/recipe-media/:recipeId/:role/:version (secure same-origin serving) > traversal in raw or encoded path segments can only ever reach the trusted derived key, never an arbitrary object
[req] GET /api/v1/hero/2 401 1ms 8a12480d-96f7-4671-b5bf-a4a87d5231c9

stdout | tests/integration/recipe-media-route.test.ts > T14C — GET /api/v1/recipe-media/:recipeId/:role/:version (secure same-origin serving) > traversal in raw or encoded path segments can only ever reach the trusted derived key, never an arbitrary object
[req] GET /api/v1/recipe-media/gl-01/hero/2  404 0ms 6a71a178-a0ae-46da-b3fb-252da3c8c697

stdout | tests/integration/recipe-media-route.test.ts > T14C — GET /api/v1/recipe-media/:recipeId/:role/:version (secure same-origin serving) > traversal in raw or encoded path segments can only ever reach the trusted derived key, never an arbitrary object
[req] GET /api/v1/recipe-media/gl-01/hero/2 200 0ms 6c744ae7-9aab-4edc-b3f9-c2c4224665a8

stdout | tests/integration/recipe-media-route.test.ts > T14C — GET /api/v1/recipe-media/:recipeId/:role/:version (secure same-origin serving) > traversal in raw or encoded path segments can only ever reach the trusted derived key, never an arbitrary object
[req] GET /api/v1/recipe-media/..%2f..%2fusers%2fx%2fscans%2fy%2foriginal.webp/hero/2 404 1ms 73260944-c366-4d8d-adb8-1de0334b0b2d

stdout | tests/integration/recipe-media-route.test.ts > T14C — GET /api/v1/recipe-media/:recipeId/:role/:version (secure same-origin serving) > traversal in raw or encoded path segments can only ever reach the trusted derived key, never an arbitrary object
[req] GET /api/v1/recipe-media/gl-01/hero/2 200 0ms 3d597ce6-63f4-4af2-93d2-e5a471baabf3

stdout | tests/integration/recipe-media-route.test.ts > T14C — GET /api/v1/recipe-media/:recipeId/:role/:version (secure same-origin serving) > traversal in raw or encoded path segments can only ever reach the trusted derived key, never an arbitrary object
[req] GET /api/v1/recipe-media/gl-01/hero/2 200 0ms dae43311-a7a9-4263-bf7f-12166af41437

stdout | tests/integration/recipe-media-route.test.ts > T14C — GET /api/v1/recipe-media/:recipeId/:role/:version (secure same-origin serving) > rejected and superseded versions are 409; a superseded version does not serve stale bytes
[req] GET /api/v1/recipe-media/gl-01/hero/2 409 0ms 26241a9f-d681-4b2a-97de-2d9d7ffb5ffa

stdout | tests/integration/recipe-media-route.test.ts > T14C — GET /api/v1/recipe-media/:recipeId/:role/:version (secure same-origin serving) > rejected and superseded versions are 409; a superseded version does not serve stale bytes
[req] GET /api/v1/recipe-media/gl-03/hero/1 409 0ms c35cb25d-46fa-463e-91f8-1a57cb95a2f5

stdout | tests/integration/recipe-media-route.test.ts > T14C — GET /api/v1/recipe-media/:recipeId/:role/:version (secure same-origin serving) > rejected and superseded versions are 409; a superseded version does not serve stale bytes
[req] GET /api/v1/recipe-media/gl-01/hero/3 200 0ms 5572a6a7-9bac-4d40-a06f-942a939c310a

stdout | tests/integration/recipe-media-route.test.ts > T14C — GET /api/v1/recipe-media/:recipeId/:role/:version (secure same-origin serving) > missing R2 object → 404 + diagnostic; object MIME mismatch → 415; size mismatch → 409; never unrelated bytes
[req] GET /api/v1/recipe-media/gl-01/hero/2 404 1ms 0ad43d1b-cdbe-48ea-8021-a810d5d56dbc

stdout | tests/integration/recipe-media-route.test.ts > T14C — GET /api/v1/recipe-media/:recipeId/:role/:version (secure same-origin serving) > missing R2 object → 404 + diagnostic; object MIME mismatch → 415; size mismatch → 409; never unrelated bytes
[req] GET /api/v1/recipe-media/gl-01/hero/2 415 0ms 43625b49-1afd-4f4b-8ae3-46e0f1e9e695

stdout | tests/integration/recipe-media-route.test.ts > T14C — GET /api/v1/recipe-media/:recipeId/:role/:version (secure same-origin serving) > missing R2 object → 404 + diagnostic; object MIME mismatch → 415; size mismatch → 409; never unrelated bytes
[req] GET /api/v1/recipe-media/gl-01/hero/2 409 1ms 6438b26a-944e-4697-b64d-d4d400de5ea6

stdout | tests/integration/recipe-media-route.test.ts > T14C — GET /api/v1/recipe-media/:recipeId/:role/:version (secure same-origin serving) > non-canonical storage keys are now rejected by SQL itself; a status flipped to ready behind the helpers still fails closed at the route
[req] GET /api/v1/recipe-media/gl-01/hero/2 404 0ms f810b228-b116-40be-bcf7-0f01e726c997

stdout | tests/integration/recipe-media-route.test.ts > T14C — GET /api/v1/recipe-media/:recipeId/:role/:version (secure same-origin serving) > no DB or no IMAGES binding → 503, never 500; D1 read failure → 503 with diagnostic
[req] GET /api/v1/recipe-media/gl-01/hero/2 503 0ms 78f82ab5-14e3-460a-836e-6a17ae1e8af2

stdout | tests/integration/recipe-media-route.test.ts > T14C — GET /api/v1/recipe-media/:recipeId/:role/:version (secure same-origin serving) > no DB or no IMAGES binding → 503, never 500; D1 read failure → 503 with diagnostic
[req] GET /api/v1/recipe-media/gl-01/hero/2 503 1ms af4b8969-42ec-4242-8dac-91f802456cff

stdout | tests/integration/t19-recipe-authority-observability.test.ts > protected release evidence endpoint > shadow: evidence is complete, PII-free, and passes the release-check proof for its approved manifest
{"event":"recipe_catalog_shadow","catalog_source":"static","catalog_mode":"shadow","status":"compared","catalog_static_count":71,"level":"info","catalog_d1_count":500,"catalog_complete_count":500,"catalog_hydrated_count":500,"catalog_static_only_count":0,"catalog_d1_only_count":429,"catalog_drift_count":0,"catalog_order_drift_count":0,"catalog_hydration_failure_count":0,"catalog_lookup_ms":95,"release_id":"rel-bd00a4f53fcaeee4","release_expected_count":500,"release_readiness":"ready","release_readiness_code":null,"release_reviewed_growth_count":429,"drift_sample":[],"order_drift_sample":[],"hydration_failure_sample":[]}

stdout | tests/integration/recipe-media-route.test.ts > T14C — GET /api/v1/recipe-media/:recipeId/:role/:version (secure same-origin serving) > diagnostics are bounded per window and never include bytes/keys
[req] GET /api/v1/recipe-media/gl-01/hero/2 404 0ms a82037f1-74a1-472b-8fdb-3f58d94b57f4

stdout | tests/integration/recipe-media-route.test.ts > T14C — GET /api/v1/recipe-media/:recipeId/:role/:version (secure same-origin serving) > diagnostics are bounded per window and never include bytes/keys
[req] GET /api/v1/recipe-media/gl-01/hero/2 404 0ms 0a1203bc-dc19-4ca0-bb2e-4645a739358d

stdout | tests/integration/recipe-media-route.test.ts > T14C — GET /api/v1/recipe-media/:recipeId/:role/:version (secure same-origin serving) > diagnostics are bounded per window and never include bytes/keys
[req] GET /api/v1/recipe-media/gl-01/hero/2 404 0ms 23a5557f-3781-4840-b096-a969127e07ee

stdout | tests/integration/recipe-media-route.test.ts > T14C — GET /api/v1/recipe-media/:recipeId/:role/:version (secure same-origin serving) > diagnostics are bounded per window and never include bytes/keys
[req] GET /api/v1/recipe-media/gl-01/hero/2 404 1ms a81b147e-8520-4673-8b1f-233f350fe5ce

stdout | tests/integration/recipe-media-route.test.ts > T14C — GET /api/v1/recipe-media/:recipeId/:role/:version (secure same-origin serving) > diagnostics are bounded per window and never include bytes/keys
[req] GET /api/v1/recipe-media/gl-01/hero/2 404 0ms d3bb67f6-1228-4543-a0f3-e2c88fa64f56

stdout | tests/integration/recipe-media-route.test.ts > T14C — GET /api/v1/recipe-media/:recipeId/:role/:version (secure same-origin serving) > diagnostics are bounded per window and never include bytes/keys
[req] GET /api/v1/recipe-media/gl-01/hero/2 404 0ms 0a0f0a91-fe22-4704-b032-29aafb8e3101

stdout | tests/integration/recipe-media-route.test.ts > T14C — GET /api/v1/recipe-media/:recipeId/:role/:version (secure same-origin serving) > diagnostics are bounded per window and never include bytes/keys
[req] GET /api/v1/recipe-media/gl-01/hero/2 404 0ms 4ffb8930-2d04-40f0-bb09-62ac1bdfdf2d

stdout | tests/integration/recipe-media-route.test.ts > T14C — GET /api/v1/recipe-media/:recipeId/:role/:version (secure same-origin serving) > diagnostics are bounded per window and never include bytes/keys
[req] GET /api/v1/recipe-media/gl-01/hero/2 404 0ms a16e2619-8a1d-499a-8670-6bcc913d31e9

stdout | tests/integration/recipe-media-route.test.ts > T14C — GET /api/v1/recipe-media/:recipeId/:role/:version (secure same-origin serving) > diagnostics are bounded per window and never include bytes/keys
[req] GET /api/v1/recipe-media/gl-01/hero/2 404 0ms a9130c93-cf52-4ef4-809d-dedec4f1d0f2

stdout | tests/integration/recipe-media-route.test.ts > T14C — GET /api/v1/recipe-media/:recipeId/:role/:version (secure same-origin serving) > diagnostics are bounded per window and never include bytes/keys
[req] GET /api/v1/recipe-media/gl-01/hero/2 404 0ms 6a262e60-b14f-4740-b074-42f83541316f

stdout | tests/integration/recipe-media-route.test.ts > T14C — GET /api/v1/recipe-media/:recipeId/:role/:version (secure same-origin serving) > diagnostics are bounded per window and never include bytes/keys
[req] GET /api/v1/recipe-media/gl-01/hero/2 404 1ms b0493a07-7cf1-40d2-94a4-597ccaaab6bf

stdout | tests/integration/recipe-media-route.test.ts > T14C — GET /api/v1/recipe-media/:recipeId/:role/:version (secure same-origin serving) > diagnostics are bounded per window and never include bytes/keys
[req] GET /api/v1/recipe-media/gl-01/hero/2 404 0ms 8ed7c045-0ab8-4246-8a0b-50da3798dadb

stdout | tests/integration/recipe-media-route.test.ts > T14C — GET /api/v1/recipe-media/:recipeId/:role/:version (secure same-origin serving) > diagnostics are bounded per window and never include bytes/keys
[req] GET /api/v1/recipe-media/gl-01/hero/2 404 0ms 2d95740a-d002-4d87-8355-4bf0a833a7b9

stdout | tests/integration/recipe-media-route.test.ts > T14C — GET /api/v1/recipe-media/:recipeId/:role/:version (secure same-origin serving) > diagnostics are bounded per window and never include bytes/keys
[req] GET /api/v1/recipe-media/gl-01/hero/2 404 0ms 94fc88a7-5022-497a-b178-a72effcb6ebd

stdout | tests/integration/recipe-media-route.test.ts > T14C — GET /api/v1/recipe-media/:recipeId/:role/:version (secure same-origin serving) > diagnostics are bounded per window and never include bytes/keys
[req] GET /api/v1/recipe-media/gl-01/hero/2 404 0ms 8b0eb812-caec-465a-aab1-9af1815f08d6

stdout | tests/integration/recipe-media-route.test.ts > T14C — GET /api/v1/recipe-media/:recipeId/:role/:version (secure same-origin serving) > diagnostics are bounded per window and never include bytes/keys
[req] GET /api/v1/recipe-media/gl-01/hero/2 404 0ms 71bdfad5-997f-4658-a910-ffbb1d1512f3

stdout | tests/integration/recipe-media-route.test.ts > T14C — GET /api/v1/recipe-media/:recipeId/:role/:version (secure same-origin serving) > diagnostics are bounded per window and never include bytes/keys
[req] GET /api/v1/recipe-media/gl-01/hero/2 404 0ms 7929a1a9-ff2e-499d-b707-238fda32e150

stdout | tests/integration/recipe-media-route.test.ts > T14C — GET /api/v1/recipe-media/:recipeId/:role/:version (secure same-origin serving) > diagnostics are bounded per window and never include bytes/keys
[req] GET /api/v1/recipe-media/gl-01/hero/2 404 0ms dd7db332-dc44-4dc3-b5ac-3fa1c0f4b7a7

stdout | tests/integration/recipe-media-route.test.ts > T14C — GET /api/v1/recipe-media/:recipeId/:role/:version (secure same-origin serving) > diagnostics are bounded per window and never include bytes/keys
[req] GET /api/v1/recipe-media/gl-01/hero/2 404 0ms 14d0754a-b1be-4284-a646-f0b326e3ce71

stdout | tests/integration/recipe-media-route.test.ts > T14C — GET /api/v1/recipe-media/:recipeId/:role/:version (secure same-origin serving) > diagnostics are bounded per window and never include bytes/keys
[req] GET /api/v1/recipe-media/gl-01/hero/2 404 0ms 6c89b982-ad7f-44ff-9908-f738465fa801

stdout | tests/integration/recipe-media-route.test.ts > T14C — GET /api/v1/recipe-media/:recipeId/:role/:version (secure same-origin serving) > diagnostics are bounded per window and never include bytes/keys
[req] GET /api/v1/recipe-media/gl-01/hero/2 404 1ms 39bc9519-74aa-4676-b3c1-f87d24c608ac

stdout | tests/integration/recipe-media-route.test.ts > T14C — GET /api/v1/recipe-media/:recipeId/:role/:version (secure same-origin serving) > diagnostics are bounded per window and never include bytes/keys
[req] GET /api/v1/recipe-media/gl-01/hero/2 404 0ms c20c6958-8a47-489d-8cf5-f95ad6dd2b0b

stdout | tests/integration/recipe-media-route.test.ts > T14C — GET /api/v1/recipe-media/:recipeId/:role/:version (secure same-origin serving) > diagnostics are bounded per window and never include bytes/keys
[req] GET /api/v1/recipe-media/gl-01/hero/2 404 0ms 5f98f1ac-5ecc-4036-9cd8-5f3bf45a0a46

stdout | tests/integration/recipe-media-route.test.ts > T14C — GET /api/v1/recipe-media/:recipeId/:role/:version (secure same-origin serving) > diagnostics are bounded per window and never include bytes/keys
[req] GET /api/v1/recipe-media/gl-01/hero/2 404 0ms ea646992-d4d8-4ea7-87d2-056956e709b5

stdout | tests/integration/recipe-media-route.test.ts > T14C — GET /api/v1/recipe-media/:recipeId/:role/:version (secure same-origin serving) > diagnostics are bounded per window and never include bytes/keys
[req] GET /api/v1/recipe-media/gl-01/hero/2 404 0ms e2f4ecd6-104e-4cb9-b2e0-72db89080c80

stdout | tests/integration/recipe-media-route.test.ts > T14C — GET /api/v1/recipe-media/:recipeId/:role/:version (secure same-origin serving) > diagnostics are bounded per window and never include bytes/keys
[req] GET /api/v1/recipe-media/gl-01/hero/2 404 0ms 2438a094-3dc5-47e3-a601-1f2a000cc14b

stdout | tests/integration/recipe-media-route.test.ts > T14C — GET /api/v1/recipe-media/:recipeId/:role/:version (secure same-origin serving) > diagnostics are bounded per window and never include bytes/keys
[req] GET /api/v1/recipe-media/gl-01/hero/2 404 0ms 227d2987-958e-4816-96e1-2ac9312bf8de

stdout | tests/integration/recipe-media-route.test.ts > T14C — GET /api/v1/recipe-media/:recipeId/:role/:version (secure same-origin serving) > diagnostics are bounded per window and never include bytes/keys
[req] GET /api/v1/recipe-media/gl-01/hero/2 404 0ms 0fd91ce2-e0c0-47ae-b3da-7b2e61ac5819

stdout | tests/integration/recipe-media-route.test.ts > T14C — GET /api/v1/recipe-media/:recipeId/:role/:version (secure same-origin serving) > diagnostics are bounded per window and never include bytes/keys
[req] GET /api/v1/recipe-media/gl-01/hero/2 404 0ms 17de6579-2901-4807-9963-7da5362b3a64

stdout | tests/integration/recipe-media-route.test.ts > T14C — GET /api/v1/recipe-media/:recipeId/:role/:version (secure same-origin serving) > diagnostics are bounded per window and never include bytes/keys
[req] GET /api/v1/recipe-media/gl-01/hero/2 404 0ms 09d251db-2ce5-492e-b328-36f927d38893

stdout | tests/integration/recipe-media-route.test.ts > T14C — GET /api/v1/recipe-media/:recipeId/:role/:version (secure same-origin serving) > is not a public write surface: POST/PUT/DELETE on the media path are not routed to media
[req] POST /api/v1/recipe-media/gl-01/hero/2 401 0ms 613946b4-6e2b-4bf5-a2b3-44f35c000d3c

stdout | tests/integration/recipe-media-route.test.ts > T14C — GET /api/v1/recipe-media/:recipeId/:role/:version (secure same-origin serving) > is not a public write surface: POST/PUT/DELETE on the media path are not routed to media
[req] PUT /api/v1/recipe-media/gl-01/hero/2 401 1ms 02274774-edb9-48fb-a959-8364dedf411b

stdout | tests/integration/recipe-media-route.test.ts > T14C — GET /api/v1/recipe-media/:recipeId/:role/:version (secure same-origin serving) > is not a public write surface: POST/PUT/DELETE on the media path are not routed to media
[req] DELETE /api/v1/recipe-media/gl-01/hero/2 401 0ms 46d85f02-3236-40d1-a9ac-7d05e7287707

stdout | tests/integration/recipe-media-route.test.ts > T14C — GET /api/v1/recipe-media/:recipeId/:role/:version (secure same-origin serving) > is not a public write surface: POST/PUT/DELETE on the media path are not routed to media
[req] PATCH /api/v1/recipe-media/gl-01/hero/2 401 0ms 5ec3188a-4a26-4e58-8ab8-ffa9da75745c

stdout | tests/integration/t19-recipe-authority-observability.test.ts > protected release evidence endpoint > shadow evidence actively probes D1 and refuses promotion when that probe falls back
{"event":"recipe_catalog_shadow","catalog_source":"static","catalog_mode":"shadow","status":"compared","catalog_static_count":71,"level":"warn","catalog_d1_count":500,"catalog_complete_count":499,"catalog_hydrated_count":499,"catalog_static_only_count":1,"catalog_d1_only_count":429,"catalog_drift_count":0,"catalog_order_drift_count":0,"catalog_hydration_failure_count":1,"catalog_lookup_ms":88,"release_id":"rel-bd00a4f53fcaeee4","release_expected_count":500,"release_readiness":"not_ready","release_readiness_code":"CATALOG_DIAGNOSTICS","release_reviewed_growth_count":0,"drift_sample":[],"order_drift_sample":[],"hydration_failure_sample":[{"id":"vn-canh-01","code":"incomplete_entry"}]}

 ✓ tests/integration/recipe-media-route.test.ts (27 tests) 2578ms
 ✓ tests/integration/t19-recipe-authority-observability.test.ts (19 tests) 2570ms
 ✓ tests/unit/week-query-sync.test.ts (80 tests) 2437ms
 ✓ tests/unit/t21rc2-schema-boundary.test.mjs (9 tests) 2537ms
   ✓ T21RC2 offline reconciliation schema boundary > covers 500 synthetic captured recipes and production counts at, above, and 3x the 2702 target size  899ms
   ✓ T21RC2 offline reconciliation schema boundary > validates a mixed synthetic production corpus at 3x the 2702 target size  1397ms
 ✓ tests/integration/inventory-lot-schema.test.ts (26 tests) 2384ms
 ✓ tests/integration/inventory-observations.test.ts (22 tests) 2345ms
stderr | tests/integration/browser-security.test.ts > browser client against real cookie-authenticated SQLite routes > logs in, validates /me and persists an authenticated API mutation without a script-readable credential
{"level":"warn","limiter":"rl_auth","reason":"kv-unbound","message":"Rate limiter degraded to isolate-local counters; enforcement is not globally reliable."}

stderr | tests/integration/browser-security.test.ts > browser client against real cookie-authenticated SQLite routes > logs in, validates /me and persists an authenticated API mutation without a script-readable credential
{"level":"warn","limiter":"rl_inv_w","reason":"kv-unbound","message":"Rate limiter degraded to isolate-local counters; enforcement is not globally reliable."}

stderr | tests/integration/browser-security.test.ts > browser client against real cookie-authenticated SQLite routes > isolates real inventory, shopping and Week caches through A → logout → B → reload → offline
{"level":"warn","limiter":"rl_shop_w","reason":"kv-unbound","message":"Rate limiter degraded to isolate-local counters; enforcement is not globally reliable."}

stderr | tests/integration/browser-security.test.ts > browser client against real cookie-authenticated SQLite routes > isolates real inventory, shopping and Week caches through A → logout → B → reload → offline
{"level":"warn","limiter":"rl_week_w","reason":"kv-unbound","message":"Rate limiter degraded to isolate-local counters; enforcement is not globally reliable."}

stderr | tests/integration/t13-receipt-vision-d1.test.mjs > T13B-A real D1 purchase-lot and correction provenance regressions > a real D1 event failure rolls back every receipt lot, review, command, event and observation
[31m✘ [41;31m[[41;97mERROR[41;31m][0m [1mAdopted scan confirmation failed: Error: D1_ERROR: T13B-A injected event failure: SQLITE_CONSTRAINT[0m

      at D1DatabaseSessionAlwaysPrimary._sendOrThrow (cloudflare-internal:d1-api:125:19)
      at async D1DatabaseSessionAlwaysPrimary.batch (cloudflare-internal:d1-api:80:23)
      ... 7 lines matching cause stack trace ...
      at async Object.fetch (file:///Users/tunbee27/Documents/Tako-san-ui-rebuild/tests/helpers/inventory-lot-d1-worker.ts:235:26) {
    [cause]: Error: T13B-A injected event failure: SQLITE_CONSTRAINT
        at D1DatabaseSessionAlwaysPrimary._sendOrThrow (cloudflare-internal:d1-api:126:24)
        at async D1DatabaseSessionAlwaysPrimary.batch (cloudflare-internal:d1-api:80:23)
        at async confirmAdoptedScan (file:///Users/tunbee27/Documents/Tako-san-ui-rebuild/src/worker/routes/scans.ts:194:21)
        at async dispatch (file:///Users/tunbee27/Documents/Tako-san-ui-rebuild/node_modules/.pnpm/hono@4.13.7/node_modules/hono/dist/compose.js:22:17)
        at async tenancyGuard (file:///Users/tunbee27/Documents/Tako-san-ui-rebuild/src/worker/middleware/tenancy.ts:69:3)
        at async dispatch (file:///Users/tunbee27/Documents/Tako-san-ui-rebuild/node_modules/.pnpm/hono@4.13.7/node_modules/hono/dist/compose.js:22:17)
        at null.<anonymous> (async file:///Users/tunbee27/Documents/Tako-san-ui-rebuild/.wrangler/tmp/dev-BqayUJ/inventory-lot-d1-worker.js:18810:11)
        at async dispatch (file:///Users/tunbee27/Documents/Tako-san-ui-rebuild/node_modules/.pnpm/hono@4.13.7/node_modules/hono/dist/compose.js:22:17)
        at null.<anonymous> (async file:///Users/tunbee27/Documents/Tako-san-ui-rebuild/.wrangler/tmp/dev-BqayUJ/inventory-lot-d1-worker.js:1450:25)
        at async Object.fetch (file:///Users/tunbee27/Documents/Tako-san-ui-rebuild/tests/helpers/inventory-lot-d1-worker.ts:235:26)
  }



stderr | tests/integration/t13-receipt-vision-d1.test.mjs > T13B-A real D1 purchase-lot and correction provenance regressions > a real D1 observation failure rolls back every receipt lot, review, command, event and observation
[31m✘ [41;31m[[41;97mERROR[41;31m][0m [1mAdopted scan confirmation failed: Error: D1_ERROR: T13B-A injected observation failure: SQLITE_CONSTRAINT[0m

      at D1DatabaseSessionAlwaysPrimary._sendOrThrow (cloudflare-internal:d1-api:125:19)
      at async D1DatabaseSessionAlwaysPrimary.batch (cloudflare-internal:d1-api:80:23)
      ... 7 lines matching cause stack trace ...
      at async Object.fetch (file:///Users/tunbee27/Documents/Tako-san-ui-rebuild/tests/helpers/inventory-lot-d1-worker.ts:235:26) {
    [cause]: Error: T13B-A injected observation failure: SQLITE_CONSTRAINT
        at D1DatabaseSessionAlwaysPrimary._sendOrThrow (cloudflare-internal:d1-api:126:24)
        at async D1DatabaseSessionAlwaysPrimary.batch (cloudflare-internal:d1-api:80:23)
        at async confirmAdoptedScan (file:///Users/tunbee27/Documents/Tako-san-ui-rebuild/src/worker/routes/scans.ts:194:21)
        at async dispatch (file:///Users/tunbee27/Documents/Tako-san-ui-rebuild/node_modules/.pnpm/hono@4.13.7/node_modules/hono/dist/compose.js:22:17)
        at async tenancyGuard (file:///Users/tunbee27/Documents/Tako-san-ui-rebuild/src/worker/middleware/tenancy.ts:69:3)
        at async dispatch (file:///Users/tunbee27/Documents/Tako-san-ui-rebuild/node_modules/.pnpm/hono@4.13.7/node_modules/hono/dist/compose.js:22:17)
        at null.<anonymous> (async file:///Users/tunbee27/Documents/Tako-san-ui-rebuild/.wrangler/tmp/dev-BqayUJ/inventory-lot-d1-worker.js:18810:11)
        at async dispatch (file:///Users/tunbee27/Documents/Tako-san-ui-rebuild/node_modules/.pnpm/hono@4.13.7/node_modules/hono/dist/compose.js:22:17)
        at null.<anonymous> (async file:///Users/tunbee27/Documents/Tako-san-ui-rebuild/.wrangler/tmp/dev-BqayUJ/inventory-lot-d1-worker.js:1450:25)
        at async Object.fetch (file:///Users/tunbee27/Documents/Tako-san-ui-rebuild/tests/helpers/inventory-lot-d1-worker.ts:235:26)
  }



stderr | tests/integration/t13-receipt-vision-d1.test.mjs > T13B-A real D1 purchase-lot and correction provenance regressions > a real D1 completion failure rolls back every receipt lot, review, command, event and observation
[31m✘ [41;31m[[41;97mERROR[41;31m][0m [1mAdopted scan confirmation failed: Error: D1_ERROR: T13B-A injected completion failure: SQLITE_CONSTRAINT[0m

      at D1DatabaseSessionAlwaysPrimary._sendOrThrow (cloudflare-internal:d1-api:125:19)
      at async D1DatabaseSessionAlwaysPrimary.batch (cloudflare-internal:d1-api:80:23)
      ... 7 lines matching cause stack trace ...
      at async Object.fetch (file:///Users/tunbee27/Documents/Tako-san-ui-rebuild/tests/helpers/inventory-lot-d1-worker.ts:235:26) {
    [cause]: Error: T13B-A injected completion failure: SQLITE_CONSTRAINT
        at D1DatabaseSessionAlwaysPrimary._sendOrThrow (cloudflare-internal:d1-api:126:24)
        at async D1DatabaseSessionAlwaysPrimary.batch (cloudflare-internal:d1-api:80:23)
        at async confirmAdoptedScan (file:///Users/tunbee27/Documents/Tako-san-ui-rebuild/src/worker/routes/scans.ts:194:21)
        at async dispatch (file:///Users/tunbee27/Documents/Tako-san-ui-rebuild/node_modules/.pnpm/hono@4.13.7/node_modules/hono/dist/compose.js:22:17)
        at async tenancyGuard (file:///Users/tunbee27/Documents/Tako-san-ui-rebuild/src/worker/middleware/tenancy.ts:69:3)
        at async dispatch (file:///Users/tunbee27/Documents/Tako-san-ui-rebuild/node_modules/.pnpm/hono@4.13.7/node_modules/hono/dist/compose.js:22:17)
        at null.<anonymous> (async file:///Users/tunbee27/Documents/Tako-san-ui-rebuild/.wrangler/tmp/dev-BqayUJ/inventory-lot-d1-worker.js:18810:11)
        at async dispatch (file:///Users/tunbee27/Documents/Tako-san-ui-rebuild/node_modules/.pnpm/hono@4.13.7/node_modules/hono/dist/compose.js:22:17)
        at null.<anonymous> (async file:///Users/tunbee27/Documents/Tako-san-ui-rebuild/.wrangler/tmp/dev-BqayUJ/inventory-lot-d1-worker.js:1450:25)
        at async Object.fetch (file:///Users/tunbee27/Documents/Tako-san-ui-rebuild/tests/helpers/inventory-lot-d1-worker.ts:235:26)
  }



 ✓ tests/integration/browser-security.test.ts (12 tests) 2460ms
 ✓ tests/integration/t13-receipt-vision-d1.test.mjs (22 tests) 2211ms
stderr | tests/integration/inventory-adoption.test.ts > T09F atomic adoption authority > activates a backfilled household atomically with preserved identities
{"level":"warn","limiter":"rl_inv_w","reason":"kv-unbound","message":"Rate limiter degraded to isolate-local counters; enforcement is not globally reliable."}

stderr | tests/integration/inventory-adoption.test.ts > T09F adopted-household writer adapters > imports shopping stock into lots and completes the durable command
{"level":"warn","limiter":"rl_week_w","reason":"kv-unbound","message":"Rate limiter degraded to isolate-local counters; enforcement is not globally reliable."}

stderr | tests/integration/scan-quota-idempotency.test.ts > D1 scan quota and request idempotency > recovers an ambiguous queue send with the same job and no quota refund or new charge
Scan queue enqueue failed

 ✓ tests/integration/inventory-adoption.test.ts (19 tests) 2090ms
 ✓ tests/integration/scan-quota-idempotency.test.ts (24 tests) 2234ms
stderr | tests/unit/t21rc2-classification-diagnostics.test.mjs > T21R-C2D diagnostic receipts reconstruct only static metadata > redacts real T21RC2_CLASSIFICATION_SCHEMA_REJECTED failure context
t21rc2_schema={"section":"root","field":"unknown","keyword":"additionalProperties","code":"ROOT_ADDITIONAL_PROPERTIES"}

 ✓ tests/unit/release-check.test.mjs (258 tests) 2018ms
 ✓ tests/unit/t21rc2-classification-diagnostics.test.mjs (63 tests) 1806ms
   ✓ T21R-C2D divergence is evidence, not a classification failure > classifies extreme divergence against unchanged offline certified 500/2702 authority  1349ms
   ✓ T21R-C2D credential-free classify command boundaries > the real CLI logs only the specific binding code and records a sanitized failure receipt  350ms
 ✓ tests/unit/synthetic-ocr-generator.test.mjs (1 test) 1929ms
   ✓ synthetic OCR source-first fixture > renders a reproducible four-case/16-variant matrix from independent source rows  1929ms
stdout | tests/unit/recipe-authority.test.ts > T14D — authority router: modes, fallback, cache/singleflight, observability > static (default) and shadow serve ALL_RECIPES without touching D1 for content; shadow schedules the comparison off-response
{"event":"recipe_catalog_shadow","catalog_source":"static","catalog_mode":"shadow","status":"compared","catalog_static_count":71,"level":"info","catalog_d1_count":500,"catalog_complete_count":500,"catalog_hydrated_count":500,"catalog_static_only_count":0,"catalog_d1_only_count":429,"catalog_drift_count":0,"catalog_order_drift_count":0,"catalog_hydration_failure_count":0,"catalog_lookup_ms":0,"release_id":"rel-bd00a4f53fcaeee4","release_expected_count":500,"release_readiness":"ready","release_readiness_code":null,"release_reviewed_growth_count":429,"drift_sample":[],"order_drift_sample":[],"hydration_failure_sample":[]}

 ✓ tests/unit/production-migration-preflight.test.mjs (15 tests) 1916ms
 ✓ tests/unit/recipe-authority.test.ts (17 tests) 1876ms
 ✓ tests/unit/t21rc4-cloudflare-identity-diagnostic.test.mjs (54 tests) 1843ms
   ✓ C4I additions preserve independently reviewed C2 execution bytes > real reviewed SHA remains eligible after additive diagnostic; a bound-byte mutation rejects  353ms
   ✓ T21R-C4L intentionally invalidates both prior reviewed execution SHAs > C4I reviewed SHA a0c1cfd rejects the remediated diagnostic bytes  813ms
   ✓ T21R-C4L intentionally invalidates both prior reviewed execution SHAs > C2 reviewed SHA 93c4055 rejects the remediated capture bytes  341ms
 ✓ tests/integration/inventory-backfilled-fefo.test.ts (13 tests) 1868ms
   ✓ T09 final FEFO v2 backfill compatibility > keeps one authority outcome when backfilled FEFO races FEFO, CORRECT, DISCARD or MOVE  447ms
stderr | tests/integration/scan-response-loss.test.ts > server scan confirmation response-loss recovery (real SQLite HTTP) > does not queue HTTP 500 with a 'intact' response body
D1 confirmScan items insert failed: Error: injected confirmation failure
    at SqliteD1.execute (/Users/tunbee27/Documents/Tako-san-ui-rebuild/tests/helpers/sqlite-d1.ts:130:30)
    at /Users/tunbee27/Documents/Tako-san-ui-rebuild/tests/helpers/sqlite-d1.ts:97:50
    at Array.map (<anonymous>)
    at SqliteD1.batch (/Users/tunbee27/Documents/Tako-san-ui-rebuild/tests/helpers/sqlite-d1.ts:97:26)
    at runLegacyInventoryBatch (/Users/tunbee27/Documents/Tako-san-ui-rebuild/packages/db/src/inventory-writer-fence.ts:62:21)
    at /Users/tunbee27/Documents/Tako-san-ui-rebuild/src/worker/routes/scans.ts:1834:26
    at dispatch (file:///Users/tunbee27/Documents/Tako-san-ui-rebuild/node_modules/.pnpm/hono@4.13.7/node_modules/hono/dist/compose.js:22:17)
    at tenancyGuard (/Users/tunbee27/Documents/Tako-san-ui-rebuild/src/worker/middleware/tenancy.ts:69:3)
    at dispatch (file:///Users/tunbee27/Documents/Tako-san-ui-rebuild/node_modules/.pnpm/hono@4.13.7/node_modules/hono/dist/compose.js:22:17)
    at authMiddleware (/Users/tunbee27/Documents/Tako-san-ui-rebuild/src/worker/middleware/auth.ts:91:16) {
  code: 'ERR_SQLITE_ERROR',
  errcode: 1811,
  errstr: 'constraint failed'
}

stderr | tests/integration/scan-response-loss.test.ts > server scan confirmation response-loss recovery (real SQLite HTTP) > does not queue HTTP 500 with a 'TypeError' response body
D1 confirmScan items insert failed: Error: injected confirmation failure
    at SqliteD1.execute (/Users/tunbee27/Documents/Tako-san-ui-rebuild/tests/helpers/sqlite-d1.ts:130:30)
    at /Users/tunbee27/Documents/Tako-san-ui-rebuild/tests/helpers/sqlite-d1.ts:97:50
    at Array.map (<anonymous>)
    at SqliteD1.batch (/Users/tunbee27/Documents/Tako-san-ui-rebuild/tests/helpers/sqlite-d1.ts:97:26)
    at runLegacyInventoryBatch (/Users/tunbee27/Documents/Tako-san-ui-rebuild/packages/db/src/inventory-writer-fence.ts:62:21)
    at /Users/tunbee27/Documents/Tako-san-ui-rebuild/src/worker/routes/scans.ts:1834:26
    at dispatch (file:///Users/tunbee27/Documents/Tako-san-ui-rebuild/node_modules/.pnpm/hono@4.13.7/node_modules/hono/dist/compose.js:22:17)
    at tenancyGuard (/Users/tunbee27/Documents/Tako-san-ui-rebuild/src/worker/middleware/tenancy.ts:69:3)
    at dispatch (file:///Users/tunbee27/Documents/Tako-san-ui-rebuild/node_modules/.pnpm/hono@4.13.7/node_modules/hono/dist/compose.js:22:17)
    at authMiddleware (/Users/tunbee27/Documents/Tako-san-ui-rebuild/src/worker/middleware/auth.ts:91:16) {
  code: 'ERR_SQLITE_ERROR',
  errcode: 1811,
  errstr: 'constraint failed'
}

stderr | tests/integration/scan-response-loss.test.ts > server scan confirmation response-loss recovery (real SQLite HTTP) > does not queue HTTP 500 with a 'AbortError' response body
D1 confirmScan items insert failed: Error: injected confirmation failure
    at SqliteD1.execute (/Users/tunbee27/Documents/Tako-san-ui-rebuild/tests/helpers/sqlite-d1.ts:130:30)
    at /Users/tunbee27/Documents/Tako-san-ui-rebuild/tests/helpers/sqlite-d1.ts:97:50
    at Array.map (<anonymous>)
    at SqliteD1.batch (/Users/tunbee27/Documents/Tako-san-ui-rebuild/tests/helpers/sqlite-d1.ts:97:26)
    at runLegacyInventoryBatch (/Users/tunbee27/Documents/Tako-san-ui-rebuild/packages/db/src/inventory-writer-fence.ts:62:21)
    at /Users/tunbee27/Documents/Tako-san-ui-rebuild/src/worker/routes/scans.ts:1834:26
    at dispatch (file:///Users/tunbee27/Documents/Tako-san-ui-rebuild/node_modules/.pnpm/hono@4.13.7/node_modules/hono/dist/compose.js:22:17)
    at tenancyGuard (/Users/tunbee27/Documents/Tako-san-ui-rebuild/src/worker/middleware/tenancy.ts:69:3)
    at dispatch (file:///Users/tunbee27/Documents/Tako-san-ui-rebuild/node_modules/.pnpm/hono@4.13.7/node_modules/hono/dist/compose.js:22:17)
    at authMiddleware (/Users/tunbee27/Documents/Tako-san-ui-rebuild/src/worker/middleware/auth.ts:91:16) {
  code: 'ERR_SQLITE_ERROR',
  errcode: 1811,
  errstr: 'constraint failed'
}

 ✓ tests/integration/scan-response-loss.test.ts (19 tests) 1825ms
 ✓ tests/integration/inventory-closed-loop-d1.test.mjs (8 tests) 1602ms
 ✓ tests/unit/production-media-preservation.test.mjs (17 tests) 1784ms
 ✓ tests/integration/inventory-read-authority-d1.test.mjs (11 tests) 1499ms
stderr | tests/integration/inventory-writer-fence.test.ts > T09F legacy writer activation fences > replays an adopted PATCH after response loss without weakening new-command CAS
{"level":"warn","limiter":"rl_inv_w","reason":"kv-unbound","message":"Rate limiter degraded to isolate-local counters; enforcement is not globally reliable."}

 ✓ tests/integration/t20-disabled-schema.test.ts (2 tests) 1637ms
   ✓ flag OFF keeps static V1 planning/shopping/regenerate independent of unapplied 0039  617ms
   ✓ flag OFF keeps d1 V1 planning/shopping/regenerate independent of unapplied 0039  1020ms
stderr | tests/integration/inventory-writer-fence.test.ts > T09F legacy writer activation fences > imports shopping stock through the authority and completes the durable command
{"level":"warn","limiter":"rl_week_w","reason":"kv-unbound","message":"Rate limiter degraded to isolate-local counters; enforcement is not globally reliable."}

 ✓ tests/integration/inventory-writer-fence.test.ts (15 tests) 1646ms
 ✓ tests/integration/auth-me-quota.test.ts (17 tests) 1597ms
stderr | tests/integration/recipe-d1-runtime-parity.test.ts > T14B-B — cooking boundary with hydrated recipes (legacy inventory authority, local D1 only) > RECIPE_CATALOG_MODE=shadow never changes the response and logs one PII-free diagnostic; static default logs nothing
{"level":"warn","event":"recipe_media_read_failed","code":"D1_READ_FAILED"}

 ✓ tests/integration/recipe-d1-runtime-parity.test.ts (11 tests) 1482ms
   ✓ T14B-B — static vs D1 runtime catalog behavioural parity (actual catalog output, no reordering) > recommendations: rankRecipes/evaluateRecipeMatch on the raw D1 list equal the static results for every fixture × context  523ms
stderr | tests/integration/t13r-a-canonical-identity.test.ts > T13R-A P1-2 canonical identity survives a free-form rename (legacy authority) > keeps CHICKEN_BREAST under the free-form rename "Thịt gà đã kiểm tra"
{"level":"warn","limiter":"rl_inv_w","reason":"kv-unbound","message":"Rate limiter degraded to isolate-local counters; enforcement is not globally reliable."}

 ✓ tests/integration/inventory-reconciliation-fence.test.ts (13 tests) 1482ms
stdout | tests/integration/scan-queue-fencing.test.ts > D1 queue claims and result fencing > commits a valid fridge claim once and ignores completed duplicate delivery
{"event":"scan_terminal","supportId":"566b61f4e0d7","scanType":"fridge","state":"ready","errorCode":null,"retryable":false,"attempt":1,"maxAttempts":3,"logicalModel":"QWEN_MULTIMODAL","configuredPrimaryModel":"qwen3.8-flash","latencyMs":4}

stdout | tests/integration/scan-queue-fencing.test.ts > D1 queue claims and result fencing > commits a valid receipt claim once and ignores completed duplicate delivery
{"event":"scan_terminal","supportId":"566b61f4e0d7","scanType":"receipt","state":"ready","errorCode":null,"retryable":false,"attempt":1,"maxAttempts":3,"logicalModel":"QWEN_OCR","configuredPrimaryModel":"qwen-vl-ocr","latencyMs":1}

stdout | tests/integration/scan-queue-fencing.test.ts > D1 queue claims and result fencing > stale fridge success cannot change newer results (newer completed: false)
{"event":"scan_terminal","supportId":"566b61f4e0d7","scanType":"fridge","state":"ready","errorCode":null,"retryable":false,"attempt":2,"maxAttempts":3,"logicalModel":"QWEN_MULTIMODAL","configuredPrimaryModel":"qwen3.8-flash","latencyMs":2}

 ✓ tests/integration/t13r-a-canonical-identity.test.ts (14 tests) 1468ms
stdout | tests/integration/scan-queue-fencing.test.ts > D1 queue claims and result fencing > stale fridge success cannot change newer results (newer completed: true)
{"event":"scan_terminal","supportId":"566b61f4e0d7","scanType":"fridge","state":"ready","errorCode":null,"retryable":false,"attempt":2,"maxAttempts":3,"logicalModel":"QWEN_MULTIMODAL","configuredPrimaryModel":"qwen3.8-flash","latencyMs":0}

stdout | tests/integration/scan-queue-fencing.test.ts > D1 queue claims and result fencing > stale receipt success cannot change newer results (newer completed: false)
{"event":"scan_terminal","supportId":"566b61f4e0d7","scanType":"receipt","state":"ready","errorCode":null,"retryable":false,"attempt":2,"maxAttempts":3,"logicalModel":"QWEN_OCR","configuredPrimaryModel":"qwen-vl-ocr","latencyMs":1}

stdout | tests/integration/scan-queue-fencing.test.ts > D1 queue claims and result fencing > stale receipt success cannot change newer results (newer completed: true)
{"event":"scan_terminal","supportId":"566b61f4e0d7","scanType":"receipt","state":"ready","errorCode":null,"retryable":false,"attempt":2,"maxAttempts":3,"logicalModel":"QWEN_OCR","configuredPrimaryModel":"qwen-vl-ocr","latencyMs":1}

stdout | tests/integration/scan-queue-fencing.test.ts > D1 queue claims and result fencing > does not acknowledge an active duplicate or invoke AI twice
{"event":"scan_terminal","supportId":"566b61f4e0d7","scanType":"fridge","state":"ready","errorCode":null,"retryable":false,"attempt":1,"maxAttempts":3,"logicalModel":"QWEN_MULTIMODAL","configuredPrimaryModel":"qwen3.8-flash","latencyMs":2}

stdout | tests/integration/scan-queue-fencing.test.ts > D1 queue claims and result fencing > atomically persists a valid permanent failure on both records
{"event":"scan_terminal","supportId":"566b61f4e0d7","scanType":"fridge","state":"failed","errorCode":"IMAGE_INVALID","retryable":false,"attempt":1,"maxAttempts":3,"logicalModel":"QWEN_MULTIMODAL","configuredPrimaryModel":"qwen3.8-flash","latencyMs":0}

stdout | tests/integration/scan-queue-fencing.test.ts > D1 queue claims and result fencing > does not recreate cleaned-up failed jobs or reprocess terminal scans
{"event":"scan_terminal","supportId":"566b61f4e0d7","scanType":"fridge","state":"failed","errorCode":"IMAGE_INVALID","retryable":false,"attempt":1,"maxAttempts":3,"logicalModel":"QWEN_MULTIMODAL","configuredPrimaryModel":"qwen3.8-flash","latencyMs":0}

 ✓ tests/integration/scan-queue-fencing.test.ts (15 tests) 1393ms
 ✓ tests/integration/recipe-catalog-release-readiness.test.ts (15 tests) 1331ms
 ✓ tests/unit/client-session.test.ts (33 tests) 1395ms
 ✓ tests/integration/inventory-observation-d1.test.mjs (7 tests) 1297ms
 ✓ tests/unit/t21rc2-production-receipt.test.mjs (8 tests) 1307ms
   ✓ T21R-C2 aggregate production receipt > publishes through the stored approval binding using only the fixed private inputs  332ms
 ✓ tests/integration/inventory-concurrency.test.ts (9 tests) 1284ms
   ✓ T09G controlled concurrency matrix > G2 USE/DISCARD, USE/CORRECT and DISCARD/DISCARD leave one winner and no drift  348ms
stdout | tests/unit/recipe-canary-test-cohort.test.ts > T15C-C — authority router fences and diagnostics > P1 rollback: canary → shadow with cohort secrets retained is a single config change — readiness valid, static + shadow compare, cohort not evaluated
{"event":"recipe_catalog_shadow","catalog_source":"static","catalog_mode":"shadow","status":"compared","catalog_static_count":71,"level":"info","catalog_d1_count":500,"catalog_complete_count":500,"catalog_hydrated_count":500,"catalog_static_only_count":0,"catalog_d1_only_count":429,"catalog_drift_count":0,"catalog_order_drift_count":0,"catalog_hydration_failure_count":0,"catalog_lookup_ms":0,"release_id":"rel-bd00a4f53fcaeee4","release_expected_count":500,"release_readiness":"ready","release_readiness_code":null,"release_reviewed_growth_count":429,"drift_sample":[],"order_drift_sample":[],"hydration_failure_sample":[]}

stdout | tests/unit/recipe-canary-test-cohort.test.ts > T15C-C — authority router fences and diagnostics > d1 mode: retained cohort secrets are inert — no per-household carve-out, every tenant gets the verified D1 snapshot
{"event":"recipe_catalog_shadow","catalog_source":"static","catalog_mode":"shadow","status":"compared","catalog_static_count":71,"level":"info","catalog_d1_count":500,"catalog_complete_count":500,"catalog_hydrated_count":500,"catalog_static_only_count":0,"catalog_d1_only_count":429,"catalog_drift_count":0,"catalog_order_drift_count":0,"catalog_hydration_failure_count":0,"catalog_lookup_ms":0,"release_id":"rel-bd00a4f53fcaeee4","release_expected_count":500,"release_readiness":"ready","release_readiness_code":null,"release_reviewed_growth_count":429,"drift_sample":[],"order_drift_sample":[],"hydration_failure_sample":[]}

stderr | tests/integration/frontend-ui-integration.test.tsx > real Home data rendered through the shared QueryClient > renders honest empty states without fake meal, budget, expiry items, progress, or notification badges
Warning: useLayoutEffect does nothing on the server, because its effect cannot be encoded into the server renderer's output format. This will lead to a mismatch between the initial, non-hydrated UI and the intended UI. To avoid this, useLayoutEffect should only be used in components that render exclusively on the client. See https://reactjs.org/link/uselayouteffect-ssr for common fixes.
    at MemoryRouter (/Users/tunbee27/Documents/Tako-san-ui-rebuild/node_modules/.pnpm/react-router@6.30.6_react@18.3.1/node_modules/react-router/dist/umd/react-router.development.js:1097:7)
    at QueryClientProvider (file:///Users/tunbee27/Documents/Tako-san-ui-rebuild/node_modules/.pnpm/@tanstack+react-query@5.102.8_react@18.3.1/node_modules/@tanstack/react-query/build/modern/QueryClientProvider.js:12:32)
Warning: useLayoutEffect does nothing on the server, because its effect cannot be encoded into the server renderer's output format. This will lead to a mismatch between the initial, non-hydrated UI and the intended UI. To avoid this, useLayoutEffect should only be used in components that render exclusively on the client. See https://reactjs.org/link/uselayouteffect-ssr for common fixes.
    at LinkWithRef (/Users/tunbee27/Documents/Tako-san-ui-rebuild/node_modules/.pnpm/react-router-dom@6.30.6_react-dom@18.3.1_react@18.3.1__react@18.3.1/node_modules/react-router-dom/dist/umd/react-router-dom.development.js:807:9)
    at div
    at header
    at KitchenHeader (/Users/tunbee27/Documents/Tako-san-ui-rebuild/src/web/components/common/KitchenHeader.tsx:10:3)
    at TopBar (/Users/tunbee27/Documents/Tako-san-ui-rebuild/src/web/components/common/TopBar.tsx:9:3)
    at div
    at HomePage (/Users/tunbee27/Documents/Tako-san-ui-rebuild/src/web/pages/HomePage.tsx:148:65)
    at Router (/Users/tunbee27/Documents/Tako-san-ui-rebuild/node_modules/.pnpm/react-router@6.30.6_react@18.3.1/node_modules/react-router/dist/umd/react-router.development.js:1203:17)
    at MemoryRouter (/Users/tunbee27/Documents/Tako-san-ui-rebuild/node_modules/.pnpm/react-router@6.30.6_react@18.3.1/node_modules/react-router/dist/umd/react-router.development.js:1097:7)
    at QueryClientProvider (file:///Users/tunbee27/Documents/Tako-san-ui-rebuild/node_modules/.pnpm/@tanstack+react-query@5.102.8_react@18.3.1/node_modules/@tanstack/react-query/build/modern/QueryClientProvider.js:12:32)
Warning: useLayoutEffect does nothing on the server, because its effect cannot be encoded into the server renderer's output format. This will lead to a mismatch between the initial, non-hydrated UI and the intended UI. To avoid this, useLayoutEffect should only be used in components that render exclusively on the client. See https://reactjs.org/link/uselayouteffect-ssr for common fixes.
    at LinkWithRef (/Users/tunbee27/Documents/Tako-san-ui-rebuild/node_modules/.pnpm/react-router-dom@6.30.6_react-dom@18.3.1_react@18.3.1__react@18.3.1/node_modules/react-router-dom/dist/umd/react-router-dom.development.js:807:9)
    at div
    at header
    at KitchenHeader (/Users/tunbee27/Documents/Tako-san-ui-rebuild/src/web/components/common/KitchenHeader.tsx:10:3)
    at TopBar (/Users/tunbee27/Documents/Tako-san-ui-rebuild/src/web/components/common/TopBar.tsx:9:3)
    at div
    at HomePage (/Users/tunbee27/Documents/Tako-san-ui-rebuild/src/web/pages/HomePage.tsx:148:65)
    at Router (/Users/tunbee27/Documents/Tako-san-ui-rebuild/node_modules/.pnpm/react-router@6.30.6_react@18.3.1/node_modules/react-router/dist/umd/react-router.development.js:1203:17)
    at MemoryRouter (/Users/tunbee27/Documents/Tako-san-ui-rebuild/node_modules/.pnpm/react-router@6.30.6_react@18.3.1/node_modules/react-router/dist/umd/react-router.development.js:1097:7)
    at QueryClientProvider (file:///Users/tunbee27/Documents/Tako-san-ui-rebuild/node_modules/.pnpm/@tanstack+react-query@5.102.8_react@18.3.1/node_modules/@tanstack/react-query/build/modern/QueryClientProvider.js:12:32)
Warning: useLayoutEffect does nothing on the server, because its effect cannot be encoded into the server renderer's output format. This will lead to a mismatch between the initial, non-hydrated UI and the intended UI. To avoid this, useLayoutEffect should only be used in components that render exclusively on the client. See https://reactjs.org/link/uselayouteffect-ssr for common fixes.
    at LinkWithRef (/Users/tunbee27/Documents/Tako-san-ui-rebuild/node_modules/.pnpm/react-router-dom@6.30.6_react-dom@18.3.1_react@18.3.1__react@18.3.1/node_modules/react-router-dom/dist/umd/react-router-dom.development.js:807:9)
    at div
    at header
    at KitchenHeader (/Users/tunbee27/Documents/Tako-san-ui-rebuild/src/web/components/common/KitchenHeader.tsx:10:3)
    at TopBar (/Users/tunbee27/Documents/Tako-san-ui-rebuild/src/web/components/common/TopBar.tsx:9:3)
    at div
    at HomePage (/Users/tunbee27/Documents/Tako-san-ui-rebuild/src/web/pages/HomePage.tsx:148:65)
    at Router (/Users/tunbee27/Documents/Tako-san-ui-rebuild/node_modules/.pnpm/react-router@6.30.6_react@18.3.1/node_modules/react-router/dist/umd/react-router.development.js:1203:17)
    at MemoryRouter (/Users/tunbee27/Documents/Tako-san-ui-rebuild/node_modules/.pnpm/react-router@6.30.6_react@18.3.1/node_modules/react-router/dist/umd/react-router.development.js:1097:7)
    at QueryClientProvider (file:///Users/tunbee27/Documents/Tako-san-ui-rebuild/node_modules/.pnpm/@tanstack+react-query@5.102.8_react@18.3.1/node_modules/@tanstack/react-query/build/modern/QueryClientProvider.js:12:32)
Warning: useLayoutEffect does nothing on the server, because its effect cannot be encoded into the server renderer's output format. This will lead to a mismatch between the initial, non-hydrated UI and the intended UI. To avoid this, useLayoutEffect should only be used in components that render exclusively on the client. See https://reactjs.org/link/uselayouteffect-ssr for common fixes.
    at LinkWithRef (/Users/tunbee27/Documents/Tako-san-ui-rebuild/node_modules/.pnpm/react-router-dom@6.30.6_react-dom@18.3.1_react@18.3.1__react@18.3.1/node_modules/react-router-dom/dist/umd/react-router-dom.development.js:807:9)
    at KitchenScanLink (/Users/tunbee27/Documents/Tako-san-ui-rebuild/src/web/design-system/navigation.tsx:450:28)
    at header
    at KitchenHeader (/Users/tunbee27/Documents/Tako-san-ui-rebuild/src/web/components/common/KitchenHeader.tsx:10:3)
    at TopBar (/Users/tunbee27/Documents/Tako-san-ui-rebuild/src/web/components/common/TopBar.tsx:9:3)
    at div
    at HomePage (/Users/tunbee27/Documents/Tako-san-ui-rebuild/src/web/pages/HomePage.tsx:148:65)
    at Router (/Users/tunbee27/Documents/Tako-san-ui-rebuild/node_modules/.pnpm/react-router@6.30.6_react@18.3.1/node_modules/react-router/dist/umd/react-router.development.js:1203:17)
    at MemoryRouter (/Users/tunbee27/Documents/Tako-san-ui-rebuild/node_modules/.pnpm/react-router@6.30.6_react@18.3.1/node_modules/react-router/dist/umd/react-router.development.js:1097:7)
    at QueryClientProvider (file:///Users/tunbee27/Documents/Tako-san-ui-rebuild/node_modules/.pnpm/@tanstack+react-query@5.102.8_react@18.3.1/node_modules/@tanstack/react-query/build/modern/QueryClientProvider.js:12:32)
Warning: useLayoutEffect does nothing on the server, because its effect cannot be encoded into the server renderer's output format. This will lead to a mismatch between the initial, non-hydrated UI and the intended UI. To avoid this, useLayoutEffect should only be used in components that render exclusively on the client. See https://reactjs.org/link/uselayouteffect-ssr for common fixes.
    at LinkWithRef (/Users/tunbee27/Documents/Tako-san-ui-rebuild/node_modules/.pnpm/react-router-dom@6.30.6_react-dom@18.3.1_react@18.3.1__react@18.3.1/node_modules/react-router-dom/dist/umd/react-router-dom.development.js:807:9)
    at div
    at section
    at div
    at div
    at div
    at div
    at HomePage (/Users/tunbee27/Documents/Tako-san-ui-rebuild/src/web/pages/HomePage.tsx:148:65)
    at Router (/Users/tunbee27/Documents/Tako-san-ui-rebuild/node_modules/.pnpm/react-router@6.30.6_react@18.3.1/node_modules/react-router/dist/umd/react-router.development.js:1203:17)
    at MemoryRouter (/Users/tunbee27/Documents/Tako-san-ui-rebuild/node_modules/.pnpm/react-router@6.30.6_react@18.3.1/node_modules/react-router/dist/umd/react-router.development.js:1097:7)
    at QueryClientProvider (file:///Users/tunbee27/Documents/Tako-san-ui-rebuild/node_modules/.pnpm/@tanstack+react-query@5.102.8_react@18.3.1/node_modules/@tanstack/react-query/build/modern/QueryClientProvider.js:12:32)
Warning: useLayoutEffect does nothing on the server, because its effect cannot be encoded into the server renderer's output format. This will lead to a mismatch between the initial, non-hydrated UI and the intended UI. To avoid this, useLayoutEffect should only be used in components that render exclusively on the client. See https://reactjs.org/link/uselayouteffect-ssr for common fixes.
    at LinkWithRef (/Users/tunbee27/Documents/Tako-san-ui-rebuild/node_modules/.pnpm/react-router-dom@6.30.6_react-dom@18.3.1_react@18.3.1__react@18.3.1/node_modules/react-router-dom/dist/umd/react-router-dom.development.js:807:9)
    at div
    at section
    at div
    at div
    at div
    at div
    at HomePage (/Users/tunbee27/Documents/Tako-san-ui-rebuild/src/web/pages/HomePage.tsx:148:65)
    at Router (/Users/tunbee27/Documents/Tako-san-ui-rebuild/node_modules/.pnpm/react-router@6.30.6_react@18.3.1/node_modules/react-router/dist/umd/react-router.development.js:1203:17)
    at MemoryRouter (/Users/tunbee27/Documents/Tako-san-ui-rebuild/node_modules/.pnpm/react-router@6.30.6_react@18.3.1/node_modules/react-router/dist/umd/react-router.development.js:1097:7)
    at QueryClientProvider (file:///Users/tunbee27/Documents/Tako-san-ui-rebuild/node_modules/.pnpm/@tanstack+react-query@5.102.8_react@18.3.1/node_modules/@tanstack/react-query/build/modern/QueryClientProvider.js:12:32)
Warning: useLayoutEffect does nothing on the server, because its effect cannot be encoded into the server renderer's output format. This will lead to a mismatch between the initial, non-hydrated UI and the intended UI. To avoid this, useLayoutEffect should only be used in components that render exclusively on the client. See https://reactjs.org/link/uselayouteffect-ssr for common fixes.
    at LinkWithRef (/Users/tunbee27/Documents/Tako-san-ui-rebuild/node_modules/.pnpm/react-router-dom@6.30.6_react-dom@18.3.1_react@18.3.1__react@18.3.1/node_modules/react-router-dom/dist/umd/react-router-dom.development.js:807:9)
    at div
    at section
    at div
    at div
    at div
    at div
    at HomePage (/Users/tunbee27/Documents/Tako-san-ui-rebuild/src/web/pages/HomePage.tsx:148:65)
    at Router (/Users/tunbee27/Documents/Tako-san-ui-rebuild/node_modules/.pnpm/react-router@6.30.6_react@18.3.1/node_modules/react-router/dist/umd/react-router.development.js:1203:17)
    at MemoryRouter (/Users/tunbee27/Documents/Tako-san-ui-rebuild/node_modules/.pnpm/react-router@6.30.6_react@18.3.1/node_modules/react-router/dist/umd/react-router.development.js:1097:7)
    at QueryClientProvider (file:///Users/tunbee27/Documents/Tako-san-ui-rebuild/node_modules/.pnpm/@tanstack+react-query@5.102.8_react@18.3.1/node_modules/@tanstack/react-query/build/modern/QueryClientProvider.js:12:32)
Warning: useLayoutEffect does nothing on the server, because its effect cannot be encoded into the server renderer's output format. This will lead to a mismatch between the initial, non-hydrated UI and the intended UI. To avoid this, useLayoutEffect should only be used in components that render exclusively on the client. See https://reactjs.org/link/uselayouteffect-ssr for common fixes.
    at LinkWithRef (/Users/tunbee27/Documents/Tako-san-ui-rebuild/node_modules/.pnpm/react-router-dom@6.30.6_react-dom@18.3.1_react@18.3.1__react@18.3.1/node_modules/react-router-dom/dist/umd/react-router-dom.development.js:807:9)
    at div
    at section
    at div
    at div
    at div
    at HomePage (/Users/tunbee27/Documents/Tako-san-ui-rebuild/src/web/pages/HomePage.tsx:148:65)
    at Router (/Users/tunbee27/Documents/Tako-san-ui-rebuild/node_modules/.pnpm/react-router@6.30.6_react@18.3.1/node_modules/react-router/dist/umd/react-router.development.js:1203:17)
    at MemoryRouter (/Users/tunbee27/Documents/Tako-san-ui-rebuild/node_modules/.pnpm/react-router@6.30.6_react@18.3.1/node_modules/react-router/dist/umd/react-router.development.js:1097:7)
    at QueryClientProvider (file:///Users/tunbee27/Documents/Tako-san-ui-rebuild/node_modules/.pnpm/@tanstack+react-query@5.102.8_react@18.3.1/node_modules/@tanstack/react-query/build/modern/QueryClientProvider.js:12:32)
Warning: useLayoutEffect does nothing on the server, because its effect cannot be encoded into the server renderer's output format. This will lead to a mismatch between the initial, non-hydrated UI and the intended UI. To avoid this, useLayoutEffect should only be used in components that render exclusively on the client. See https://reactjs.org/link/uselayouteffect-ssr for common fixes.
    at LinkWithRef (/Users/tunbee27/Documents/Tako-san-ui-rebuild/node_modules/.pnpm/react-router-dom@6.30.6_react-dom@18.3.1_react@18.3.1__react@18.3.1/node_modules/react-router-dom/dist/umd/react-router-dom.development.js:807:9)
    at div
    at section
    at div
    at div
    at div
    at HomePage (/Users/tunbee27/Documents/Tako-san-ui-rebuild/src/web/pages/HomePage.tsx:148:65)
    at Router (/Users/tunbee27/Documents/Tako-san-ui-rebuild/node_modules/.pnpm/react-router@6.30.6_react@18.3.1/node_modules/react-router/dist/umd/react-router.development.js:1203:17)
    at MemoryRouter (/Users/tunbee27/Documents/Tako-san-ui-rebuild/node_modules/.pnpm/react-router@6.30.6_react@18.3.1/node_modules/react-router/dist/umd/react-router.development.js:1097:7)
    at QueryClientProvider (file:///Users/tunbee27/Documents/Tako-san-ui-rebuild/node_modules/.pnpm/@tanstack+react-query@5.102.8_react@18.3.1/node_modules/@tanstack/react-query/build/modern/QueryClientProvider.js:12:32)
Warning: useLayoutEffect does nothing on the server, because its effect cannot be encoded into the server renderer's output format. This will lead to a mismatch between the initial, non-hydrated UI and the intended UI. To avoid this, useLayoutEffect should only be used in components that render exclusively on the client. See https://reactjs.org/link/uselayouteffect-ssr for common fixes.
    at LinkWithRef (/Users/tunbee27/Documents/Tako-san-ui-rebuild/node_modules/.pnpm/react-router-dom@6.30.6_react-dom@18.3.1_react@18.3.1__react@18.3.1/node_modules/react-router-dom/dist/umd/react-router-dom.development.js:807:9)
    at section
    at div
    at div
    at div
    at HomePage (/Users/tunbee27/Documents/Tako-san-ui-rebuild/src/web/pages/HomePage.tsx:148:65)
    at Router (/Users/tunbee27/Documents/Tako-san-ui-rebuild/node_modules/.pnpm/react-router@6.30.6_react@18.3.1/node_modules/react-router/dist/umd/react-router.development.js:1203:17)
    at MemoryRouter (/Users/tunbee27/Documents/Tako-san-ui-rebuild/node_modules/.pnpm/react-router@6.30.6_react@18.3.1/node_modules/react-router/dist/umd/react-router.development.js:1097:7)
    at QueryClientProvider (file:///Users/tunbee27/Documents/Tako-san-ui-rebuild/node_modules/.pnpm/@tanstack+react-query@5.102.8_react@18.3.1/node_modules/@tanstack/react-query/build/modern/QueryClientProvider.js:12:32)

stderr | tests/integration/frontend-ui-integration.test.tsx > real Home data rendered through the shared QueryClient > derives the current meal, week progress, budget, and use-soon inventory from query data
Warning: useLayoutEffect does nothing on the server, because its effect cannot be encoded into the server renderer's output format. This will lead to a mismatch between the initial, non-hydrated UI and the intended UI. To avoid this, useLayoutEffect should only be used in components that render exclusively on the client. See https://reactjs.org/link/uselayouteffect-ssr for common fixes.
    at MemoryRouter (/Users/tunbee27/Documents/Tako-san-ui-rebuild/node_modules/.pnpm/react-router@6.30.6_react@18.3.1/node_modules/react-router/dist/umd/react-router.development.js:1097:7)
    at QueryClientProvider (file:///Users/tunbee27/Documents/Tako-san-ui-rebuild/node_modules/.pnpm/@tanstack+react-query@5.102.8_react@18.3.1/node_modules/@tanstack/react-query/build/modern/QueryClientProvider.js:12:32)
Warning: useLayoutEffect does nothing on the server, because its effect cannot be encoded into the server renderer's output format. This will lead to a mismatch between the initial, non-hydrated UI and the intended UI. To avoid this, useLayoutEffect should only be used in components that render exclusively on the client. See https://reactjs.org/link/uselayouteffect-ssr for common fixes.
    at LinkWithRef (/Users/tunbee27/Documents/Tako-san-ui-rebuild/node_modules/.pnpm/react-router-dom@6.30.6_react-dom@18.3.1_react@18.3.1__react@18.3.1/node_modules/react-router-dom/dist/umd/react-router-dom.development.js:807:9)
    at div
    at header
    at KitchenHeader (/Users/tunbee27/Documents/Tako-san-ui-rebuild/src/web/components/common/KitchenHeader.tsx:10:3)
    at TopBar (/Users/tunbee27/Documents/Tako-san-ui-rebuild/src/web/components/common/TopBar.tsx:9:3)
    at div
    at HomePage (/Users/tunbee27/Documents/Tako-san-ui-rebuild/src/web/pages/HomePage.tsx:148:65)
    at Router (/Users/tunbee27/Documents/Tako-san-ui-rebuild/node_modules/.pnpm/react-router@6.30.6_react@18.3.1/node_modules/react-router/dist/umd/react-router.development.js:1203:17)
    at MemoryRouter (/Users/tunbee27/Documents/Tako-san-ui-rebuild/node_modules/.pnpm/react-router@6.30.6_react@18.3.1/node_modules/react-router/dist/umd/react-router.development.js:1097:7)
    at QueryClientProvider (file:///Users/tunbee27/Documents/Tako-san-ui-rebuild/node_modules/.pnpm/@tanstack+react-query@5.102.8_react@18.3.1/node_modules/@tanstack/react-query/build/modern/QueryClientProvider.js:12:32)
Warning: useLayoutEffect does nothing on the server, because its effect cannot be encoded into the server renderer's output format. This will lead to a mismatch between the initial, non-hydrated UI and the intended UI. To avoid this, useLayoutEffect should only be used in components that render exclusively on the client. See https://reactjs.org/link/uselayouteffect-ssr for common fixes.
    at LinkWithRef (/Users/tunbee27/Documents/Tako-san-ui-rebuild/node_modules/.pnpm/react-router-dom@6.30.6_react-dom@18.3.1_react@18.3.1__react@18.3.1/node_modules/react-router-dom/dist/umd/react-router-dom.development.js:807:9)
    at div
    at header
    at KitchenHeader (/Users/tunbee27/Documents/Tako-san-ui-rebuild/src/web/components/common/KitchenHeader.tsx:10:3)
    at TopBar (/Users/tunbee27/Documents/Tako-san-ui-rebuild/src/web/components/common/TopBar.tsx:9:3)
    at div
    at HomePage (/Users/tunbee27/Documents/Tako-san-ui-rebuild/src/web/pages/HomePage.tsx:148:65)
    at Router (/Users/tunbee27/Documents/Tako-san-ui-rebuild/node_modules/.pnpm/react-router@6.30.6_react@18.3.1/node_modules/react-router/dist/umd/react-router.development.js:1203:17)
    at MemoryRouter (/Users/tunbee27/Documents/Tako-san-ui-rebuild/node_modules/.pnpm/react-router@6.30.6_react@18.3.1/node_modules/react-router/dist/umd/react-router.development.js:1097:7)
    at QueryClientProvider (file:///Users/tunbee27/Documents/Tako-san-ui-rebuild/node_modules/.pnpm/@tanstack+react-query@5.102.8_react@18.3.1/node_modules/@tanstack/react-query/build/modern/QueryClientProvider.js:12:32)
Warning: useLayoutEffect does nothing on the server, because its effect cannot be encoded into the server renderer's output format. This will lead to a mismatch between the initial, non-hydrated UI and the intended UI. To avoid this, useLayoutEffect should only be used in components that render exclusively on the client. See https://reactjs.org/link/uselayouteffect-ssr for common fixes.
    at LinkWithRef (/Users/tunbee27/Documents/Tako-san-ui-rebuild/node_modules/.pnpm/react-router-dom@6.30.6_react-dom@18.3.1_react@18.3.1__react@18.3.1/node_modules/react-router-dom/dist/umd/react-router-dom.development.js:807:9)
    at div
    at header
    at KitchenHeader (/Users/tunbee27/Documents/Tako-san-ui-rebuild/src/web/components/common/KitchenHeader.tsx:10:3)
    at TopBar (/Users/tunbee27/Documents/Tako-san-ui-rebuild/src/web/components/common/TopBar.tsx:9:3)
    at div
    at HomePage (/Users/tunbee27/Documents/Tako-san-ui-rebuild/src/web/pages/HomePage.tsx:148:65)
    at Router (/Users/tunbee27/Documents/Tako-san-ui-rebuild/node_modules/.pnpm/react-router@6.30.6_react@18.3.1/node_modules/react-router/dist/umd/react-router.development.js:1203:17)
    at MemoryRouter (/Users/tunbee27/Documents/Tako-san-ui-rebuild/node_modules/.pnpm/react-router@6.30.6_react@18.3.1/node_modules/react-router/dist/umd/react-router.development.js:1097:7)
    at QueryClientProvider (file:///Users/tunbee27/Documents/Tako-san-ui-rebuild/node_modules/.pnpm/@tanstack+react-query@5.102.8_react@18.3.1/node_modules/@tanstack/react-query/build/modern/QueryClientProvider.js:12:32)
Warning: useLayoutEffect does nothing on the server, because its effect cannot be encoded into the server renderer's output format. This will lead to a mismatch between the initial, non-hydrated UI and the intended UI. To avoid this, useLayoutEffect should only be used in components that render exclusively on the client. See https://reactjs.org/link/uselayouteffect-ssr for common fixes.
    at LinkWithRef (/Users/tunbee27/Documents/Tako-san-ui-rebuild/node_modules/.pnpm/react-router-dom@6.30.6_react-dom@18.3.1_react@18.3.1__react@18.3.1/node_modules/react-router-dom/dist/umd/react-router-dom.development.js:807:9)
    at KitchenScanLink (/Users/tunbee27/Documents/Tako-san-ui-rebuild/src/web/design-system/navigation.tsx:450:28)
    at header
    at KitchenHeader (/Users/tunbee27/Documents/Tako-san-ui-rebuild/src/web/components/common/KitchenHeader.tsx:10:3)
    at TopBar (/Users/tunbee27/Documents/Tako-san-ui-rebuild/src/web/components/common/TopBar.tsx:9:3)
    at div
    at HomePage (/Users/tunbee27/Documents/Tako-san-ui-rebuild/src/web/pages/HomePage.tsx:148:65)
    at Router (/Users/tunbee27/Documents/Tako-san-ui-rebuild/node_modules/.pnpm/react-router@6.30.6_react@18.3.1/node_modules/react-router/dist/umd/react-router.development.js:1203:17)
    at MemoryRouter (/Users/tunbee27/Documents/Tako-san-ui-rebuild/node_modules/.pnpm/react-router@6.30.6_react@18.3.1/node_modules/react-router/dist/umd/react-router.development.js:1097:7)
    at QueryClientProvider (file:///Users/tunbee27/Documents/Tako-san-ui-rebuild/node_modules/.pnpm/@tanstack+react-query@5.102.8_react@18.3.1/node_modules/@tanstack/react-query/build/modern/QueryClientProvider.js:12:32)
Warning: useLayoutEffect does nothing on the server, because its effect cannot be encoded into the server renderer's output format. This will lead to a mismatch between the initial, non-hydrated UI and the intended UI. To avoid this, useLayoutEffect should only be used in components that render exclusively on the client. See https://reactjs.org/link/uselayouteffect-ssr for common fixes.
    at LinkWithRef (/Users/tunbee27/Documents/Tako-san-ui-rebuild/node_modules/.pnpm/react-router-dom@6.30.6_react-dom@18.3.1_react@18.3.1__react@18.3.1/node_modules/react-router-dom/dist/umd/react-router-dom.development.js:807:9)
    at div
    at section
    at PlannedMeal (/Users/tunbee27/Documents/Tako-san-ui-rebuild/src/web/pages/HomePage.tsx:23:24)
    at div
    at div
    at div
    at div
    at HomePage (/Users/tunbee27/Documents/Tako-san-ui-rebuild/src/web/pages/HomePage.tsx:148:65)
    at Router (/Users/tunbee27/Documents/Tako-san-ui-rebuild/node_modules/.pnpm/react-router@6.30.6_react@18.3.1/node_modules/react-router/dist/umd/react-router.development.js:1203:17)
    at MemoryRouter (/Users/tunbee27/Documents/Tako-san-ui-rebuild/node_modules/.pnpm/react-router@6.30.6_react@18.3.1/node_modules/react-router/dist/umd/react-router.development.js:1097:7)
    at QueryClientProvider (file:///Users/tunbee27/Documents/Tako-san-ui-rebuild/node_modules/.pnpm/@tanstack+react-query@5.102.8_react@18.3.1/node_modules/@tanstack/react-query/build/modern/QueryClientProvider.js:12:32)
Warning: useLayoutEffect does nothing on the server, because its effect cannot be encoded into the server renderer's output format. This will lead to a mismatch between the initial, non-hydrated UI and the intended UI. To avoid this, useLayoutEffect should only be used in components that render exclusively on the client. See https://reactjs.org/link/uselayouteffect-ssr for common fixes.
    at LinkWithRef (/Users/tunbee27/Documents/Tako-san-ui-rebuild/node_modules/.pnpm/react-router-dom@6.30.6_react-dom@18.3.1_react@18.3.1__react@18.3.1/node_modules/react-router-dom/dist/umd/react-router-dom.development.js:807:9)
    at section
    at div
    at div
    at div
    at div
    at HomePage (/Users/tunbee27/Documents/Tako-san-ui-rebuild/src/web/pages/HomePage.tsx:148:65)
    at Router (/Users/tunbee27/Documents/Tako-san-ui-rebuild/node_modules/.pnpm/react-router@6.30.6_react@18.3.1/node_modules/react-router/dist/umd/react-router.development.js:1203:17)
    at MemoryRouter (/Users/tunbee27/Documents/Tako-san-ui-rebuild/node_modules/.pnpm/react-router@6.30.6_react@18.3.1/node_modules/react-router/dist/umd/react-router.development.js:1097:7)
    at QueryClientProvider (file:///Users/tunbee27/Documents/Tako-san-ui-rebuild/node_modules/.pnpm/@tanstack+react-query@5.102.8_react@18.3.1/node_modules/@tanstack/react-query/build/modern/QueryClientProvider.js:12:32)
Warning: useLayoutEffect does nothing on the server, because its effect cannot be encoded into the server renderer's output format. This will lead to a mismatch between the initial, non-hydrated UI and the intended UI. To avoid this, useLayoutEffect should only be used in components that render exclusively on the client. See https://reactjs.org/link/uselayouteffect-ssr for common fixes.
    at LinkWithRef (/Users/tunbee27/Documents/Tako-san-ui-rebuild/node_modules/.pnpm/react-router-dom@6.30.6_react-dom@18.3.1_react@18.3.1__react@18.3.1/node_modules/react-router-dom/dist/umd/react-router-dom.development.js:807:9)
    at div
    at section
    at div
    at div
    at div
    at div
    at HomePage (/Users/tunbee27/Documents/Tako-san-ui-rebuild/src/web/pages/HomePage.tsx:148:65)
    at Router (/Users/tunbee27/Documents/Tako-san-ui-rebuild/node_modules/.pnpm/react-router@6.30.6_react@18.3.1/node_modules/react-router/dist/umd/react-router.development.js:1203:17)
    at MemoryRouter (/Users/tunbee27/Documents/Tako-san-ui-rebuild/node_modules/.pnpm/react-router@6.30.6_react@18.3.1/node_modules/react-router/dist/umd/react-router.development.js:1097:7)
    at QueryClientProvider (file:///Users/tunbee27/Documents/Tako-san-ui-rebuild/node_modules/.pnpm/@tanstack+react-query@5.102.8_react@18.3.1/node_modules/@tanstack/react-query/build/modern/QueryClientProvider.js:12:32)
Warning: useLayoutEffect does nothing on the server, because its effect cannot be encoded into the server renderer's output format. This will lead to a mismatch between the initial, non-hydrated UI and the intended UI. To avoid this, useLayoutEffect should only be used in components that render exclusively on the client. See https://reactjs.org/link/uselayouteffect-ssr for common fixes.
    at LinkWithRef (/Users/tunbee27/Documents/Tako-san-ui-rebuild/node_modules/.pnpm/react-router-dom@6.30.6_react-dom@18.3.1_react@18.3.1__react@18.3.1/node_modules/react-router-dom/dist/umd/react-router-dom.development.js:807:9)
    at div
    at section
    at div
    at div
    at div
    at div
    at HomePage (/Users/tunbee27/Documents/Tako-san-ui-rebuild/src/web/pages/HomePage.tsx:148:65)
    at Router (/Users/tunbee27/Documents/Tako-san-ui-rebuild/node_modules/.pnpm/react-router@6.30.6_react@18.3.1/node_modules/react-router/dist/umd/react-router.development.js:1203:17)
    at MemoryRouter (/Users/tunbee27/Documents/Tako-san-ui-rebuild/node_modules/.pnpm/react-router@6.30.6_react@18.3.1/node_modules/react-router/dist/umd/react-router.development.js:1097:7)
    at QueryClientProvider (file:///Users/tunbee27/Documents/Tako-san-ui-rebuild/node_modules/.pnpm/@tanstack+react-query@5.102.8_react@18.3.1/node_modules/@tanstack/react-query/build/modern/QueryClientProvider.js:12:32)
Warning: useLayoutEffect does nothing on the server, because its effect cannot be encoded into the server renderer's output format. This will lead to a mismatch between the initial, non-hydrated UI and the intended UI. To avoid this, useLayoutEffect should only be used in components that render exclusively on the client. See https://reactjs.org/link/uselayouteffect-ssr for common fixes.
    at LinkWithRef (/Users/tunbee27/Documents/Tako-san-ui-rebuild/node_modules/.pnpm/react-router-dom@6.30.6_react-dom@18.3.1_react@18.3.1__react@18.3.1/node_modules/react-router-dom/dist/umd/react-router-dom.development.js:807:9)
    at div
    at section
    at div
    at div
    at div
    at HomePage (/Users/tunbee27/Documents/Tako-san-ui-rebuild/src/web/pages/HomePage.tsx:148:65)
    at Router (/Users/tunbee27/Documents/Tako-san-ui-rebuild/node_modules/.pnpm/react-router@6.30.6_react@18.3.1/node_modules/react-router/dist/umd/react-router.development.js:1203:17)
    at MemoryRouter (/Users/tunbee27/Documents/Tako-san-ui-rebuild/node_modules/.pnpm/react-router@6.30.6_react@18.3.1/node_modules/react-router/dist/umd/react-router.development.js:1097:7)
    at QueryClientProvider (file:///Users/tunbee27/Documents/Tako-san-ui-rebuild/node_modules/.pnpm/@tanstack+react-query@5.102.8_react@18.3.1/node_modules/@tanstack/react-query/build/modern/QueryClientProvider.js:12:32)
Warning: useLayoutEffect does nothing on the server, because its effect cannot be encoded into the server renderer's output format. This will lead to a mismatch between the initial, non-hydrated UI and the intended UI. To avoid this, useLayoutEffect should only be used in components that render exclusively on the client. See https://reactjs.org/link/uselayouteffect-ssr for common fixes.
    at LinkWithRef (/Users/tunbee27/Documents/Tako-san-ui-rebuild/node_modules/.pnpm/react-router-dom@6.30.6_react-dom@18.3.1_react@18.3.1__react@18.3.1/node_modules/react-router-dom/dist/umd/react-router-dom.development.js:807:9)
    at div
    at section
    at div
    at div
    at div
    at HomePage (/Users/tunbee27/Documents/Tako-san-ui-rebuild/src/web/pages/HomePage.tsx:148:65)
    at Router (/Users/tunbee27/Documents/Tako-san-ui-rebuild/node_modules/.pnpm/react-router@6.30.6_react@18.3.1/node_modules/react-router/dist/umd/react-router.development.js:1203:17)
    at MemoryRouter (/Users/tunbee27/Documents/Tako-san-ui-rebuild/node_modules/.pnpm/react-router@6.30.6_react@18.3.1/node_modules/react-router/dist/umd/react-router.development.js:1097:7)
    at QueryClientProvider (file:///Users/tunbee27/Documents/Tako-san-ui-rebuild/node_modules/.pnpm/@tanstack+react-query@5.102.8_react@18.3.1/node_modules/@tanstack/react-query/build/modern/QueryClientProvider.js:12:32)
Warning: useLayoutEffect does nothing on the server, because its effect cannot be encoded into the server renderer's output format. This will lead to a mismatch between the initial, non-hydrated UI and the intended UI. To avoid this, useLayoutEffect should only be used in components that render exclusively on the client. See https://reactjs.org/link/uselayouteffect-ssr for common fixes.
    at LinkWithRef (/Users/tunbee27/Documents/Tako-san-ui-rebuild/node_modules/.pnpm/react-router-dom@6.30.6_react-dom@18.3.1_react@18.3.1__react@18.3.1/node_modules/react-router-dom/dist/umd/react-router-dom.development.js:807:9)
    at section
    at div
    at div
    at div
    at HomePage (/Users/tunbee27/Documents/Tako-san-ui-rebuild/src/web/pages/HomePage.tsx:148:65)
    at Router (/Users/tunbee27/Documents/Tako-san-ui-rebuild/node_modules/.pnpm/react-router@6.30.6_react@18.3.1/node_modules/react-router/dist/umd/react-router.development.js:1203:17)
    at MemoryRouter (/Users/tunbee27/Documents/Tako-san-ui-rebuild/node_modules/.pnpm/react-router@6.30.6_react@18.3.1/node_modules/react-router/dist/umd/react-router.development.js:1097:7)
    at QueryClientProvider (file:///Users/tunbee27/Documents/Tako-san-ui-rebuild/node_modules/.pnpm/@tanstack+react-query@5.102.8_react@18.3.1/node_modules/@tanstack/react-query/build/modern/QueryClientProvider.js:12:32)

stderr | tests/integration/frontend-ui-integration.test.tsx > real Home data rendered through the shared QueryClient > qualifies estimated expiry on Home and keeps KNOWN/ESTIMATED/UNKNOWN visually distinct
Warning: useLayoutEffect does nothing on the server, because its effect cannot be encoded into the server renderer's output format. This will lead to a mismatch between the initial, non-hydrated UI and the intended UI. To avoid this, useLayoutEffect should only be used in components that render exclusively on the client. See https://reactjs.org/link/uselayouteffect-ssr for common fixes.
    at MemoryRouter (/Users/tunbee27/Documents/Tako-san-ui-rebuild/node_modules/.pnpm/react-router@6.30.6_react@18.3.1/node_modules/react-router/dist/umd/react-router.development.js:1097:7)
    at QueryClientProvider (file:///Users/tunbee27/Documents/Tako-san-ui-rebuild/node_modules/.pnpm/@tanstack+react-query@5.102.8_react@18.3.1/node_modules/@tanstack/react-query/build/modern/QueryClientProvider.js:12:32)
Warning: useLayoutEffect does nothing on the server, because its effect cannot be encoded into the server renderer's output format. This will lead to a mismatch between the initial, non-hydrated UI and the intended UI. To avoid this, useLayoutEffect should only be used in components that render exclusively on the client. See https://reactjs.org/link/uselayouteffect-ssr for common fixes.
    at LinkWithRef (/Users/tunbee27/Documents/Tako-san-ui-rebuild/node_modules/.pnpm/react-router-dom@6.30.6_react-dom@18.3.1_react@18.3.1__react@18.3.1/node_modules/react-router-dom/dist/umd/react-router-dom.development.js:807:9)
    at div
    at header
    at KitchenHeader (/Users/tunbee27/Documents/Tako-san-ui-rebuild/src/web/components/common/KitchenHeader.tsx:10:3)
    at TopBar (/Users/tunbee27/Documents/Tako-san-ui-rebuild/src/web/components/common/TopBar.tsx:9:3)
    at div
    at HomePage (/Users/tunbee27/Documents/Tako-san-ui-rebuild/src/web/pages/HomePage.tsx:148:65)
    at Router (/Users/tunbee27/Documents/Tako-san-ui-rebuild/node_modules/.pnpm/react-router@6.30.6_react@18.3.1/node_modules/react-router/dist/umd/react-router.development.js:1203:17)
    at MemoryRouter (/Users/tunbee27/Documents/Tako-san-ui-rebuild/node_modules/.pnpm/react-router@6.30.6_react@18.3.1/node_modules/react-router/dist/umd/react-router.development.js:1097:7)
    at QueryClientProvider (file:///Users/tunbee27/Documents/Tako-san-ui-rebuild/node_modules/.pnpm/@tanstack+react-query@5.102.8_react@18.3.1/node_modules/@tanstack/react-query/build/modern/QueryClientProvider.js:12:32)
Warning: useLayoutEffect does nothing on the server, because its effect cannot be encoded into the server renderer's output format. This will lead to a mismatch between the initial, non-hydrated UI and the intended UI. To avoid this, useLayoutEffect should only be used in components that render exclusively on the client. See https://reactjs.org/link/uselayouteffect-ssr for common fixes.
    at LinkWithRef (/Users/tunbee27/Documents/Tako-san-ui-rebuild/node_modules/.pnpm/react-router-dom@6.30.6_react-dom@18.3.1_react@18.3.1__react@18.3.1/node_modules/react-router-dom/dist/umd/react-router-dom.development.js:807:9)
    at div
    at header
    at KitchenHeader (/Users/tunbee27/Documents/Tako-san-ui-rebuild/src/web/components/common/KitchenHeader.tsx:10:3)
    at TopBar (/Users/tunbee27/Documents/Tako-san-ui-rebuild/src/web/components/common/TopBar.tsx:9:3)
    at div
    at HomePage (/Users/tunbee27/Documents/Tako-san-ui-rebuild/src/web/pages/HomePage.tsx:148:65)
    at Router (/Users/tunbee27/Documents/Tako-san-ui-rebuild/node_modules/.pnpm/react-router@6.30.6_react@18.3.1/node_modules/react-router/dist/umd/react-router.development.js:1203:17)
    at MemoryRouter (/Users/tunbee27/Documents/Tako-san-ui-rebuild/node_modules/.pnpm/react-router@6.30.6_react@18.3.1/node_modules/react-router/dist/umd/react-router.development.js:1097:7)
    at QueryClientProvider (file:///Users/tunbee27/Documents/Tako-san-ui-rebuild/node_modules/.pnpm/@tanstack+react-query@5.102.8_react@18.3.1/node_modules/@tanstack/react-query/build/modern/QueryClientProvider.js:12:32)
Warning: useLayoutEffect does nothing on the server, because its effect cannot be encoded into the server renderer's output format. This will lead to a mismatch between the initial, non-hydrated UI and the intended UI. To avoid this, useLayoutEffect should only be used in components that render exclusively on the client. See https://reactjs.org/link/uselayouteffect-ssr for common fixes.
    at LinkWithRef (/Users/tunbee27/Documents/Tako-san-ui-rebuild/node_modules/.pnpm/react-router-dom@6.30.6_react-dom@18.3.1_react@18.3.1__react@18.3.1/node_modules/react-router-dom/dist/umd/react-router-dom.development.js:807:9)
    at div
    at header
    at KitchenHeader (/Users/tunbee27/Documents/Tako-san-ui-rebuild/src/web/components/common/KitchenHeader.tsx:10:3)
    at TopBar (/Users/tunbee27/Documents/Tako-san-ui-rebuild/src/web/components/common/TopBar.tsx:9:3)
    at div
    at HomePage (/Users/tunbee27/Documents/Tako-san-ui-rebuild/src/web/pages/HomePage.tsx:148:65)
    at Router (/Users/tunbee27/Documents/Tako-san-ui-rebuild/node_modules/.pnpm/react-router@6.30.6_react@18.3.1/node_modules/react-router/dist/umd/react-router.development.js:1203:17)
    at MemoryRouter (/Users/tunbee27/Documents/Tako-san-ui-rebuild/node_modules/.pnpm/react-router@6.30.6_react@18.3.1/node_modules/react-router/dist/umd/react-router.development.js:1097:7)
    at QueryClientProvider (file:///Users/tunbee27/Documents/Tako-san-ui-rebuild/node_modules/.pnpm/@tanstack+react-query@5.102.8_react@18.3.1/node_modules/@tanstack/react-query/build/modern/QueryClientProvider.js:12:32)
Warning: useLayoutEffect does nothing on the server, because its effect cannot be encoded into the server renderer's output format. This will lead to a mismatch between the initial, non-hydrated UI and the intended UI. To avoid this, useLayoutEffect should only be used in components that render exclusively on the client. See https://reactjs.org/link/uselayouteffect-ssr for common fixes.
    at LinkWithRef (/Users/tunbee27/Documents/Tako-san-ui-rebuild/node_modules/.pnpm/react-router-dom@6.30.6_react-dom@18.3.1_react@18.3.1__react@18.3.1/node_modules/react-router-dom/dist/umd/react-router-dom.development.js:807:9)
    at KitchenScanLink (/Users/tunbee27/Documents/Tako-san-ui-rebuild/src/web/design-system/navigation.tsx:450:28)
    at header
    at KitchenHeader (/Users/tunbee27/Documents/Tako-san-ui-rebuild/src/web/components/common/KitchenHeader.tsx:10:3)
    at TopBar (/Users/tunbee27/Documents/Tako-san-ui-rebuild/src/web/components/common/TopBar.tsx:9:3)
    at div
    at HomePage (/Users/tunbee27/Documents/Tako-san-ui-rebuild/src/web/pages/HomePage.tsx:148:65)
    at Router (/Users/tunbee27/Documents/Tako-san-ui-rebuild/node_modules/.pnpm/react-router@6.30.6_react@18.3.1/node_modules/react-router/dist/umd/react-router.development.js:1203:17)
    at MemoryRouter (/Users/tunbee27/Documents/Tako-san-ui-rebuild/node_modules/.pnpm/react-router@6.30.6_react@18.3.1/node_modules/react-router/dist/umd/react-router.development.js:1097:7)
    at QueryClientProvider (file:///Users/tunbee27/Documents/Tako-san-ui-rebuild/node_modules/.pnpm/@tanstack+react-query@5.102.8_react@18.3.1/node_modules/@tanstack/react-query/build/modern/QueryClientProvider.js:12:32)
Warning: useLayoutEffect does nothing on the server, because its effect cannot be encoded into the server renderer's output format. This will lead to a mismatch between the initial, non-hydrated UI and the intended UI. To avoid this, useLayoutEffect should only be used in components that render exclusively on the client. See https://reactjs.org/link/uselayouteffect-ssr for common fixes.
    at LinkWithRef (/Users/tunbee27/Documents/Tako-san-ui-rebuild/node_modules/.pnpm/react-router-dom@6.30.6_react-dom@18.3.1_react@18.3.1__react@18.3.1/node_modules/react-router-dom/dist/umd/react-router-dom.development.js:807:9)
    at div
    at section
    at div
    at div
    at div
    at div
    at HomePage (/Users/tunbee27/Documents/Tako-san-ui-rebuild/src/web/pages/HomePage.tsx:148:65)
    at Router (/Users/tunbee27/Documents/Tako-san-ui-rebuild/node_modules/.pnpm/react-router@6.30.6_react@18.3.1/node_modules/react-router/dist/umd/react-router.development.js:1203:17)
    at MemoryRouter (/Users/tunbee27/Documents/Tako-san-ui-rebuild/node_modules/.pnpm/react-router@6.30.6_react@18.3.1/node_modules/react-router/dist/umd/react-router.development.js:1097:7)
    at QueryClientProvider (file:///Users/tunbee27/Documents/Tako-san-ui-rebuild/node_modules/.pnpm/@tanstack+react-query@5.102.8_react@18.3.1/node_modules/@tanstack/react-query/build/modern/QueryClientProvider.js:12:32)
Warning: useLayoutEffect does nothing on the server, because its effect cannot be encoded into the server renderer's output format. This will lead to a mismatch between the initial, non-hydrated UI and the intended UI. To avoid this, useLayoutEffect should only be used in components that render exclusively on the client. See https://reactjs.org/link/uselayouteffect-ssr for common fixes.
    at LinkWithRef (/Users/tunbee27/Documents/Tako-san-ui-rebuild/node_modules/.pnpm/react-router-dom@6.30.6_react-dom@18.3.1_react@18.3.1__react@18.3.1/node_modules/react-router-dom/dist/umd/react-router-dom.development.js:807:9)
    at div
    at section
    at div
    at div
    at div
    at div
    at HomePage (/Users/tunbee27/Documents/Tako-san-ui-rebuild/src/web/pages/HomePage.tsx:148:65)
    at Router (/Users/tunbee27/Documents/Tako-san-ui-rebuild/node_modules/.pnpm/react-router@6.30.6_react@18.3.1/node_modules/react-router/dist/umd/react-router.development.js:1203:17)
    at MemoryRouter (/Users/tunbee27/Documents/Tako-san-ui-rebuild/node_modules/.pnpm/react-router@6.30.6_react@18.3.1/node_modules/react-router/dist/umd/react-router.development.js:1097:7)
    at QueryClientProvider (file:///Users/tunbee27/Documents/Tako-san-ui-rebuild/node_modules/.pnpm/@tanstack+react-query@5.102.8_react@18.3.1/node_modules/@tanstack/react-query/build/modern/QueryClientProvider.js:12:32)
Warning: useLayoutEffect does nothing on the server, because its effect cannot be encoded into the server renderer's output format. This will lead to a mismatch between the initial, non-hydrated UI and the intended UI. To avoid this, useLayoutEffect should only be used in components that render exclusively on the client. See https://reactjs.org/link/uselayouteffect-ssr for common fixes.
    at LinkWithRef (/Users/tunbee27/Documents/Tako-san-ui-rebuild/node_modules/.pnpm/react-router-dom@6.30.6_react-dom@18.3.1_react@18.3.1__react@18.3.1/node_modules/react-router-dom/dist/umd/react-router-dom.development.js:807:9)
    at div
    at section
    at div
    at div
    at div
    at div
    at HomePage (/Users/tunbee27/Documents/Tako-san-ui-rebuild/src/web/pages/HomePage.tsx:148:65)
    at Router (/Users/tunbee27/Documents/Tako-san-ui-rebuild/node_modules/.pnpm/react-router@6.30.6_react@18.3.1/node_modules/react-router/dist/umd/react-router.development.js:1203:17)
    at MemoryRouter (/Users/tunbee27/Documents/Tako-san-ui-rebuild/node_modules/.pnpm/react-router@6.30.6_react@18.3.1/node_modules/react-router/dist/umd/react-router.development.js:1097:7)
    at QueryClientProvider (file:///Users/tunbee27/Documents/Tako-san-ui-rebuild/node_modules/.pnpm/@tanstack+react-query@5.102.8_react@18.3.1/node_modules/@tanstack/react-query/build/modern/QueryClientProvider.js:12:32)
Warning: useLayoutEffect does nothing on the server, because its effect cannot be encoded into the server renderer's output format. This will lead to a mismatch between the initial, non-hydrated UI and the intended UI. To avoid this, useLayoutEffect should only be used in components that render exclusively on the client. See https://reactjs.org/link/uselayouteffect-ssr for common fixes.
    at LinkWithRef (/Users/tunbee27/Documents/Tako-san-ui-rebuild/node_modules/.pnpm/react-router-dom@6.30.6_react-dom@18.3.1_react@18.3.1__react@18.3.1/node_modules/react-router-dom/dist/umd/react-router-dom.development.js:807:9)
    at div
    at section
    at div
    at div
    at div
    at div
    at HomePage (/Users/tunbee27/Documents/Tako-san-ui-rebuild/src/web/pages/HomePage.tsx:148:65)
    at Router (/Users/tunbee27/Documents/Tako-san-ui-rebuild/node_modules/.pnpm/react-router@6.30.6_react@18.3.1/node_modules/react-router/dist/umd/react-router.development.js:1203:17)
    at MemoryRouter (/Users/tunbee27/Documents/Tako-san-ui-rebuild/node_modules/.pnpm/react-router@6.30.6_react@18.3.1/node_modules/react-router/dist/umd/react-router.development.js:1097:7)
    at QueryClientProvider (file:///Users/tunbee27/Documents/Tako-san-ui-rebuild/node_modules/.pnpm/@tanstack+react-query@5.102.8_react@18.3.1/node_modules/@tanstack/react-query/build/modern/QueryClientProvider.js:12:32)
Warning: useLayoutEffect does nothing on the server, because its effect cannot be encoded into the server renderer's output format. This will lead to a mismatch between the initial, non-hydrated UI and the intended UI. To avoid this, useLayoutEffect should only be used in components that render exclusively on the client. See https://reactjs.org/link/uselayouteffect-ssr for common fixes.
    at LinkWithRef (/Users/tunbee27/Documents/Tako-san-ui-rebuild/node_modules/.pnpm/react-router-dom@6.30.6_react-dom@18.3.1_react@18.3.1__react@18.3.1/node_modules/react-router-dom/dist/umd/react-router-dom.development.js:807:9)
    at div
    at section
    at div
    at div
    at div
    at div
    at HomePage (/Users/tunbee27/Documents/Tako-san-ui-rebuild/src/web/pages/HomePage.tsx:148:65)
    at Router (/Users/tunbee27/Documents/Tako-san-ui-rebuild/node_modules/.pnpm/react-router@6.30.6_react@18.3.1/node_modules/react-router/dist/umd/react-router.development.js:1203:17)
    at MemoryRouter (/Users/tunbee27/Documents/Tako-san-ui-rebuild/node_modules/.pnpm/react-router@6.30.6_react@18.3.1/node_modules/react-router/dist/umd/react-router.development.js:1097:7)
    at QueryClientProvider (file:///Users/tunbee27/Documents/Tako-san-ui-rebuild/node_modules/.pnpm/@tanstack+react-query@5.102.8_react@18.3.1/node_modules/@tanstack/react-query/build/modern/QueryClientProvider.js:12:32)
Warning: useLayoutEffect does nothing on the server, because its effect cannot be encoded into the server renderer's output format. This will lead to a mismatch between the initial, non-hydrated UI and the intended UI. To avoid this, useLayoutEffect should only be used in components that render exclusively on the client. See https://reactjs.org/link/uselayouteffect-ssr for common fixes.
    at LinkWithRef (/Users/tunbee27/Documents/Tako-san-ui-rebuild/node_modules/.pnpm/react-router-dom@6.30.6_react-dom@18.3.1_react@18.3.1__react@18.3.1/node_modules/react-router-dom/dist/umd/react-router-dom.development.js:807:9)
    at div
    at section
    at div
    at div
    at div
    at HomePage (/Users/tunbee27/Documents/Tako-san-ui-rebuild/src/web/pages/HomePage.tsx:148:65)
    at Router (/Users/tunbee27/Documents/Tako-san-ui-rebuild/node_modules/.pnpm/react-router@6.30.6_react@18.3.1/node_modules/react-router/dist/umd/react-router.development.js:1203:17)
    at MemoryRouter (/Users/tunbee27/Documents/Tako-san-ui-rebuild/node_modules/.pnpm/react-router@6.30.6_react@18.3.1/node_modules/react-router/dist/umd/react-router.development.js:1097:7)
    at QueryClientProvider (file:///Users/tunbee27/Documents/Tako-san-ui-rebuild/node_modules/.pnpm/@tanstack+react-query@5.102.8_react@18.3.1/node_modules/@tanstack/react-query/build/modern/QueryClientProvider.js:12:32)
Warning: useLayoutEffect does nothing on the server, because its effect cannot be encoded into the server renderer's output format. This will lead to a mismatch between the initial, non-hydrated UI and the intended UI. To avoid this, useLayoutEffect should only be used in components that render exclusively on the client. See https://reactjs.org/link/uselayouteffect-ssr for common fixes.
    at LinkWithRef (/Users/tunbee27/Documents/Tako-san-ui-rebuild/node_modules/.pnpm/react-router-dom@6.30.6_react-dom@18.3.1_react@18.3.1__react@18.3.1/node_modules/react-router-dom/dist/umd/react-router-dom.development.js:807:9)
    at div
    at section
    at div
    at div
    at div
    at HomePage (/Users/tunbee27/Documents/Tako-san-ui-rebuild/src/web/pages/HomePage.tsx:148:65)
    at Router (/Users/tunbee27/Documents/Tako-san-ui-rebuild/node_modules/.pnpm/react-router@6.30.6_react@18.3.1/node_modules/react-router/dist/umd/react-router.development.js:1203:17)
    at MemoryRouter (/Users/tunbee27/Documents/Tako-san-ui-rebuild/node_modules/.pnpm/react-router@6.30.6_react@18.3.1/node_modules/react-router/dist/umd/react-router.development.js:1097:7)
    at QueryClientProvider (file:///Users/tunbee27/Documents/Tako-san-ui-rebuild/node_modules/.pnpm/@tanstack+react-query@5.102.8_react@18.3.1/node_modules/@tanstack/react-query/build/modern/QueryClientProvider.js:12:32)
Warning: useLayoutEffect does nothing on the server, because its effect cannot be encoded into the server renderer's output format. This will lead to a mismatch between the initial, non-hydrated UI and the intended UI. To avoid this, useLayoutEffect should only be used in components that render exclusively on the client. See https://reactjs.org/link/uselayouteffect-ssr for common fixes.
    at LinkWithRef (/Users/tunbee27/Documents/Tako-san-ui-rebuild/node_modules/.pnpm/react-router-dom@6.30.6_react-dom@18.3.1_react@18.3.1__react@18.3.1/node_modules/react-router-dom/dist/umd/react-router-dom.development.js:807:9)
    at section
    at div
    at div
    at div
    at HomePage (/Users/tunbee27/Documents/Tako-san-ui-rebuild/src/web/pages/HomePage.tsx:148:65)
    at Router (/Users/tunbee27/Documents/Tako-san-ui-rebuild/node_modules/.pnpm/react-router@6.30.6_react@18.3.1/node_modules/react-router/dist/umd/react-router.development.js:1203:17)
    at MemoryRouter (/Users/tunbee27/Documents/Tako-san-ui-rebuild/node_modules/.pnpm/react-router@6.30.6_react@18.3.1/node_modules/react-router/dist/umd/react-router.development.js:1097:7)
    at QueryClientProvider (file:///Users/tunbee27/Documents/Tako-san-ui-rebuild/node_modules/.pnpm/@tanstack+react-query@5.102.8_react@18.3.1/node_modules/@tanstack/react-query/build/modern/QueryClientProvider.js:12:32)

 ✓ tests/unit/recipe-canary-test-cohort.test.ts (29 tests) 1258ms
stderr | tests/integration/frontend-ui-integration.test.tsx > real Home data rendered through the shared QueryClient > keeps successful widgets visible while a failed Home query offers retry
Warning: useLayoutEffect does nothing on the server, because its effect cannot be encoded into the server renderer's output format. This will lead to a mismatch between the initial, non-hydrated UI and the intended UI. To avoid this, useLayoutEffect should only be used in components that render exclusively on the client. See https://reactjs.org/link/uselayouteffect-ssr for common fixes.
    at MemoryRouter (/Users/tunbee27/Documents/Tako-san-ui-rebuild/node_modules/.pnpm/react-router@6.30.6_react@18.3.1/node_modules/react-router/dist/umd/react-router.development.js:1097:7)
    at QueryClientProvider (file:///Users/tunbee27/Documents/Tako-san-ui-rebuild/node_modules/.pnpm/@tanstack+react-query@5.102.8_react@18.3.1/node_modules/@tanstack/react-query/build/modern/QueryClientProvider.js:12:32)
Warning: useLayoutEffect does nothing on the server, because its effect cannot be encoded into the server renderer's output format. This will lead to a mismatch between the initial, non-hydrated UI and the intended UI. To avoid this, useLayoutEffect should only be used in components that render exclusively on the client. See https://reactjs.org/link/uselayouteffect-ssr for common fixes.
    at LinkWithRef (/Users/tunbee27/Documents/Tako-san-ui-rebuild/node_modules/.pnpm/react-router-dom@6.30.6_react-dom@18.3.1_react@18.3.1__react@18.3.1/node_modules/react-router-dom/dist/umd/react-router-dom.development.js:807:9)
    at div
    at header
    at KitchenHeader (/Users/tunbee27/Documents/Tako-san-ui-rebuild/src/web/components/common/KitchenHeader.tsx:10:3)
    at TopBar (/Users/tunbee27/Documents/Tako-san-ui-rebuild/src/web/components/common/TopBar.tsx:9:3)
    at div
    at HomePage (/Users/tunbee27/Documents/Tako-san-ui-rebuild/src/web/pages/HomePage.tsx:148:65)
    at Router (/Users/tunbee27/Documents/Tako-san-ui-rebuild/node_modules/.pnpm/react-router@6.30.6_react@18.3.1/node_modules/react-router/dist/umd/react-router.development.js:1203:17)
    at MemoryRouter (/Users/tunbee27/Documents/Tako-san-ui-rebuild/node_modules/.pnpm/react-router@6.30.6_react@18.3.1/node_modules/react-router/dist/umd/react-router.development.js:1097:7)
    at QueryClientProvider (file:///Users/tunbee27/Documents/Tako-san-ui-rebuild/node_modules/.pnpm/@tanstack+react-query@5.102.8_react@18.3.1/node_modules/@tanstack/react-query/build/modern/QueryClientProvider.js:12:32)
Warning: useLayoutEffect does nothing on the server, because its effect cannot be encoded into the server renderer's output format. This will lead to a mismatch between the initial, non-hydrated UI and the intended UI. To avoid this, useLayoutEffect should only be used in components that render exclusively on the client. See https://reactjs.org/link/uselayouteffect-ssr for common fixes.
    at LinkWithRef (/Users/tunbee27/Documents/Tako-san-ui-rebuild/node_modules/.pnpm/react-router-dom@6.30.6_react-dom@18.3.1_react@18.3.1__react@18.3.1/node_modules/react-router-dom/dist/umd/react-router-dom.development.js:807:9)
    at div
    at header
    at KitchenHeader (/Users/tunbee27/Documents/Tako-san-ui-rebuild/src/web/components/common/KitchenHeader.tsx:10:3)
    at TopBar (/Users/tunbee27/Documents/Tako-san-ui-rebuild/src/web/components/common/TopBar.tsx:9:3)
    at div
    at HomePage (/Users/tunbee27/Documents/Tako-san-ui-rebuild/src/web/pages/HomePage.tsx:148:65)
    at Router (/Users/tunbee27/Documents/Tako-san-ui-rebuild/node_modules/.pnpm/react-router@6.30.6_react@18.3.1/node_modules/react-router/dist/umd/react-router.development.js:1203:17)
    at MemoryRouter (/Users/tunbee27/Documents/Tako-san-ui-rebuild/node_modules/.pnpm/react-router@6.30.6_react@18.3.1/node_modules/react-router/dist/umd/react-router.development.js:1097:7)
    at QueryClientProvider (file:///Users/tunbee27/Documents/Tako-san-ui-rebuild/node_modules/.pnpm/@tanstack+react-query@5.102.8_react@18.3.1/node_modules/@tanstack/react-query/build/modern/QueryClientProvider.js:12:32)
Warning: useLayoutEffect does nothing on the server, because its effect cannot be encoded into the server renderer's output format. This will lead to a mismatch between the initial, non-hydrated UI and the intended UI. To avoid this, useLayoutEffect should only be used in components that render exclusively on the client. See https://reactjs.org/link/uselayouteffect-ssr for common fixes.
    at LinkWithRef (/Users/tunbee27/Documents/Tako-san-ui-rebuild/node_modules/.pnpm/react-router-dom@6.30.6_react-dom@18.3.1_react@18.3.1__react@18.3.1/node_modules/react-router-dom/dist/umd/react-router-dom.development.js:807:9)
    at div
    at header
    at KitchenHeader (/Users/tunbee27/Documents/Tako-san-ui-rebuild/src/web/components/common/KitchenHeader.tsx:10:3)
    at TopBar (/Users/tunbee27/Documents/Tako-san-ui-rebuild/src/web/components/common/TopBar.tsx:9:3)
    at div
    at HomePage (/Users/tunbee27/Documents/Tako-san-ui-rebuild/src/web/pages/HomePage.tsx:148:65)
    at Router (/Users/tunbee27/Documents/Tako-san-ui-rebuild/node_modules/.pnpm/react-router@6.30.6_react@18.3.1/node_modules/react-router/dist/umd/react-router.development.js:1203:17)
    at MemoryRouter (/Users/tunbee27/Documents/Tako-san-ui-rebuild/node_modules/.pnpm/react-router@6.30.6_react@18.3.1/node_modules/react-router/dist/umd/react-router.development.js:1097:7)
    at QueryClientProvider (file:///Users/tunbee27/Documents/Tako-san-ui-rebuild/node_modules/.pnpm/@tanstack+react-query@5.102.8_react@18.3.1/node_modules/@tanstack/react-query/build/modern/QueryClientProvider.js:12:32)
Warning: useLayoutEffect does nothing on the server, because its effect cannot be encoded into the server renderer's output format. This will lead to a mismatch between the initial, non-hydrated UI and the intended UI. To avoid this, useLayoutEffect should only be used in components that render exclusively on the client. See https://reactjs.org/link/uselayouteffect-ssr for common fixes.
    at LinkWithRef (/Users/tunbee27/Documents/Tako-san-ui-rebuild/node_modules/.pnpm/react-router-dom@6.30.6_react-dom@18.3.1_react@18.3.1__react@18.3.1/node_modules/react-router-dom/dist/umd/react-router-dom.development.js:807:9)
    at KitchenScanLink (/Users/tunbee27/Documents/Tako-san-ui-rebuild/src/web/design-system/navigation.tsx:450:28)
    at header
    at KitchenHeader (/Users/tunbee27/Documents/Tako-san-ui-rebuild/src/web/components/common/KitchenHeader.tsx:10:3)
    at TopBar (/Users/tunbee27/Documents/Tako-san-ui-rebuild/src/web/components/common/TopBar.tsx:9:3)
    at div
    at HomePage (/Users/tunbee27/Documents/Tako-san-ui-rebuild/src/web/pages/HomePage.tsx:148:65)
    at Router (/Users/tunbee27/Documents/Tako-san-ui-rebuild/node_modules/.pnpm/react-router@6.30.6_react@18.3.1/node_modules/react-router/dist/umd/react-router.development.js:1203:17)
    at MemoryRouter (/Users/tunbee27/Documents/Tako-san-ui-rebuild/node_modules/.pnpm/react-router@6.30.6_react@18.3.1/node_modules/react-router/dist/umd/react-router.development.js:1097:7)
    at QueryClientProvider (file:///Users/tunbee27/Documents/Tako-san-ui-rebuild/node_modules/.pnpm/@tanstack+react-query@5.102.8_react@18.3.1/node_modules/@tanstack/react-query/build/modern/QueryClientProvider.js:12:32)
Warning: useLayoutEffect does nothing on the server, because its effect cannot be encoded into the server renderer's output format. This will lead to a mismatch between the initial, non-hydrated UI and the intended UI. To avoid this, useLayoutEffect should only be used in components that render exclusively on the client. See https://reactjs.org/link/uselayouteffect-ssr for common fixes.
    at LinkWithRef (/Users/tunbee27/Documents/Tako-san-ui-rebuild/node_modules/.pnpm/react-router-dom@6.30.6_react-dom@18.3.1_react@18.3.1__react@18.3.1/node_modules/react-router-dom/dist/umd/react-router-dom.development.js:807:9)
    at div
    at section
    at div
    at div
    at div
    at div
    at HomePage (/Users/tunbee27/Documents/Tako-san-ui-rebuild/src/web/pages/HomePage.tsx:148:65)
    at Router (/Users/tunbee27/Documents/Tako-san-ui-rebuild/node_modules/.pnpm/react-router@6.30.6_react@18.3.1/node_modules/react-router/dist/umd/react-router.development.js:1203:17)
    at MemoryRouter (/Users/tunbee27/Documents/Tako-san-ui-rebuild/node_modules/.pnpm/react-router@6.30.6_react@18.3.1/node_modules/react-router/dist/umd/react-router.development.js:1097:7)
    at QueryClientProvider (file:///Users/tunbee27/Documents/Tako-san-ui-rebuild/node_modules/.pnpm/@tanstack+react-query@5.102.8_react@18.3.1/node_modules/@tanstack/react-query/build/modern/QueryClientProvider.js:12:32)
Warning: useLayoutEffect does nothing on the server, because its effect cannot be encoded into the server renderer's output format. This will lead to a mismatch between the initial, non-hydrated UI and the intended UI. To avoid this, useLayoutEffect should only be used in components that render exclusively on the client. See https://reactjs.org/link/uselayouteffect-ssr for common fixes.
    at LinkWithRef (/Users/tunbee27/Documents/Tako-san-ui-rebuild/node_modules/.pnpm/react-router-dom@6.30.6_react-dom@18.3.1_react@18.3.1__react@18.3.1/node_modules/react-router-dom/dist/umd/react-router-dom.development.js:807:9)
    at div
    at section
    at div
    at div
    at div
    at div
    at HomePage (/Users/tunbee27/Documents/Tako-san-ui-rebuild/src/web/pages/HomePage.tsx:148:65)
    at Router (/Users/tunbee27/Documents/Tako-san-ui-rebuild/node_modules/.pnpm/react-router@6.30.6_react@18.3.1/node_modules/react-router/dist/umd/react-router.development.js:1203:17)
    at MemoryRouter (/Users/tunbee27/Documents/Tako-san-ui-rebuild/node_modules/.pnpm/react-router@6.30.6_react@18.3.1/node_modules/react-router/dist/umd/react-router.development.js:1097:7)
    at QueryClientProvider (file:///Users/tunbee27/Documents/Tako-san-ui-rebuild/node_modules/.pnpm/@tanstack+react-query@5.102.8_react@18.3.1/node_modules/@tanstack/react-query/build/modern/QueryClientProvider.js:12:32)
Warning: useLayoutEffect does nothing on the server, because its effect cannot be encoded into the server renderer's output format. This will lead to a mismatch between the initial, non-hydrated UI and the intended UI. To avoid this, useLayoutEffect should only be used in components that render exclusively on the client. See https://reactjs.org/link/uselayouteffect-ssr for common fixes.
    at LinkWithRef (/Users/tunbee27/Documents/Tako-san-ui-rebuild/node_modules/.pnpm/react-router-dom@6.30.6_react-dom@18.3.1_react@18.3.1__react@18.3.1/node_modules/react-router-dom/dist/umd/react-router-dom.development.js:807:9)
    at div
    at section
    at div
    at div
    at div
    at HomePage (/Users/tunbee27/Documents/Tako-san-ui-rebuild/src/web/pages/HomePage.tsx:148:65)
    at Router (/Users/tunbee27/Documents/Tako-san-ui-rebuild/node_modules/.pnpm/react-router@6.30.6_react@18.3.1/node_modules/react-router/dist/umd/react-router.development.js:1203:17)
    at MemoryRouter (/Users/tunbee27/Documents/Tako-san-ui-rebuild/node_modules/.pnpm/react-router@6.30.6_react@18.3.1/node_modules/react-router/dist/umd/react-router.development.js:1097:7)
    at QueryClientProvider (file:///Users/tunbee27/Documents/Tako-san-ui-rebuild/node_modules/.pnpm/@tanstack+react-query@5.102.8_react@18.3.1/node_modules/@tanstack/react-query/build/modern/QueryClientProvider.js:12:32)
Warning: useLayoutEffect does nothing on the server, because its effect cannot be encoded into the server renderer's output format. This will lead to a mismatch between the initial, non-hydrated UI and the intended UI. To avoid this, useLayoutEffect should only be used in components that render exclusively on the client. See https://reactjs.org/link/uselayouteffect-ssr for common fixes.
    at LinkWithRef (/Users/tunbee27/Documents/Tako-san-ui-rebuild/node_modules/.pnpm/react-router-dom@6.30.6_react-dom@18.3.1_react@18.3.1__react@18.3.1/node_modules/react-router-dom/dist/umd/react-router-dom.development.js:807:9)
    at div
    at section
    at div
    at div
    at div
    at HomePage (/Users/tunbee27/Documents/Tako-san-ui-rebuild/src/web/pages/HomePage.tsx:148:65)
    at Router (/Users/tunbee27/Documents/Tako-san-ui-rebuild/node_modules/.pnpm/react-router@6.30.6_react@18.3.1/node_modules/react-router/dist/umd/react-router.development.js:1203:17)
    at MemoryRouter (/Users/tunbee27/Documents/Tako-san-ui-rebuild/node_modules/.pnpm/react-router@6.30.6_react@18.3.1/node_modules/react-router/dist/umd/react-router.development.js:1097:7)
    at QueryClientProvider (file:///Users/tunbee27/Documents/Tako-san-ui-rebuild/node_modules/.pnpm/@tanstack+react-query@5.102.8_react@18.3.1/node_modules/@tanstack/react-query/build/modern/QueryClientProvider.js:12:32)
Warning: useLayoutEffect does nothing on the server, because its effect cannot be encoded into the server renderer's output format. This will lead to a mismatch between the initial, non-hydrated UI and the intended UI. To avoid this, useLayoutEffect should only be used in components that render exclusively on the client. See https://reactjs.org/link/uselayouteffect-ssr for common fixes.
    at LinkWithRef (/Users/tunbee27/Documents/Tako-san-ui-rebuild/node_modules/.pnpm/react-router-dom@6.30.6_react-dom@18.3.1_react@18.3.1__react@18.3.1/node_modules/react-router-dom/dist/umd/react-router-dom.development.js:807:9)
    at section
    at div
    at div
    at div
    at HomePage (/Users/tunbee27/Documents/Tako-san-ui-rebuild/src/web/pages/HomePage.tsx:148:65)
    at Router (/Users/tunbee27/Documents/Tako-san-ui-rebuild/node_modules/.pnpm/react-router@6.30.6_react@18.3.1/node_modules/react-router/dist/umd/react-router.development.js:1203:17)
    at MemoryRouter (/Users/tunbee27/Documents/Tako-san-ui-rebuild/node_modules/.pnpm/react-router@6.30.6_react@18.3.1/node_modules/react-router/dist/umd/react-router.development.js:1097:7)
    at QueryClientProvider (file:///Users/tunbee27/Documents/Tako-san-ui-rebuild/node_modules/.pnpm/@tanstack+react-query@5.102.8_react@18.3.1/node_modules/@tanstack/react-query/build/modern/QueryClientProvider.js:12:32)

stderr | tests/integration/frontend-ui-integration.test.tsx > real Home data rendered through the shared QueryClient > renders recommendations from server-state data rather than a hardcoded featured recipe
Warning: useLayoutEffect does nothing on the server, because its effect cannot be encoded into the server renderer's output format. This will lead to a mismatch between the initial, non-hydrated UI and the intended UI. To avoid this, useLayoutEffect should only be used in components that render exclusively on the client. See https://reactjs.org/link/uselayouteffect-ssr for common fixes.
    at MemoryRouter (/Users/tunbee27/Documents/Tako-san-ui-rebuild/node_modules/.pnpm/react-router@6.30.6_react@18.3.1/node_modules/react-router/dist/umd/react-router.development.js:1097:7)
    at QueryClientProvider (file:///Users/tunbee27/Documents/Tako-san-ui-rebuild/node_modules/.pnpm/@tanstack+react-query@5.102.8_react@18.3.1/node_modules/@tanstack/react-query/build/modern/QueryClientProvider.js:12:32)
Warning: useLayoutEffect does nothing on the server, because its effect cannot be encoded into the server renderer's output format. This will lead to a mismatch between the initial, non-hydrated UI and the intended UI. To avoid this, useLayoutEffect should only be used in components that render exclusively on the client. See https://reactjs.org/link/uselayouteffect-ssr for common fixes.
    at LinkWithRef (/Users/tunbee27/Documents/Tako-san-ui-rebuild/node_modules/.pnpm/react-router-dom@6.30.6_react-dom@18.3.1_react@18.3.1__react@18.3.1/node_modules/react-router-dom/dist/umd/react-router-dom.development.js:807:9)
    at div
    at header
    at KitchenHeader (/Users/tunbee27/Documents/Tako-san-ui-rebuild/src/web/components/common/KitchenHeader.tsx:10:3)
    at TopBar (/Users/tunbee27/Documents/Tako-san-ui-rebuild/src/web/components/common/TopBar.tsx:9:3)
    at div
    at HomePage (/Users/tunbee27/Documents/Tako-san-ui-rebuild/src/web/pages/HomePage.tsx:148:65)
    at Router (/Users/tunbee27/Documents/Tako-san-ui-rebuild/node_modules/.pnpm/react-router@6.30.6_react@18.3.1/node_modules/react-router/dist/umd/react-router.development.js:1203:17)
    at MemoryRouter (/Users/tunbee27/Documents/Tako-san-ui-rebuild/node_modules/.pnpm/react-router@6.30.6_react@18.3.1/node_modules/react-router/dist/umd/react-router.development.js:1097:7)
    at QueryClientProvider (file:///Users/tunbee27/Documents/Tako-san-ui-rebuild/node_modules/.pnpm/@tanstack+react-query@5.102.8_react@18.3.1/node_modules/@tanstack/react-query/build/modern/QueryClientProvider.js:12:32)
Warning: useLayoutEffect does nothing on the server, because its effect cannot be encoded into the server renderer's output format. This will lead to a mismatch between the initial, non-hydrated UI and the intended UI. To avoid this, useLayoutEffect should only be used in components that render exclusively on the client. See https://reactjs.org/link/uselayouteffect-ssr for common fixes.
    at LinkWithRef (/Users/tunbee27/Documents/Tako-san-ui-rebuild/node_modules/.pnpm/react-router-dom@6.30.6_react-dom@18.3.1_react@18.3.1__react@18.3.1/node_modules/react-router-dom/dist/umd/react-router-dom.development.js:807:9)
    at div
    at header
    at KitchenHeader (/Users/tunbee27/Documents/Tako-san-ui-rebuild/src/web/components/common/KitchenHeader.tsx:10:3)
    at TopBar (/Users/tunbee27/Documents/Tako-san-ui-rebuild/src/web/components/common/TopBar.tsx:9:3)
    at div
    at HomePage (/Users/tunbee27/Documents/Tako-san-ui-rebuild/src/web/pages/HomePage.tsx:148:65)
    at Router (/Users/tunbee27/Documents/Tako-san-ui-rebuild/node_modules/.pnpm/react-router@6.30.6_react@18.3.1/node_modules/react-router/dist/umd/react-router.development.js:1203:17)
    at MemoryRouter (/Users/tunbee27/Documents/Tako-san-ui-rebuild/node_modules/.pnpm/react-router@6.30.6_react@18.3.1/node_modules/react-router/dist/umd/react-router.development.js:1097:7)
    at QueryClientProvider (file:///Users/tunbee27/Documents/Tako-san-ui-rebuild/node_modules/.pnpm/@tanstack+react-query@5.102.8_react@18.3.1/node_modules/@tanstack/react-query/build/modern/QueryClientProvider.js:12:32)
Warning: useLayoutEffect does nothing on the server, because its effect cannot be encoded into the server renderer's output format. This will lead to a mismatch between the initial, non-hydrated UI and the intended UI. To avoid this, useLayoutEffect should only be used in components that render exclusively on the client. See https://reactjs.org/link/uselayouteffect-ssr for common fixes.
    at LinkWithRef (/Users/tunbee27/Documents/Tako-san-ui-rebuild/node_modules/.pnpm/react-router-dom@6.30.6_react-dom@18.3.1_react@18.3.1__react@18.3.1/node_modules/react-router-dom/dist/umd/react-router-dom.development.js:807:9)
    at div
    at header
    at KitchenHeader (/Users/tunbee27/Documents/Tako-san-ui-rebuild/src/web/components/common/KitchenHeader.tsx:10:3)
    at TopBar (/Users/tunbee27/Documents/Tako-san-ui-rebuild/src/web/components/common/TopBar.tsx:9:3)
    at div
    at HomePage (/Users/tunbee27/Documents/Tako-san-ui-rebuild/src/web/pages/HomePage.tsx:148:65)
    at Router (/Users/tunbee27/Documents/Tako-san-ui-rebuild/node_modules/.pnpm/react-router@6.30.6_react@18.3.1/node_modules/react-router/dist/umd/react-router.development.js:1203:17)
    at MemoryRouter (/Users/tunbee27/Documents/Tako-san-ui-rebuild/node_modules/.pnpm/react-router@6.30.6_react@18.3.1/node_modules/react-router/dist/umd/react-router.development.js:1097:7)
    at QueryClientProvider (file:///Users/tunbee27/Documents/Tako-san-ui-rebuild/node_modules/.pnpm/@tanstack+react-query@5.102.8_react@18.3.1/node_modules/@tanstack/react-query/build/modern/QueryClientProvider.js:12:32)
Warning: useLayoutEffect does nothing on the server, because its effect cannot be encoded into the server renderer's output format. This will lead to a mismatch between the initial, non-hydrated UI and the intended UI. To avoid this, useLayoutEffect should only be used in components that render exclusively on the client. See https://reactjs.org/link/uselayouteffect-ssr for common fixes.
    at LinkWithRef (/Users/tunbee27/Documents/Tako-san-ui-rebuild/node_modules/.pnpm/react-router-dom@6.30.6_react-dom@18.3.1_react@18.3.1__react@18.3.1/node_modules/react-router-dom/dist/umd/react-router-dom.development.js:807:9)
    at KitchenScanLink (/Users/tunbee27/Documents/Tako-san-ui-rebuild/src/web/design-system/navigation.tsx:450:28)
    at header
    at KitchenHeader (/Users/tunbee27/Documents/Tako-san-ui-rebuild/src/web/components/common/KitchenHeader.tsx:10:3)
    at TopBar (/Users/tunbee27/Documents/Tako-san-ui-rebuild/src/web/components/common/TopBar.tsx:9:3)
    at div
    at HomePage (/Users/tunbee27/Documents/Tako-san-ui-rebuild/src/web/pages/HomePage.tsx:148:65)
    at Router (/Users/tunbee27/Documents/Tako-san-ui-rebuild/node_modules/.pnpm/react-router@6.30.6_react@18.3.1/node_modules/react-router/dist/umd/react-router.development.js:1203:17)
    at MemoryRouter (/Users/tunbee27/Documents/Tako-san-ui-rebuild/node_modules/.pnpm/react-router@6.30.6_react@18.3.1/node_modules/react-router/dist/umd/react-router.development.js:1097:7)
    at QueryClientProvider (file:///Users/tunbee27/Documents/Tako-san-ui-rebuild/node_modules/.pnpm/@tanstack+react-query@5.102.8_react@18.3.1/node_modules/@tanstack/react-query/build/modern/QueryClientProvider.js:12:32)
Warning: useLayoutEffect does nothing on the server, because its effect cannot be encoded into the server renderer's output format. This will lead to a mismatch between the initial, non-hydrated UI and the intended UI. To avoid this, useLayoutEffect should only be used in components that render exclusively on the client. See https://reactjs.org/link/uselayouteffect-ssr for common fixes.
    at LinkWithRef (/Users/tunbee27/Documents/Tako-san-ui-rebuild/node_modules/.pnpm/react-router-dom@6.30.6_react-dom@18.3.1_react@18.3.1__react@18.3.1/node_modules/react-router-dom/dist/umd/react-router-dom.development.js:807:9)
    at div
    at section
    at div
    at div
    at div
    at div
    at HomePage (/Users/tunbee27/Documents/Tako-san-ui-rebuild/src/web/pages/HomePage.tsx:148:65)
    at Router (/Users/tunbee27/Documents/Tako-san-ui-rebuild/node_modules/.pnpm/react-router@6.30.6_react@18.3.1/node_modules/react-router/dist/umd/react-router.development.js:1203:17)
    at MemoryRouter (/Users/tunbee27/Documents/Tako-san-ui-rebuild/node_modules/.pnpm/react-router@6.30.6_react@18.3.1/node_modules/react-router/dist/umd/react-router.development.js:1097:7)
    at QueryClientProvider (file:///Users/tunbee27/Documents/Tako-san-ui-rebuild/node_modules/.pnpm/@tanstack+react-query@5.102.8_react@18.3.1/node_modules/@tanstack/react-query/build/modern/QueryClientProvider.js:12:32)
Warning: useLayoutEffect does nothing on the server, because its effect cannot be encoded into the server renderer's output format. This will lead to a mismatch between the initial, non-hydrated UI and the intended UI. To avoid this, useLayoutEffect should only be used in components that render exclusively on the client. See https://reactjs.org/link/uselayouteffect-ssr for common fixes.
    at LinkWithRef (/Users/tunbee27/Documents/Tako-san-ui-rebuild/node_modules/.pnpm/react-router-dom@6.30.6_react-dom@18.3.1_react@18.3.1__react@18.3.1/node_modules/react-router-dom/dist/umd/react-router-dom.development.js:807:9)
    at div
    at section
    at div
    at div
    at div
    at div
    at HomePage (/Users/tunbee27/Documents/Tako-san-ui-rebuild/src/web/pages/HomePage.tsx:148:65)
    at Router (/Users/tunbee27/Documents/Tako-san-ui-rebuild/node_modules/.pnpm/react-router@6.30.6_react@18.3.1/node_modules/react-router/dist/umd/react-router.development.js:1203:17)
    at MemoryRouter (/Users/tunbee27/Documents/Tako-san-ui-rebuild/node_modules/.pnpm/react-router@6.30.6_react@18.3.1/node_modules/react-router/dist/umd/react-router.development.js:1097:7)
    at QueryClientProvider (file:///Users/tunbee27/Documents/Tako-san-ui-rebuild/node_modules/.pnpm/@tanstack+react-query@5.102.8_react@18.3.1/node_modules/@tanstack/react-query/build/modern/QueryClientProvider.js:12:32)
Warning: useLayoutEffect does nothing on the server, because its effect cannot be encoded into the server renderer's output format. This will lead to a mismatch between the initial, non-hydrated UI and the intended UI. To avoid this, useLayoutEffect should only be used in components that render exclusively on the client. See https://reactjs.org/link/uselayouteffect-ssr for common fixes.
    at LinkWithRef (/Users/tunbee27/Documents/Tako-san-ui-rebuild/node_modules/.pnpm/react-router-dom@6.30.6_react-dom@18.3.1_react@18.3.1__react@18.3.1/node_modules/react-router-dom/dist/umd/react-router-dom.development.js:807:9)
    at div
    at section
    at div
    at div
    at div
    at div
    at HomePage (/Users/tunbee27/Documents/Tako-san-ui-rebuild/src/web/pages/HomePage.tsx:148:65)
    at Router (/Users/tunbee27/Documents/Tako-san-ui-rebuild/node_modules/.pnpm/react-router@6.30.6_react@18.3.1/node_modules/react-router/dist/umd/react-router.development.js:1203:17)
    at MemoryRouter (/Users/tunbee27/Documents/Tako-san-ui-rebuild/node_modules/.pnpm/react-router@6.30.6_react@18.3.1/node_modules/react-router/dist/umd/react-router.development.js:1097:7)
    at QueryClientProvider (file:///Users/tunbee27/Documents/Tako-san-ui-rebuild/node_modules/.pnpm/@tanstack+react-query@5.102.8_react@18.3.1/node_modules/@tanstack/react-query/build/modern/QueryClientProvider.js:12:32)
Warning: useLayoutEffect does nothing on the server, because its effect cannot be encoded into the server renderer's output format. This will lead to a mismatch between the initial, non-hydrated UI and the intended UI. To avoid this, useLayoutEffect should only be used in components that render exclusively on the client. See https://reactjs.org/link/uselayouteffect-ssr for common fixes.
    at LinkWithRef (/Users/tunbee27/Documents/Tako-san-ui-rebuild/node_modules/.pnpm/react-router-dom@6.30.6_react-dom@18.3.1_react@18.3.1__react@18.3.1/node_modules/react-router-dom/dist/umd/react-router-dom.development.js:807:9)
    at div
    at section
    at div
    at div
    at div
    at HomePage (/Users/tunbee27/Documents/Tako-san-ui-rebuild/src/web/pages/HomePage.tsx:148:65)
    at Router (/Users/tunbee27/Documents/Tako-san-ui-rebuild/node_modules/.pnpm/react-router@6.30.6_react@18.3.1/node_modules/react-router/dist/umd/react-router.development.js:1203:17)
    at MemoryRouter (/Users/tunbee27/Documents/Tako-san-ui-rebuild/node_modules/.pnpm/react-router@6.30.6_react@18.3.1/node_modules/react-router/dist/umd/react-router.development.js:1097:7)
    at QueryClientProvider (file:///Users/tunbee27/Documents/Tako-san-ui-rebuild/node_modules/.pnpm/@tanstack+react-query@5.102.8_react@18.3.1/node_modules/@tanstack/react-query/build/modern/QueryClientProvider.js:12:32)
Warning: useLayoutEffect does nothing on the server, because its effect cannot be encoded into the server renderer's output format. This will lead to a mismatch between the initial, non-hydrated UI and the intended UI. To avoid this, useLayoutEffect should only be used in components that render exclusively on the client. See https://reactjs.org/link/uselayouteffect-ssr for common fixes.
    at LinkWithRef (/Users/tunbee27/Documents/Tako-san-ui-rebuild/node_modules/.pnpm/react-router-dom@6.30.6_react-dom@18.3.1_react@18.3.1__react@18.3.1/node_modules/react-router-dom/dist/umd/react-router-dom.development.js:807:9)
    at section
    at div
    at div
    at div
    at HomePage (/Users/tunbee27/Documents/Tako-san-ui-rebuild/src/web/pages/HomePage.tsx:148:65)
    at Router (/Users/tunbee27/Documents/Tako-san-ui-rebuild/node_modules/.pnpm/react-router@6.30.6_react@18.3.1/node_modules/react-router/dist/umd/react-router.development.js:1203:17)
    at MemoryRouter (/Users/tunbee27/Documents/Tako-san-ui-rebuild/node_modules/.pnpm/react-router@6.30.6_react@18.3.1/node_modules/react-router/dist/umd/react-router.development.js:1097:7)
    at QueryClientProvider (file:///Users/tunbee27/Documents/Tako-san-ui-rebuild/node_modules/.pnpm/@tanstack+react-query@5.102.8_react@18.3.1/node_modules/@tanstack/react-query/build/modern/QueryClientProvider.js:12:32)

stderr | tests/integration/frontend-ui-integration.test.tsx > RecipeDetail loading, not-found, error, and success remain distinct > renders a real pending state before recipe data arrives
Warning: useLayoutEffect does nothing on the server, because its effect cannot be encoded into the server renderer's output format. This will lead to a mismatch between the initial, non-hydrated UI and the intended UI. To avoid this, useLayoutEffect should only be used in components that render exclusively on the client. See https://reactjs.org/link/uselayouteffect-ssr for common fixes.
    at MemoryRouter (/Users/tunbee27/Documents/Tako-san-ui-rebuild/node_modules/.pnpm/react-router@6.30.6_react@18.3.1/node_modules/react-router/dist/umd/react-router.development.js:1097:7)
    at QueryClientProvider (file:///Users/tunbee27/Documents/Tako-san-ui-rebuild/node_modules/.pnpm/@tanstack+react-query@5.102.8_react@18.3.1/node_modules/@tanstack/react-query/build/modern/QueryClientProvider.js:12:32)
Warning: useLayoutEffect does nothing on the server, because its effect cannot be encoded into the server renderer's output format. This will lead to a mismatch between the initial, non-hydrated UI and the intended UI. To avoid this, useLayoutEffect should only be used in components that render exclusively on the client. See https://reactjs.org/link/uselayouteffect-ssr for common fixes.
    at LinkWithRef (/Users/tunbee27/Documents/Tako-san-ui-rebuild/node_modules/.pnpm/react-router-dom@6.30.6_react-dom@18.3.1_react@18.3.1__react@18.3.1/node_modules/react-router-dom/dist/umd/react-router-dom.development.js:807:9)
    at div
    at header
    at KitchenHeader (/Users/tunbee27/Documents/Tako-san-ui-rebuild/src/web/components/common/KitchenHeader.tsx:10:3)
    at TopBar (/Users/tunbee27/Documents/Tako-san-ui-rebuild/src/web/components/common/TopBar.tsx:9:3)
    at div
    at RecipeDetailPage (/Users/tunbee27/Documents/Tako-san-ui-rebuild/src/web/pages/RecipeDetailPage.tsx:52:63)
    at Router (/Users/tunbee27/Documents/Tako-san-ui-rebuild/node_modules/.pnpm/react-router@6.30.6_react@18.3.1/node_modules/react-router/dist/umd/react-router.development.js:1203:17)
    at MemoryRouter (/Users/tunbee27/Documents/Tako-san-ui-rebuild/node_modules/.pnpm/react-router@6.30.6_react@18.3.1/node_modules/react-router/dist/umd/react-router.development.js:1097:7)
    at QueryClientProvider (file:///Users/tunbee27/Documents/Tako-san-ui-rebuild/node_modules/.pnpm/@tanstack+react-query@5.102.8_react@18.3.1/node_modules/@tanstack/react-query/build/modern/QueryClientProvider.js:12:32)
Warning: useLayoutEffect does nothing on the server, because its effect cannot be encoded into the server renderer's output format. This will lead to a mismatch between the initial, non-hydrated UI and the intended UI. To avoid this, useLayoutEffect should only be used in components that render exclusively on the client. See https://reactjs.org/link/uselayouteffect-ssr for common fixes.
    at LinkWithRef (/Users/tunbee27/Documents/Tako-san-ui-rebuild/node_modules/.pnpm/react-router-dom@6.30.6_react-dom@18.3.1_react@18.3.1__react@18.3.1/node_modules/react-router-dom/dist/umd/react-router-dom.development.js:807:9)
    at div
    at header
    at KitchenHeader (/Users/tunbee27/Documents/Tako-san-ui-rebuild/src/web/components/common/KitchenHeader.tsx:10:3)
    at TopBar (/Users/tunbee27/Documents/Tako-san-ui-rebuild/src/web/components/common/TopBar.tsx:9:3)
    at div
    at RecipeDetailPage (/Users/tunbee27/Documents/Tako-san-ui-rebuild/src/web/pages/RecipeDetailPage.tsx:52:63)
    at Router (/Users/tunbee27/Documents/Tako-san-ui-rebuild/node_modules/.pnpm/react-router@6.30.6_react@18.3.1/node_modules/react-router/dist/umd/react-router.development.js:1203:17)
    at MemoryRouter (/Users/tunbee27/Documents/Tako-san-ui-rebuild/node_modules/.pnpm/react-router@6.30.6_react@18.3.1/node_modules/react-router/dist/umd/react-router.development.js:1097:7)
    at QueryClientProvider (file:///Users/tunbee27/Documents/Tako-san-ui-rebuild/node_modules/.pnpm/@tanstack+react-query@5.102.8_react@18.3.1/node_modules/@tanstack/react-query/build/modern/QueryClientProvider.js:12:32)
Warning: useLayoutEffect does nothing on the server, because its effect cannot be encoded into the server renderer's output format. This will lead to a mismatch between the initial, non-hydrated UI and the intended UI. To avoid this, useLayoutEffect should only be used in components that render exclusively on the client. See https://reactjs.org/link/uselayouteffect-ssr for common fixes.
    at LinkWithRef (/Users/tunbee27/Documents/Tako-san-ui-rebuild/node_modules/.pnpm/react-router-dom@6.30.6_react-dom@18.3.1_react@18.3.1__react@18.3.1/node_modules/react-router-dom/dist/umd/react-router-dom.development.js:807:9)
    at div
    at header
    at KitchenHeader (/Users/tunbee27/Documents/Tako-san-ui-rebuild/src/web/components/common/KitchenHeader.tsx:10:3)
    at TopBar (/Users/tunbee27/Documents/Tako-san-ui-rebuild/src/web/components/common/TopBar.tsx:9:3)
    at div
    at RecipeDetailPage (/Users/tunbee27/Documents/Tako-san-ui-rebuild/src/web/pages/RecipeDetailPage.tsx:52:63)
    at Router (/Users/tunbee27/Documents/Tako-san-ui-rebuild/node_modules/.pnpm/react-router@6.30.6_react@18.3.1/node_modules/react-router/dist/umd/react-router.development.js:1203:17)
    at MemoryRouter (/Users/tunbee27/Documents/Tako-san-ui-rebuild/node_modules/.pnpm/react-router@6.30.6_react@18.3.1/node_modules/react-router/dist/umd/react-router.development.js:1097:7)
    at QueryClientProvider (file:///Users/tunbee27/Documents/Tako-san-ui-rebuild/node_modules/.pnpm/@tanstack+react-query@5.102.8_react@18.3.1/node_modules/@tanstack/react-query/build/modern/QueryClientProvider.js:12:32)
Warning: useLayoutEffect does nothing on the server, because its effect cannot be encoded into the server renderer's output format. This will lead to a mismatch between the initial, non-hydrated UI and the intended UI. To avoid this, useLayoutEffect should only be used in components that render exclusively on the client. See https://reactjs.org/link/uselayouteffect-ssr for common fixes.
    at LinkWithRef (/Users/tunbee27/Documents/Tako-san-ui-rebuild/node_modules/.pnpm/react-router-dom@6.30.6_react-dom@18.3.1_react@18.3.1__react@18.3.1/node_modules/react-router-dom/dist/umd/react-router-dom.development.js:807:9)
    at div
    at header
    at KitchenHeader (/Users/tunbee27/Documents/Tako-san-ui-rebuild/src/web/components/common/KitchenHeader.tsx:10:3)
    at TopBar (/Users/tunbee27/Documents/Tako-san-ui-rebuild/src/web/components/common/TopBar.tsx:9:3)
    at div
    at RecipeDetailPage (/Users/tunbee27/Documents/Tako-san-ui-rebuild/src/web/pages/RecipeDetailPage.tsx:52:63)
    at Router (/Users/tunbee27/Documents/Tako-san-ui-rebuild/node_modules/.pnpm/react-router@6.30.6_react@18.3.1/node_modules/react-router/dist/umd/react-router.development.js:1203:17)
    at MemoryRouter (/Users/tunbee27/Documents/Tako-san-ui-rebuild/node_modules/.pnpm/react-router@6.30.6_react@18.3.1/node_modules/react-router/dist/umd/react-router.development.js:1097:7)
    at QueryClientProvider (file:///Users/tunbee27/Documents/Tako-san-ui-rebuild/node_modules/.pnpm/@tanstack+react-query@5.102.8_react@18.3.1/node_modules/@tanstack/react-query/build/modern/QueryClientProvider.js:12:32)
Warning: useLayoutEffect does nothing on the server, because its effect cannot be encoded into the server renderer's output format. This will lead to a mismatch between the initial, non-hydrated UI and the intended UI. To avoid this, useLayoutEffect should only be used in components that render exclusively on the client. See https://reactjs.org/link/uselayouteffect-ssr for common fixes.
    at LinkWithRef (/Users/tunbee27/Documents/Tako-san-ui-rebuild/node_modules/.pnpm/react-router-dom@6.30.6_react-dom@18.3.1_react@18.3.1__react@18.3.1/node_modules/react-router-dom/dist/umd/react-router-dom.development.js:807:9)
    at KitchenScanLink (/Users/tunbee27/Documents/Tako-san-ui-rebuild/src/web/design-system/navigation.tsx:450:28)
    at header
    at KitchenHeader (/Users/tunbee27/Documents/Tako-san-ui-rebuild/src/web/components/common/KitchenHeader.tsx:10:3)
    at TopBar (/Users/tunbee27/Documents/Tako-san-ui-rebuild/src/web/components/common/TopBar.tsx:9:3)
    at div
    at RecipeDetailPage (/Users/tunbee27/Documents/Tako-san-ui-rebuild/src/web/pages/RecipeDetailPage.tsx:52:63)
    at Router (/Users/tunbee27/Documents/Tako-san-ui-rebuild/node_modules/.pnpm/react-router@6.30.6_react@18.3.1/node_modules/react-router/dist/umd/react-router.development.js:1203:17)
    at MemoryRouter (/Users/tunbee27/Documents/Tako-san-ui-rebuild/node_modules/.pnpm/react-router@6.30.6_react@18.3.1/node_modules/react-router/dist/umd/react-router.development.js:1097:7)
    at QueryClientProvider (file:///Users/tunbee27/Documents/Tako-san-ui-rebuild/node_modules/.pnpm/@tanstack+react-query@5.102.8_react@18.3.1/node_modules/@tanstack/react-query/build/modern/QueryClientProvider.js:12:32)

stderr | tests/integration/frontend-ui-integration.test.tsx > RecipeDetail loading, not-found, error, and success remain distinct > does not spin forever when a successful response has no recipe
Warning: useLayoutEffect does nothing on the server, because its effect cannot be encoded into the server renderer's output format. This will lead to a mismatch between the initial, non-hydrated UI and the intended UI. To avoid this, useLayoutEffect should only be used in components that render exclusively on the client. See https://reactjs.org/link/uselayouteffect-ssr for common fixes.
    at MemoryRouter (/Users/tunbee27/Documents/Tako-san-ui-rebuild/node_modules/.pnpm/react-router@6.30.6_react@18.3.1/node_modules/react-router/dist/umd/react-router.development.js:1097:7)
    at QueryClientProvider (file:///Users/tunbee27/Documents/Tako-san-ui-rebuild/node_modules/.pnpm/@tanstack+react-query@5.102.8_react@18.3.1/node_modules/@tanstack/react-query/build/modern/QueryClientProvider.js:12:32)
Warning: useLayoutEffect does nothing on the server, because its effect cannot be encoded into the server renderer's output format. This will lead to a mismatch between the initial, non-hydrated UI and the intended UI. To avoid this, useLayoutEffect should only be used in components that render exclusively on the client. See https://reactjs.org/link/uselayouteffect-ssr for common fixes.
    at LinkWithRef (/Users/tunbee27/Documents/Tako-san-ui-rebuild/node_modules/.pnpm/react-router-dom@6.30.6_react-dom@18.3.1_react@18.3.1__react@18.3.1/node_modules/react-router-dom/dist/umd/react-router-dom.development.js:807:9)
    at div
    at header
    at KitchenHeader (/Users/tunbee27/Documents/Tako-san-ui-rebuild/src/web/components/common/KitchenHeader.tsx:10:3)
    at TopBar (/Users/tunbee27/Documents/Tako-san-ui-rebuild/src/web/components/common/TopBar.tsx:9:3)
    at div
    at RecipeDetailPage (/Users/tunbee27/Documents/Tako-san-ui-rebuild/src/web/pages/RecipeDetailPage.tsx:52:63)
    at Router (/Users/tunbee27/Documents/Tako-san-ui-rebuild/node_modules/.pnpm/react-router@6.30.6_react@18.3.1/node_modules/react-router/dist/umd/react-router.development.js:1203:17)
    at MemoryRouter (/Users/tunbee27/Documents/Tako-san-ui-rebuild/node_modules/.pnpm/react-router@6.30.6_react@18.3.1/node_modules/react-router/dist/umd/react-router.development.js:1097:7)
    at QueryClientProvider (file:///Users/tunbee27/Documents/Tako-san-ui-rebuild/node_modules/.pnpm/@tanstack+react-query@5.102.8_react@18.3.1/node_modules/@tanstack/react-query/build/modern/QueryClientProvider.js:12:32)
Warning: useLayoutEffect does nothing on the server, because its effect cannot be encoded into the server renderer's output format. This will lead to a mismatch between the initial, non-hydrated UI and the intended UI. To avoid this, useLayoutEffect should only be used in components that render exclusively on the client. See https://reactjs.org/link/uselayouteffect-ssr for common fixes.
    at LinkWithRef (/Users/tunbee27/Documents/Tako-san-ui-rebuild/node_modules/.pnpm/react-router-dom@6.30.6_react-dom@18.3.1_react@18.3.1__react@18.3.1/node_modules/react-router-dom/dist/umd/react-router-dom.development.js:807:9)
    at div
    at header
    at KitchenHeader (/Users/tunbee27/Documents/Tako-san-ui-rebuild/src/web/components/common/KitchenHeader.tsx:10:3)
    at TopBar (/Users/tunbee27/Documents/Tako-san-ui-rebuild/src/web/components/common/TopBar.tsx:9:3)
    at div
    at RecipeDetailPage (/Users/tunbee27/Documents/Tako-san-ui-rebuild/src/web/pages/RecipeDetailPage.tsx:52:63)
    at Router (/Users/tunbee27/Documents/Tako-san-ui-rebuild/node_modules/.pnpm/react-router@6.30.6_react@18.3.1/node_modules/react-router/dist/umd/react-router.development.js:1203:17)
    at MemoryRouter (/Users/tunbee27/Documents/Tako-san-ui-rebuild/node_modules/.pnpm/react-router@6.30.6_react@18.3.1/node_modules/react-router/dist/umd/react-router.development.js:1097:7)
    at QueryClientProvider (file:///Users/tunbee27/Documents/Tako-san-ui-rebuild/node_modules/.pnpm/@tanstack+react-query@5.102.8_react@18.3.1/node_modules/@tanstack/react-query/build/modern/QueryClientProvider.js:12:32)
Warning: useLayoutEffect does nothing on the server, because its effect cannot be encoded into the server renderer's output format. This will lead to a mismatch between the initial, non-hydrated UI and the intended UI. To avoid this, useLayoutEffect should only be used in components that render exclusively on the client. See https://reactjs.org/link/uselayouteffect-ssr for common fixes.
    at LinkWithRef (/Users/tunbee27/Documents/Tako-san-ui-rebuild/node_modules/.pnpm/react-router-dom@6.30.6_react-dom@18.3.1_react@18.3.1__react@18.3.1/node_modules/react-router-dom/dist/umd/react-router-dom.development.js:807:9)
    at div
    at header
    at KitchenHeader (/Users/tunbee27/Documents/Tako-san-ui-rebuild/src/web/components/common/KitchenHeader.tsx:10:3)
    at TopBar (/Users/tunbee27/Documents/Tako-san-ui-rebuild/src/web/components/common/TopBar.tsx:9:3)
    at div
    at RecipeDetailPage (/Users/tunbee27/Documents/Tako-san-ui-rebuild/src/web/pages/RecipeDetailPage.tsx:52:63)
    at Router (/Users/tunbee27/Documents/Tako-san-ui-rebuild/node_modules/.pnpm/react-router@6.30.6_react@18.3.1/node_modules/react-router/dist/umd/react-router.development.js:1203:17)
    at MemoryRouter (/Users/tunbee27/Documents/Tako-san-ui-rebuild/node_modules/.pnpm/react-router@6.30.6_react@18.3.1/node_modules/react-router/dist/umd/react-router.development.js:1097:7)
    at QueryClientProvider (file:///Users/tunbee27/Documents/Tako-san-ui-rebuild/node_modules/.pnpm/@tanstack+react-query@5.102.8_react@18.3.1/node_modules/@tanstack/react-query/build/modern/QueryClientProvider.js:12:32)
Warning: useLayoutEffect does nothing on the server, because its effect cannot be encoded into the server renderer's output format. This will lead to a mismatch between the initial, non-hydrated UI and the intended UI. To avoid this, useLayoutEffect should only be used in components that render exclusively on the client. See https://reactjs.org/link/uselayouteffect-ssr for common fixes.
    at LinkWithRef (/Users/tunbee27/Documents/Tako-san-ui-rebuild/node_modules/.pnpm/react-router-dom@6.30.6_react-dom@18.3.1_react@18.3.1__react@18.3.1/node_modules/react-router-dom/dist/umd/react-router-dom.development.js:807:9)
    at div
    at header
    at KitchenHeader (/Users/tunbee27/Documents/Tako-san-ui-rebuild/src/web/components/common/KitchenHeader.tsx:10:3)
    at TopBar (/Users/tunbee27/Documents/Tako-san-ui-rebuild/src/web/components/common/TopBar.tsx:9:3)
    at div
    at RecipeDetailPage (/Users/tunbee27/Documents/Tako-san-ui-rebuild/src/web/pages/RecipeDetailPage.tsx:52:63)
    at Router (/Users/tunbee27/Documents/Tako-san-ui-rebuild/node_modules/.pnpm/react-router@6.30.6_react@18.3.1/node_modules/react-router/dist/umd/react-router.development.js:1203:17)
    at MemoryRouter (/Users/tunbee27/Documents/Tako-san-ui-rebuild/node_modules/.pnpm/react-router@6.30.6_react@18.3.1/node_modules/react-router/dist/umd/react-router.development.js:1097:7)
    at QueryClientProvider (file:///Users/tunbee27/Documents/Tako-san-ui-rebuild/node_modules/.pnpm/@tanstack+react-query@5.102.8_react@18.3.1/node_modules/@tanstack/react-query/build/modern/QueryClientProvider.js:12:32)
Warning: useLayoutEffect does nothing on the server, because its effect cannot be encoded into the server renderer's output format. This will lead to a mismatch between the initial, non-hydrated UI and the intended UI. To avoid this, useLayoutEffect should only be used in components that render exclusively on the client. See https://reactjs.org/link/uselayouteffect-ssr for common fixes.
    at LinkWithRef (/Users/tunbee27/Documents/Tako-san-ui-rebuild/node_modules/.pnpm/react-router-dom@6.30.6_react-dom@18.3.1_react@18.3.1__react@18.3.1/node_modules/react-router-dom/dist/umd/react-router-dom.development.js:807:9)
    at KitchenScanLink (/Users/tunbee27/Documents/Tako-san-ui-rebuild/src/web/design-system/navigation.tsx:450:28)
    at header
    at KitchenHeader (/Users/tunbee27/Documents/Tako-san-ui-rebuild/src/web/components/common/KitchenHeader.tsx:10:3)
    at TopBar (/Users/tunbee27/Documents/Tako-san-ui-rebuild/src/web/components/common/TopBar.tsx:9:3)
    at div
    at RecipeDetailPage (/Users/tunbee27/Documents/Tako-san-ui-rebuild/src/web/pages/RecipeDetailPage.tsx:52:63)
    at Router (/Users/tunbee27/Documents/Tako-san-ui-rebuild/node_modules/.pnpm/react-router@6.30.6_react@18.3.1/node_modules/react-router/dist/umd/react-router.development.js:1203:17)
    at MemoryRouter (/Users/tunbee27/Documents/Tako-san-ui-rebuild/node_modules/.pnpm/react-router@6.30.6_react@18.3.1/node_modules/react-router/dist/umd/react-router.development.js:1097:7)
    at QueryClientProvider (file:///Users/tunbee27/Documents/Tako-san-ui-rebuild/node_modules/.pnpm/@tanstack+react-query@5.102.8_react@18.3.1/node_modules/@tanstack/react-query/build/modern/QueryClientProvider.js:12:32)

stderr | tests/integration/frontend-ui-integration.test.tsx > RecipeDetail loading, not-found, error, and success remain distinct > renders a distinct 404 response instead of an infinite spinner
Warning: useLayoutEffect does nothing on the server, because its effect cannot be encoded into the server renderer's output format. This will lead to a mismatch between the initial, non-hydrated UI and the intended UI. To avoid this, useLayoutEffect should only be used in components that render exclusively on the client. See https://reactjs.org/link/uselayouteffect-ssr for common fixes.
    at MemoryRouter (/Users/tunbee27/Documents/Tako-san-ui-rebuild/node_modules/.pnpm/react-router@6.30.6_react@18.3.1/node_modules/react-router/dist/umd/react-router.development.js:1097:7)
    at QueryClientProvider (file:///Users/tunbee27/Documents/Tako-san-ui-rebuild/node_modules/.pnpm/@tanstack+react-query@5.102.8_react@18.3.1/node_modules/@tanstack/react-query/build/modern/QueryClientProvider.js:12:32)
Warning: useLayoutEffect does nothing on the server, because its effect cannot be encoded into the server renderer's output format. This will lead to a mismatch between the initial, non-hydrated UI and the intended UI. To avoid this, useLayoutEffect should only be used in components that render exclusively on the client. See https://reactjs.org/link/uselayouteffect-ssr for common fixes.
    at LinkWithRef (/Users/tunbee27/Documents/Tako-san-ui-rebuild/node_modules/.pnpm/react-router-dom@6.30.6_react-dom@18.3.1_react@18.3.1__react@18.3.1/node_modules/react-router-dom/dist/umd/react-router-dom.development.js:807:9)
    at div
    at header
    at KitchenHeader (/Users/tunbee27/Documents/Tako-san-ui-rebuild/src/web/components/common/KitchenHeader.tsx:10:3)
    at TopBar (/Users/tunbee27/Documents/Tako-san-ui-rebuild/src/web/components/common/TopBar.tsx:9:3)
    at div
    at RecipeDetailPage (/Users/tunbee27/Documents/Tako-san-ui-rebuild/src/web/pages/RecipeDetailPage.tsx:52:63)
    at Router (/Users/tunbee27/Documents/Tako-san-ui-rebuild/node_modules/.pnpm/react-router@6.30.6_react@18.3.1/node_modules/react-router/dist/umd/react-router.development.js:1203:17)
    at MemoryRouter (/Users/tunbee27/Documents/Tako-san-ui-rebuild/node_modules/.pnpm/react-router@6.30.6_react@18.3.1/node_modules/react-router/dist/umd/react-router.development.js:1097:7)
    at QueryClientProvider (file:///Users/tunbee27/Documents/Tako-san-ui-rebuild/node_modules/.pnpm/@tanstack+react-query@5.102.8_react@18.3.1/node_modules/@tanstack/react-query/build/modern/QueryClientProvider.js:12:32)
Warning: useLayoutEffect does nothing on the server, because its effect cannot be encoded into the server renderer's output format. This will lead to a mismatch between the initial, non-hydrated UI and the intended UI. To avoid this, useLayoutEffect should only be used in components that render exclusively on the client. See https://reactjs.org/link/uselayouteffect-ssr for common fixes.
    at LinkWithRef (/Users/tunbee27/Documents/Tako-san-ui-rebuild/node_modules/.pnpm/react-router-dom@6.30.6_react-dom@18.3.1_react@18.3.1__react@18.3.1/node_modules/react-router-dom/dist/umd/react-router-dom.development.js:807:9)
    at div
    at header
    at KitchenHeader (/Users/tunbee27/Documents/Tako-san-ui-rebuild/src/web/components/common/KitchenHeader.tsx:10:3)
    at TopBar (/Users/tunbee27/Documents/Tako-san-ui-rebuild/src/web/components/common/TopBar.tsx:9:3)
    at div
    at RecipeDetailPage (/Users/tunbee27/Documents/Tako-san-ui-rebuild/src/web/pages/RecipeDetailPage.tsx:52:63)
    at Router (/Users/tunbee27/Documents/Tako-san-ui-rebuild/node_modules/.pnpm/react-router@6.30.6_react@18.3.1/node_modules/react-router/dist/umd/react-router.development.js:1203:17)
    at MemoryRouter (/Users/tunbee27/Documents/Tako-san-ui-rebuild/node_modules/.pnpm/react-router@6.30.6_react@18.3.1/node_modules/react-router/dist/umd/react-router.development.js:1097:7)
    at QueryClientProvider (file:///Users/tunbee27/Documents/Tako-san-ui-rebuild/node_modules/.pnpm/@tanstack+react-query@5.102.8_react@18.3.1/node_modules/@tanstack/react-query/build/modern/QueryClientProvider.js:12:32)
Warning: useLayoutEffect does nothing on the server, because its effect cannot be encoded into the server renderer's output format. This will lead to a mismatch between the initial, non-hydrated UI and the intended UI. To avoid this, useLayoutEffect should only be used in components that render exclusively on the client. See https://reactjs.org/link/uselayouteffect-ssr for common fixes.
    at LinkWithRef (/Users/tunbee27/Documents/Tako-san-ui-rebuild/node_modules/.pnpm/react-router-dom@6.30.6_react-dom@18.3.1_react@18.3.1__react@18.3.1/node_modules/react-router-dom/dist/umd/react-router-dom.development.js:807:9)
    at div
    at header
    at KitchenHeader (/Users/tunbee27/Documents/Tako-san-ui-rebuild/src/web/components/common/KitchenHeader.tsx:10:3)
    at TopBar (/Users/tunbee27/Documents/Tako-san-ui-rebuild/src/web/components/common/TopBar.tsx:9:3)
    at div
    at RecipeDetailPage (/Users/tunbee27/Documents/Tako-san-ui-rebuild/src/web/pages/RecipeDetailPage.tsx:52:63)
    at Router (/Users/tunbee27/Documents/Tako-san-ui-rebuild/node_modules/.pnpm/react-router@6.30.6_react@18.3.1/node_modules/react-router/dist/umd/react-router.development.js:1203:17)
    at MemoryRouter (/Users/tunbee27/Documents/Tako-san-ui-rebuild/node_modules/.pnpm/react-router@6.30.6_react@18.3.1/node_modules/react-router/dist/umd/react-router.development.js:1097:7)
    at QueryClientProvider (file:///Users/tunbee27/Documents/Tako-san-ui-rebuild/node_modules/.pnpm/@tanstack+react-query@5.102.8_react@18.3.1/node_modules/@tanstack/react-query/build/modern/QueryClientProvider.js:12:32)
Warning: useLayoutEffect does nothing on the server, because its effect cannot be encoded into the server renderer's output format. This will lead to a mismatch between the initial, non-hydrated UI and the intended UI. To avoid this, useLayoutEffect should only be used in components that render exclusively on the client. See https://reactjs.org/link/uselayouteffect-ssr for common fixes.
    at LinkWithRef (/Users/tunbee27/Documents/Tako-san-ui-rebuild/node_modules/.pnpm/react-router-dom@6.30.6_react-dom@18.3.1_react@18.3.1__react@18.3.1/node_modules/react-router-dom/dist/umd/react-router-dom.development.js:807:9)
    at div
    at header
    at KitchenHeader (/Users/tunbee27/Documents/Tako-san-ui-rebuild/src/web/components/common/KitchenHeader.tsx:10:3)
    at TopBar (/Users/tunbee27/Documents/Tako-san-ui-rebuild/src/web/components/common/TopBar.tsx:9:3)
    at div
    at RecipeDetailPage (/Users/tunbee27/Documents/Tako-san-ui-rebuild/src/web/pages/RecipeDetailPage.tsx:52:63)
    at Router (/Users/tunbee27/Documents/Tako-san-ui-rebuild/node_modules/.pnpm/react-router@6.30.6_react@18.3.1/node_modules/react-router/dist/umd/react-router.development.js:1203:17)
    at MemoryRouter (/Users/tunbee27/Documents/Tako-san-ui-rebuild/node_modules/.pnpm/react-router@6.30.6_react@18.3.1/node_modules/react-router/dist/umd/react-router.development.js:1097:7)
    at QueryClientProvider (file:///Users/tunbee27/Documents/Tako-san-ui-rebuild/node_modules/.pnpm/@tanstack+react-query@5.102.8_react@18.3.1/node_modules/@tanstack/react-query/build/modern/QueryClientProvider.js:12:32)
Warning: useLayoutEffect does nothing on the server, because its effect cannot be encoded into the server renderer's output format. This will lead to a mismatch between the initial, non-hydrated UI and the intended UI. To avoid this, useLayoutEffect should only be used in components that render exclusively on the client. See https://reactjs.org/link/uselayouteffect-ssr for common fixes.
    at LinkWithRef (/Users/tunbee27/Documents/Tako-san-ui-rebuild/node_modules/.pnpm/react-router-dom@6.30.6_react-dom@18.3.1_react@18.3.1__react@18.3.1/node_modules/react-router-dom/dist/umd/react-router-dom.development.js:807:9)
    at KitchenScanLink (/Users/tunbee27/Documents/Tako-san-ui-rebuild/src/web/design-system/navigation.tsx:450:28)
    at header
    at KitchenHeader (/Users/tunbee27/Documents/Tako-san-ui-rebuild/src/web/components/common/KitchenHeader.tsx:10:3)
    at TopBar (/Users/tunbee27/Documents/Tako-san-ui-rebuild/src/web/components/common/TopBar.tsx:9:3)
    at div
    at RecipeDetailPage (/Users/tunbee27/Documents/Tako-san-ui-rebuild/src/web/pages/RecipeDetailPage.tsx:52:63)
    at Router (/Users/tunbee27/Documents/Tako-san-ui-rebuild/node_modules/.pnpm/react-router@6.30.6_react@18.3.1/node_modules/react-router/dist/umd/react-router.development.js:1203:17)
    at MemoryRouter (/Users/tunbee27/Documents/Tako-san-ui-rebuild/node_modules/.pnpm/react-router@6.30.6_react@18.3.1/node_modules/react-router/dist/umd/react-router.development.js:1097:7)
    at QueryClientProvider (file:///Users/tunbee27/Documents/Tako-san-ui-rebuild/node_modules/.pnpm/@tanstack+react-query@5.102.8_react@18.3.1/node_modules/@tanstack/react-query/build/modern/QueryClientProvider.js:12:32)

stderr | tests/integration/frontend-ui-integration.test.tsx > RecipeDetail loading, not-found, error, and success remain distinct > renders a distinct 500 response instead of an infinite spinner
Warning: useLayoutEffect does nothing on the server, because its effect cannot be encoded into the server renderer's output format. This will lead to a mismatch between the initial, non-hydrated UI and the intended UI. To avoid this, useLayoutEffect should only be used in components that render exclusively on the client. See https://reactjs.org/link/uselayouteffect-ssr for common fixes.
    at MemoryRouter (/Users/tunbee27/Documents/Tako-san-ui-rebuild/node_modules/.pnpm/react-router@6.30.6_react@18.3.1/node_modules/react-router/dist/umd/react-router.development.js:1097:7)
    at QueryClientProvider (file:///Users/tunbee27/Documents/Tako-san-ui-rebuild/node_modules/.pnpm/@tanstack+react-query@5.102.8_react@18.3.1/node_modules/@tanstack/react-query/build/modern/QueryClientProvider.js:12:32)
Warning: useLayoutEffect does nothing on the server, because its effect cannot be encoded into the server renderer's output format. This will lead to a mismatch between the initial, non-hydrated UI and the intended UI. To avoid this, useLayoutEffect should only be used in components that render exclusively on the client. See https://reactjs.org/link/uselayouteffect-ssr for common fixes.
    at LinkWithRef (/Users/tunbee27/Documents/Tako-san-ui-rebuild/node_modules/.pnpm/react-router-dom@6.30.6_react-dom@18.3.1_react@18.3.1__react@18.3.1/node_modules/react-router-dom/dist/umd/react-router-dom.development.js:807:9)
    at div
    at header
    at KitchenHeader (/Users/tunbee27/Documents/Tako-san-ui-rebuild/src/web/components/common/KitchenHeader.tsx:10:3)
    at TopBar (/Users/tunbee27/Documents/Tako-san-ui-rebuild/src/web/components/common/TopBar.tsx:9:3)
    at div
    at RecipeDetailPage (/Users/tunbee27/Documents/Tako-san-ui-rebuild/src/web/pages/RecipeDetailPage.tsx:52:63)
    at Router (/Users/tunbee27/Documents/Tako-san-ui-rebuild/node_modules/.pnpm/react-router@6.30.6_react@18.3.1/node_modules/react-router/dist/umd/react-router.development.js:1203:17)
    at MemoryRouter (/Users/tunbee27/Documents/Tako-san-ui-rebuild/node_modules/.pnpm/react-router@6.30.6_react@18.3.1/node_modules/react-router/dist/umd/react-router.development.js:1097:7)
    at QueryClientProvider (file:///Users/tunbee27/Documents/Tako-san-ui-rebuild/node_modules/.pnpm/@tanstack+react-query@5.102.8_react@18.3.1/node_modules/@tanstack/react-query/build/modern/QueryClientProvider.js:12:32)
Warning: useLayoutEffect does nothing on the server, because its effect cannot be encoded into the server renderer's output format. This will lead to a mismatch between the initial, non-hydrated UI and the intended UI. To avoid this, useLayoutEffect should only be used in components that render exclusively on the client. See https://reactjs.org/link/uselayouteffect-ssr for common fixes.
    at LinkWithRef (/Users/tunbee27/Documents/Tako-san-ui-rebuild/node_modules/.pnpm/react-router-dom@6.30.6_react-dom@18.3.1_react@18.3.1__react@18.3.1/node_modules/react-router-dom/dist/umd/react-router-dom.development.js:807:9)
    at div
    at header
    at KitchenHeader (/Users/tunbee27/Documents/Tako-san-ui-rebuild/src/web/components/common/KitchenHeader.tsx:10:3)
    at TopBar (/Users/tunbee27/Documents/Tako-san-ui-rebuild/src/web/components/common/TopBar.tsx:9:3)
    at div
    at RecipeDetailPage (/Users/tunbee27/Documents/Tako-san-ui-rebuild/src/web/pages/RecipeDetailPage.tsx:52:63)
    at Router (/Users/tunbee27/Documents/Tako-san-ui-rebuild/node_modules/.pnpm/react-router@6.30.6_react@18.3.1/node_modules/react-router/dist/umd/react-router.development.js:1203:17)
    at MemoryRouter (/Users/tunbee27/Documents/Tako-san-ui-rebuild/node_modules/.pnpm/react-router@6.30.6_react@18.3.1/node_modules/react-router/dist/umd/react-router.development.js:1097:7)
    at QueryClientProvider (file:///Users/tunbee27/Documents/Tako-san-ui-rebuild/node_modules/.pnpm/@tanstack+react-query@5.102.8_react@18.3.1/node_modules/@tanstack/react-query/build/modern/QueryClientProvider.js:12:32)
Warning: useLayoutEffect does nothing on the server, because its effect cannot be encoded into the server renderer's output format. This will lead to a mismatch between the initial, non-hydrated UI and the intended UI. To avoid this, useLayoutEffect should only be used in components that render exclusively on the client. See https://reactjs.org/link/uselayouteffect-ssr for common fixes.
    at LinkWithRef (/Users/tunbee27/Documents/Tako-san-ui-rebuild/node_modules/.pnpm/react-router-dom@6.30.6_react-dom@18.3.1_react@18.3.1__react@18.3.1/node_modules/react-router-dom/dist/umd/react-router-dom.development.js:807:9)
    at div
    at header
    at KitchenHeader (/Users/tunbee27/Documents/Tako-san-ui-rebuild/src/web/components/common/KitchenHeader.tsx:10:3)
    at TopBar (/Users/tunbee27/Documents/Tako-san-ui-rebuild/src/web/components/common/TopBar.tsx:9:3)
    at div
    at RecipeDetailPage (/Users/tunbee27/Documents/Tako-san-ui-rebuild/src/web/pages/RecipeDetailPage.tsx:52:63)
    at Router (/Users/tunbee27/Documents/Tako-san-ui-rebuild/node_modules/.pnpm/react-router@6.30.6_react@18.3.1/node_modules/react-router/dist/umd/react-router.development.js:1203:17)
    at MemoryRouter (/Users/tunbee27/Documents/Tako-san-ui-rebuild/node_modules/.pnpm/react-router@6.30.6_react@18.3.1/node_modules/react-router/dist/umd/react-router.development.js:1097:7)
    at QueryClientProvider (file:///Users/tunbee27/Documents/Tako-san-ui-rebuild/node_modules/.pnpm/@tanstack+react-query@5.102.8_react@18.3.1/node_modules/@tanstack/react-query/build/modern/QueryClientProvider.js:12:32)
Warning: useLayoutEffect does nothing on the server, because its effect cannot be encoded into the server renderer's output format. This will lead to a mismatch between the initial, non-hydrated UI and the intended UI. To avoid this, useLayoutEffect should only be used in components that render exclusively on the client. See https://reactjs.org/link/uselayouteffect-ssr for common fixes.
    at LinkWithRef (/Users/tunbee27/Documents/Tako-san-ui-rebuild/node_modules/.pnpm/react-router-dom@6.30.6_react-dom@18.3.1_react@18.3.1__react@18.3.1/node_modules/react-router-dom/dist/umd/react-router-dom.development.js:807:9)
    at div
    at header
    at KitchenHeader (/Users/tunbee27/Documents/Tako-san-ui-rebuild/src/web/components/common/KitchenHeader.tsx:10:3)
    at TopBar (/Users/tunbee27/Documents/Tako-san-ui-rebuild/src/web/components/common/TopBar.tsx:9:3)
    at div
    at RecipeDetailPage (/Users/tunbee27/Documents/Tako-san-ui-rebuild/src/web/pages/RecipeDetailPage.tsx:52:63)
    at Router (/Users/tunbee27/Documents/Tako-san-ui-rebuild/node_modules/.pnpm/react-router@6.30.6_react@18.3.1/node_modules/react-router/dist/umd/react-router.development.js:1203:17)
    at MemoryRouter (/Users/tunbee27/Documents/Tako-san-ui-rebuild/node_modules/.pnpm/react-router@6.30.6_react@18.3.1/node_modules/react-router/dist/umd/react-router.development.js:1097:7)
    at QueryClientProvider (file:///Users/tunbee27/Documents/Tako-san-ui-rebuild/node_modules/.pnpm/@tanstack+react-query@5.102.8_react@18.3.1/node_modules/@tanstack/react-query/build/modern/QueryClientProvider.js:12:32)
Warning: useLayoutEffect does nothing on the server, because its effect cannot be encoded into the server renderer's output format. This will lead to a mismatch between the initial, non-hydrated UI and the intended UI. To avoid this, useLayoutEffect should only be used in components that render exclusively on the client. See https://reactjs.org/link/uselayouteffect-ssr for common fixes.
    at LinkWithRef (/Users/tunbee27/Documents/Tako-san-ui-rebuild/node_modules/.pnpm/react-router-dom@6.30.6_react-dom@18.3.1_react@18.3.1__react@18.3.1/node_modules/react-router-dom/dist/umd/react-router-dom.development.js:807:9)
    at KitchenScanLink (/Users/tunbee27/Documents/Tako-san-ui-rebuild/src/web/design-system/navigation.tsx:450:28)
    at header
    at KitchenHeader (/Users/tunbee27/Documents/Tako-san-ui-rebuild/src/web/components/common/KitchenHeader.tsx:10:3)
    at TopBar (/Users/tunbee27/Documents/Tako-san-ui-rebuild/src/web/components/common/TopBar.tsx:9:3)
    at div
    at RecipeDetailPage (/Users/tunbee27/Documents/Tako-san-ui-rebuild/src/web/pages/RecipeDetailPage.tsx:52:63)
    at Router (/Users/tunbee27/Documents/Tako-san-ui-rebuild/node_modules/.pnpm/react-router@6.30.6_react@18.3.1/node_modules/react-router/dist/umd/react-router.development.js:1203:17)
    at MemoryRouter (/Users/tunbee27/Documents/Tako-san-ui-rebuild/node_modules/.pnpm/react-router@6.30.6_react@18.3.1/node_modules/react-router/dist/umd/react-router.development.js:1097:7)
    at QueryClientProvider (file:///Users/tunbee27/Documents/Tako-san-ui-rebuild/node_modules/.pnpm/@tanstack+react-query@5.102.8_react@18.3.1/node_modules/@tanstack/react-query/build/modern/QueryClientProvider.js:12:32)

stderr | tests/integration/frontend-ui-integration.test.tsx > RecipeDetail loading, not-found, error, and success remain distinct > renders the offline error honestly with retry
Warning: useLayoutEffect does nothing on the server, because its effect cannot be encoded into the server renderer's output format. This will lead to a mismatch between the initial, non-hydrated UI and the intended UI. To avoid this, useLayoutEffect should only be used in components that render exclusively on the client. See https://reactjs.org/link/uselayouteffect-ssr for common fixes.
    at MemoryRouter (/Users/tunbee27/Documents/Tako-san-ui-rebuild/node_modules/.pnpm/react-router@6.30.6_react@18.3.1/node_modules/react-router/dist/umd/react-router.development.js:1097:7)
    at QueryClientProvider (file:///Users/tunbee27/Documents/Tako-san-ui-rebuild/node_modules/.pnpm/@tanstack+react-query@5.102.8_react@18.3.1/node_modules/@tanstack/react-query/build/modern/QueryClientProvider.js:12:32)
Warning: useLayoutEffect does nothing on the server, because its effect cannot be encoded into the server renderer's output format. This will lead to a mismatch between the initial, non-hydrated UI and the intended UI. To avoid this, useLayoutEffect should only be used in components that render exclusively on the client. See https://reactjs.org/link/uselayouteffect-ssr for common fixes.
    at LinkWithRef (/Users/tunbee27/Documents/Tako-san-ui-rebuild/node_modules/.pnpm/react-router-dom@6.30.6_react-dom@18.3.1_react@18.3.1__react@18.3.1/node_modules/react-router-dom/dist/umd/react-router-dom.development.js:807:9)
    at div
    at header
    at KitchenHeader (/Users/tunbee27/Documents/Tako-san-ui-rebuild/src/web/components/common/KitchenHeader.tsx:10:3)
    at TopBar (/Users/tunbee27/Documents/Tako-san-ui-rebuild/src/web/components/common/TopBar.tsx:9:3)
    at div
    at RecipeDetailPage (/Users/tunbee27/Documents/Tako-san-ui-rebuild/src/web/pages/RecipeDetailPage.tsx:52:63)
    at Router (/Users/tunbee27/Documents/Tako-san-ui-rebuild/node_modules/.pnpm/react-router@6.30.6_react@18.3.1/node_modules/react-router/dist/umd/react-router.development.js:1203:17)
    at MemoryRouter (/Users/tunbee27/Documents/Tako-san-ui-rebuild/node_modules/.pnpm/react-router@6.30.6_react@18.3.1/node_modules/react-router/dist/umd/react-router.development.js:1097:7)
    at QueryClientProvider (file:///Users/tunbee27/Documents/Tako-san-ui-rebuild/node_modules/.pnpm/@tanstack+react-query@5.102.8_react@18.3.1/node_modules/@tanstack/react-query/build/modern/QueryClientProvider.js:12:32)
Warning: useLayoutEffect does nothing on the server, because its effect cannot be encoded into the server renderer's output format. This will lead to a mismatch between the initial, non-hydrated UI and the intended UI. To avoid this, useLayoutEffect should only be used in components that render exclusively on the client. See https://reactjs.org/link/uselayouteffect-ssr for common fixes.
    at LinkWithRef (/Users/tunbee27/Documents/Tako-san-ui-rebuild/node_modules/.pnpm/react-router-dom@6.30.6_react-dom@18.3.1_react@18.3.1__react@18.3.1/node_modules/react-router-dom/dist/umd/react-router-dom.development.js:807:9)
    at div
    at header
    at KitchenHeader (/Users/tunbee27/Documents/Tako-san-ui-rebuild/src/web/components/common/KitchenHeader.tsx:10:3)
    at TopBar (/Users/tunbee27/Documents/Tako-san-ui-rebuild/src/web/components/common/TopBar.tsx:9:3)
    at div
    at RecipeDetailPage (/Users/tunbee27/Documents/Tako-san-ui-rebuild/src/web/pages/RecipeDetailPage.tsx:52:63)
    at Router (/Users/tunbee27/Documents/Tako-san-ui-rebuild/node_modules/.pnpm/react-router@6.30.6_react@18.3.1/node_modules/react-router/dist/umd/react-router.development.js:1203:17)
    at MemoryRouter (/Users/tunbee27/Documents/Tako-san-ui-rebuild/node_modules/.pnpm/react-router@6.30.6_react@18.3.1/node_modules/react-router/dist/umd/react-router.development.js:1097:7)
    at QueryClientProvider (file:///Users/tunbee27/Documents/Tako-san-ui-rebuild/node_modules/.pnpm/@tanstack+react-query@5.102.8_react@18.3.1/node_modules/@tanstack/react-query/build/modern/QueryClientProvider.js:12:32)
Warning: useLayoutEffect does nothing on the server, because its effect cannot be encoded into the server renderer's output format. This will lead to a mismatch between the initial, non-hydrated UI and the intended UI. To avoid this, useLayoutEffect should only be used in components that render exclusively on the client. See https://reactjs.org/link/uselayouteffect-ssr for common fixes.
    at LinkWithRef (/Users/tunbee27/Documents/Tako-san-ui-rebuild/node_modules/.pnpm/react-router-dom@6.30.6_react-dom@18.3.1_react@18.3.1__react@18.3.1/node_modules/react-router-dom/dist/umd/react-router-dom.development.js:807:9)
    at div
    at header
    at KitchenHeader (/Users/tunbee27/Documents/Tako-san-ui-rebuild/src/web/components/common/KitchenHeader.tsx:10:3)
    at TopBar (/Users/tunbee27/Documents/Tako-san-ui-rebuild/src/web/components/common/TopBar.tsx:9:3)
    at div
    at RecipeDetailPage (/Users/tunbee27/Documents/Tako-san-ui-rebuild/src/web/pages/RecipeDetailPage.tsx:52:63)
    at Router (/Users/tunbee27/Documents/Tako-san-ui-rebuild/node_modules/.pnpm/react-router@6.30.6_react@18.3.1/node_modules/react-router/dist/umd/react-router.development.js:1203:17)
    at MemoryRouter (/Users/tunbee27/Documents/Tako-san-ui-rebuild/node_modules/.pnpm/react-router@6.30.6_react@18.3.1/node_modules/react-router/dist/umd/react-router.development.js:1097:7)
    at QueryClientProvider (file:///Users/tunbee27/Documents/Tako-san-ui-rebuild/node_modules/.pnpm/@tanstack+react-query@5.102.8_react@18.3.1/node_modules/@tanstack/react-query/build/modern/QueryClientProvider.js:12:32)
Warning: useLayoutEffect does nothing on the server, because its effect cannot be encoded into the server renderer's output format. This will lead to a mismatch between the initial, non-hydrated UI and the intended UI. To avoid this, useLayoutEffect should only be used in components that render exclusively on the client. See https://reactjs.org/link/uselayouteffect-ssr for common fixes.
    at LinkWithRef (/Users/tunbee27/Documents/Tako-san-ui-rebuild/node_modules/.pnpm/react-router-dom@6.30.6_react-dom@18.3.1_react@18.3.1__react@18.3.1/node_modules/react-router-dom/dist/umd/react-router-dom.development.js:807:9)
    at div
    at header
    at KitchenHeader (/Users/tunbee27/Documents/Tako-san-ui-rebuild/src/web/components/common/KitchenHeader.tsx:10:3)
    at TopBar (/Users/tunbee27/Documents/Tako-san-ui-rebuild/src/web/components/common/TopBar.tsx:9:3)
    at div
    at RecipeDetailPage (/Users/tunbee27/Documents/Tako-san-ui-rebuild/src/web/pages/RecipeDetailPage.tsx:52:63)
    at Router (/Users/tunbee27/Documents/Tako-san-ui-rebuild/node_modules/.pnpm/react-router@6.30.6_react@18.3.1/node_modules/react-router/dist/umd/react-router.development.js:1203:17)
    at MemoryRouter (/Users/tunbee27/Documents/Tako-san-ui-rebuild/node_modules/.pnpm/react-router@6.30.6_react@18.3.1/node_modules/react-router/dist/umd/react-router.development.js:1097:7)
    at QueryClientProvider (file:///Users/tunbee27/Documents/Tako-san-ui-rebuild/node_modules/.pnpm/@tanstack+react-query@5.102.8_react@18.3.1/node_modules/@tanstack/react-query/build/modern/QueryClientProvider.js:12:32)
Warning: useLayoutEffect does nothing on the server, because its effect cannot be encoded into the server renderer's output format. This will lead to a mismatch between the initial, non-hydrated UI and the intended UI. To avoid this, useLayoutEffect should only be used in components that render exclusively on the client. See https://reactjs.org/link/uselayouteffect-ssr for common fixes.
    at LinkWithRef (/Users/tunbee27/Documents/Tako-san-ui-rebuild/node_modules/.pnpm/react-router-dom@6.30.6_react-dom@18.3.1_react@18.3.1__react@18.3.1/node_modules/react-router-dom/dist/umd/react-router-dom.development.js:807:9)
    at KitchenScanLink (/Users/tunbee27/Documents/Tako-san-ui-rebuild/src/web/design-system/navigation.tsx:450:28)
    at header
    at KitchenHeader (/Users/tunbee27/Documents/Tako-san-ui-rebuild/src/web/components/common/KitchenHeader.tsx:10:3)
    at TopBar (/Users/tunbee27/Documents/Tako-san-ui-rebuild/src/web/components/common/TopBar.tsx:9:3)
    at div
    at RecipeDetailPage (/Users/tunbee27/Documents/Tako-san-ui-rebuild/src/web/pages/RecipeDetailPage.tsx:52:63)
    at Router (/Users/tunbee27/Documents/Tako-san-ui-rebuild/node_modules/.pnpm/react-router@6.30.6_react@18.3.1/node_modules/react-router/dist/umd/react-router.development.js:1203:17)
    at MemoryRouter (/Users/tunbee27/Documents/Tako-san-ui-rebuild/node_modules/.pnpm/react-router@6.30.6_react@18.3.1/node_modules/react-router/dist/umd/react-router.development.js:1097:7)
    at QueryClientProvider (file:///Users/tunbee27/Documents/Tako-san-ui-rebuild/node_modules/.pnpm/@tanstack+react-query@5.102.8_react@18.3.1/node_modules/@tanstack/react-query/build/modern/QueryClientProvider.js:12:32)

stderr | tests/integration/frontend-ui-integration.test.tsx > RecipeDetail loading, not-found, error, and success remain distinct > renders a successfully loaded recipe from the secure query cache
Warning: useLayoutEffect does nothing on the server, because its effect cannot be encoded into the server renderer's output format. This will lead to a mismatch between the initial, non-hydrated UI and the intended UI. To avoid this, useLayoutEffect should only be used in components that render exclusively on the client. See https://reactjs.org/link/uselayouteffect-ssr for common fixes.
    at MemoryRouter (/Users/tunbee27/Documents/Tako-san-ui-rebuild/node_modules/.pnpm/react-router@6.30.6_react@18.3.1/node_modules/react-router/dist/umd/react-router.development.js:1097:7)
    at QueryClientProvider (file:///Users/tunbee27/Documents/Tako-san-ui-rebuild/node_modules/.pnpm/@tanstack+react-query@5.102.8_react@18.3.1/node_modules/@tanstack/react-query/build/modern/QueryClientProvider.js:12:32)
Warning: useLayoutEffect does nothing on the server, because its effect cannot be encoded into the server renderer's output format. This will lead to a mismatch between the initial, non-hydrated UI and the intended UI. To avoid this, useLayoutEffect should only be used in components that render exclusively on the client. See https://reactjs.org/link/uselayouteffect-ssr for common fixes.
    at LinkWithRef (/Users/tunbee27/Documents/Tako-san-ui-rebuild/node_modules/.pnpm/react-router-dom@6.30.6_react-dom@18.3.1_react@18.3.1__react@18.3.1/node_modules/react-router-dom/dist/umd/react-router-dom.development.js:807:9)
    at div
    at header
    at KitchenHeader (/Users/tunbee27/Documents/Tako-san-ui-rebuild/src/web/components/common/KitchenHeader.tsx:10:3)
    at TopBar (/Users/tunbee27/Documents/Tako-san-ui-rebuild/src/web/components/common/TopBar.tsx:9:3)
    at div
    at RecipeDetailPage (/Users/tunbee27/Documents/Tako-san-ui-rebuild/src/web/pages/RecipeDetailPage.tsx:52:63)
    at Router (/Users/tunbee27/Documents/Tako-san-ui-rebuild/node_modules/.pnpm/react-router@6.30.6_react@18.3.1/node_modules/react-router/dist/umd/react-router.development.js:1203:17)
    at MemoryRouter (/Users/tunbee27/Documents/Tako-san-ui-rebuild/node_modules/.pnpm/react-router@6.30.6_react@18.3.1/node_modules/react-router/dist/umd/react-router.development.js:1097:7)
    at QueryClientProvider (file:///Users/tunbee27/Documents/Tako-san-ui-rebuild/node_modules/.pnpm/@tanstack+react-query@5.102.8_react@18.3.1/node_modules/@tanstack/react-query/build/modern/QueryClientProvider.js:12:32)
Warning: useLayoutEffect does nothing on the server, because its effect cannot be encoded into the server renderer's output format. This will lead to a mismatch between the initial, non-hydrated UI and the intended UI. To avoid this, useLayoutEffect should only be used in components that render exclusively on the client. See https://reactjs.org/link/uselayouteffect-ssr for common fixes.
    at LinkWithRef (/Users/tunbee27/Documents/Tako-san-ui-rebuild/node_modules/.pnpm/react-router-dom@6.30.6_react-dom@18.3.1_react@18.3.1__react@18.3.1/node_modules/react-router-dom/dist/umd/react-router-dom.development.js:807:9)
    at div
    at header
    at KitchenHeader (/Users/tunbee27/Documents/Tako-san-ui-rebuild/src/web/components/common/KitchenHeader.tsx:10:3)
    at TopBar (/Users/tunbee27/Documents/Tako-san-ui-rebuild/src/web/components/common/TopBar.tsx:9:3)
    at div
    at RecipeDetailPage (/Users/tunbee27/Documents/Tako-san-ui-rebuild/src/web/pages/RecipeDetailPage.tsx:52:63)
    at Router (/Users/tunbee27/Documents/Tako-san-ui-rebuild/node_modules/.pnpm/react-router@6.30.6_react@18.3.1/node_modules/react-router/dist/umd/react-router.development.js:1203:17)
    at MemoryRouter (/Users/tunbee27/Documents/Tako-san-ui-rebuild/node_modules/.pnpm/react-router@6.30.6_react@18.3.1/node_modules/react-router/dist/umd/react-router.development.js:1097:7)
    at QueryClientProvider (file:///Users/tunbee27/Documents/Tako-san-ui-rebuild/node_modules/.pnpm/@tanstack+react-query@5.102.8_react@18.3.1/node_modules/@tanstack/react-query/build/modern/QueryClientProvider.js:12:32)
Warning: useLayoutEffect does nothing on the server, because its effect cannot be encoded into the server renderer's output format. This will lead to a mismatch between the initial, non-hydrated UI and the intended UI. To avoid this, useLayoutEffect should only be used in components that render exclusively on the client. See https://reactjs.org/link/uselayouteffect-ssr for common fixes.
    at LinkWithRef (/Users/tunbee27/Documents/Tako-san-ui-rebuild/node_modules/.pnpm/react-router-dom@6.30.6_react-dom@18.3.1_react@18.3.1__react@18.3.1/node_modules/react-router-dom/dist/umd/react-router-dom.development.js:807:9)
    at div
    at header
    at KitchenHeader (/Users/tunbee27/Documents/Tako-san-ui-rebuild/src/web/components/common/KitchenHeader.tsx:10:3)
    at TopBar (/Users/tunbee27/Documents/Tako-san-ui-rebuild/src/web/components/common/TopBar.tsx:9:3)
    at div
    at RecipeDetailPage (/Users/tunbee27/Documents/Tako-san-ui-rebuild/src/web/pages/RecipeDetailPage.tsx:52:63)
    at Router (/Users/tunbee27/Documents/Tako-san-ui-rebuild/node_modules/.pnpm/react-router@6.30.6_react@18.3.1/node_modules/react-router/dist/umd/react-router.development.js:1203:17)
    at MemoryRouter (/Users/tunbee27/Documents/Tako-san-ui-rebuild/node_modules/.pnpm/react-router@6.30.6_react@18.3.1/node_modules/react-router/dist/umd/react-router.development.js:1097:7)
    at QueryClientProvider (file:///Users/tunbee27/Documents/Tako-san-ui-rebuild/node_modules/.pnpm/@tanstack+react-query@5.102.8_react@18.3.1/node_modules/@tanstack/react-query/build/modern/QueryClientProvider.js:12:32)
Warning: useLayoutEffect does nothing on the server, because its effect cannot be encoded into the server renderer's output format. This will lead to a mismatch between the initial, non-hydrated UI and the intended UI. To avoid this, useLayoutEffect should only be used in components that render exclusively on the client. See https://reactjs.org/link/uselayouteffect-ssr for common fixes.
    at LinkWithRef (/Users/tunbee27/Documents/Tako-san-ui-rebuild/node_modules/.pnpm/react-router-dom@6.30.6_react-dom@18.3.1_react@18.3.1__react@18.3.1/node_modules/react-router-dom/dist/umd/react-router-dom.development.js:807:9)
    at div
    at header
    at KitchenHeader (/Users/tunbee27/Documents/Tako-san-ui-rebuild/src/web/components/common/KitchenHeader.tsx:10:3)
    at TopBar (/Users/tunbee27/Documents/Tako-san-ui-rebuild/src/web/components/common/TopBar.tsx:9:3)
    at div
    at RecipeDetailPage (/Users/tunbee27/Documents/Tako-san-ui-rebuild/src/web/pages/RecipeDetailPage.tsx:52:63)
    at Router (/Users/tunbee27/Documents/Tako-san-ui-rebuild/node_modules/.pnpm/react-router@6.30.6_react@18.3.1/node_modules/react-router/dist/umd/react-router.development.js:1203:17)
    at MemoryRouter (/Users/tunbee27/Documents/Tako-san-ui-rebuild/node_modules/.pnpm/react-router@6.30.6_react@18.3.1/node_modules/react-router/dist/umd/react-router.development.js:1097:7)
    at QueryClientProvider (file:///Users/tunbee27/Documents/Tako-san-ui-rebuild/node_modules/.pnpm/@tanstack+react-query@5.102.8_react@18.3.1/node_modules/@tanstack/react-query/build/modern/QueryClientProvider.js:12:32)
Warning: useLayoutEffect does nothing on the server, because its effect cannot be encoded into the server renderer's output format. This will lead to a mismatch between the initial, non-hydrated UI and the intended UI. To avoid this, useLayoutEffect should only be used in components that render exclusively on the client. See https://reactjs.org/link/uselayouteffect-ssr for common fixes.
    at LinkWithRef (/Users/tunbee27/Documents/Tako-san-ui-rebuild/node_modules/.pnpm/react-router-dom@6.30.6_react-dom@18.3.1_react@18.3.1__react@18.3.1/node_modules/react-router-dom/dist/umd/react-router-dom.development.js:807:9)
    at KitchenScanLink (/Users/tunbee27/Documents/Tako-san-ui-rebuild/src/web/design-system/navigation.tsx:450:28)
    at header
    at KitchenHeader (/Users/tunbee27/Documents/Tako-san-ui-rebuild/src/web/components/common/KitchenHeader.tsx:10:3)
    at TopBar (/Users/tunbee27/Documents/Tako-san-ui-rebuild/src/web/components/common/TopBar.tsx:9:3)
    at div
    at RecipeDetailPage (/Users/tunbee27/Documents/Tako-san-ui-rebuild/src/web/pages/RecipeDetailPage.tsx:52:63)
    at Router (/Users/tunbee27/Documents/Tako-san-ui-rebuild/node_modules/.pnpm/react-router@6.30.6_react@18.3.1/node_modules/react-router/dist/umd/react-router.development.js:1203:17)
    at MemoryRouter (/Users/tunbee27/Documents/Tako-san-ui-rebuild/node_modules/.pnpm/react-router@6.30.6_react@18.3.1/node_modules/react-router/dist/umd/react-router.development.js:1097:7)
    at QueryClientProvider (file:///Users/tunbee27/Documents/Tako-san-ui-rebuild/node_modules/.pnpm/@tanstack+react-query@5.102.8_react@18.3.1/node_modules/@tanstack/react-query/build/modern/QueryClientProvider.js:12:32)

stderr | tests/integration/frontend-ui-integration.test.tsx > notification honesty > renders no fabricated alerts or global unread dot when the server list is empty
Warning: useLayoutEffect does nothing on the server, because its effect cannot be encoded into the server renderer's output format. This will lead to a mismatch between the initial, non-hydrated UI and the intended UI. To avoid this, useLayoutEffect should only be used in components that render exclusively on the client. See https://reactjs.org/link/uselayouteffect-ssr for common fixes.
    at MemoryRouter (/Users/tunbee27/Documents/Tako-san-ui-rebuild/node_modules/.pnpm/react-router@6.30.6_react@18.3.1/node_modules/react-router/dist/umd/react-router.development.js:1097:7)
    at QueryClientProvider (file:///Users/tunbee27/Documents/Tako-san-ui-rebuild/node_modules/.pnpm/@tanstack+react-query@5.102.8_react@18.3.1/node_modules/@tanstack/react-query/build/modern/QueryClientProvider.js:12:32)
Warning: useLayoutEffect does nothing on the server, because its effect cannot be encoded into the server renderer's output format. This will lead to a mismatch between the initial, non-hydrated UI and the intended UI. To avoid this, useLayoutEffect should only be used in components that render exclusively on the client. See https://reactjs.org/link/uselayouteffect-ssr for common fixes.
    at LinkWithRef (/Users/tunbee27/Documents/Tako-san-ui-rebuild/node_modules/.pnpm/react-router-dom@6.30.6_react-dom@18.3.1_react@18.3.1__react@18.3.1/node_modules/react-router-dom/dist/umd/react-router-dom.development.js:807:9)
    at div
    at header
    at KitchenHeader (/Users/tunbee27/Documents/Tako-san-ui-rebuild/src/web/components/common/KitchenHeader.tsx:10:3)
    at div
    at AccountPage (/Users/tunbee27/Documents/Tako-san-ui-rebuild/src/web/components/common/AccountPage.tsx:5:3)
    at NotificationsPage (/Users/tunbee27/Documents/Tako-san-ui-rebuild/src/web/pages/NotificationsPage.tsx:26:64)
    at Router (/Users/tunbee27/Documents/Tako-san-ui-rebuild/node_modules/.pnpm/react-router@6.30.6_react@18.3.1/node_modules/react-router/dist/umd/react-router.development.js:1203:17)
    at MemoryRouter (/Users/tunbee27/Documents/Tako-san-ui-rebuild/node_modules/.pnpm/react-router@6.30.6_react@18.3.1/node_modules/react-router/dist/umd/react-router.development.js:1097:7)
    at QueryClientProvider (file:///Users/tunbee27/Documents/Tako-san-ui-rebuild/node_modules/.pnpm/@tanstack+react-query@5.102.8_react@18.3.1/node_modules/@tanstack/react-query/build/modern/QueryClientProvider.js:12:32)
Warning: useLayoutEffect does nothing on the server, because its effect cannot be encoded into the server renderer's output format. This will lead to a mismatch between the initial, non-hydrated UI and the intended UI. To avoid this, useLayoutEffect should only be used in components that render exclusively on the client. See https://reactjs.org/link/uselayouteffect-ssr for common fixes.
    at LinkWithRef (/Users/tunbee27/Documents/Tako-san-ui-rebuild/node_modules/.pnpm/react-router-dom@6.30.6_react-dom@18.3.1_react@18.3.1__react@18.3.1/node_modules/react-router-dom/dist/umd/react-router-dom.development.js:807:9)
    at div
    at header
    at KitchenHeader (/Users/tunbee27/Documents/Tako-san-ui-rebuild/src/web/components/common/KitchenHeader.tsx:10:3)
    at div
    at AccountPage (/Users/tunbee27/Documents/Tako-san-ui-rebuild/src/web/components/common/AccountPage.tsx:5:3)
    at NotificationsPage (/Users/tunbee27/Documents/Tako-san-ui-rebuild/src/web/pages/NotificationsPage.tsx:26:64)
    at Router (/Users/tunbee27/Documents/Tako-san-ui-rebuild/node_modules/.pnpm/react-router@6.30.6_react@18.3.1/node_modules/react-router/dist/umd/react-router.development.js:1203:17)
    at MemoryRouter (/Users/tunbee27/Documents/Tako-san-ui-rebuild/node_modules/.pnpm/react-router@6.30.6_react@18.3.1/node_modules/react-router/dist/umd/react-router.development.js:1097:7)
    at QueryClientProvider (file:///Users/tunbee27/Documents/Tako-san-ui-rebuild/node_modules/.pnpm/@tanstack+react-query@5.102.8_react@18.3.1/node_modules/@tanstack/react-query/build/modern/QueryClientProvider.js:12:32)
Warning: useLayoutEffect does nothing on the server, because its effect cannot be encoded into the server renderer's output format. This will lead to a mismatch between the initial, non-hydrated UI and the intended UI. To avoid this, useLayoutEffect should only be used in components that render exclusively on the client. See https://reactjs.org/link/uselayouteffect-ssr for common fixes.
    at LinkWithRef (/Users/tunbee27/Documents/Tako-san-ui-rebuild/node_modules/.pnpm/react-router-dom@6.30.6_react-dom@18.3.1_react@18.3.1__react@18.3.1/node_modules/react-router-dom/dist/umd/react-router-dom.development.js:807:9)
    at div
    at header
    at KitchenHeader (/Users/tunbee27/Documents/Tako-san-ui-rebuild/src/web/components/common/KitchenHeader.tsx:10:3)
    at div
    at AccountPage (/Users/tunbee27/Documents/Tako-san-ui-rebuild/src/web/components/common/AccountPage.tsx:5:3)
    at NotificationsPage (/Users/tunbee27/Documents/Tako-san-ui-rebuild/src/web/pages/NotificationsPage.tsx:26:64)
    at Router (/Users/tunbee27/Documents/Tako-san-ui-rebuild/node_modules/.pnpm/react-router@6.30.6_react@18.3.1/node_modules/react-router/dist/umd/react-router.development.js:1203:17)
    at MemoryRouter (/Users/tunbee27/Documents/Tako-san-ui-rebuild/node_modules/.pnpm/react-router@6.30.6_react@18.3.1/node_modules/react-router/dist/umd/react-router.development.js:1097:7)
    at QueryClientProvider (file:///Users/tunbee27/Documents/Tako-san-ui-rebuild/node_modules/.pnpm/@tanstack+react-query@5.102.8_react@18.3.1/node_modules/@tanstack/react-query/build/modern/QueryClientProvider.js:12:32)
Warning: useLayoutEffect does nothing on the server, because its effect cannot be encoded into the server renderer's output format. This will lead to a mismatch between the initial, non-hydrated UI and the intended UI. To avoid this, useLayoutEffect should only be used in components that render exclusively on the client. See https://reactjs.org/link/uselayouteffect-ssr for common fixes.
    at LinkWithRef (/Users/tunbee27/Documents/Tako-san-ui-rebuild/node_modules/.pnpm/react-router-dom@6.30.6_react-dom@18.3.1_react@18.3.1__react@18.3.1/node_modules/react-router-dom/dist/umd/react-router-dom.development.js:807:9)
    at div
    at header
    at KitchenHeader (/Users/tunbee27/Documents/Tako-san-ui-rebuild/src/web/components/common/KitchenHeader.tsx:10:3)
    at div
    at AccountPage (/Users/tunbee27/Documents/Tako-san-ui-rebuild/src/web/components/common/AccountPage.tsx:5:3)
    at NotificationsPage (/Users/tunbee27/Documents/Tako-san-ui-rebuild/src/web/pages/NotificationsPage.tsx:26:64)
    at Router (/Users/tunbee27/Documents/Tako-san-ui-rebuild/node_modules/.pnpm/react-router@6.30.6_react@18.3.1/node_modules/react-router/dist/umd/react-router.development.js:1203:17)
    at MemoryRouter (/Users/tunbee27/Documents/Tako-san-ui-rebuild/node_modules/.pnpm/react-router@6.30.6_react@18.3.1/node_modules/react-router/dist/umd/react-router.development.js:1097:7)
    at QueryClientProvider (file:///Users/tunbee27/Documents/Tako-san-ui-rebuild/node_modules/.pnpm/@tanstack+react-query@5.102.8_react@18.3.1/node_modules/@tanstack/react-query/build/modern/QueryClientProvider.js:12:32)
Warning: useLayoutEffect does nothing on the server, because its effect cannot be encoded into the server renderer's output format. This will lead to a mismatch between the initial, non-hydrated UI and the intended UI. To avoid this, useLayoutEffect should only be used in components that render exclusively on the client. See https://reactjs.org/link/uselayouteffect-ssr for common fixes.
    at LinkWithRef (/Users/tunbee27/Documents/Tako-san-ui-rebuild/node_modules/.pnpm/react-router-dom@6.30.6_react-dom@18.3.1_react@18.3.1__react@18.3.1/node_modules/react-router-dom/dist/umd/react-router-dom.development.js:807:9)
    at KitchenScanLink (/Users/tunbee27/Documents/Tako-san-ui-rebuild/src/web/design-system/navigation.tsx:450:28)
    at header
    at KitchenHeader (/Users/tunbee27/Documents/Tako-san-ui-rebuild/src/web/components/common/KitchenHeader.tsx:10:3)
    at div
    at AccountPage (/Users/tunbee27/Documents/Tako-san-ui-rebuild/src/web/components/common/AccountPage.tsx:5:3)
    at NotificationsPage (/Users/tunbee27/Documents/Tako-san-ui-rebuild/src/web/pages/NotificationsPage.tsx:26:64)
    at Router (/Users/tunbee27/Documents/Tako-san-ui-rebuild/node_modules/.pnpm/react-router@6.30.6_react@18.3.1/node_modules/react-router/dist/umd/react-router.development.js:1203:17)
    at MemoryRouter (/Users/tunbee27/Documents/Tako-san-ui-rebuild/node_modules/.pnpm/react-router@6.30.6_react@18.3.1/node_modules/react-router/dist/umd/react-router.development.js:1097:7)
    at QueryClientProvider (file:///Users/tunbee27/Documents/Tako-san-ui-rebuild/node_modules/.pnpm/@tanstack+react-query@5.102.8_react@18.3.1/node_modules/@tanstack/react-query/build/modern/QueryClientProvider.js:12:32)
Warning: useLayoutEffect does nothing on the server, because its effect cannot be encoded into the server renderer's output format. This will lead to a mismatch between the initial, non-hydrated UI and the intended UI. To avoid this, useLayoutEffect should only be used in components that render exclusively on the client. See https://reactjs.org/link/uselayouteffect-ssr for common fixes.
    at LinkWithRef (/Users/tunbee27/Documents/Tako-san-ui-rebuild/node_modules/.pnpm/react-router-dom@6.30.6_react-dom@18.3.1_react@18.3.1__react@18.3.1/node_modules/react-router-dom/dist/umd/react-router-dom.development.js:807:9)
    at div
    at div
    at div
    at div
    at AccountPage (/Users/tunbee27/Documents/Tako-san-ui-rebuild/src/web/components/common/AccountPage.tsx:5:3)
    at NotificationsPage (/Users/tunbee27/Documents/Tako-san-ui-rebuild/src/web/pages/NotificationsPage.tsx:26:64)
    at Router (/Users/tunbee27/Documents/Tako-san-ui-rebuild/node_modules/.pnpm/react-router@6.30.6_react@18.3.1/node_modules/react-router/dist/umd/react-router.development.js:1203:17)
    at MemoryRouter (/Users/tunbee27/Documents/Tako-san-ui-rebuild/node_modules/.pnpm/react-router@6.30.6_react@18.3.1/node_modules/react-router/dist/umd/react-router.development.js:1097:7)
    at QueryClientProvider (file:///Users/tunbee27/Documents/Tako-san-ui-rebuild/node_modules/.pnpm/@tanstack+react-query@5.102.8_react@18.3.1/node_modules/@tanstack/react-query/build/modern/QueryClientProvider.js:12:32)

stderr | tests/integration/frontend-ui-integration.test.tsx > notification honesty > renders notification content only when returned by the real query contract
Warning: useLayoutEffect does nothing on the server, because its effect cannot be encoded into the server renderer's output format. This will lead to a mismatch between the initial, non-hydrated UI and the intended UI. To avoid this, useLayoutEffect should only be used in components that render exclusively on the client. See https://reactjs.org/link/uselayouteffect-ssr for common fixes.
    at MemoryRouter (/Users/tunbee27/Documents/Tako-san-ui-rebuild/node_modules/.pnpm/react-router@6.30.6_react@18.3.1/node_modules/react-router/dist/umd/react-router.development.js:1097:7)
    at QueryClientProvider (file:///Users/tunbee27/Documents/Tako-san-ui-rebuild/node_modules/.pnpm/@tanstack+react-query@5.102.8_react@18.3.1/node_modules/@tanstack/react-query/build/modern/QueryClientProvider.js:12:32)
Warning: useLayoutEffect does nothing on the server, because its effect cannot be encoded into the server renderer's output format. This will lead to a mismatch between the initial, non-hydrated UI and the intended UI. To avoid this, useLayoutEffect should only be used in components that render exclusively on the client. See https://reactjs.org/link/uselayouteffect-ssr for common fixes.
    at LinkWithRef (/Users/tunbee27/Documents/Tako-san-ui-rebuild/node_modules/.pnpm/react-router-dom@6.30.6_react-dom@18.3.1_react@18.3.1__react@18.3.1/node_modules/react-router-dom/dist/umd/react-router-dom.development.js:807:9)
    at div
    at header
    at KitchenHeader (/Users/tunbee27/Documents/Tako-san-ui-rebuild/src/web/components/common/KitchenHeader.tsx:10:3)
    at div
    at AccountPage (/Users/tunbee27/Documents/Tako-san-ui-rebuild/src/web/components/common/AccountPage.tsx:5:3)
    at NotificationsPage (/Users/tunbee27/Documents/Tako-san-ui-rebuild/src/web/pages/NotificationsPage.tsx:26:64)
    at Router (/Users/tunbee27/Documents/Tako-san-ui-rebuild/node_modules/.pnpm/react-router@6.30.6_react@18.3.1/node_modules/react-router/dist/umd/react-router.development.js:1203:17)
    at MemoryRouter (/Users/tunbee27/Documents/Tako-san-ui-rebuild/node_modules/.pnpm/react-router@6.30.6_react@18.3.1/node_modules/react-router/dist/umd/react-router.development.js:1097:7)
    at QueryClientProvider (file:///Users/tunbee27/Documents/Tako-san-ui-rebuild/node_modules/.pnpm/@tanstack+react-query@5.102.8_react@18.3.1/node_modules/@tanstack/react-query/build/modern/QueryClientProvider.js:12:32)
Warning: useLayoutEffect does nothing on the server, because its effect cannot be encoded into the server renderer's output format. This will lead to a mismatch between the initial, non-hydrated UI and the intended UI. To avoid this, useLayoutEffect should only be used in components that render exclusively on the client. See https://reactjs.org/link/uselayouteffect-ssr for common fixes.
    at LinkWithRef (/Users/tunbee27/Documents/Tako-san-ui-rebuild/node_modules/.pnpm/react-router-dom@6.30.6_react-dom@18.3.1_react@18.3.1__react@18.3.1/node_modules/react-router-dom/dist/umd/react-router-dom.development.js:807:9)
    at div
    at header
    at KitchenHeader (/Users/tunbee27/Documents/Tako-san-ui-rebuild/src/web/components/common/KitchenHeader.tsx:10:3)
    at div
    at AccountPage (/Users/tunbee27/Documents/Tako-san-ui-rebuild/src/web/components/common/AccountPage.tsx:5:3)
    at NotificationsPage (/Users/tunbee27/Documents/Tako-san-ui-rebuild/src/web/pages/NotificationsPage.tsx:26:64)
    at Router (/Users/tunbee27/Documents/Tako-san-ui-rebuild/node_modules/.pnpm/react-router@6.30.6_react@18.3.1/node_modules/react-router/dist/umd/react-router.development.js:1203:17)
    at MemoryRouter (/Users/tunbee27/Documents/Tako-san-ui-rebuild/node_modules/.pnpm/react-router@6.30.6_react@18.3.1/node_modules/react-router/dist/umd/react-router.development.js:1097:7)
    at QueryClientProvider (file:///Users/tunbee27/Documents/Tako-san-ui-rebuild/node_modules/.pnpm/@tanstack+react-query@5.102.8_react@18.3.1/node_modules/@tanstack/react-query/build/modern/QueryClientProvider.js:12:32)
Warning: useLayoutEffect does nothing on the server, because its effect cannot be encoded into the server renderer's output format. This will lead to a mismatch between the initial, non-hydrated UI and the intended UI. To avoid this, useLayoutEffect should only be used in components that render exclusively on the client. See https://reactjs.org/link/uselayouteffect-ssr for common fixes.
    at LinkWithRef (/Users/tunbee27/Documents/Tako-san-ui-rebuild/node_modules/.pnpm/react-router-dom@6.30.6_react-dom@18.3.1_react@18.3.1__react@18.3.1/node_modules/react-router-dom/dist/umd/react-router-dom.development.js:807:9)
    at div
    at header
    at KitchenHeader (/Users/tunbee27/Documents/Tako-san-ui-rebuild/src/web/components/common/KitchenHeader.tsx:10:3)
    at div
    at AccountPage (/Users/tunbee27/Documents/Tako-san-ui-rebuild/src/web/components/common/AccountPage.tsx:5:3)
    at NotificationsPage (/Users/tunbee27/Documents/Tako-san-ui-rebuild/src/web/pages/NotificationsPage.tsx:26:64)
    at Router (/Users/tunbee27/Documents/Tako-san-ui-rebuild/node_modules/.pnpm/react-router@6.30.6_react@18.3.1/node_modules/react-router/dist/umd/react-router.development.js:1203:17)
    at MemoryRouter (/Users/tunbee27/Documents/Tako-san-ui-rebuild/node_modules/.pnpm/react-router@6.30.6_react@18.3.1/node_modules/react-router/dist/umd/react-router.development.js:1097:7)
    at QueryClientProvider (file:///Users/tunbee27/Documents/Tako-san-ui-rebuild/node_modules/.pnpm/@tanstack+react-query@5.102.8_react@18.3.1/node_modules/@tanstack/react-query/build/modern/QueryClientProvider.js:12:32)
Warning: useLayoutEffect does nothing on the server, because its effect cannot be encoded into the server renderer's output format. This will lead to a mismatch between the initial, non-hydrated UI and the intended UI. To avoid this, useLayoutEffect should only be used in components that render exclusively on the client. See https://reactjs.org/link/uselayouteffect-ssr for common fixes.
    at LinkWithRef (/Users/tunbee27/Documents/Tako-san-ui-rebuild/node_modules/.pnpm/react-router-dom@6.30.6_react-dom@18.3.1_react@18.3.1__react@18.3.1/node_modules/react-router-dom/dist/umd/react-router-dom.development.js:807:9)
    at div
    at header
    at KitchenHeader (/Users/tunbee27/Documents/Tako-san-ui-rebuild/src/web/components/common/KitchenHeader.tsx:10:3)
    at div
    at AccountPage (/Users/tunbee27/Documents/Tako-san-ui-rebuild/src/web/components/common/AccountPage.tsx:5:3)
    at NotificationsPage (/Users/tunbee27/Documents/Tako-san-ui-rebuild/src/web/pages/NotificationsPage.tsx:26:64)
    at Router (/Users/tunbee27/Documents/Tako-san-ui-rebuild/node_modules/.pnpm/react-router@6.30.6_react@18.3.1/node_modules/react-router/dist/umd/react-router.development.js:1203:17)
    at MemoryRouter (/Users/tunbee27/Documents/Tako-san-ui-rebuild/node_modules/.pnpm/react-router@6.30.6_react@18.3.1/node_modules/react-router/dist/umd/react-router.development.js:1097:7)
    at QueryClientProvider (file:///Users/tunbee27/Documents/Tako-san-ui-rebuild/node_modules/.pnpm/@tanstack+react-query@5.102.8_react@18.3.1/node_modules/@tanstack/react-query/build/modern/QueryClientProvider.js:12:32)
Warning: useLayoutEffect does nothing on the server, because its effect cannot be encoded into the server renderer's output format. This will lead to a mismatch between the initial, non-hydrated UI and the intended UI. To avoid this, useLayoutEffect should only be used in components that render exclusively on the client. See https://reactjs.org/link/uselayouteffect-ssr for common fixes.
    at LinkWithRef (/Users/tunbee27/Documents/Tako-san-ui-rebuild/node_modules/.pnpm/react-router-dom@6.30.6_react-dom@18.3.1_react@18.3.1__react@18.3.1/node_modules/react-router-dom/dist/umd/react-router-dom.development.js:807:9)
    at KitchenScanLink (/Users/tunbee27/Documents/Tako-san-ui-rebuild/src/web/design-system/navigation.tsx:450:28)
    at header
    at KitchenHeader (/Users/tunbee27/Documents/Tako-san-ui-rebuild/src/web/components/common/KitchenHeader.tsx:10:3)
    at div
    at AccountPage (/Users/tunbee27/Documents/Tako-san-ui-rebuild/src/web/components/common/AccountPage.tsx:5:3)
    at NotificationsPage (/Users/tunbee27/Documents/Tako-san-ui-rebuild/src/web/pages/NotificationsPage.tsx:26:64)
    at Router (/Users/tunbee27/Documents/Tako-san-ui-rebuild/node_modules/.pnpm/react-router@6.30.6_react@18.3.1/node_modules/react-router/dist/umd/react-router.development.js:1203:17)
    at MemoryRouter (/Users/tunbee27/Documents/Tako-san-ui-rebuild/node_modules/.pnpm/react-router@6.30.6_react@18.3.1/node_modules/react-router/dist/umd/react-router.development.js:1097:7)
    at QueryClientProvider (file:///Users/tunbee27/Documents/Tako-san-ui-rebuild/node_modules/.pnpm/@tanstack+react-query@5.102.8_react@18.3.1/node_modules/@tanstack/react-query/build/modern/QueryClientProvider.js:12:32)
Warning: useLayoutEffect does nothing on the server, because its effect cannot be encoded into the server renderer's output format. This will lead to a mismatch between the initial, non-hydrated UI and the intended UI. To avoid this, useLayoutEffect should only be used in components that render exclusively on the client. See https://reactjs.org/link/uselayouteffect-ssr for common fixes.
    at LinkWithRef (/Users/tunbee27/Documents/Tako-san-ui-rebuild/node_modules/.pnpm/react-router-dom@6.30.6_react-dom@18.3.1_react@18.3.1__react@18.3.1/node_modules/react-router-dom/dist/umd/react-router-dom.development.js:807:9)
    at div
    at div
    at div
    at div
    at AccountPage (/Users/tunbee27/Documents/Tako-san-ui-rebuild/src/web/components/common/AccountPage.tsx:5:3)
    at NotificationsPage (/Users/tunbee27/Documents/Tako-san-ui-rebuild/src/web/pages/NotificationsPage.tsx:26:64)
    at Router (/Users/tunbee27/Documents/Tako-san-ui-rebuild/node_modules/.pnpm/react-router@6.30.6_react@18.3.1/node_modules/react-router/dist/umd/react-router.development.js:1203:17)
    at MemoryRouter (/Users/tunbee27/Documents/Tako-san-ui-rebuild/node_modules/.pnpm/react-router@6.30.6_react@18.3.1/node_modules/react-router/dist/umd/react-router.development.js:1097:7)
    at QueryClientProvider (file:///Users/tunbee27/Documents/Tako-san-ui-rebuild/node_modules/.pnpm/@tanstack+react-query@5.102.8_react@18.3.1/node_modules/@tanstack/react-query/build/modern/QueryClientProvider.js:12:32)

stderr | tests/integration/frontend-ui-integration.test.tsx > notification honesty > surfaces notification errors rather than pretending the list is empty
Warning: useLayoutEffect does nothing on the server, because its effect cannot be encoded into the server renderer's output format. This will lead to a mismatch between the initial, non-hydrated UI and the intended UI. To avoid this, useLayoutEffect should only be used in components that render exclusively on the client. See https://reactjs.org/link/uselayouteffect-ssr for common fixes.
    at MemoryRouter (/Users/tunbee27/Documents/Tako-san-ui-rebuild/node_modules/.pnpm/react-router@6.30.6_react@18.3.1/node_modules/react-router/dist/umd/react-router.development.js:1097:7)
    at QueryClientProvider (file:///Users/tunbee27/Documents/Tako-san-ui-rebuild/node_modules/.pnpm/@tanstack+react-query@5.102.8_react@18.3.1/node_modules/@tanstack/react-query/build/modern/QueryClientProvider.js:12:32)
Warning: useLayoutEffect does nothing on the server, because its effect cannot be encoded into the server renderer's output format. This will lead to a mismatch between the initial, non-hydrated UI and the intended UI. To avoid this, useLayoutEffect should only be used in components that render exclusively on the client. See https://reactjs.org/link/uselayouteffect-ssr for common fixes.
    at LinkWithRef (/Users/tunbee27/Documents/Tako-san-ui-rebuild/node_modules/.pnpm/react-router-dom@6.30.6_react-dom@18.3.1_react@18.3.1__react@18.3.1/node_modules/react-router-dom/dist/umd/react-router-dom.development.js:807:9)
    at div
    at header
    at KitchenHeader (/Users/tunbee27/Documents/Tako-san-ui-rebuild/src/web/components/common/KitchenHeader.tsx:10:3)
    at div
    at AccountPage (/Users/tunbee27/Documents/Tako-san-ui-rebuild/src/web/components/common/AccountPage.tsx:5:3)
    at NotificationsPage (/Users/tunbee27/Documents/Tako-san-ui-rebuild/src/web/pages/NotificationsPage.tsx:26:64)
    at Router (/Users/tunbee27/Documents/Tako-san-ui-rebuild/node_modules/.pnpm/react-router@6.30.6_react@18.3.1/node_modules/react-router/dist/umd/react-router.development.js:1203:17)
    at MemoryRouter (/Users/tunbee27/Documents/Tako-san-ui-rebuild/node_modules/.pnpm/react-router@6.30.6_react@18.3.1/node_modules/react-router/dist/umd/react-router.development.js:1097:7)
    at QueryClientProvider (file:///Users/tunbee27/Documents/Tako-san-ui-rebuild/node_modules/.pnpm/@tanstack+react-query@5.102.8_react@18.3.1/node_modules/@tanstack/react-query/build/modern/QueryClientProvider.js:12:32)
Warning: useLayoutEffect does nothing on the server, because its effect cannot be encoded into the server renderer's output format. This will lead to a mismatch between the initial, non-hydrated UI and the intended UI. To avoid this, useLayoutEffect should only be used in components that render exclusively on the client. See https://reactjs.org/link/uselayouteffect-ssr for common fixes.
    at LinkWithRef (/Users/tunbee27/Documents/Tako-san-ui-rebuild/node_modules/.pnpm/react-router-dom@6.30.6_react-dom@18.3.1_react@18.3.1__react@18.3.1/node_modules/react-router-dom/dist/umd/react-router-dom.development.js:807:9)
    at div
    at header
    at KitchenHeader (/Users/tunbee27/Documents/Tako-san-ui-rebuild/src/web/components/common/KitchenHeader.tsx:10:3)
    at div
    at AccountPage (/Users/tunbee27/Documents/Tako-san-ui-rebuild/src/web/components/common/AccountPage.tsx:5:3)
    at NotificationsPage (/Users/tunbee27/Documents/Tako-san-ui-rebuild/src/web/pages/NotificationsPage.tsx:26:64)
    at Router (/Users/tunbee27/Documents/Tako-san-ui-rebuild/node_modules/.pnpm/react-router@6.30.6_react@18.3.1/node_modules/react-router/dist/umd/react-router.development.js:1203:17)
    at MemoryRouter (/Users/tunbee27/Documents/Tako-san-ui-rebuild/node_modules/.pnpm/react-router@6.30.6_react@18.3.1/node_modules/react-router/dist/umd/react-router.development.js:1097:7)
    at QueryClientProvider (file:///Users/tunbee27/Documents/Tako-san-ui-rebuild/node_modules/.pnpm/@tanstack+react-query@5.102.8_react@18.3.1/node_modules/@tanstack/react-query/build/modern/QueryClientProvider.js:12:32)
Warning: useLayoutEffect does nothing on the server, because its effect cannot be encoded into the server renderer's output format. This will lead to a mismatch between the initial, non-hydrated UI and the intended UI. To avoid this, useLayoutEffect should only be used in components that render exclusively on the client. See https://reactjs.org/link/uselayouteffect-ssr for common fixes.
    at LinkWithRef (/Users/tunbee27/Documents/Tako-san-ui-rebuild/node_modules/.pnpm/react-router-dom@6.30.6_react-dom@18.3.1_react@18.3.1__react@18.3.1/node_modules/react-router-dom/dist/umd/react-router-dom.development.js:807:9)
    at div
    at header
    at KitchenHeader (/Users/tunbee27/Documents/Tako-san-ui-rebuild/src/web/components/common/KitchenHeader.tsx:10:3)
    at div
    at AccountPage (/Users/tunbee27/Documents/Tako-san-ui-rebuild/src/web/components/common/AccountPage.tsx:5:3)
    at NotificationsPage (/Users/tunbee27/Documents/Tako-san-ui-rebuild/src/web/pages/NotificationsPage.tsx:26:64)
    at Router (/Users/tunbee27/Documents/Tako-san-ui-rebuild/node_modules/.pnpm/react-router@6.30.6_react@18.3.1/node_modules/react-router/dist/umd/react-router.development.js:1203:17)
    at MemoryRouter (/Users/tunbee27/Documents/Tako-san-ui-rebuild/node_modules/.pnpm/react-router@6.30.6_react@18.3.1/node_modules/react-router/dist/umd/react-router.development.js:1097:7)
    at QueryClientProvider (file:///Users/tunbee27/Documents/Tako-san-ui-rebuild/node_modules/.pnpm/@tanstack+react-query@5.102.8_react@18.3.1/node_modules/@tanstack/react-query/build/modern/QueryClientProvider.js:12:32)
Warning: useLayoutEffect does nothing on the server, because its effect cannot be encoded into the server renderer's output format. This will lead to a mismatch between the initial, non-hydrated UI and the intended UI. To avoid this, useLayoutEffect should only be used in components that render exclusively on the client. See https://reactjs.org/link/uselayouteffect-ssr for common fixes.
    at LinkWithRef (/Users/tunbee27/Documents/Tako-san-ui-rebuild/node_modules/.pnpm/react-router-dom@6.30.6_react-dom@18.3.1_react@18.3.1__react@18.3.1/node_modules/react-router-dom/dist/umd/react-router-dom.development.js:807:9)
    at div
    at header
    at KitchenHeader (/Users/tunbee27/Documents/Tako-san-ui-rebuild/src/web/components/common/KitchenHeader.tsx:10:3)
    at div
    at AccountPage (/Users/tunbee27/Documents/Tako-san-ui-rebuild/src/web/components/common/AccountPage.tsx:5:3)
    at NotificationsPage (/Users/tunbee27/Documents/Tako-san-ui-rebuild/src/web/pages/NotificationsPage.tsx:26:64)
    at Router (/Users/tunbee27/Documents/Tako-san-ui-rebuild/node_modules/.pnpm/react-router@6.30.6_react@18.3.1/node_modules/react-router/dist/umd/react-router.development.js:1203:17)
    at MemoryRouter (/Users/tunbee27/Documents/Tako-san-ui-rebuild/node_modules/.pnpm/react-router@6.30.6_react@18.3.1/node_modules/react-router/dist/umd/react-router.development.js:1097:7)
    at QueryClientProvider (file:///Users/tunbee27/Documents/Tako-san-ui-rebuild/node_modules/.pnpm/@tanstack+react-query@5.102.8_react@18.3.1/node_modules/@tanstack/react-query/build/modern/QueryClientProvider.js:12:32)
Warning: useLayoutEffect does nothing on the server, because its effect cannot be encoded into the server renderer's output format. This will lead to a mismatch between the initial, non-hydrated UI and the intended UI. To avoid this, useLayoutEffect should only be used in components that render exclusively on the client. See https://reactjs.org/link/uselayouteffect-ssr for common fixes.
    at LinkWithRef (/Users/tunbee27/Documents/Tako-san-ui-rebuild/node_modules/.pnpm/react-router-dom@6.30.6_react-dom@18.3.1_react@18.3.1__react@18.3.1/node_modules/react-router-dom/dist/umd/react-router-dom.development.js:807:9)
    at KitchenScanLink (/Users/tunbee27/Documents/Tako-san-ui-rebuild/src/web/design-system/navigation.tsx:450:28)
    at header
    at KitchenHeader (/Users/tunbee27/Documents/Tako-san-ui-rebuild/src/web/components/common/KitchenHeader.tsx:10:3)
    at div
    at AccountPage (/Users/tunbee27/Documents/Tako-san-ui-rebuild/src/web/components/common/AccountPage.tsx:5:3)
    at NotificationsPage (/Users/tunbee27/Documents/Tako-san-ui-rebuild/src/web/pages/NotificationsPage.tsx:26:64)
    at Router (/Users/tunbee27/Documents/Tako-san-ui-rebuild/node_modules/.pnpm/react-router@6.30.6_react@18.3.1/node_modules/react-router/dist/umd/react-router.development.js:1203:17)
    at MemoryRouter (/Users/tunbee27/Documents/Tako-san-ui-rebuild/node_modules/.pnpm/react-router@6.30.6_react@18.3.1/node_modules/react-router/dist/umd/react-router.development.js:1097:7)
    at QueryClientProvider (file:///Users/tunbee27/Documents/Tako-san-ui-rebuild/node_modules/.pnpm/@tanstack+react-query@5.102.8_react@18.3.1/node_modules/@tanstack/react-query/build/modern/QueryClientProvider.js:12:32)
Warning: useLayoutEffect does nothing on the server, because its effect cannot be encoded into the server renderer's output format. This will lead to a mismatch between the initial, non-hydrated UI and the intended UI. To avoid this, useLayoutEffect should only be used in components that render exclusively on the client. See https://reactjs.org/link/uselayouteffect-ssr for common fixes.
    at LinkWithRef (/Users/tunbee27/Documents/Tako-san-ui-rebuild/node_modules/.pnpm/react-router-dom@6.30.6_react-dom@18.3.1_react@18.3.1__react@18.3.1/node_modules/react-router-dom/dist/umd/react-router-dom.development.js:807:9)
    at div
    at div
    at div
    at div
    at AccountPage (/Users/tunbee27/Documents/Tako-san-ui-rebuild/src/web/components/common/AccountPage.tsx:5:3)
    at NotificationsPage (/Users/tunbee27/Documents/Tako-san-ui-rebuild/src/web/pages/NotificationsPage.tsx:26:64)
    at Router (/Users/tunbee27/Documents/Tako-san-ui-rebuild/node_modules/.pnpm/react-router@6.30.6_react@18.3.1/node_modules/react-router/dist/umd/react-router.development.js:1203:17)
    at MemoryRouter (/Users/tunbee27/Documents/Tako-san-ui-rebuild/node_modules/.pnpm/react-router@6.30.6_react@18.3.1/node_modules/react-router/dist/umd/react-router.development.js:1097:7)
    at QueryClientProvider (file:///Users/tunbee27/Documents/Tako-san-ui-rebuild/node_modules/.pnpm/@tanstack+react-query@5.102.8_react@18.3.1/node_modules/@tanstack/react-query/build/modern/QueryClientProvider.js:12:32)

stderr | tests/integration/frontend-ui-integration.test.tsx > Week shopping data honesty > uses the loaded plan estimate in its summary instead of a demo budget
Warning: useLayoutEffect does nothing on the server, because its effect cannot be encoded into the server renderer's output format. This will lead to a mismatch between the initial, non-hydrated UI and the intended UI. To avoid this, useLayoutEffect should only be used in components that render exclusively on the client. See https://reactjs.org/link/uselayouteffect-ssr for common fixes.
    at MemoryRouter (/Users/tunbee27/Documents/Tako-san-ui-rebuild/node_modules/.pnpm/react-router@6.30.6_react@18.3.1/node_modules/react-router/dist/umd/react-router.development.js:1097:7)
    at QueryClientProvider (file:///Users/tunbee27/Documents/Tako-san-ui-rebuild/node_modules/.pnpm/@tanstack+react-query@5.102.8_react@18.3.1/node_modules/@tanstack/react-query/build/modern/QueryClientProvider.js:12:32)
Warning: useLayoutEffect does nothing on the server, because its effect cannot be encoded into the server renderer's output format. This will lead to a mismatch between the initial, non-hydrated UI and the intended UI. To avoid this, useLayoutEffect should only be used in components that render exclusively on the client. See https://reactjs.org/link/uselayouteffect-ssr for common fixes.
    at LinkWithRef (/Users/tunbee27/Documents/Tako-san-ui-rebuild/node_modules/.pnpm/react-router-dom@6.30.6_react-dom@18.3.1_react@18.3.1__react@18.3.1/node_modules/react-router-dom/dist/umd/react-router-dom.development.js:807:9)
    at div
    at header
    at KitchenHeader (/Users/tunbee27/Documents/Tako-san-ui-rebuild/src/web/components/common/KitchenHeader.tsx:10:3)
    at div
    at WeekWorkspace (/Users/tunbee27/Documents/Tako-san-ui-rebuild/src/web/features/week/WeekWorkspace.tsx:8:3)
    at WeekShoppingPage (/Users/tunbee27/Documents/Tako-san-ui-rebuild/src/web/pages/WeekShoppingPage.tsx:17:112)
    at Router (/Users/tunbee27/Documents/Tako-san-ui-rebuild/node_modules/.pnpm/react-router@6.30.6_react@18.3.1/node_modules/react-router/dist/umd/react-router.development.js:1203:17)
    at MemoryRouter (/Users/tunbee27/Documents/Tako-san-ui-rebuild/node_modules/.pnpm/react-router@6.30.6_react@18.3.1/node_modules/react-router/dist/umd/react-router.development.js:1097:7)
    at QueryClientProvider (file:///Users/tunbee27/Documents/Tako-san-ui-rebuild/node_modules/.pnpm/@tanstack+react-query@5.102.8_react@18.3.1/node_modules/@tanstack/react-query/build/modern/QueryClientProvider.js:12:32)
Warning: useLayoutEffect does nothing on the server, because its effect cannot be encoded into the server renderer's output format. This will lead to a mismatch between the initial, non-hydrated UI and the intended UI. To avoid this, useLayoutEffect should only be used in components that render exclusively on the client. See https://reactjs.org/link/uselayouteffect-ssr for common fixes.
    at LinkWithRef (/Users/tunbee27/Documents/Tako-san-ui-rebuild/node_modules/.pnpm/react-router-dom@6.30.6_react-dom@18.3.1_react@18.3.1__react@18.3.1/node_modules/react-router-dom/dist/umd/react-router-dom.development.js:807:9)
    at div
    at header
    at KitchenHeader (/Users/tunbee27/Documents/Tako-san-ui-rebuild/src/web/components/common/KitchenHeader.tsx:10:3)
    at div
    at WeekWorkspace (/Users/tunbee27/Documents/Tako-san-ui-rebuild/src/web/features/week/WeekWorkspace.tsx:8:3)
    at WeekShoppingPage (/Users/tunbee27/Documents/Tako-san-ui-rebuild/src/web/pages/WeekShoppingPage.tsx:17:112)
    at Router (/Users/tunbee27/Documents/Tako-san-ui-rebuild/node_modules/.pnpm/react-router@6.30.6_react@18.3.1/node_modules/react-router/dist/umd/react-router.development.js:1203:17)
    at MemoryRouter (/Users/tunbee27/Documents/Tako-san-ui-rebuild/node_modules/.pnpm/react-router@6.30.6_react@18.3.1/node_modules/react-router/dist/umd/react-router.development.js:1097:7)
    at QueryClientProvider (file:///Users/tunbee27/Documents/Tako-san-ui-rebuild/node_modules/.pnpm/@tanstack+react-query@5.102.8_react@18.3.1/node_modules/@tanstack/react-query/build/modern/QueryClientProvider.js:12:32)
Warning: useLayoutEffect does nothing on the server, because its effect cannot be encoded into the server renderer's output format. This will lead to a mismatch between the initial, non-hydrated UI and the intended UI. To avoid this, useLayoutEffect should only be used in components that render exclusively on the client. See https://reactjs.org/link/uselayouteffect-ssr for common fixes.
    at LinkWithRef (/Users/tunbee27/Documents/Tako-san-ui-rebuild/node_modules/.pnpm/react-router-dom@6.30.6_react-dom@18.3.1_react@18.3.1__react@18.3.1/node_modules/react-router-dom/dist/umd/react-router-dom.development.js:807:9)
    at div
    at header
    at KitchenHeader (/Users/tunbee27/Documents/Tako-san-ui-rebuild/src/web/components/common/KitchenHeader.tsx:10:3)
    at div
    at WeekWorkspace (/Users/tunbee27/Documents/Tako-san-ui-rebuild/src/web/features/week/WeekWorkspace.tsx:8:3)
    at WeekShoppingPage (/Users/tunbee27/Documents/Tako-san-ui-rebuild/src/web/pages/WeekShoppingPage.tsx:17:112)
    at Router (/Users/tunbee27/Documents/Tako-san-ui-rebuild/node_modules/.pnpm/react-router@6.30.6_react@18.3.1/node_modules/react-router/dist/umd/react-router.development.js:1203:17)
    at MemoryRouter (/Users/tunbee27/Documents/Tako-san-ui-rebuild/node_modules/.pnpm/react-router@6.30.6_react@18.3.1/node_modules/react-router/dist/umd/react-router.development.js:1097:7)
    at QueryClientProvider (file:///Users/tunbee27/Documents/Tako-san-ui-rebuild/node_modules/.pnpm/@tanstack+react-query@5.102.8_react@18.3.1/node_modules/@tanstack/react-query/build/modern/QueryClientProvider.js:12:32)
Warning: useLayoutEffect does nothing on the server, because its effect cannot be encoded into the server renderer's output format. This will lead to a mismatch between the initial, non-hydrated UI and the intended UI. To avoid this, useLayoutEffect should only be used in components that render exclusively on the client. See https://reactjs.org/link/uselayouteffect-ssr for common fixes.
    at LinkWithRef (/Users/tunbee27/Documents/Tako-san-ui-rebuild/node_modules/.pnpm/react-router-dom@6.30.6_react-dom@18.3.1_react@18.3.1__react@18.3.1/node_modules/react-router-dom/dist/umd/react-router-dom.development.js:807:9)
    at div
    at header
    at KitchenHeader (/Users/tunbee27/Documents/Tako-san-ui-rebuild/src/web/components/common/KitchenHeader.tsx:10:3)
    at div
    at WeekWorkspace (/Users/tunbee27/Documents/Tako-san-ui-rebuild/src/web/features/week/WeekWorkspace.tsx:8:3)
    at WeekShoppingPage (/Users/tunbee27/Documents/Tako-san-ui-rebuild/src/web/pages/WeekShoppingPage.tsx:17:112)
    at Router (/Users/tunbee27/Documents/Tako-san-ui-rebuild/node_modules/.pnpm/react-router@6.30.6_react@18.3.1/node_modules/react-router/dist/umd/react-router.development.js:1203:17)
    at MemoryRouter (/Users/tunbee27/Documents/Tako-san-ui-rebuild/node_modules/.pnpm/react-router@6.30.6_react@18.3.1/node_modules/react-router/dist/umd/react-router.development.js:1097:7)
    at QueryClientProvider (file:///Users/tunbee27/Documents/Tako-san-ui-rebuild/node_modules/.pnpm/@tanstack+react-query@5.102.8_react@18.3.1/node_modules/@tanstack/react-query/build/modern/QueryClientProvider.js:12:32)
Warning: useLayoutEffect does nothing on the server, because its effect cannot be encoded into the server renderer's output format. This will lead to a mismatch between the initial, non-hydrated UI and the intended UI. To avoid this, useLayoutEffect should only be used in components that render exclusively on the client. See https://reactjs.org/link/uselayouteffect-ssr for common fixes.
    at LinkWithRef (/Users/tunbee27/Documents/Tako-san-ui-rebuild/node_modules/.pnpm/react-router-dom@6.30.6_react-dom@18.3.1_react@18.3.1__react@18.3.1/node_modules/react-router-dom/dist/umd/react-router-dom.development.js:807:9)
    at KitchenScanLink (/Users/tunbee27/Documents/Tako-san-ui-rebuild/src/web/design-system/navigation.tsx:450:28)
    at header
    at KitchenHeader (/Users/tunbee27/Documents/Tako-san-ui-rebuild/src/web/components/common/KitchenHeader.tsx:10:3)
    at div
    at WeekWorkspace (/Users/tunbee27/Documents/Tako-san-ui-rebuild/src/web/features/week/WeekWorkspace.tsx:8:3)
    at WeekShoppingPage (/Users/tunbee27/Documents/Tako-san-ui-rebuild/src/web/pages/WeekShoppingPage.tsx:17:112)
    at Router (/Users/tunbee27/Documents/Tako-san-ui-rebuild/node_modules/.pnpm/react-router@6.30.6_react@18.3.1/node_modules/react-router/dist/umd/react-router.development.js:1203:17)
    at MemoryRouter (/Users/tunbee27/Documents/Tako-san-ui-rebuild/node_modules/.pnpm/react-router@6.30.6_react@18.3.1/node_modules/react-router/dist/umd/react-router.development.js:1097:7)
    at QueryClientProvider (file:///Users/tunbee27/Documents/Tako-san-ui-rebuild/node_modules/.pnpm/@tanstack+react-query@5.102.8_react@18.3.1/node_modules/@tanstack/react-query/build/modern/QueryClientProvider.js:12:32)
Warning: useLayoutEffect does nothing on the server, because its effect cannot be encoded into the server renderer's output format. This will lead to a mismatch between the initial, non-hydrated UI and the intended UI. To avoid this, useLayoutEffect should only be used in components that render exclusively on the client. See https://reactjs.org/link/uselayouteffect-ssr for common fixes.
    at LinkWithRef (/Users/tunbee27/Documents/Tako-san-ui-rebuild/node_modules/.pnpm/react-router-dom@6.30.6_react-dom@18.3.1_react@18.3.1__react@18.3.1/node_modules/react-router-dom/dist/umd/react-router-dom.development.js:807:9)
    at section
    at div
    at div
    at WeekWorkspace (/Users/tunbee27/Documents/Tako-san-ui-rebuild/src/web/features/week/WeekWorkspace.tsx:8:3)
    at WeekShoppingPage (/Users/tunbee27/Documents/Tako-san-ui-rebuild/src/web/pages/WeekShoppingPage.tsx:17:112)
    at Router (/Users/tunbee27/Documents/Tako-san-ui-rebuild/node_modules/.pnpm/react-router@6.30.6_react@18.3.1/node_modules/react-router/dist/umd/react-router.development.js:1203:17)
    at MemoryRouter (/Users/tunbee27/Documents/Tako-san-ui-rebuild/node_modules/.pnpm/react-router@6.30.6_react@18.3.1/node_modules/react-router/dist/umd/react-router.development.js:1097:7)
    at QueryClientProvider (file:///Users/tunbee27/Documents/Tako-san-ui-rebuild/node_modules/.pnpm/@tanstack+react-query@5.102.8_react@18.3.1/node_modules/@tanstack/react-query/build/modern/QueryClientProvider.js:12:32)

 ✓ tests/integration/frontend-ui-integration.test.tsx (34 tests) 1269ms
   ✓ real Home data rendered through the shared QueryClient > renders honest empty states without fake meal, budget, expiry items, progress, or notification badges  412ms
 ✓ tests/integration/recipe-media-catalog.test.ts (24 tests) 1210ms
 ✓ tests/integration/frontend-security-integration.test.ts (32 tests) 1152ms
stderr | tests/unit/t07-ai.test.ts > T07 planner rollout flags > requires the literal true backend flag (true)
{"level":"warn","limiter":"meal-planning-read","reason":"kv-unbound","message":"Rate limiter degraded to isolate-local counters; enforcement is not globally reliable."}

stdout | tests/unit/t07-ai.test.ts > T07 planner rollout flags > enables AI explanation ordering only for the literal true flag (missing)
{"level":"info","event":"meal_planning_result","status":"feasible","conclusion":"feasible","truncated":false,"states":2}

stderr | tests/unit/t07-ai.test.ts > T07 planner rollout flags > enables AI explanation ordering only for the literal true flag (missing)
{"level":"warn","limiter":"planner-compute","reason":"kv-unbound","message":"Rate limiter degraded to isolate-local counters; enforcement is not globally reliable."}
{"level":"warn","limiter":"meal-planning-expensive","reason":"kv-unbound","message":"Rate limiter degraded to isolate-local counters; enforcement is not globally reliable."}

 ✓ tests/integration/staging-d1-runtime-readiness.test.mjs (9 tests) 1143ms
stdout | tests/unit/t07-ai.test.ts > T07 planner rollout flags > enables AI explanation ordering only for the literal true flag (empty)
{"level":"info","event":"meal_planning_result","status":"feasible","conclusion":"feasible","truncated":false,"states":2}

stdout | tests/unit/t07-ai.test.ts > T07 planner rollout flags > enables AI explanation ordering only for the literal true flag (false)
{"level":"info","event":"meal_planning_result","status":"feasible","conclusion":"feasible","truncated":false,"states":2}

stdout | tests/unit/t07-ai.test.ts > T07 planner rollout flags > enables AI explanation ordering only for the literal true flag (invalid)
{"level":"info","event":"meal_planning_result","status":"feasible","conclusion":"feasible","truncated":false,"states":2}

stdout | tests/unit/t07-ai.test.ts > T07 planner rollout flags > enables AI explanation ordering only for the literal true flag (true)
{"level":"info","event":"meal_planning_result","status":"feasible","conclusion":"feasible","truncated":false,"states":2}

 ✓ tests/unit/t07-ai.test.ts (15 tests) 1070ms
stdout | tests/integration/scan-async-quota-lifecycle.test.ts > guest async scan quota lifecycle > consumes one fridge scan only with a ready result
{"event":"scan_terminal","supportId":"a924455adce8","scanType":"fridge","state":"ready","errorCode":null,"retryable":false,"attempt":1,"maxAttempts":3,"logicalModel":"QWEN_MULTIMODAL","configuredPrimaryModel":"qwen3.8-flash","latencyMs":1}

stdout | tests/integration/scan-async-quota-lifecycle.test.ts > guest async scan quota lifecycle > consumes one receipt scan only with a ready result
{"event":"scan_terminal","supportId":"aa81a4f7eb70","scanType":"receipt","state":"ready","errorCode":null,"retryable":false,"attempt":1,"maxAttempts":3,"logicalModel":"QWEN_OCR","configuredPrimaryModel":"qwen-vl-ocr","latencyMs":1}

stdout | tests/integration/scan-async-quota-lifecycle.test.ts > guest async scan quota lifecycle > releases permanent failure and replays it without another charge
{"event":"scan_terminal","supportId":"e093fcc0ba39","scanType":"fridge","state":"failed","errorCode":"MODEL_NOT_FOUND","retryable":false,"attempt":1,"maxAttempts":3,"logicalModel":"QWEN_MULTIMODAL","configuredPrimaryModel":"qwen3.8-flash","latencyMs":1}

stdout | tests/integration/scan-async-quota-lifecycle.test.ts > guest async scan quota lifecycle > reserves during transient failure, consumes on eventual success, and releases on exhaustion
{"event":"scan_terminal","supportId":"e494f1d7988e","scanType":"fridge","state":"ready","errorCode":null,"retryable":false,"attempt":2,"maxAttempts":3,"logicalModel":"QWEN_MULTIMODAL","configuredPrimaryModel":"qwen3.8-flash","latencyMs":1}

stdout | tests/integration/scan-async-quota-lifecycle.test.ts > guest async scan quota lifecycle > reserves during transient failure, consumes on eventual success, and releases on exhaustion
{"event":"scan_terminal","supportId":"5423a60c2c93","scanType":"fridge","state":"failed","errorCode":"REQUEST_TIMEOUT","retryable":false,"attempt":2,"maxAttempts":2,"logicalModel":"QWEN_MULTIMODAL","configuredPrimaryModel":"qwen3.8-flash","latencyMs":0}

stderr | tests/integration/scan-async-quota-lifecycle.test.ts > guest async scan quota lifecycle > reuses the queue intent and reservation after an ambiguous send
Scan queue enqueue failed

stdout | tests/integration/scan-async-quota-lifecycle.test.ts > guest async scan quota lifecycle > reuses the queue intent and reservation after an ambiguous send
{"event":"scan_terminal","supportId":"c00c764c8093","scanType":"fridge","state":"ready","errorCode":null,"retryable":false,"attempt":1,"maxAttempts":3,"logicalModel":"QWEN_MULTIMODAL","configuredPrimaryModel":"qwen3.8-flash","latencyMs":0}

stderr | tests/integration/scan-async-quota-lifecycle.test.ts > guest async scan quota lifecycle > releases on storage failure and rolls back a scan persistence failure
R2 upload failed

stdout | tests/integration/scan-async-quota-lifecycle.test.ts > guest async scan quota lifecycle > does not retry a permanent model error despite a provider retry hint
{"event":"scan_terminal","supportId":"8b92262fdf0e","scanType":"fridge","state":"failed","errorCode":"MODEL_NOT_FOUND","retryable":false,"attempt":1,"maxAttempts":3,"logicalModel":"QWEN_MULTIMODAL","configuredPrimaryModel":"qwen3.8-flash","latencyMs":1}

 ✓ tests/integration/scan-async-quota-lifecycle.test.ts (11 tests) 1066ms
 ✓ tests/unit/synthetic-ocr-score.test.mjs (1 test) 967ms
   ✓ synthetic OCR scorer > counts incorrect quantity, price, and total separately without altering ground truth  966ms
 ✓ tests/integration/inventory-closed-loop.test.ts (9 tests) 1022ms
 ✓ tests/integration/cleanup-schema.test.ts (11 tests) 999ms
 ✓ tests/integration/recipe-authority-routing.test.ts (8 tests) 962ms
 ✓ tests/integration/foundation-hardening.test.ts (13 tests) 957ms
 ✓ tests/integration/recipe-personalization.test.ts (7 tests) 927ms
   ✓ T03 ranking personalization persistence > fails closed for D1 batch failures and malformed persisted preference data without touching cooked or inventory state  366ms
 ✓ tests/integration/inventory-reconciliation-composition.test.ts (19 tests) 934ms
stderr | tests/integration/t13r-a-evidence-completeness.test.ts > T13R-A P2-A raw category/storage/canonical evidence is retained by every writer > sync fridge and sync receipt persist the ingested mapping as immutable evidence
{"level":"warn","limiter":"rl_scan","reason":"kv-unbound","message":"Rate limiter degraded to isolate-local counters; enforcement is not globally reliable."}

stderr | tests/integration/t13r-a-evidence-completeness.test.ts > T13R-A P2-A raw category/storage/canonical evidence is retained by every writer > sync fridge and sync receipt persist the ingested mapping as immutable evidence
{"level":"warn","limiter":"rl_receipt","reason":"kv-unbound","message":"Rate limiter degraded to isolate-local counters; enforcement is not globally reliable."}

stdout | tests/integration/t13r-a-evidence-completeness.test.ts > T13R-A P2-A raw category/storage/canonical evidence is retained by every writer > async fridge persists the same evidence as the synchronous route
{"event":"scan_terminal","supportId":"4ca34b475372","scanType":"fridge","state":"ready","errorCode":null,"retryable":false,"attempt":1,"maxAttempts":3,"logicalModel":"QWEN_MULTIMODAL","configuredPrimaryModel":"qwen3.8-flash","latencyMs":1}

stdout | tests/integration/t13r-a-evidence-completeness.test.ts > T13R-A P2-A raw category/storage/canonical evidence is retained by every writer > async receipt persists the same evidence as the synchronous route
{"event":"scan_terminal","supportId":"0a7d1d174233","scanType":"receipt","state":"ready","errorCode":null,"retryable":false,"attempt":1,"maxAttempts":3,"logicalModel":"QWEN_OCR","configuredPrimaryModel":"qwen-vl-ocr","latencyMs":0}

 ✓ tests/integration/t13b-browser-tooling.test.mjs (3 tests) 883ms
   ✓ isolated browser bootstrap > runs the real Playwright reporter lifecycle without HTML, retaining sanitized failure evidence  880ms
 ✓ tests/integration/t13r-a-evidence-completeness.test.ts (9 tests) 936ms
stderr | tests/integration/shopping-command-race.test.ts > shopping first-claim races (real SQLite HTTP) > legacy Week compatibility > replays the completed winner when an expired prepared lease resumes
{"level":"warn","limiter":"rl_week_w","reason":"kv-unbound","message":"Rate limiter degraded to isolate-local counters; enforcement is not globally reliable."}

stdout | tests/integration/t13r-a-async-evidence.test.ts > T13R-A P1-1 async scan ingestion retains T13 source evidence > async fridge persists raw evidence for confidence 0
{"event":"scan_terminal","supportId":"64b7b3cdae77","scanType":"fridge","state":"ready","errorCode":null,"retryable":false,"attempt":1,"maxAttempts":3,"logicalModel":"QWEN_MULTIMODAL","configuredPrimaryModel":"qwen3.8-flash","latencyMs":3}

stdout | tests/integration/t13r-a-async-evidence.test.ts > T13R-A P1-1 async scan ingestion retains T13 source evidence > async fridge persists raw evidence for confidence 0.11
{"event":"scan_terminal","supportId":"64b7b3cdae77","scanType":"fridge","state":"ready","errorCode":null,"retryable":false,"attempt":1,"maxAttempts":3,"logicalModel":"QWEN_MULTIMODAL","configuredPrimaryModel":"qwen3.8-flash","latencyMs":1}

stdout | tests/integration/t13r-a-async-evidence.test.ts > T13R-A P1-1 async scan ingestion retains T13 source evidence > async fridge persists raw evidence for confidence 0.9
{"event":"scan_terminal","supportId":"64b7b3cdae77","scanType":"fridge","state":"ready","errorCode":null,"retryable":false,"attempt":1,"maxAttempts":3,"logicalModel":"QWEN_MULTIMODAL","configuredPrimaryModel":"qwen3.8-flash","latencyMs":0}

stdout | tests/integration/t13r-a-async-evidence.test.ts > T13R-A P1-1 async scan ingestion retains T13 source evidence > async fridge persists raw evidence for confidence missing
{"event":"scan_terminal","supportId":"64b7b3cdae77","scanType":"fridge","state":"ready","errorCode":null,"retryable":false,"attempt":1,"maxAttempts":3,"logicalModel":"QWEN_MULTIMODAL","configuredPrimaryModel":"qwen3.8-flash","latencyMs":1}

stdout | tests/integration/t13r-a-async-evidence.test.ts > T13R-A P1-1 async scan ingestion retains T13 source evidence > async receipt persists raw evidence for confidence 0
{"event":"scan_terminal","supportId":"64b7b3cdae77","scanType":"receipt","state":"ready","errorCode":null,"retryable":false,"attempt":1,"maxAttempts":3,"logicalModel":"QWEN_OCR","configuredPrimaryModel":"qwen-vl-ocr","latencyMs":1}

stdout | tests/integration/t13r-a-async-evidence.test.ts > T13R-A P1-1 async scan ingestion retains T13 source evidence > async receipt persists raw evidence for confidence 0.11
{"event":"scan_terminal","supportId":"64b7b3cdae77","scanType":"receipt","state":"ready","errorCode":null,"retryable":false,"attempt":1,"maxAttempts":3,"logicalModel":"QWEN_OCR","configuredPrimaryModel":"qwen-vl-ocr","latencyMs":1}

stdout | tests/integration/t13r-a-async-evidence.test.ts > T13R-A P1-1 async scan ingestion retains T13 source evidence > async receipt persists raw evidence for confidence 0.9
{"event":"scan_terminal","supportId":"64b7b3cdae77","scanType":"receipt","state":"ready","errorCode":null,"retryable":false,"attempt":1,"maxAttempts":3,"logicalModel":"QWEN_OCR","configuredPrimaryModel":"qwen-vl-ocr","latencyMs":1}

stdout | tests/integration/t13r-a-async-evidence.test.ts > T13R-A P1-1 async scan ingestion retains T13 source evidence > async receipt persists raw evidence for confidence missing
{"event":"scan_terminal","supportId":"64b7b3cdae77","scanType":"receipt","state":"ready","errorCode":null,"retryable":false,"attempt":1,"maxAttempts":3,"logicalModel":"QWEN_OCR","configuredPrimaryModel":"qwen-vl-ocr","latencyMs":0}

stdout | tests/integration/t13r-a-async-evidence.test.ts > T13R-A P1-1 async scan ingestion retains T13 source evidence > a receipt line without confidence is a valid unknown-confidence line, not a persistence failure
{"event":"scan_terminal","supportId":"64b7b3cdae77","scanType":"receipt","state":"ready","errorCode":null,"retryable":false,"attempt":1,"maxAttempts":3,"logicalModel":"QWEN_OCR","configuredPrimaryModel":"qwen-vl-ocr","latencyMs":1}

 ✓ tests/integration/t13r-a-async-evidence.test.ts (9 tests) 830ms
 ✓ tests/integration/shopping-command-race.test.ts (8 tests) 855ms
 ✓ tests/integration/recipe-foundation.test.ts (9 tests) 780ms
 ✓ tests/unit/t21rc-row-reconciliation.test.mjs (57 tests) 801ms
   ✓ T21R-C offline occurrence reconciliation > accounts all 500 recipes and 2702 V1 ingredient occurrences from the approved local catalog  529ms
stdout | tests/integration/t07-persistence.test.ts > T07 generated-plan persistence concurrency > allows only one same-revision swap winner and only one swap/regenerate winner
{"level":"info","event":"meal_planning_result","status":"feasible","conclusion":"feasible","truncated":false,"states":7}

stdout | tests/integration/t07-persistence.test.ts > T07 generated-plan persistence concurrency > allows only one same-revision swap winner and only one swap/regenerate winner
{"level":"info","event":"meal_planning_result","status":"feasible","conclusion":"feasible","truncated":false,"states":4}

stdout | tests/integration/t07-persistence.test.ts > T07 generated-plan persistence concurrency > allows only one same-revision swap winner and only one swap/regenerate winner
{"level":"info","event":"meal_planning_result","status":"feasible","conclusion":"feasible","truncated":false,"states":4}

stdout | tests/integration/t07-persistence.test.ts > T07 generated-plan persistence concurrency > allows only one same-revision swap winner and only one swap/regenerate winner
{"level":"info","event":"meal_planning_result","status":"feasible","conclusion":"feasible","truncated":false,"states":7}

stdout | tests/integration/t07-persistence.test.ts > T07 generated-plan persistence concurrency > allows only one same-revision swap winner and only one swap/regenerate winner
{"level":"info","event":"meal_planning_result","status":"feasible","conclusion":"feasible","truncated":false,"states":4}

stdout | tests/integration/t07-persistence.test.ts > T07 generated-plan persistence concurrency > allows only one same-revision swap winner and only one swap/regenerate winner
{"level":"info","event":"meal_planning_result","status":"feasible","conclusion":"feasible","truncated":false,"states":7}

stdout | tests/integration/t07-persistence.test.ts > T07 generated-plan persistence concurrency > deduplicates concurrent creation writes while documenting duplicate initial compute
{"level":"info","event":"meal_planning_result","status":"feasible","conclusion":"feasible","truncated":false,"states":7}

stdout | tests/integration/t07-persistence.test.ts > T07 generated-plan persistence concurrency > deduplicates concurrent creation writes while documenting duplicate initial compute
{"level":"info","event":"meal_planning_result","status":"feasible","conclusion":"feasible","truncated":false,"states":7}

stdout | tests/integration/t07-persistence.test.ts > T07 generated-plan persistence concurrency > deduplicates concurrent creation writes while documenting duplicate initial compute
{"level":"info","event":"meal_planning_result","status":"feasible","conclusion":"feasible","truncated":false,"states":7}

stdout | tests/integration/t07-persistence.test.ts > T07 generated-plan persistence concurrency > deduplicates concurrent creation writes while documenting duplicate initial compute
{"level":"info","event":"meal_planning_result","status":"feasible","conclusion":"feasible","truncated":false,"states":7}

stdout | tests/integration/t07-persistence.test.ts > T07 generated-plan persistence concurrency > fences feedback by plan revision while retaining exact retry identity
{"level":"info","event":"meal_planning_result","status":"feasible","conclusion":"feasible","truncated":false,"states":7}

stdout | tests/integration/t07-persistence.test.ts > T07 generated-plan persistence concurrency > fences feedback by plan revision while retaining exact retry identity
{"level":"info","event":"meal_planning_result","status":"feasible","conclusion":"feasible","truncated":false,"states":7}

stdout | tests/integration/t07-persistence.test.ts > T07 generated-plan persistence concurrency > rejects feedback when regeneration commits after its read but before its guarded insert
{"level":"info","event":"meal_planning_result","status":"feasible","conclusion":"feasible","truncated":false,"states":7}

stdout | tests/integration/t07-persistence.test.ts > T07 generated-plan persistence concurrency > rejects feedback when regeneration commits after its read but before its guarded insert
{"level":"info","event":"meal_planning_result","status":"feasible","conclusion":"feasible","truncated":false,"states":7}

stdout | tests/integration/t07-persistence.test.ts > T07 generated-plan persistence concurrency > rejects a shopping result when regeneration makes the source revision stale
{"level":"info","event":"meal_planning_result","status":"feasible","conclusion":"feasible","truncated":false,"states":7}

stdout | tests/integration/t07-persistence.test.ts > T07 generated-plan persistence concurrency > rejects a shopping result when regeneration makes the source revision stale
{"level":"info","event":"meal_planning_result","status":"feasible","conclusion":"feasible","truncated":false,"states":7}

 ✓ tests/integration/t07-persistence.test.ts (6 tests) 749ms
 ✓ tests/unit/t20-staging-fixtures.test.mjs (27 tests) 749ms
 ✓ tests/integration/ranking-nutrition.test.ts (6 tests) 571ms
 ✓ tests/integration/d1-schema-gate.test.ts (9 tests) 697ms
 ✓ tests/integration/recipe-media-schema.test.ts (13 tests) 684ms
 ✓ tests/integration/recipe-d1-parity.test.ts (12 tests) 671ms
stdout | tests/integration/t13b-preview-fixtures.test.mjs > T13B isolated browser evidence fixtures > keeps all browser controls out of the production worker
{"level":"info","requestId":"01e82469-54e0-4217-8450-649b4dabf7df","method":"POST","path":"/__preview/t13-scans","status":404,"durationMs":3,"environment":"production"}

stdout | tests/integration/t13b-preview-fixtures.test.mjs > T13B isolated browser evidence fixtures > keeps all browser controls out of the production worker
{"level":"info","requestId":"591d32fa-654a-4110-820f-8b9c1a3c980c","method":"POST","path":"/__preview/t13-scenarios","status":404,"durationMs":0,"environment":"production"}

stdout | tests/integration/t13b-preview-fixtures.test.mjs > T13B isolated browser evidence fixtures > keeps all browser controls out of the production worker
{"level":"info","requestId":"12263382-8fe0-4a7d-bc32-11409a28f9d5","method":"POST","path":"/__preview/t13-state","status":404,"durationMs":1,"environment":"production"}

stdout | tests/integration/t13b-preview-fixtures.test.mjs > T13B isolated browser evidence fixtures > keeps all browser controls out of the production worker
{"level":"info","requestId":"2622fff7-53e4-43c2-b93b-2a703933e3f1","method":"POST","path":"/__preview/t13-operator-requests","status":404,"durationMs":0,"environment":"production"}

stdout | tests/integration/t13b-preview-fixtures.test.mjs > T13B isolated browser evidence fixtures > keeps all browser controls out of the production worker
{"level":"info","requestId":"705f05e7-2808-49df-aad4-2e62b9b904c7","method":"POST","path":"/__preview/t13-reconciliation","status":404,"durationMs":0,"environment":"production"}

 ✓ tests/integration/meal-planning-persistence.test.ts (6 tests) 648ms
 ✓ tests/integration/t13b-preview-fixtures.test.mjs (7 tests) 625ms
 ✓ tests/integration/inventory-closed-loop-routes.test.ts (5 tests) 618ms
 ✓ tests/integration/inventory-observation-concurrency.test.ts (4 tests) 598ms
 ✓ tests/unit/t21rb-v1-semantic.test.mjs (11 tests) 528ms
 ✓ tests/unit/t21rc2-schema-diagnostic.test.mjs (35 tests) 563ms
   ✓ T21RC2 real classify CLI schema-failure boundary > prints and receipts only a safe diagnostic for a synthetic forced schema failure  440ms
 ✓ tests/integration/recipe-candidates.test.ts (3 tests) 534ms
stdout | tests/integration/recipe-canary-test-cohort-http.test.ts > T15C-C — authorized test cohort over HTTP; request input has no influence > P1 rollback over HTTP: canary → shadow/static with cohort secrets retained serves static 71 to include, exclude and ordinary households; no D1 read, no config diagnostic, no secret cleanup
{"event":"recipe_catalog_shadow","catalog_source":"static","catalog_mode":"shadow","status":"compared","catalog_static_count":71,"level":"info","catalog_d1_count":71,"catalog_complete_count":71,"catalog_hydrated_count":71,"catalog_static_only_count":0,"catalog_d1_only_count":0,"catalog_drift_count":0,"catalog_order_drift_count":0,"catalog_hydration_failure_count":0,"catalog_lookup_ms":26,"release_id":"rel-1a047444a3632771","release_expected_count":71,"release_readiness":"ready","release_readiness_code":null,"release_reviewed_growth_count":0,"drift_sample":[],"order_drift_sample":[],"hydration_failure_sample":[]}

 ✓ tests/integration/recipe-canary-test-cohort-http.test.ts (6 tests) 501ms
 ✓ tests/unit/production-catalog-v2-lineage.test.mjs (27 tests) 449ms
   ✓ production catalog V2 semantic lineage > runs the CLI against the real V2 package and writes only sanitized aggregates  339ms
stdout | tests/integration/scan-queue-retry-policy.test.ts > scan queue provider retry policy > fails a model-access error immediately instead of burning all queue attempts
{"event":"scan_terminal","supportId":"091436fc2dc8","scanType":"fridge","state":"failed","errorCode":"MODEL_NOT_FOUND","retryable":false,"attempt":1,"maxAttempts":3,"logicalModel":"QWEN_MULTIMODAL","configuredPrimaryModel":"qwen3.8-flash","latencyMs":3}

stdout | tests/integration/scan-queue-retry-policy.test.ts > scan queue provider retry policy > does not write an untrusted provider canonical id into the ingredient FK
{"event":"scan_terminal","supportId":"091436fc2dc8","scanType":"fridge","state":"ready","errorCode":null,"retryable":false,"attempt":1,"maxAttempts":3,"logicalModel":"QWEN_MULTIMODAL","configuredPrimaryModel":"qwen3.8-flash","latencyMs":1}

stdout | tests/integration/scan-queue-retry-policy.test.ts > scan queue provider retry policy > keeps a catalog-valid provider canonical id when the raw label is unknown
{"event":"scan_terminal","supportId":"091436fc2dc8","scanType":"fridge","state":"ready","errorCode":null,"retryable":false,"attempt":1,"maxAttempts":3,"logicalModel":"QWEN_MULTIMODAL","configuredPrimaryModel":"qwen3.8-flash","latencyMs":1}

 ✓ tests/integration/scan-queue-retry-policy.test.ts (5 tests) 468ms
 ✓ tests/unit/recipe-import-provenance.test.ts (11 tests) 451ms
stdout | tests/integration/production-integration-scan-flow.test.ts > production Qwen queue to T13 inventory authority > preserves a real Qwen result through queue, confirmation and idempotent replay
{"level":"info","event":"ai_usage","task":"receipt_ocr","provider":"qwen","logicalModel":"QWEN_OCR","physicalModel":"qwen-vl-ocr","promptId":"receipt-ocr","promptVersion":"1","inputTokens":12,"outputTokens":68,"cachedInputTokens":0,"estimatedCostUsd":0.000011720000000000001,"pricingVersion":"estimate-2026-09-sg-low-context","latencyMs":2,"attempt":1,"status":"success"}

stdout | tests/integration/production-integration-scan-flow.test.ts > production Qwen queue to T13 inventory authority > preserves a real Qwen result through queue, confirmation and idempotent replay
{"event":"scan_terminal","supportId":"a891736b777e","scanType":"receipt","state":"ready","errorCode":null,"retryable":false,"attempt":1,"maxAttempts":3,"logicalModel":"QWEN_OCR","configuredPrimaryModel":"qwen-vl-ocr","latencyMs":6}

stdout | tests/integration/production-integration-scan-flow.test.ts > production Qwen queue to T13 inventory authority > keeps unknown confidence and fridge provenance through the real Qwen queue path
{"level":"info","event":"ai_usage","task":"fridge_image_analysis","provider":"qwen","logicalModel":"QWEN_MULTIMODAL","physicalModel":"qwen3.8-flash","promptId":"fridge-image-analysis","promptVersion":"1","inputTokens":12,"outputTokens":35,"cachedInputTokens":0,"estimatedCostUsd":0.00001825,"pricingVersion":"estimate-2026-09-sg-low-context","latencyMs":0,"attempt":1,"status":"success"}

stdout | tests/integration/production-integration-scan-flow.test.ts > production Qwen queue to T13 inventory authority > keeps unknown confidence and fridge provenance through the real Qwen queue path
{"event":"scan_terminal","supportId":"1c083ef3bbdf","scanType":"fridge","state":"ready","errorCode":null,"retryable":false,"attempt":1,"maxAttempts":3,"logicalModel":"QWEN_MULTIMODAL","configuredPrimaryModel":"qwen3.8-flash","latencyMs":4}

 ✓ tests/unit/d1-readonly-query.test.mjs (20 tests) 358ms
   ✓ read-only production D1 query proofs > queries the remote API and preserves one complete result per generated statement  344ms
stdout | tests/integration/production-integration-scan-flow.test.ts > production Qwen queue to T13 inventory authority > persists real Qwen zero confidence without fabricating evidence
{"level":"info","event":"ai_usage","task":"fridge_image_analysis","provider":"qwen","logicalModel":"QWEN_MULTIMODAL","physicalModel":"qwen3.8-flash","promptId":"fridge-image-analysis","promptVersion":"1","inputTokens":12,"outputTokens":39,"cachedInputTokens":0,"estimatedCostUsd":0.00002013,"pricingVersion":"estimate-2026-09-sg-low-context","latencyMs":0,"attempt":1,"status":"success"}

stdout | tests/integration/production-integration-scan-flow.test.ts > production Qwen queue to T13 inventory authority > persists real Qwen zero confidence without fabricating evidence
{"event":"scan_terminal","supportId":"1fc1e7b8ece3","scanType":"fridge","state":"ready","errorCode":null,"retryable":false,"attempt":1,"maxAttempts":3,"logicalModel":"QWEN_MULTIMODAL","configuredPrimaryModel":"qwen3.8-flash","latencyMs":1}

stdout | tests/integration/production-integration-scan-flow.test.ts > production Qwen queue to T13 inventory authority > persists real Qwen low confidence without fabricating evidence
{"level":"info","event":"ai_usage","task":"fridge_image_analysis","provider":"qwen","logicalModel":"QWEN_MULTIMODAL","physicalModel":"qwen3.8-flash","promptId":"fridge-image-analysis","promptVersion":"1","inputTokens":12,"outputTokens":39,"cachedInputTokens":0,"estimatedCostUsd":0.00002013,"pricingVersion":"estimate-2026-09-sg-low-context","latencyMs":0,"attempt":1,"status":"success"}

stdout | tests/integration/production-integration-scan-flow.test.ts > production Qwen queue to T13 inventory authority > persists real Qwen low confidence without fabricating evidence
{"event":"scan_terminal","supportId":"6d048a424198","scanType":"fridge","state":"ready","errorCode":null,"retryable":false,"attempt":1,"maxAttempts":3,"logicalModel":"QWEN_MULTIMODAL","configuredPrimaryModel":"qwen3.8-flash","latencyMs":2}

 ✓ tests/integration/production-integration-scan-flow.test.ts (4 tests) 446ms
 ✓ tests/integration/meal-planning-snapshot.test.ts (5 tests) 438ms
 ✓ tests/unit/recipe-import-factory.test.ts (16 tests) 429ms
stderr | tests/integration/week-core-flow.test.ts > Week core HTTP flow (in-memory D1) > creates, reads, regenerates, and swaps a plan while preserving relational state
{"level":"warn","limiter":"rl_week_w","reason":"kv-unbound","message":"Rate limiter degraded to isolate-local counters; enforcement is not globally reliable."}

stderr | tests/integration/week-core-flow.test.ts > Week core HTTP flow (in-memory D1) > creates, reads, regenerates, and swaps a plan while preserving relational state
{"level":"warn","limiter":"rl_gen","reason":"kv-unbound","message":"Rate limiter degraded to isolate-local counters; enforcement is not globally reliable."}

stderr | tests/integration/week-core-flow.test.ts > Week core HTTP flow (in-memory D1) > creates, reads, regenerates, and swaps a plan while preserving relational state
{"level":"warn","limiter":"rl_swap","reason":"kv-unbound","message":"Rate limiter degraded to isolate-local counters; enforcement is not globally reliable."}

 ✓ tests/integration/scan-quota-reconciliation.test.ts (4 tests) 365ms
 ✓ tests/integration/week-core-flow.test.ts (3 tests) 353ms
stdout | tests/integration/t07-rate-limit.test.ts > T07 authenticated planner aggregate compute budget > shares a ten-request budget across plan IDs/actions (primary KV: true)
{"level":"info","event":"meal_planning_result","status":"feasible","conclusion":"feasible","truncated":false,"states":2}

stdout | tests/integration/t07-rate-limit.test.ts > T07 authenticated planner aggregate compute budget > shares a ten-request budget across plan IDs/actions (primary KV: true)
{"level":"info","event":"meal_planning_result","status":"feasible","conclusion":"feasible","truncated":false,"states":2}

stdout | tests/integration/t07-rate-limit.test.ts > T07 authenticated planner aggregate compute budget > shares a ten-request budget across plan IDs/actions (primary KV: true)
{"level":"info","event":"meal_planning_result","status":"feasible","conclusion":"feasible","truncated":false,"states":2}

stdout | tests/integration/t07-rate-limit.test.ts > T07 authenticated planner aggregate compute budget > shares a ten-request budget across plan IDs/actions (primary KV: true)
{"level":"info","event":"meal_planning_result","status":"feasible","conclusion":"feasible","truncated":false,"states":2}

stdout | tests/integration/t07-rate-limit.test.ts > T07 authenticated planner aggregate compute budget > shares a ten-request budget across plan IDs/actions (primary KV: true)
{"level":"info","event":"meal_planning_result","status":"feasible","conclusion":"feasible","truncated":false,"states":2}

stdout | tests/integration/t07-rate-limit.test.ts > T07 authenticated planner aggregate compute budget > shares a ten-request budget across plan IDs/actions (primary KV: true)
{"level":"info","event":"meal_planning_result","status":"feasible","conclusion":"feasible","truncated":false,"states":2}

stdout | tests/integration/t07-rate-limit.test.ts > T07 authenticated planner aggregate compute budget > shares a ten-request budget across plan IDs/actions (primary KV: true)
{"level":"info","event":"meal_planning_result","status":"feasible","conclusion":"feasible","truncated":false,"states":2}

stdout | tests/integration/t07-rate-limit.test.ts > T07 authenticated planner aggregate compute budget > shares a ten-request budget across plan IDs/actions (primary KV: true)
{"level":"info","event":"meal_planning_result","status":"feasible","conclusion":"feasible","truncated":false,"states":2}

stdout | tests/integration/t07-rate-limit.test.ts > T07 authenticated planner aggregate compute budget > shares a ten-request budget across plan IDs/actions (primary KV: true)
{"level":"info","event":"meal_planning_result","status":"feasible","conclusion":"feasible","truncated":false,"states":2}

stdout | tests/integration/t07-rate-limit.test.ts > T07 authenticated planner aggregate compute budget > shares a ten-request budget across plan IDs/actions (primary KV: true)
{"level":"info","event":"meal_planning_result","status":"feasible","conclusion":"feasible","truncated":false,"states":2}

stdout | tests/integration/t07-rate-limit.test.ts > T07 authenticated planner aggregate compute budget > shares a ten-request budget across plan IDs/actions (primary KV: true)
{"level":"info","event":"meal_planning_result","status":"feasible","conclusion":"feasible","truncated":false,"states":2}

stderr | tests/integration/t07-rate-limit.test.ts > T07 authenticated planner aggregate compute budget > shares a ten-request budget across plan IDs/actions (primary KV: false)
{"level":"warn","limiter":"planner-compute","reason":"kv-unbound","message":"Rate limiter degraded to isolate-local counters; enforcement is not globally reliable."}
{"level":"warn","limiter":"meal-planning-expensive","reason":"kv-unbound","message":"Rate limiter degraded to isolate-local counters; enforcement is not globally reliable."}

stdout | tests/integration/t07-rate-limit.test.ts > T07 authenticated planner aggregate compute budget > shares a ten-request budget across plan IDs/actions (primary KV: false)
{"level":"info","event":"meal_planning_result","status":"feasible","conclusion":"feasible","truncated":false,"states":2}

stdout | tests/integration/t07-rate-limit.test.ts > T07 authenticated planner aggregate compute budget > shares a ten-request budget across plan IDs/actions (primary KV: false)
{"level":"info","event":"meal_planning_result","status":"feasible","conclusion":"feasible","truncated":false,"states":2}

stdout | tests/integration/t07-rate-limit.test.ts > T07 authenticated planner aggregate compute budget > shares a ten-request budget across plan IDs/actions (primary KV: false)
{"level":"info","event":"meal_planning_result","status":"feasible","conclusion":"feasible","truncated":false,"states":2}

stdout | tests/integration/t07-rate-limit.test.ts > T07 authenticated planner aggregate compute budget > shares a ten-request budget across plan IDs/actions (primary KV: false)
{"level":"info","event":"meal_planning_result","status":"feasible","conclusion":"feasible","truncated":false,"states":2}

stdout | tests/integration/t07-rate-limit.test.ts > T07 authenticated planner aggregate compute budget > shares a ten-request budget across plan IDs/actions (primary KV: false)
{"level":"info","event":"meal_planning_result","status":"feasible","conclusion":"feasible","truncated":false,"states":2}

stdout | tests/integration/t07-rate-limit.test.ts > T07 authenticated planner aggregate compute budget > shares a ten-request budget across plan IDs/actions (primary KV: false)
{"level":"info","event":"meal_planning_result","status":"feasible","conclusion":"feasible","truncated":false,"states":2}

stdout | tests/integration/t07-rate-limit.test.ts > T07 authenticated planner aggregate compute budget > shares a ten-request budget across plan IDs/actions (primary KV: false)
{"level":"info","event":"meal_planning_result","status":"feasible","conclusion":"feasible","truncated":false,"states":2}

stdout | tests/integration/t07-rate-limit.test.ts > T07 authenticated planner aggregate compute budget > shares a ten-request budget across plan IDs/actions (primary KV: false)
{"level":"info","event":"meal_planning_result","status":"feasible","conclusion":"feasible","truncated":false,"states":2}

stdout | tests/integration/t07-rate-limit.test.ts > T07 authenticated planner aggregate compute budget > shares a ten-request budget across plan IDs/actions (primary KV: false)
{"level":"info","event":"meal_planning_result","status":"feasible","conclusion":"feasible","truncated":false,"states":2}

stdout | tests/integration/t07-rate-limit.test.ts > T07 authenticated planner aggregate compute budget > shares a ten-request budget across plan IDs/actions (primary KV: false)
{"level":"info","event":"meal_planning_result","status":"feasible","conclusion":"feasible","truncated":false,"states":2}

stderr | tests/integration/t07-rate-limit.test.ts > T07 authenticated planner aggregate compute budget > shares a ten-request budget across plan IDs/actions (primary KV: false)
{"level":"warn","limiter":"meal-planning-read","reason":"kv-unbound","message":"Rate limiter degraded to isolate-local counters; enforcement is not globally reliable."}

stderr | tests/integration/t07-rate-limit.test.ts > T07 authenticated planner aggregate compute budget > shares a ten-request budget across plan IDs/actions (primary KV: false)
{"level":"warn","limiter":"meal-planning-feedback","reason":"kv-unbound","message":"Rate limiter degraded to isolate-local counters; enforcement is not globally reliable."}

stdout | tests/integration/t07-rate-limit.test.ts > T07 authenticated planner aggregate compute budget > shares a ten-request budget across plan IDs/actions (primary KV: false)
{"level":"info","event":"meal_planning_result","status":"feasible","conclusion":"feasible","truncated":false,"states":2}

 ✓ tests/integration/t07-rate-limit.test.ts (2 tests) 355ms
 ✓ tests/unit/t21rc2t-production-receipt.test.mjs (9 tests) 307ms
 ✓ tests/unit/recipe-refresh-v2.test.ts (18 tests) 345ms
   ✓ committed Recipe Content Refresh V2 package > contains the independently audited 500-recipe corpus and reproduces the runtime fingerprint  322ms
 ✓ tests/unit/production-catalog-lineage.test.mjs (8 tests) 320ms
 ✓ tests/unit/ui07-brand-exports.test.mjs (5 tests) 295ms
 ✓ tests/unit/weekly-planner.test.ts (25 tests) 311ms
 ✓ tests/unit/scan-route-errors.test.ts (3 tests) 290ms
 ✓ tests/unit/production-catalog-recovery-approval.test.mjs (13 tests) 279ms
 ✓ tests/integration/recipe-catalog-safety.test.ts (6 tests) 277ms
 ✓ tests/unit/runtime-ingredient-v2.test.ts (13 tests) 218ms
 ✓ tests/unit/t21rc2t-privacy.test.mjs (37 tests) 250ms
 ✓ tests/integration/shopping-optimizer.test.ts (3 tests) 223ms
 ✓ tests/integration/recipe-catalog.test.ts (7 tests) 213ms
 ✓ tests/integration/weekly-planner.test.ts (2 tests) 202ms
 ✓ tests/unit/frontend-services.test.ts (17 tests) 187ms
 ✓ tests/unit/t20-composer-candidates.test.ts (3 tests) 179ms
 ✓ tests/unit/ui04-scan-offline.test.ts (10 tests) 110ms
 ✓ tests/unit/takosan-brand.test.tsx (19 tests) 143ms
 ✓ tests/unit/inventory-adoption.test.ts (70 tests) 128ms
 ✓ tests/unit/inventory-lot-commands.test.ts (202 tests) 121ms
 ✓ tests/unit/shopping-optimizer.test.ts (56 tests) 106ms
stderr | tests/integration/scan-async-canary.test.ts > Fridge scan async canary (in-memory D1) > returns 202, persists a pending scan, and enqueues a tenant-scoped job
{"level":"warn","limiter":"rl_scan","reason":"kv-unbound","message":"Rate limiter degraded to isolate-local counters; enforcement is not globally reliable."}

 ✓ tests/integration/scan-async-canary.test.ts (1 test) 103ms
 ✓ tests/unit/production-catalog-static-pin.test.mjs (51 tests) 108ms
stderr | tests/unit/sync.test.ts > offline outbox and scan persistence contract > keeps guest outbox and scope unchanged when inventory transfer is deferred
Backend verify OTP failed: ApiError: HTTP 409: {"error":"Inventory transfer deferred","code":"INVENTORY_TRANSFER_DEFERRED"}
    at fetchJson (/Users/tunbee27/Documents/Tako-san-ui-rebuild/src/web/services/http.ts:125:11)
    at Object.verifyOtp (/Users/tunbee27/Documents/Tako-san-ui-rebuild/src/web/services/auth.ts:159:22)
    at /Users/tunbee27/Documents/Tako-san-ui-rebuild/tests/unit/sync.test.ts:300:5
    at file:///Users/tunbee27/Documents/Tako-san-ui-rebuild/node_modules/.pnpm/@vitest+runner@3.2.7/node_modules/@vitest/runner/dist/chunk-hooks.js:752:20 {
  kind: 'http',
  status: 409,
  retryable: undefined,
  requestId: undefined,
  payload: {
    error: 'Inventory transfer deferred',
    code: 'INVENTORY_TRANSFER_DEFERRED'
  }
}

 ✓ tests/unit/sync.test.ts (20 tests) 91ms
 ✓ tests/unit/shopping-catalog.test.ts (61 tests) 69ms
 ✓ tests/unit/recipe-seed-readonly.test.ts (5 tests) 61ms
 ✓ tests/integration/production-migration-bridge.test.ts (2 tests) 64ms
 ✓ tests/unit/staging-d1-runtime-readiness-check.test.mjs (22 tests) 72ms
 ✓ tests/unit/auth.test.ts (19 tests) 62ms
 ✓ tests/unit/recipe-catalog-authority.test.ts (6 tests) 54ms
 ✓ tests/unit/production-cloudflare-credential-diagnostics.test.mjs (70 tests) 52ms
 ✓ tests/unit/recipe-ranking.test.ts (63 tests) 55ms
 ✓ tests/unit/production-catalog-import-output.test.mjs (106 tests) 52ms
 ✓ tests/unit/wait-for-deployed-assets.test.mjs (44 tests) 53ms
 ✓ tests/unit/planner-contract.test.ts (22 tests) 46ms
 ✓ tests/unit/recipe-candidates.test.ts (43 tests) 47ms
 ✓ tests/unit/t20-meal-composition.test.ts (17 tests) 45ms
 ✓ tests/unit/recipe-families.test.ts (14 tests) 39ms
stderr | tests/unit/command-route-integrity.test.ts > inventory command integrity > requires a PATCH version instead of accepting blind writes
{"level":"warn","limiter":"rl_inv_w","reason":"kv-unbound","message":"Rate limiter degraded to isolate-local counters; enforcement is not globally reliable."}

stderr | tests/unit/command-route-integrity.test.ts > shopping-list command integrity > does not report success when PATCH loses the affected-row guard
{"level":"warn","limiter":"rl_shop_w","reason":"kv-unbound","message":"Rate limiter degraded to isolate-local counters; enforcement is not globally reliable."}

 ✓ tests/unit/command-route-integrity.test.ts (14 tests) 43ms
 ✓ tests/unit/t21rc4-identity-workflow.test.mjs (25 tests) 41ms
 ✓ tests/unit/shopping-hardening.test.ts (17 tests) 35ms
 ✓ tests/unit/t07-domain-integrity.test.ts (6 tests) 39ms
 ✓ tests/unit/d1-temporal-forensics.test.mjs (39 tests) 35ms
 ✓ tests/unit/t20-composition-safety.test.ts (13 tests) 33ms
 ✓ tests/unit/planner-presentation.test.ts (62 tests) 33ms
 ✓ tests/unit/t21rc2t-production-capture.test.mjs (14 tests) 34ms
 ✓ tests/unit/ui11-navigation.test.tsx (29 tests) 36ms
 ✓ tests/unit/t20-composition-shopping.test.ts (8 tests) 33ms
 ✓ tests/unit/runtime-recipe-contract.test.ts (5 tests) 30ms
 ✓ tests/unit/t21rc2-workflow.test.mjs (21 tests) 29ms
 ✓ tests/unit/cloudflare-worker-rollback.test.mjs (10 tests) 27ms
stderr | tests/unit/health.test.ts > health endpoints > readiness never leaks secret values
{"level":"error","code":"CONFIG_INVALID","issues":["CONFIG_TURNSTILE_MISSING_SITE_KEY"],"message":"Production configuration gate rejected the deployment."}

stderr | tests/unit/health.test.ts > health endpoints > production gate fails closed with sanitized diagnostics on dangerous configuration
{"level":"error","code":"CONFIG_INVALID","issues":["CONFIG_PRODUCTION_APP_URL","CONFIG_MOCK_MODE_IN_PRODUCTION","CONFIG_BINDING_DB_MISSING","CONFIG_BINDING_CACHE_MISSING","CONFIG_JWT_SECRET_MISSING","CONFIG_OTP_HASH_SECRET_MISSING","CONFIG_QUEUE_BINDING_MISSING","CONFIG_TURNSTILE_MISSING_SECRET","CONFIG_TURNSTILE_MISSING_SITE_KEY"],"message":"Production configuration gate rejected the deployment."}

stderr | tests/unit/health.test.ts > health endpoints > readiness fails closed for unusable auth configuration {}
{"level":"error","code":"CONFIG_INVALID","issues":["CONFIG_OTP_HASH_SECRET_MISSING","CONFIG_TURNSTILE_MISSING_SECRET","CONFIG_TURNSTILE_MISSING_SITE_KEY"],"message":"Production configuration gate rejected the deployment."}

stderr | tests/unit/health.test.ts > health endpoints > readiness fails closed for unusable auth configuration {}
{"level":"error","code":"CONFIG_INVALID","issues":["CONFIG_PRODUCTION_APP_URL","CONFIG_TURNSTILE_MISSING_SECRET","CONFIG_TURNSTILE_MISSING_SITE_KEY"],"message":"Production configuration gate rejected the deployment."}

stderr | tests/unit/health.test.ts > health endpoints > readiness fails closed for unusable auth configuration {"APP_URL":"https://"}
{"level":"error","code":"CONFIG_INVALID","issues":["CONFIG_PRODUCTION_APP_URL","CONFIG_TURNSTILE_MISSING_SECRET","CONFIG_TURNSTILE_MISSING_SITE_KEY"],"message":"Production configuration gate rejected the deployment."}

stderr | tests/unit/health.test.ts > health endpoints > fails production readiness when Qwen is missing even if a native AI binding exists
{"level":"error","code":"CONFIG_INVALID","issues":["CONFIG_QWEN_API_KEY_MISSING"],"message":"Production configuration gate rejected the deployment."}

stderr | tests/unit/health.test.ts > health endpoints > fails production readiness when async scan image storage is missing
{"level":"error","code":"CONFIG_INVALID","issues":["CONFIG_SCAN_IMAGE_STORAGE_MISSING"],"message":"Production configuration gate rejected the deployment."}

 ✓ tests/unit/health.test.ts (15 tests) 29ms
 ✓ tests/unit/ai-runtime-governance.test.ts (21 tests) 25ms
 ✓ tests/unit/inventory-truth.test.ts (76 tests) 25ms
 ✓ tests/unit/ui02-presentation.test.ts (47 tests) 25ms
 ✓ tests/unit/meal-planning-client.test.ts (24 tests) 19ms
 ✓ tests/unit/ui07-brand-shell.test.tsx (15 tests) 22ms
 ✓ tests/unit/meal-shopping-dto.test.ts (3 tests) 27ms
 ✓ tests/unit/ingredient-availability.test.ts (29 tests) 19ms
stderr | tests/unit/ai-provider-recovery.test.ts > vision provider recovery contract > marks a missing Groq model as permanent and preserves the typed error through the router
{"level":"warn","event":"ai_provider_failed","provider":"groq","model":"qwen/qwen3.6-27b","code":"MODEL_NOT_FOUND","retryable":false}

stderr | tests/unit/ai-provider-recovery.test.ts > vision provider recovery contract > does not activate legacy or future providers from stored keys alone
{"level":"warn","event":"ai_provider_failed","provider":"qwen","model":"qwen3.7-flash","code":"AUTHENTICATION_FAILED","retryable":false}

stderr | tests/unit/ai-provider-recovery.test.ts > vision provider recovery contract > falls through from a failed Qwen ranking request to the explicitly enabled DeepSeek fallback
{"level":"warn","event":"ai_recipe_rank_failed","provider":"qwen"}

 ✓ tests/unit/ai-provider-recovery.test.ts (23 tests) 21ms
 ✓ tests/unit/vietnamese-recipe-bank.test.ts (6 tests) 19ms
 ✓ tests/unit/staging-d1-migration-check.test.mjs (6 tests) 21ms
 ✓ tests/unit/t21rc4-identity-approval.test.mjs (14 tests) 17ms
 ✓ tests/unit/week-route-serialization.test.ts (6 tests) 20ms
stderr | tests/unit/ai-router.test.ts > AI Router & Schema Verification > applies the quality gate before accepting provider output
{"level":"warn","event":"ai_provider_failed","provider":"groq","model":"qwen/qwen3.6-27b","code":"AI_SCAN_NO_USABLE_ITEMS","retryable":false}

stderr | tests/unit/ai-router.test.ts > AI Router & Schema Verification > applies the quality gate before accepting receipt provider output
{"level":"warn","event":"ai_receipt_provider_failed","provider":"groq","model":"qwen/qwen3.6-27b","code":"AI_SCAN_NO_USABLE_ITEMS","retryable":false}

 ✓ tests/unit/ai-router.test.ts (16 tests) 21ms
 ✓ tests/unit/ui08-route-scope.test.tsx (20 tests) 18ms
 ✓ tests/unit/shopping-plan-snapshot.test.ts (3 tests) 19ms
 ✓ tests/unit/scan-privacy.test.tsx (11 tests) 18ms
 ✓ tests/unit/week-planner.test.ts (15 tests) 17ms
 ✓ tests/unit/planner-inventory.test.ts (10 tests) 17ms
stdout | tests/integration/worker-cors.test.mjs > allows both request-owner headers through the Worker CORS preflight
[req] OPTIONS /api/v1/inventory 204 1ms 124eabcc-ff1c-4205-b22b-d5efddb84844

stdout | tests/integration/worker-cors.test.mjs > CORS and CSRF agree: production / https://app.example.com => true
{"level":"info","requestId":"641bc7be-8f2b-472f-bee8-945402cceca1","method":"OPTIONS","path":"/api/v1/inventory","status":204,"durationMs":0,"environment":"production"}

stdout | tests/integration/worker-cors.test.mjs > CORS and CSRF agree: production / https://app.example.com.evil.test => false
{"level":"info","requestId":"12517121-cbee-4066-b7dd-07913492ebd8","method":"OPTIONS","path":"/api/v1/inventory","status":204,"durationMs":0,"environment":"production"}

stdout | tests/integration/worker-cors.test.mjs > CORS and CSRF agree: production / https://evil-app.example.com => false
{"level":"info","requestId":"a4d21605-f58a-4014-8c1e-f26e9c6fc3a3","method":"OPTIONS","path":"/api/v1/inventory","status":204,"durationMs":0,"environment":"production"}

stdout | tests/integration/worker-cors.test.mjs > CORS and CSRF agree: production / https://app.example.com@evil.test => false
{"level":"info","requestId":"45531806-de9b-4470-89f7-7ce85e347355","method":"OPTIONS","path":"/api/v1/inventory","status":204,"durationMs":0,"environment":"production"}

stdout | tests/integration/worker-cors.test.mjs > CORS and CSRF agree: production / https://app.example.com/path => false
{"level":"info","requestId":"32455a07-0c85-477e-a037-0dbe7638fa51","method":"OPTIONS","path":"/api/v1/inventory","status":204,"durationMs":0,"environment":"production"}

stdout | tests/integration/worker-cors.test.mjs > CORS and CSRF agree: production / http://localhost:5173 => false
{"level":"info","requestId":"e1e73caf-95dc-4189-9dd7-d3c4c8416e64","method":"OPTIONS","path":"/api/v1/inventory","status":204,"durationMs":0,"environment":"production"}

stdout | tests/integration/worker-cors.test.mjs > CORS and CSRF agree: production / https://random.example.com => false
{"level":"info","requestId":"ee541d1b-261d-43f2-ad64-6e2fec24eca1","method":"OPTIONS","path":"/api/v1/inventory","status":204,"durationMs":1,"environment":"production"}

stdout | tests/integration/worker-cors.test.mjs > CORS and CSRF agree: production / https://frigo.tungjpstore.net => false
{"level":"info","requestId":"7d7c3564-489a-4e18-8df9-0329d02514cf","method":"OPTIONS","path":"/api/v1/inventory","status":204,"durationMs":0,"environment":"production"}

stdout | tests/integration/worker-cors.test.mjs > CORS and CSRF agree: production / null => false
{"level":"info","requestId":"aaf33db7-7cee-4fa1-b87f-f1c28a9badcc","method":"OPTIONS","path":"/api/v1/inventory","status":204,"durationMs":0,"environment":"production"}

stdout | tests/integration/worker-cors.test.mjs > CORS and CSRF agree: development / http://localhost:5173 => true
[req] OPTIONS /api/v1/inventory 204 0ms b198c133-4244-4e3c-a290-bd7d3e828128

stdout | tests/integration/worker-cors.test.mjs > CORS and CSRF agree: development / http://127.0.0.1:8787 => true
[req] OPTIONS /api/v1/inventory 204 0ms b7f6971c-391e-4b84-8a94-527269d284a5

stdout | tests/integration/worker-cors.test.mjs > CORS and CSRF agree: development / https://random.example.com => false
[req] OPTIONS /api/v1/inventory 204 0ms b9e54812-e407-4ebd-8674-864c060eb17f

stdout | tests/integration/worker-cors.test.mjs > CORS and CSRF agree: staging / http://localhost:5173 => false
[req] OPTIONS /api/v1/inventory 204 1ms 77c29bb1-519d-4df4-8a77-7c213c9b267f

stdout | tests/integration/worker-cors.test.mjs > exposes the request ID to the trusted separate frontend
{"level":"info","requestId":"frontend_test_123","method":"GET","path":"/api/v1/health","status":200,"durationMs":2,"environment":"production"}

stdout | tests/integration/worker-cors.test.mjs > does not emit a wildcard when the request has no Origin
{"level":"info","requestId":"a7086efb-0f52-4f39-94a2-5675274a0059","method":"GET","path":"/api/v1/health","status":200,"durationMs":0,"environment":"production"}

stdout | tests/integration/worker-cors.test.mjs > allows Google GIS popup handshakes on the SPA without weakening API isolation
{"level":"info","requestId":"88e9988a-6a48-4738-b3a4-55d47bedba1d","method":"GET","path":"/auth","status":200,"durationMs":0,"environment":"production"}

stdout | tests/integration/worker-cors.test.mjs > allows Google GIS popup handshakes on the SPA without weakening API isolation
{"level":"info","requestId":"00f0be3f-1bd4-49de-bf93-17b9fa59c955","method":"GET","path":"/api/v1/health","status":200,"durationMs":0,"environment":"production"}

 ✓ tests/integration/worker-cors.test.mjs (17 tests) 17ms
 ✓ tests/unit/scan-error-presentation.test.ts (4 tests) 16ms
 ✓ tests/unit/ingredient-images.test.ts (7 tests) 16ms
 ✓ tests/unit/inventory-observations.test.ts (33 tests) 15ms
 ✓ tests/unit/inventory-fefo.test.ts (20 tests) 16ms
 ✓ tests/unit/account-gates.test.tsx (3 tests) 16ms
 ✓ tests/unit/qwen-provider.test.ts (14 tests) 15ms
 ✓ tests/unit/ai-scan-failure-diagnostics.test.ts (7 tests) 15ms
stderr | tests/unit/groq-provider.test.ts > GroqProvider > uses Groq before Workers AI and falls back when Groq fails
{"level":"warn","event":"ai_provider_failed","provider":"groq","model":"qwen/qwen3.6-27b","code":"UPSTREAM_ERROR","retryable":true}

 ✓ tests/unit/groq-provider.test.ts (8 tests) 16ms
 ✓ tests/unit/t13-receipt-vision-truth.test.ts (41 tests) 14ms
 ✓ tests/unit/ai-vision-repair-prompt.test.ts (7 tests) 14ms
 ✓ tests/unit/domain-foundation.test.ts (25 tests) 13ms
 ✓ tests/unit/wait-for-deployed-release.test.mjs (29 tests) 13ms
 ✓ tests/unit/week-reconciliation.test.ts (5 tests) 14ms
 ✓ tests/unit/recipe-engine.test.ts (4 tests) 13ms
 ✓ tests/unit/inventory-idempotency.test.ts (4 tests) 13ms
 ✓ tests/unit/meal-planning-explanation.test.ts (18 tests) 13ms
stderr | tests/unit/email-privacy.test.ts > transactional email provider routing > classifies Resend HTTP 429 as rate limited
{"event":"email_delivery_failed","provider":"resend","category":"rate_limited"}

stderr | tests/unit/email-privacy.test.ts > transactional email provider routing > distinguishes a Resend daily quota rejection from request-rate limiting
{"event":"email_delivery_failed","provider":"resend","category":"daily_limit"}

stderr | tests/unit/email-privacy.test.ts > transactional email provider routing > classifies Resend sender verification failures without exposing its response
{"event":"email_delivery_failed","provider":"resend","category":"sender_not_verified"}

stderr | tests/unit/email-privacy.test.ts > transactional email provider routing > classifies Resend network and timeout failures as provider unavailable
{"event":"email_delivery_failed","provider":"resend","category":"provider_unavailable"}

stderr | tests/unit/email-privacy.test.ts > transactional email provider routing > reports not configured when neither provider is available
{"event":"email_delivery_failed","provider":"none","category":"not_configured"}

stderr | tests/unit/email-privacy.test.ts > does not retain provider response bodies in delivery diagnostics
{"event":"email_delivery_failed","provider":"resend","category":"provider_unavailable"}

stderr | tests/unit/email-privacy.test.ts > does not retain network exception details in delivery diagnostics
{"event":"email_delivery_failed","provider":"resend","category":"provider_unavailable"}

 ✓ tests/unit/email-privacy.test.ts (16 tests) 12ms
 ✓ tests/unit/planner-nutrition.test.ts (14 tests) 9ms
 ✓ tests/unit/config-validation.test.ts (49 tests) 10ms
 ✓ tests/unit/receipt-scan.test.ts (4 tests) 9ms
 ✓ tests/unit/canonical-ocr-normalization.test.ts (9 tests) 10ms
stderr | tests/unit/turnstile.test.ts > Turnstile verification > fails closed on provider rejection/malformed responses
{"event":"turnstile_verification_failed"}

 ✓ tests/unit/turnstile.test.ts (14 tests) 8ms
stderr | tests/unit/rate-limit.test.ts > rate limiter failure behavior > degrades explicitly (not silently) when KV fails in best-effort mode
{"level":"warn","limiter":"rl_t2","reason":"kv-error","message":"Rate limiter degraded to isolate-local counters; enforcement is not globally reliable."}

stderr | tests/unit/rate-limit.test.ts > rate limiter failure behavior > fails closed in production for critical limiters when the primary limiter fails
{"level":"warn","limiter":"rl_t3","reason":"kv-error","message":"Rate limiter failed closed in production."}

stderr | tests/unit/rate-limit.test.ts > rate limiter failure behavior > keeps best-effort behavior in non-production even with fail-closed enforcement
{"level":"warn","limiter":"rl_t4","reason":"kv-error","message":"Rate limiter degraded to isolate-local counters; enforcement is not globally reliable."}

stderr | tests/unit/rate-limit.test.ts > rate limiter failure behavior > marks an unbound KV namespace as degraded instead of implying global enforcement
{"level":"warn","limiter":"rl_t5","reason":"kv-unbound","message":"Rate limiter degraded to isolate-local counters; enforcement is not globally reliable."}

 ✓ tests/unit/rate-limit.test.ts (5 tests) 8ms
 ✓ tests/unit/t07-rate-limit.test.ts (2 tests) 8ms
 ✓ tests/unit/production-d1-diagnostics.test.mjs (7 tests) 10ms
 ✓ tests/unit/ui09-route-scope.test.tsx (14 tests) 9ms
 ✓ tests/unit/recipe-seed-output-policy.test.mjs (29 tests) 9ms
 ✓ tests/unit/shopping-search.test.ts (16 tests) 8ms
 ✓ tests/unit/t21rc2t-workflow-safety.test.mjs (6 tests) 6ms
 ✓ tests/unit/cleanup.test.ts (8 tests) 7ms
 ✓ tests/unit/planner-reason-coverage.test.ts (6 tests) 7ms
 ✓ tests/unit/ui-rebuild-availability.test.ts (6 tests) 6ms
 ✓ tests/unit/scan-queue.test.ts (21 tests) 6ms
 ✓ tests/unit/t21rb-v1-production.test.mjs (5 tests) 5ms
 ✓ tests/unit/ingredient-authority-v2.test.ts (4 tests) 5ms
 ✓ tests/unit/scan-request-correlation.test.ts (1 test) 5ms
 ✓ tests/unit/cooking-store.test.ts (2 tests) 5ms
 ✓ tests/unit/logout-dialog.test.tsx (1 test) 4ms
 ✓ tests/unit/scans.test.ts (5 tests) 5ms
 ✓ tests/unit/quantity.test.ts (11 tests) 4ms
 ✓ tests/unit/ai-golden-dataset.test.ts (3 tests) 4ms
 ✓ tests/unit/query-client.test.ts (11 tests) 3ms
 ✓ tests/unit/csp.test.ts (5 tests) 3ms
 ✓ tests/unit/week-shopping-route-policy.test.ts (6 tests) 3ms
 ✓ tests/unit/cooking-route-allocation.test.ts (3 tests) 2ms
 ✓ tests/unit/logout-ux.test.ts (2 tests) 2ms
 ✓ tests/unit/production-d1-migration-runtime-proof.test.mjs (1 test) 1ms
stderr | tests/unit/t20-meal-composer-ui.test.tsx > T20 Meal composer UI > renders components with accessible role labels and lock state; lock is a server mutation at the current revision
⚠️ React Router Future Flag Warning: React Router will begin wrapping state updates in `React.startTransition` in v7. You can use the `v7_startTransition` future flag to opt-in early. For more information, see https://reactrouter.com/v6/upgrading/future#v7_starttransition.
⚠️ React Router Future Flag Warning: Relative route resolution within Splat routes is changing in v7. You can use the `v7_relativeSplatPath` future flag to opt-in early. For more information, see https://reactrouter.com/v6/upgrading/future#v7_relativesplatpath.

stderr | tests/unit/auth-verify-route.test.tsx > screen 03 — /auth/verify route > does not let a delayed unverified-login response attach to a replacement session
Backend login failed: ApiError: Phiên làm việc đã thay đổi. Vui lòng đăng nhập lại.
    at assertCurrent (/Users/tunbee27/Documents/Tako-san-ui-rebuild/src/web/services/http.ts:61:29)
    at fetchJson (/Users/tunbee27/Documents/Tako-san-ui-rebuild/src/web/services/http.ts:112:3)
    at Object.login (/Users/tunbee27/Documents/Tako-san-ui-rebuild/src/web/services/auth.ts:225:14)
    at handleLogin (/Users/tunbee27/Documents/Tako-san-ui-rebuild/src/web/pages/AuthPage.tsx:360:19) {
  kind: 'auth',
  status: undefined,
  retryable: undefined,
  requestId: undefined,
  payload: null
}

stderr | tests/unit/auth-verify-route.test.tsx > screen 03 — /auth/verify route > does not let a delayed login response navigate after the auth route is abandoned
Backend login failed: ApiError: HTTP 401: {"error":"Account verification required","requireOtp":true,"otpDelivered":true}
    at fetchJson (/Users/tunbee27/Documents/Tako-san-ui-rebuild/src/web/services/http.ts:120:13)
    at Object.login (/Users/tunbee27/Documents/Tako-san-ui-rebuild/src/web/services/auth.ts:225:14)
    at handleLogin (/Users/tunbee27/Documents/Tako-san-ui-rebuild/src/web/pages/AuthPage.tsx:360:19) {
  kind: 'auth',
  status: 401,
  retryable: undefined,
  requestId: undefined,
  payload: {
    error: 'Account verification required',
    requireOtp: true,
    otpDelivered: true
  }
}

stderr | tests/unit/auth-verify-route.test.tsx > screen 03 — /auth/verify route > invalid verification failure stays server-authoritative on /auth/verify
Backend verify OTP failed: ApiError: HTTP 400: {"error":"Mã OTP không chính xác hoặc đã được sử dụng"}
    at fetchJson (/Users/tunbee27/Documents/Tako-san-ui-rebuild/src/web/services/http.ts:125:11)
    at Object.verifyOtp (/Users/tunbee27/Documents/Tako-san-ui-rebuild/src/web/services/auth.ts:159:22)
    at submitOtpVerification (/Users/tunbee27/Documents/Tako-san-ui-rebuild/src/web/pages/AuthPage.tsx:512:19)
    at handleVerifyOtp (/Users/tunbee27/Documents/Tako-san-ui-rebuild/src/web/pages/AuthPage.tsx:560:5) {
  kind: 'http',
  status: 400,
  retryable: undefined,
  requestId: undefined,
  payload: { error: 'Mã OTP không chính xác hoặc đã được sử dụng' }
}

stderr | tests/unit/auth-verify-route.test.tsx > screen 03 — /auth/verify route > expired verification failure stays server-authoritative on /auth/verify
Backend verify OTP failed: ApiError: HTTP 400: {"error":"Mã OTP đã hết hạn. Vui lòng bấm gửi lại mã mới."}
    at fetchJson (/Users/tunbee27/Documents/Tako-san-ui-rebuild/src/web/services/http.ts:125:11)
    at Object.verifyOtp (/Users/tunbee27/Documents/Tako-san-ui-rebuild/src/web/services/auth.ts:159:22)
    at submitOtpVerification (/Users/tunbee27/Documents/Tako-san-ui-rebuild/src/web/pages/AuthPage.tsx:512:19)
    at handleVerifyOtp (/Users/tunbee27/Documents/Tako-san-ui-rebuild/src/web/pages/AuthPage.tsx:560:5) {
  kind: 'http',
  status: 400,
  retryable: undefined,
  requestId: undefined,
  payload: { error: 'Mã OTP đã hết hạn. Vui lòng bấm gửi lại mã mới.' }
}

stderr | tests/unit/auth-verify-route.test.tsx > screen 03 — /auth/verify route > rate-limited verification failure stays server-authoritative on /auth/verify
Backend verify OTP failed: ApiError: HTTP 429: {"error":"Bạn đã thử quá nhiều lần. Vui lòng chờ rồi thử lại."}
    at fetchJson (/Users/tunbee27/Documents/Tako-san-ui-rebuild/src/web/services/http.ts:125:11)
    at Object.verifyOtp (/Users/tunbee27/Documents/Tako-san-ui-rebuild/src/web/services/auth.ts:159:22)
    at submitOtpVerification (/Users/tunbee27/Documents/Tako-san-ui-rebuild/src/web/pages/AuthPage.tsx:512:19)
    at handleVerifyOtp (/Users/tunbee27/Documents/Tako-san-ui-rebuild/src/web/pages/AuthPage.tsx:560:5) {
  kind: 'http',
  status: 429,
  retryable: undefined,
  requestId: undefined,
  payload: { error: 'Bạn đã thử quá nhiều lần. Vui lòng chờ rồi thử lại.' }
}

stderr | tests/unit/auth-verify-route.test.tsx > screen 03 — /auth/verify route > reports an offline verification without consuming context or establishing a local session
Backend verify OTP failed: ApiError: Không có kết nối mạng khi gọi /auth/verify-otp
    at fetchJson (/Users/tunbee27/Documents/Tako-san-ui-rebuild/src/web/services/http.ts:109:11)
    at Object.verifyOtp (/Users/tunbee27/Documents/Tako-san-ui-rebuild/src/web/services/auth.ts:159:22)
    at submitOtpVerification (/Users/tunbee27/Documents/Tako-san-ui-rebuild/src/web/pages/AuthPage.tsx:512:19)
    at handleVerifyOtp (/Users/tunbee27/Documents/Tako-san-ui-rebuild/src/web/pages/AuthPage.tsx:560:5) {
  kind: 'offline',
  status: undefined,
  retryable: true,
  requestId: undefined,
  payload: null
}

stderr | tests/unit/auth-verify-route.test.tsx > screen 03 — /auth/verify route > ignores a delayed resend after session-change
Backend resend OTP failed: ApiError: Phiên làm việc đã thay đổi. Vui lòng đăng nhập lại.
    at assertCurrent (/Users/tunbee27/Documents/Tako-san-ui-rebuild/src/web/services/http.ts:61:29)
    at fetchJson (/Users/tunbee27/Documents/Tako-san-ui-rebuild/src/web/services/http.ts:112:3)
    at Object.resendOtp (/Users/tunbee27/Documents/Tako-san-ui-rebuild/src/web/services/auth.ts:204:14)
    at handleResendOtp (/Users/tunbee27/Documents/Tako-san-ui-rebuild/src/web/pages/AuthPage.tsx:580:19) {
  kind: 'auth',
  status: undefined,
  retryable: undefined,
  requestId: undefined,
  payload: null
}

stderr | tests/unit/auth-verify-route.test.tsx > screen 03 — /auth/verify route > ignores a delayed resend after logout
Backend resend OTP failed: ApiError: Phiên làm việc đã thay đổi. Vui lòng đăng nhập lại.
    at assertCurrent (/Users/tunbee27/Documents/Tako-san-ui-rebuild/src/web/services/http.ts:61:29)
    at fetchJson (/Users/tunbee27/Documents/Tako-san-ui-rebuild/src/web/services/http.ts:112:3)
    at Object.resendOtp (/Users/tunbee27/Documents/Tako-san-ui-rebuild/src/web/services/auth.ts:204:14)
    at handleResendOtp (/Users/tunbee27/Documents/Tako-san-ui-rebuild/src/web/pages/AuthPage.tsx:580:19) {
  kind: 'auth',
  status: undefined,
  retryable: undefined,
  requestId: undefined,
  payload: null
}

stderr | tests/unit/auth-verify-route.test.tsx > screen 03 — /auth/verify route > OTP_DELIVERY_UNAVAILABLE on register still reaches /auth/verify honestly: error shown, no cooldown, context marked undelivered
Backend register failed: ApiError: HTTP 503: {"error":"Email OTP chưa gửi được.","code":"OTP_DELIVERY_UNAVAILABLE","accountCreated":true}
    at fetchJson (/Users/tunbee27/Documents/Tako-san-ui-rebuild/src/web/services/http.ts:125:11)
    at Object.register (/Users/tunbee27/Documents/Tako-san-ui-rebuild/src/web/services/auth.ts:134:14)
    at handleRegister (/Users/tunbee27/Documents/Tako-san-ui-rebuild/src/web/pages/AuthPage.tsx:418:19) {
  kind: 'http',
  status: 503,
  retryable: undefined,
  requestId: undefined,
  payload: {
    error: 'Email OTP chưa gửi được.',
    code: 'OTP_DELIVERY_UNAVAILABLE',
    accountCreated: true
  }
}

stderr | tests/unit/auth-verify-route.test.tsx > screen 03 — /auth/verify route > a failed resend surfaces the server error and leaves resend available
Backend register failed: ApiError: HTTP 503: {"error":"Email OTP chưa gửi được.","code":"OTP_DELIVERY_UNAVAILABLE","accountCreated":true}
    at fetchJson (/Users/tunbee27/Documents/Tako-san-ui-rebuild/src/web/services/http.ts:125:11)
    at Object.register (/Users/tunbee27/Documents/Tako-san-ui-rebuild/src/web/services/auth.ts:134:14)
    at handleRegister (/Users/tunbee27/Documents/Tako-san-ui-rebuild/src/web/pages/AuthPage.tsx:418:19) {
  kind: 'http',
  status: 503,
  retryable: undefined,
  requestId: undefined,
  payload: {
    error: 'Email OTP chưa gửi được.',
    code: 'OTP_DELIVERY_UNAVAILABLE',
    accountCreated: true
  }
}

stderr | tests/unit/auth-verify-route.test.tsx > screen 03 — /auth/verify route > a failed resend surfaces the server error and leaves resend available
Backend resend OTP failed: ApiError: HTTP 429: {"error":"Vui lòng chờ trước khi gửi lại mã."}
    at fetchJson (/Users/tunbee27/Documents/Tako-san-ui-rebuild/src/web/services/http.ts:125:11)
    at Object.resendOtp (/Users/tunbee27/Documents/Tako-san-ui-rebuild/src/web/services/auth.ts:204:14)
    at handleResendOtp (/Users/tunbee27/Documents/Tako-san-ui-rebuild/src/web/pages/AuthPage.tsx:580:19) {
  kind: 'http',
  status: 429,
  retryable: undefined,
  requestId: undefined,
  payload: { error: 'Vui lòng chờ trước khi gửi lại mã.' }
}

stderr | tests/unit/auth-verify-route.test.tsx > screen 03 — /auth/verify route > invalidates stale delivery and expiry claims when the server cannot deliver a replacement
Backend resend OTP failed: ApiError: HTTP 503: {"error":"Email OTP chưa gửi được.","code":"OTP_DELIVERY_UNAVAILABLE"}
    at fetchJson (/Users/tunbee27/Documents/Tako-san-ui-rebuild/src/web/services/http.ts:125:11)
    at Object.resendOtp (/Users/tunbee27/Documents/Tako-san-ui-rebuild/src/web/services/auth.ts:204:14)
    at handleResendOtp (/Users/tunbee27/Documents/Tako-san-ui-rebuild/src/web/pages/AuthPage.tsx:580:19) {
  kind: 'http',
  status: 503,
  retryable: undefined,
  requestId: undefined,
  payload: {
    error: 'Email OTP chưa gửi được.',
    code: 'OTP_DELIVERY_UNAVAILABLE'
  }
}

stderr | tests/unit/auth-verify-route.test.tsx > screen 03 — /auth/verify route > reports an offline resend without fabricating delivery or expiry metadata
Backend resend OTP failed: ApiError: Không có kết nối mạng khi gọi /auth/resend-otp
    at fetchJson (/Users/tunbee27/Documents/Tako-san-ui-rebuild/src/web/services/http.ts:109:11)
    at Object.resendOtp (/Users/tunbee27/Documents/Tako-san-ui-rebuild/src/web/services/auth.ts:204:14)
    at handleResendOtp (/Users/tunbee27/Documents/Tako-san-ui-rebuild/src/web/pages/AuthPage.tsx:580:19) {
  kind: 'offline',
  status: undefined,
  retryable: true,
  requestId: undefined,
  payload: null
}

 ✓ tests/unit/auth-verify-route.test.tsx (39 tests) 2079ms
   ✓ screen 03 — /auth/verify route > refresh of /auth/verify restores the verification (email, cooldown) from the tab-scoped context and completes with the server  526ms
 ✓ tests/unit/t20-meal-composer-ui.test.tsx (23 tests) 2958ms
   ✓ T20 Meal composer UI > never exposes stale rows from a previous filter or a late load-more response  793ms
   ✓ T20 Meal composer UI > picker cuisine filter is a labelled control combined with search and role on the server query  528ms
   ✓ T20 Meal composer UI > an empty filtered picker result explains the filters and can clear them  778ms
 ✓ tests/unit/planner-hook.test.tsx (48 tests) 1466ms
stderr | tests/unit/auth-guest-transfer-deferred.test.tsx > D3 guest → email registration with deferred inventory transfer > B+D. the first guest attempt sends the transfer field; the 409 deferral is shown as an explicit choice, not as a wrong OTP, and the guest session is untouched
Backend verify OTP failed: ApiError: HTTP 409: {"error":"Chưa hỗ trợ chuyển dữ liệu từ hộ khách một cách an toàn. Hàng tồn kho vẫn được giữ nguyên trong hộ khách; tài khoản chưa được kích hoạt và mã OTP chưa được sử dụng.","code":"INVENTORY_TRANSFER_DEFERRED"}
    at fetchJson (/Users/tunbee27/Documents/Tako-san-ui-rebuild/src/web/services/http.ts:125:11)
    at Object.verifyOtp (/Users/tunbee27/Documents/Tako-san-ui-rebuild/src/web/services/auth.ts:159:22)
    at submitOtpVerification (/Users/tunbee27/Documents/Tako-san-ui-rebuild/src/web/pages/AuthPage.tsx:512:19)
    at handleVerifyOtp (/Users/tunbee27/Documents/Tako-san-ui-rebuild/src/web/pages/AuthPage.tsx:560:5) {
  kind: 'http',
  status: 409,
  retryable: undefined,
  requestId: undefined,
  payload: {
    error: 'Chưa hỗ trợ chuyển dữ liệu từ hộ khách một cách an toàn. Hàng tồn kho vẫn được giữ nguyên trong hộ khách; tài khoản chưa được kích hoạt và mã OTP chưa được sử dụng.',
    code: 'INVENTORY_TRANSFER_DEFERRED'
  }
}

stderr | tests/unit/auth-guest-transfer-deferred.test.tsx > D3 guest → email registration with deferred inventory transfer > C+F. continuing without transfer retries the same OTP without migrateFromHouseholdId and only then establishes the account session
Backend verify OTP failed: ApiError: HTTP 409: {"error":"Chưa hỗ trợ chuyển dữ liệu từ hộ khách một cách an toàn. Hàng tồn kho vẫn được giữ nguyên trong hộ khách; tài khoản chưa được kích hoạt và mã OTP chưa được sử dụng.","code":"INVENTORY_TRANSFER_DEFERRED"}
    at fetchJson (/Users/tunbee27/Documents/Tako-san-ui-rebuild/src/web/services/http.ts:125:11)
    at Object.verifyOtp (/Users/tunbee27/Documents/Tako-san-ui-rebuild/src/web/services/auth.ts:159:22)
    at submitOtpVerification (/Users/tunbee27/Documents/Tako-san-ui-rebuild/src/web/pages/AuthPage.tsx:512:19)
    at handleVerifyOtp (/Users/tunbee27/Documents/Tako-san-ui-rebuild/src/web/pages/AuthPage.tsx:560:5) {
  kind: 'http',
  status: 409,
  retryable: undefined,
  requestId: undefined,
  payload: {
    error: 'Chưa hỗ trợ chuyển dữ liệu từ hộ khách một cách an toàn. Hàng tồn kho vẫn được giữ nguyên trong hộ khách; tài khoản chưa được kích hoạt và mã OTP chưa được sử dụng.',
    code: 'INVENTORY_TRANSFER_DEFERRED'
  }
}

stderr | tests/unit/auth-guest-transfer-deferred.test.tsx > D3 guest → email registration with deferred inventory transfer > E. a failed continue-without-transfer retry leaves the guest session intact and never half-authenticates
Backend verify OTP failed: ApiError: HTTP 409: {"error":"Chưa hỗ trợ chuyển dữ liệu từ hộ khách một cách an toàn. Hàng tồn kho vẫn được giữ nguyên trong hộ khách; tài khoản chưa được kích hoạt và mã OTP chưa được sử dụng.","code":"INVENTORY_TRANSFER_DEFERRED"}
    at fetchJson (/Users/tunbee27/Documents/Tako-san-ui-rebuild/src/web/services/http.ts:125:11)
    at Object.verifyOtp (/Users/tunbee27/Documents/Tako-san-ui-rebuild/src/web/services/auth.ts:159:22)
    at submitOtpVerification (/Users/tunbee27/Documents/Tako-san-ui-rebuild/src/web/pages/AuthPage.tsx:512:19)
    at handleVerifyOtp (/Users/tunbee27/Documents/Tako-san-ui-rebuild/src/web/pages/AuthPage.tsx:560:5) {
  kind: 'http',
  status: 409,
  retryable: undefined,
  requestId: undefined,
  payload: {
    error: 'Chưa hỗ trợ chuyển dữ liệu từ hộ khách một cách an toàn. Hàng tồn kho vẫn được giữ nguyên trong hộ khách; tài khoản chưa được kích hoạt và mã OTP chưa được sử dụng.',
    code: 'INVENTORY_TRANSFER_DEFERRED'
  }
}

stderr | tests/unit/auth-guest-transfer-deferred.test.tsx > D3 guest → email registration with deferred inventory transfer > E. a failed continue-without-transfer retry leaves the guest session intact and never half-authenticates
Backend verify OTP failed: ApiError: HTTP 400: {"error":"Mã OTP đã hết hạn. Vui lòng bấm gửi lại mã mới."}
    at fetchJson (/Users/tunbee27/Documents/Tako-san-ui-rebuild/src/web/services/http.ts:125:11)
    at Object.verifyOtp (/Users/tunbee27/Documents/Tako-san-ui-rebuild/src/web/services/auth.ts:159:22)
    at submitOtpVerification (/Users/tunbee27/Documents/Tako-san-ui-rebuild/src/web/pages/AuthPage.tsx:512:19)
    at handleContinueWithoutTransfer (/Users/tunbee27/Documents/Tako-san-ui-rebuild/src/web/pages/AuthPage.tsx:566:5) {
  kind: 'http',
  status: 400,
  retryable: undefined,
  requestId: undefined,
  payload: { error: 'Mã OTP đã hết hạn. Vui lòng bấm gửi lại mã mới.' }
}

stderr | tests/unit/t13b-inventory-detail.test.tsx > T13B ingredient detail expiry truth > UNKNOWN never shows Tươi ngon despite the compatibility freshness field saying fresh
⚠️ React Router Future Flag Warning: React Router will begin wrapping state updates in `React.startTransition` in v7. You can use the `v7_startTransition` future flag to opt-in early. For more information, see https://reactrouter.com/v6/upgrading/future#v7_starttransition.
⚠️ React Router Future Flag Warning: Relative route resolution within Splat routes is changing in v7. You can use the `v7_relativeSplatPath` future flag to opt-in early. For more information, see https://reactrouter.com/v6/upgrading/future#v7_relativesplatpath.

stderr | tests/unit/auth-guest-transfer-deferred.test.tsx > D3 guest → email registration with deferred inventory transfer > keeps unrelated OTP failures on the normal error path (no deferral state)
Backend verify OTP failed: ApiError: HTTP 400: {"error":"Mã OTP không chính xác hoặc đã được sử dụng"}
    at fetchJson (/Users/tunbee27/Documents/Tako-san-ui-rebuild/src/web/services/http.ts:125:11)
    at Object.verifyOtp (/Users/tunbee27/Documents/Tako-san-ui-rebuild/src/web/services/auth.ts:159:22)
    at submitOtpVerification (/Users/tunbee27/Documents/Tako-san-ui-rebuild/src/web/pages/AuthPage.tsx:512:19)
    at handleVerifyOtp (/Users/tunbee27/Documents/Tako-san-ui-rebuild/src/web/pages/AuthPage.tsx:560:5) {
  kind: 'http',
  status: 400,
  retryable: undefined,
  requestId: undefined,
  payload: { error: 'Mã OTP không chính xác hoặc đã được sử dụng' }
}

 ✓ tests/unit/auth-guest-transfer-deferred.test.tsx (6 tests) 1450ms
   ✓ D3 guest → email registration with deferred inventory transfer > A. a non-guest registration verifies the OTP once, without any transfer field, and opens the account session  616ms
   ✓ D3 guest → email registration with deferred inventory transfer > C+F. continuing without transfer retries the same OTP without migrateFromHouseholdId and only then establishes the account session  581ms
 ✓ tests/unit/t13b-inventory-detail.test.tsx (25 tests) 1077ms
 ✓ tests/unit/ui02-surfaces.test.tsx (17 tests) 870ms
 ✓ tests/integration/t13b-review-roundtrip.test.tsx (4 tests) 671ms
 ✓ tests/unit/t13r-a-lot-draft-ownership.test.tsx (7 tests) 530ms
 ✓ tests/unit/t13b-receipt-review.test.tsx (43 tests) 450ms
 ✓ tests/unit/t13b-fridge-review.test.tsx (35 tests) 473ms
 ✓ tests/unit/t07-planner-ui.test.tsx (12 tests) 387ms
 ✓ tests/unit/t13b-fridge-hardening.test.tsx (26 tests) 387ms
 ✓ tests/unit/ui11-shell-measurement.test.tsx (3 tests) 317ms
 ✓ tests/unit/ui-rebuild-surfaces.test.tsx (7 tests) 245ms
stderr | tests/unit/ui09-stock-detail.test.tsx > UI09 detail interaction and honest state > keeps loading while the compatibility fallback is pending instead of claiming absence
⚠️ React Router Future Flag Warning: React Router will begin wrapping state updates in `React.startTransition` in v7. You can use the `v7_startTransition` future flag to opt-in early. For more information, see https://reactrouter.com/v6/upgrading/future#v7_starttransition.
⚠️ React Router Future Flag Warning: Relative route resolution within Splat routes is changing in v7. You can use the `v7_relativeSplatPath` future flag to opt-in early. For more information, see https://reactrouter.com/v6/upgrading/future#v7_relativesplatpath.

 ✓ tests/unit/ui09-stock-detail.test.tsx (5 tests) 211ms
stderr | tests/unit/ui10-week-routes.test.tsx > planner on preserves /week → /planner
⚠️ React Router Future Flag Warning: React Router will begin wrapping state updates in `React.startTransition` in v7. You can use the `v7_startTransition` future flag to opt-in early. For more information, see https://reactrouter.com/v6/upgrading/future#v7_starttransition.
⚠️ React Router Future Flag Warning: Relative route resolution within Splat routes is changing in v7. You can use the `v7_relativeSplatPath` future flag to opt-in early. For more information, see https://reactrouter.com/v6/upgrading/future#v7_relativesplatpath.

 ✓ tests/unit/ui10-week-routes.test.tsx (14 tests) 221ms
stderr | tests/unit/ui10-week-presentation.test.tsx > UI10 truthful setup and generation > retains choices on back and submits four real stages only after explicit generation
⚠️ React Router Future Flag Warning: React Router will begin wrapping state updates in `React.startTransition` in v7. You can use the `v7_startTransition` future flag to opt-in early. For more information, see https://reactrouter.com/v6/upgrading/future#v7_starttransition.
⚠️ React Router Future Flag Warning: Relative route resolution within Splat routes is changing in v7. You can use the `v7_relativeSplatPath` future flag to opt-in early. For more information, see https://reactrouter.com/v6/upgrading/future#v7_relativesplatpath.

 ✓ tests/unit/ui10-week-presentation.test.tsx (18 tests) 212ms
 ✓ tests/unit/t13r-b-inventory-conflict.test.tsx (4 tests) 203ms
stderr | tests/unit/ui08-onboarding-navigation.test.tsx > UI08 completion intent through actual App guards > today reaches its chosen destination after server confirmation
⚠️ React Router Future Flag Warning: React Router will begin wrapping state updates in `React.startTransition` in v7. You can use the `v7_startTransition` future flag to opt-in early. For more information, see https://reactrouter.com/v6/upgrading/future#v7_starttransition.
⚠️ React Router Future Flag Warning: Relative route resolution within Splat routes is changing in v7. You can use the `v7_relativeSplatPath` future flag to opt-in early. For more information, see https://reactrouter.com/v6/upgrading/future#v7_relativesplatpath.

 ✓ tests/unit/ui08-onboarding-navigation.test.tsx (6 tests) 208ms
 ✓ tests/unit/ui08-account.test.tsx (11 tests) 188ms
stderr | tests/unit/onboarding-contract.test.tsx > screens 04-06 — onboarding contract > screen 04 owns only household size and exposes native single-select state
⚠️ React Router Future Flag Warning: React Router will begin wrapping state updates in `React.startTransition` in v7. You can use the `v7_startTransition` future flag to opt-in early. For more information, see https://reactrouter.com/v6/upgrading/future#v7_starttransition.
⚠️ React Router Future Flag Warning: Relative route resolution within Splat routes is changing in v7. You can use the `v7_relativeSplatPath` future flag to opt-in early. For more information, see https://reactrouter.com/v6/upgrading/future#v7_relativesplatpath.

 ✓ tests/unit/onboarding-contract.test.tsx (20 tests) 176ms
stderr | tests/unit/payment-checkout.test.tsx > server-authoritative payment checkout > renders arbitrary server prices and uses the selected plan without a client amount
⚠️ React Router Future Flag Warning: React Router will begin wrapping state updates in `React.startTransition` in v7. You can use the `v7_startTransition` future flag to opt-in early. For more information, see https://reactrouter.com/v6/upgrading/future#v7_starttransition.
⚠️ React Router Future Flag Warning: Relative route resolution within Splat routes is changing in v7. You can use the `v7_relativeSplatPath` future flag to opt-in early. For more information, see https://reactrouter.com/v6/upgrading/future#v7_relativesplatpath.

 ✓ tests/unit/payment-checkout.test.tsx (19 tests) 162ms
 ✓ tests/unit/t13r-a-receipt-ownership.test.tsx (6 tests) 142ms
 ✓ tests/unit/receipt-review-polling.test.tsx (3 tests) 134ms
stderr | tests/unit/ui09-reconciliation.test.tsx > UI09 reconciliation preserves server authority > echoes the existing PROPOSE_CORRECTION proposals and version without inventing stock
⚠️ React Router Future Flag Warning: React Router will begin wrapping state updates in `React.startTransition` in v7. You can use the `v7_startTransition` future flag to opt-in early. For more information, see https://reactrouter.com/v6/upgrading/future#v7_starttransition.
⚠️ React Router Future Flag Warning: Relative route resolution within Splat routes is changing in v7. You can use the `v7_relativeSplatPath` future flag to opt-in early. For more information, see https://reactrouter.com/v6/upgrading/future#v7_relativesplatpath.

 ✓ tests/unit/ui09-reconciliation.test.tsx (4 tests) 105ms
stderr | tests/unit/auth-resend-turnstile.test.tsx > registration-only Turnstile lifecycle > challenges once during registration and resends OTP without another widget
⚠️ React Router Future Flag Warning: React Router will begin wrapping state updates in `React.startTransition` in v7. You can use the `v7_startTransition` future flag to opt-in early. For more information, see https://reactrouter.com/v6/upgrading/future#v7_starttransition.
⚠️ React Router Future Flag Warning: Relative route resolution within Splat routes is changing in v7. You can use the `v7_relativeSplatPath` future flag to opt-in early. For more information, see https://reactrouter.com/v6/upgrading/future#v7_relativesplatpath.

stderr | tests/unit/auth-resend-turnstile.test.tsx > registration-only Turnstile lifecycle > challenges once during registration and resends OTP without another widget
Backend register failed: ApiError: HTTP 503: {"error":"Email OTP chưa gửi được.","code":"OTP_DELIVERY_UNAVAILABLE","accountCreated":true}
    at fetchJson (/Users/tunbee27/Documents/Tako-san-ui-rebuild/src/web/services/http.ts:125:11)
    at Object.register (/Users/tunbee27/Documents/Tako-san-ui-rebuild/src/web/services/auth.ts:134:14)
    at handleRegister (/Users/tunbee27/Documents/Tako-san-ui-rebuild/src/web/pages/AuthPage.tsx:418:19) {
  kind: 'http',
  status: 503,
  retryable: undefined,
  requestId: undefined,
  payload: {
    error: 'Email OTP chưa gửi được.',
    code: 'OTP_DELIVERY_UNAVAILABLE',
    accountCreated: true
  }
}

 ✓ tests/unit/auth-resend-turnstile.test.tsx (2 tests) 90ms
stderr | tests/unit/t18c-keyboard-controls.test.tsx > Week PLANNED card exposes only actionable native controls
⚠️ React Router Future Flag Warning: React Router will begin wrapping state updates in `React.startTransition` in v7. You can use the `v7_startTransition` future flag to opt-in early. For more information, see https://reactrouter.com/v6/upgrading/future#v7_starttransition.
⚠️ React Router Future Flag Warning: Relative route resolution within Splat routes is changing in v7. You can use the `v7_relativeSplatPath` future flag to opt-in early. For more information, see https://reactrouter.com/v6/upgrading/future#v7_relativesplatpath.

 ✓ tests/unit/t18c-keyboard-controls.test.tsx (5 tests) 80ms
 ✓ tests/unit/planner-ui.test.tsx (58 tests) 94ms
 ✓ tests/unit/ui12-recipe-media.test.tsx (17 tests) 64ms
stderr | tests/unit/scan-ui-quota.test.tsx > scan quota UI > does not advance server processing stages just because time passes
⚠️ React Router Future Flag Warning: React Router will begin wrapping state updates in `React.startTransition` in v7. You can use the `v7_startTransition` future flag to opt-in early. For more information, see https://reactrouter.com/v6/upgrading/future#v7_starttransition.
⚠️ React Router Future Flag Warning: Relative route resolution within Splat routes is changing in v7. You can use the `v7_relativeSplatPath` future flag to opt-in early. For more information, see https://reactrouter.com/v6/upgrading/future#v7_relativesplatpath.

 ✓ tests/unit/scan-ui-quota.test.tsx (4 tests) 74ms
 ✓ tests/unit/ui03-discovery.test.ts (14 tests) 58ms
stderr | tests/unit/auth-google-credential.test.tsx > Google authentication entry point > renders only the real GIS entry point and never offers a credential-less fallback
⚠️ React Router Future Flag Warning: React Router will begin wrapping state updates in `React.startTransition` in v7. You can use the `v7_startTransition` future flag to opt-in early. For more information, see https://reactrouter.com/v6/upgrading/future#v7_starttransition.
⚠️ React Router Future Flag Warning: Relative route resolution within Splat routes is changing in v7. You can use the `v7_relativeSplatPath` future flag to opt-in early. For more information, see https://reactrouter.com/v6/upgrading/future#v7_relativesplatpath.

 ✓ tests/unit/auth-google-credential.test.tsx (2 tests) 63ms
stderr | tests/unit/ui09-system-states.test.tsx > UI09 system presentation preserves session gates > withholds children while verifying and renders one branded busy heading
⚠️ React Router Future Flag Warning: React Router will begin wrapping state updates in `React.startTransition` in v7. You can use the `v7_startTransition` future flag to opt-in early. For more information, see https://reactrouter.com/v6/upgrading/future#v7_starttransition.
⚠️ React Router Future Flag Warning: Relative route resolution within Splat routes is changing in v7. You can use the `v7_relativeSplatPath` future flag to opt-in early. For more information, see https://reactrouter.com/v6/upgrading/future#v7_relativesplatpath.

 ✓ tests/unit/ui09-system-states.test.tsx (4 tests) 45ms
stderr | tests/unit/ui06-planner-lifecycle.test.tsx > ignores late generation after a pathname change and allows the new workspace to operate
⚠️ React Router Future Flag Warning: React Router will begin wrapping state updates in `React.startTransition` in v7. You can use the `v7_startTransition` future flag to opt-in early. For more information, see https://reactrouter.com/v6/upgrading/future#v7_starttransition.
⚠️ React Router Future Flag Warning: Relative route resolution within Splat routes is changing in v7. You can use the `v7_relativeSplatPath` future flag to opt-in early. For more information, see https://reactrouter.com/v6/upgrading/future#v7_relativesplatpath.

 ✓ tests/unit/ui06-planner-lifecycle.test.tsx (2 tests) 34ms
stderr | tests/unit/auth-funnel-ui.test.tsx > auth funnel UI > honors the registration query parameter on first render
⚠️ React Router Future Flag Warning: React Router will begin wrapping state updates in `React.startTransition` in v7. You can use the `v7_startTransition` future flag to opt-in early. For more information, see https://reactrouter.com/v6/upgrading/future#v7_starttransition.
⚠️ React Router Future Flag Warning: Relative route resolution within Splat routes is changing in v7. You can use the `v7_relativeSplatPath` future flag to opt-in early. For more information, see https://reactrouter.com/v6/upgrading/future#v7_relativesplatpath.

 ✓ tests/unit/auth-funnel-ui.test.tsx (2 tests) 44ms
 ✓ tests/unit/ui04-camera-lifecycle.test.tsx (2 tests) 28ms
 ✓ tests/unit/ui05-cooking-state.test.ts (14 tests) 32ms
 ✓ tests/unit/scan-processing-state.test.tsx (2 tests) 27ms
 ✓ tests/unit/t13-inventory-ux.test.tsx (37 tests) 25ms
 ✓ tests/unit/ui06-shopping.test.ts (9 tests) 14ms
 ✓ tests/unit/ui-rebuild-cooking.test.ts (7 tests) 16ms
 ✓ tests/unit/recipe-media-presentation.test.ts (8 tests) 8ms
 ✓ tests/unit/billing-service.test.ts (14 tests) 16ms
stderr | tests/unit/ui05-cooking-voice.test.ts > non-permission no-speech events preserve listening and real errors stop auto-restart
Speech recognition event: not-allowed

 ✓ tests/unit/ui05-cooking-voice.test.ts (5 tests) 5ms
 ✓ tests/unit/voice-chef-a11y.test.ts (3 tests) 5ms

 Test Files  286 passed (286)
      Tests  6702 passed (6702)
   Start at  05:12:51
   Duration  352.41s (transform 4.49s, setup 1.16s, collect 37.99s, tests 597.67s, environment 9.54s, prepare 10.94s)

4. Replaying Database Migrations...

> frigo@0.1.0 check:migrations /Users/tunbee27/Documents/Tako-san-ui-rebuild
> bash scripts/migration-smoke.sh

migration-smoke=ok
5. Skipping Remote D1 Schema (set CHECK_REMOTE_SCHEMA=1 for release validation).
6. Skipping Remote Week Parity (set CHECK_WEEK_PARITY_REMOTE=1 before enabling dual-write).
7. Building Production Assets...

> frigo@0.1.0 build /Users/tunbee27/Documents/Tako-san-ui-rebuild
> vite build && tsc -p tsconfig.worker.json

vite v6.4.3 building for production...
transforming...
✓ 2535 modules transformed.
rendering chunks...
computing gzip size...
dist/client/index.html                                        2.94 kB │ gzip:   1.13 kB
dist/client/assets/index-CshmM-GV.css                       134.83 kB │ gzip:  23.56 kB
dist/client/assets/Card-oLvxaswe.js                           0.41 kB │ gzip:   0.32 kB │ map:     0.97 kB
dist/client/assets/AccountPage-De8EHyTm.js                    0.49 kB │ gzip:   0.33 kB │ map:     1.28 kB
dist/client/assets/KitchenDetailPage-BCjBQCfG.js              0.52 kB │ gzip:   0.34 kB │ map:     1.27 kB
dist/client/assets/format-zRZ7DBjT.js                         0.71 kB │ gzip:   0.43 kB │ map:     2.88 kB
dist/client/assets/CookingCompletePage-NEOuFEYj.js            0.84 kB │ gzip:   0.54 kB │ map:     1.38 kB
dist/client/assets/WeekWorkspace-BFfRcl6F.js                  0.85 kB │ gzip:   0.58 kB │ map:     2.31 kB
dist/client/assets/RecipeMedia-Zi2Xzjet.js                    1.04 kB │ gzip:   0.63 kB │ map:     3.10 kB
dist/client/assets/use-modal-focus-DttN_fVe.js                1.34 kB │ gzip:   0.65 kB │ map:     4.02 kB
dist/client/assets/WeekSetupChoices-CT9MsaCu.js               1.59 kB │ gzip:   0.75 kB │ map:     3.97 kB
dist/client/assets/ConfirmDialog-CgC60AW3.js                  1.64 kB │ gzip:   0.84 kB │ map:     3.87 kB
dist/client/assets/AsyncState-mBnoGSyz.js                     1.65 kB │ gzip:   0.87 kB │ map:     3.47 kB
dist/client/assets/KitchenHeader-BbrHFKtt.js                  1.67 kB │ gzip:   0.74 kB │ map:     4.11 kB
dist/client/assets/recipe-media-YOcvwTR4.js                   1.68 kB │ gzip:   0.88 kB │ map:     6.33 kB
dist/client/assets/StatusChip-Do-_6ghz.js                     1.72 kB │ gzip:   0.69 kB │ map:     3.55 kB
dist/client/assets/WeekSettingsPage-DNjTrXPs.js               1.73 kB │ gzip:   0.94 kB │ map:     4.13 kB
dist/client/assets/WeekGeneratingPage-C15gZTf9.js             2.00 kB │ gzip:   1.19 kB │ map:     4.97 kB
dist/client/assets/FamilySharingPage-CO0km9zS.js              2.61 kB │ gzip:   1.18 kB │ map:     4.94 kB
dist/client/assets/MealSwapSheet-BG3Ksnfq.js                  2.72 kB │ gzip:   1.36 kB │ map:     7.15 kB
dist/client/assets/TopBar-B8RQbcyT.js                         2.94 kB │ gzip:   1.10 kB │ map:     6.42 kB
dist/client/assets/NotificationsPage-OkBl24Bb.js              3.00 kB │ gzip:   1.41 kB │ map:     6.68 kB
dist/client/assets/LandingPage-Ck-PMxlL.js                    3.11 kB │ gzip:   1.49 kB │ map:     6.26 kB
dist/client/assets/PrivacyDataPage-DlAg7u4f.js                3.15 kB │ gzip:   1.36 kB │ map:     5.43 kB
dist/client/assets/NotificationPreferencesPage-CbK__Tdp.js    3.80 kB │ gzip:   1.86 kB │ map:     8.90 kB
dist/client/assets/SettingsPage-C_cC4Kff.js                   3.84 kB │ gzip:   1.80 kB │ map:     8.16 kB
dist/client/assets/inventory-truth-BHprnlBW.js                3.88 kB │ gzip:   1.68 kB │ map:    11.89 kB
dist/client/assets/primitives-CN-DG3qX.js                     4.82 kB │ gzip:   1.87 kB │ map:    16.94 kB
dist/client/assets/ReviewSource-C-2ousXU.js                   4.88 kB │ gzip:   1.98 kB │ map:    12.84 kB
dist/client/assets/ProfilePage-CPVZ3_GP.js                    4.89 kB │ gzip:   2.28 kB │ map:    11.61 kB
dist/client/assets/WeekSetupPage-AK_Ebyvy.js                  5.29 kB │ gzip:   2.30 kB │ map:    13.87 kB
dist/client/assets/useCookingStore-nB6UU-jV.js                5.38 kB │ gzip:   2.37 kB │ map:    18.16 kB
dist/client/assets/useWeekStore-Dd3g6FRA.js                   5.59 kB │ gzip:   1.86 kB │ map:    18.23 kB
dist/client/assets/ReconciliationPage-kVSgFJin.js             5.77 kB │ gzip:   2.54 kB │ map:    14.23 kB
dist/client/assets/MealDetailPage-Cg7q9_2a.js                 6.02 kB │ gzip:   2.48 kB │ map:    15.23 kB
dist/client/assets/FoodPreferencesPage-CakK1Lkn.js            6.46 kB │ gzip:   2.37 kB │ map:    16.66 kB
dist/client/assets/WeekShoppingPage-Ca751BNn.js               6.69 kB │ gzip:   2.68 kB │ map:    19.15 kB
dist/client/assets/scan-errors-3TK9yvYs.js                    7.24 kB │ gzip:   3.06 kB │ map:    18.14 kB
dist/client/assets/CookingReview-CHgcE__M.js                  7.34 kB │ gzip:   2.95 kB │ map:    20.07 kB
dist/client/assets/ShoppingPage-Cw_4yqms.js                   7.73 kB │ gzip:   3.30 kB │ map:    21.90 kB
dist/client/assets/PlanningSettingsPage-C7cWismd.js           7.88 kB │ gzip:   2.72 kB │ map:    18.11 kB
dist/client/assets/RecipesPage-Bb5o8Bhj.js                    9.81 kB │ gzip:   3.87 kB │ map:    29.67 kB
dist/client/assets/RecipeCard-C59W8u83.js                    11.37 kB │ gzip:   2.33 kB │ map:    22.63 kB
dist/client/assets/HomePage-BjXx49il.js                      11.69 kB │ gzip:   4.24 kB │ map:    37.17 kB
dist/client/assets/WeekDashboardPage-BYdrnB5P.js             12.55 kB │ gzip:   4.72 kB │ map:    32.72 kB
dist/client/assets/ScanPage-CytYPYmp.js                      13.26 kB │ gzip:   5.09 kB │ map:    38.17 kB
dist/client/assets/OnboardingPage-DlGpT7Rl.js                13.53 kB │ gzip:   3.80 kB │ map:    34.26 kB
dist/client/assets/ScanResultPage-Cmxm4A3d.js                13.55 kB │ gzip:   4.93 kB │ map:    41.68 kB
dist/client/assets/ReceiptReviewPage-nQv2YlpR.js             13.60 kB │ gzip:   4.64 kB │ map:    39.54 kB
dist/client/assets/composition-c3eGvfKO.js                   13.79 kB │ gzip:   5.19 kB │ map:    46.29 kB
dist/client/assets/RecipeDetailPage-DAgr9JTA.js              14.45 kB │ gzip:   4.73 kB │ map:    35.86 kB
dist/client/assets/IngredientDetailPage-DB1xplAh.js          15.08 kB │ gzip:   4.63 kB │ map:    37.51 kB
dist/client/assets/CookingModePage-Bm_-1-yI.js               15.16 kB │ gzip:   5.29 kB │ map:    44.06 kB
dist/client/assets/PlusPaywallPage-BvofohJF.js               19.06 kB │ gzip:   5.85 kB │ map:    45.22 kB
dist/client/assets/ingredient-images-DMUMQtkM.js             20.22 kB │ gzip:   4.97 kB │ map:    19.75 kB
dist/client/assets/InventoryPage-CdZSQIGW.js                 21.43 kB │ gzip:   7.42 kB │ map:    72.03 kB
dist/client/assets/Button-Dwfe0h-F.js                        29.01 kB │ gzip:   9.34 kB │ map:   152.63 kB
dist/client/assets/AuthPage-DsOiT5mW.js                      30.61 kB │ gzip:   9.19 kB │ map:    96.74 kB
dist/client/assets/vendor-icons-ul0AEewg.js                  33.19 kB │ gzip:   7.20 kB │ map:    88.47 kB
dist/client/assets/vendor-query-D03hXVOl.js                  42.42 kB │ gzip:  12.92 kB │ map:   155.73 kB
dist/client/assets/PlannerPage-Bz46CtHe.js                   83.28 kB │ gzip:  24.09 kB │ map:   178.10 kB
dist/client/assets/vendor-react-B6oo3S7f.js                 164.07 kB │ gzip:  53.69 kB │ map:   705.96 kB
dist/client/assets/index-D3JHERQp.js                        463.60 kB │ gzip: 129.27 kB │ map: 1,755.78 kB
✓ built in 2.92s
=== ALL CHECKS PASSED SUCCESSFULLY! ===
Local gates are green. Production rollout still requires schema preflight, backup/export, and explicit deploy approval.
