
> frigo@0.1.0 check /Users/tunbee27/Documents/Tako-san-ui-rebuild
> bash scripts/deploy-check.sh

=== Frigo Pre-Deployment Verification ===
1. Checking TypeScript Types...

> frigo@0.1.0 typecheck /Users/tunbee27/Documents/Tako-san-ui-rebuild
> tsc -p tsconfig.json --noEmit && tsc -p tsconfig.worker.json --noEmit

2. Running ESLint...

> frigo@0.1.0 lint /Users/tunbee27/Documents/Tako-san-ui-rebuild
> eslint .

3. Running Vitest Suite...

> frigo@0.1.0 test /Users/tunbee27/Documents/Tako-san-ui-rebuild
> vitest run


 RUN  v3.2.7 /Users/tunbee27/Documents/Tako-san-ui-rebuild

 ✓ tests/integration/inventory-lot-authority.test.ts (306 tests) 42046ms
 ✓ tests/unit/production-catalog-import-inspection.test.mjs (163 tests) 44216ms
   ✓ fixed production import incident SELECT-only inspection > observes an exact applied marker and shape-safe archive/target/live counts without certifying a release  409ms
   ✓ fixed production import incident SELECT-only inspection > rejects an extra recovery-prefix object despite the complete 58 known objects  404ms
   ✓ fixed production import incident SELECT-only inspection > rejects modified evidence-trigger SQL even with exact object names and types  401ms
   ✓ fixed production import incident SELECT-only inspection > does not trust an applied status row with a different source identity  407ms
   ✓ sealed latest V2 import incident SELECT-only inspection > queries only application FKs with the real SQLite authorizer rejecting reserved names  410ms
   ✓ sealed latest V2 import incident SELECT-only inspection > still scans an unknown application table and reports its incoming uppercase catalog FK  400ms
   ✓ sealed latest V2 import incident SELECT-only inspection > blocks unknown table before any schema PRAGMA  386ms
   ✓ sealed latest V2 import incident SELECT-only inspection > blocks case-variant reserved view before any schema PRAGMA  397ms
   ✓ sealed latest V2 import incident SELECT-only inspection > blocks malformed documented table before any schema PRAGMA  392ms
   ✓ sealed latest V2 import incident SELECT-only inspection > blocks attached reserved index before any schema PRAGMA  391ms
   ✓ sealed latest V2 import incident SELECT-only inspection > observes exact applied V2 evidence and target counts despite the expected old-catalog bound mismatch  405ms
   ✓ sealed latest V2 import incident SELECT-only inspection > observes a real complete rollback with the optional canonical 59th guard object  605ms
   ✓ sealed latest V2 import incident SELECT-only inspection > does not trust an applied marker with a changed repair ID or digest  403ms
   ✓ sealed latest V2 import incident SELECT-only inspection > does not claim applied observation when live target counts drift  448ms
   ✓ sealed latest V2 import incident SELECT-only inspection > rejects a compatible-shape rollback guard with different DDL  617ms
   ✓ sealed latest V2 import incident SELECT-only inspection > rejects incomplete rollback guard rows despite an exact rolled-back marker  604ms
   ✓ sealed latest V2 import incident SELECT-only inspection > keeps final observation blocked when namespace read is not primary  405ms
   ✓ sealed latest V2 import incident SELECT-only inspection > keeps final observation blocked when schema read is not primary  409ms
   ✓ sealed latest V2 import incident SELECT-only inspection > keeps final observation blocked when aggregate read is not primary  405ms
   ✓ sealed latest V2 import incident SELECT-only inspection > keeps final observation blocked when status read is not primary  529ms
   ✓ sealed latest V2 import incident SELECT-only inspection > sanitizes auth-scope errors from a latest aggregate and blocks final observation  407ms
   ✓ sealed fixed V2 import incident 37536969564 SELECT-only inspection > observes complete applied evidence with a marker unique to this run  407ms
   ✓ sealed fixed V2 import incident 37536969564 SELECT-only inspection > observes real rollback evidence and all canonical rollback guard rows  611ms
   ✓ sealed fixed V2 import incident 37536969564 SELECT-only inspection > rejects substituted status identity even when all applied objects exist  406ms
   ✓ sealed fixed V2 import incident 37536969564 SELECT-only inspection > blocks applied count drift  407ms
   ✓ sealed fixed V2 import incident 37536969564 SELECT-only inspection > blocks incomplete rollback evidence  607ms
   ✓ sealed fixed V2 import incident 37536969564 SELECT-only inspection > uses the approved reserved inventory before scanning application FK metadata  397ms
   ✓ sealed fixed V2 import incident 37536969564 SELECT-only inspection > blocks unknown reserved table before any schema PRAGMA, as confirmed by a real authorizer  392ms
   ✓ sealed fixed V2 import incident 37536969564 SELECT-only inspection > blocks case-variant reserved view before any schema PRAGMA, as confirmed by a real authorizer  395ms
   ✓ sealed fixed V2 import incident 37536969564 SELECT-only inspection > blocks malformed reserved table before any schema PRAGMA, as confirmed by a real authorizer  388ms
   ✓ sealed fixed V2 import incident 37536969564 SELECT-only inspection > blocks reserved index before any schema PRAGMA, as confirmed by a real authorizer  394ms
   ✓ sealed fixed V2 import incident 37536969564 SELECT-only inspection > requires strict primary metadata for each namespace read  408ms
   ✓ sealed fixed V2 import incident 37536969564 SELECT-only inspection > requires strict primary metadata for each schema read  408ms
   ✓ sealed fixed V2 import incident 37536969564 SELECT-only inspection > requires strict primary metadata for each aggregate read  405ms
   ✓ sealed fixed V2 import incident 37536969564 SELECT-only inspection > requires strict primary metadata for each status read  406ms
 ✓ tests/unit/production-catalog-preflight-diagnostics.test.mjs (45 tests) 31086ms
   ✓ production catalog preflight diagnostics using the real 0038 catalog > proves both existing gates at 0038 without applying 0039 or changing database content  823ms
   ✓ production catalog preflight diagnostics using the real 0038 catalog > accepts 500 already-ready heroes while keeping the receipt aggregate-only  796ms
   ✓ production catalog preflight diagnostics using the real 0038 catalog > rejects missing operational aggregate media_total without fallback to the stale policy  775ms
   ✓ production catalog preflight diagnostics using the real 0038 catalog > rejects missing operational aggregate recipes_without_active_hero without fallback to the stale policy  775ms
   ✓ production catalog preflight diagnostics using the real 0038 catalog > rejects missing operational aggregate media_orphan_rows without fallback to the stale policy  805ms
   ✓ production catalog preflight diagnostics using the real 0038 catalog > rejects missing operational aggregate media_duplicate_ready_roles without fallback to the stale policy  793ms
   ✓ production catalog preflight diagnostics using the real 0038 catalog > rejects missing operational aggregate media_invalid_metadata without fallback to the stale policy  806ms
   ✓ production catalog preflight diagnostics using the real 0038 catalog > rejects missing operational aggregate media_invalid_ready_metadata without fallback to the stale policy  766ms
   ✓ production catalog preflight diagnostics using the real 0038 catalog > rejects a missing pending hero even though all recipes hydrate and the runtime fingerprint matches  782ms
   ✓ production catalog preflight diagnostics using the real 0038 catalog > rejects gapped recipe order despite complete hydration and an unchanged ordered runtime payload  802ms
   ✓ production catalog preflight diagnostics using the real 0038 catalog > rejects semantic step drift that leaves ingredient lineage, counts and hydration valid  807ms
   ✓ production catalog preflight diagnostics using the real 0038 catalog > rejects missing ingredient positions and never emits hydration row identifiers  790ms
   ✓ production catalog preflight diagnostics using the real 0038 catalog > rejects changed aggregate and identity snapshots before certifying the catalog  809ms
   ✓ production catalog preflight diagnostics using the real 0038 catalog > rejects changed runtime reads even if each read individually remains hydratable  785ms
   ✓ production catalog preflight diagnostics using the real 0038 catalog > blocks ledger advancement and does not evaluate either catalog gate  744ms
   ✓ production catalog preflight diagnostics using the real 0038 catalog > blocks missing historical migration and does not evaluate either catalog gate  736ms
   ✓ production catalog preflight diagnostics using the real 0038 catalog > blocks duplicate migration and does not evaluate either catalog gate  727ms
   ✓ production catalog preflight diagnostics using the real 0038 catalog > blocks unexpected migration and does not evaluate either catalog gate  800ms
   ✓ production catalog preflight diagnostics using the real 0038 catalog > rejects an unchanged 0039 ledger because this diagnostic is scoped to the pre-migration 0038 state  811ms
   ✓ production catalog preflight diagnostics using the real 0038 catalog > retains a sanitized blocked receipt for catalog missing  795ms
   ✓ production catalog preflight diagnostics using the real 0038 catalog > retains a sanitized blocked receipt for catalog statement missing  817ms
   ✓ production catalog preflight diagnostics using the real 0038 catalog > retains a sanitized blocked receipt for catalog failed statement  862ms
   ✓ production catalog preflight diagnostics using the real 0038 catalog > retains a sanitized blocked receipt for multiple aggregate rows  813ms
   ✓ production catalog preflight diagnostics using the real 0038 catalog > retains a sanitized blocked receipt for runtime missing  792ms
   ✓ production catalog preflight diagnostics using the real 0038 catalog > retains a sanitized blocked receipt for runtime statement missing  763ms
   ✓ production catalog preflight diagnostics using the real 0038 catalog > retains a sanitized blocked receipt for runtime failed statement  789ms
   ✓ production catalog preflight diagnostics using the real 0038 catalog > rejects a malformed known aggregate value 0 without coercing it  866ms
   ✓ production catalog preflight diagnostics using the real 0038 catalog > rejects a malformed known aggregate value 9007199254740992 without coercing it  854ms
   ✓ production catalog preflight diagnostics using the real 0038 catalog > rejects a malformed known aggregate value NaN without coercing it  829ms
   ✓ production catalog preflight diagnostics using the real 0038 catalog > rejects a malformed known aggregate value Infinity without coercing it  781ms
   ✓ production catalog preflight diagnostics using the real 0038 catalog > retains null order extrema while rejecting an empty runtime order range  790ms
   ✓ production catalog preflight diagnostics using the real 0038 catalog > retains negative order bounds as evidence while rejecting the invalid recipe order range  811ms
   ✓ production catalog preflight diagnostics using the real 0038 catalog > rejects negative count fields instead of exposing an impossible aggregate  775ms
   ✓ production catalog preflight diagnostics using the real 0038 catalog > rejects unreviewed migration tip before issuing a receipt  791ms
   ✓ production catalog preflight diagnostics using the real 0038 catalog > rejects migration content hash drift before issuing a receipt  800ms
   ✓ production catalog preflight diagnostics using the real 0038 catalog > drops unknown row, provider and manifest fields from a successful diagnostic receipt  789ms
   ✓ production catalog preflight diagnostics using the real 0038 catalog > ignores provider timing metadata when comparing otherwise identical read snapshots  809ms
   ✓ production catalog preflight diagnostics using the real 0038 catalog > keeps provider or pipeline exception messages out of blocked receipts  817ms
 ✓ tests/unit/t21rc2-production-approval.test.mjs (148 tests) 33955ms
   ✓ T21R-C2 reviewed execution closure (real Git objects) > allows the protected merge and later unrelated docs commit with its own exact-main CI  438ms
   ✓ T21R-C2 reviewed execution closure (real Git objects) > rejects unreviewed changes to .github/workflows/production-d1-t21rc-row-reconciliation.yml despite ancestry and green exact-main CI  363ms
   ✓ T21R-C2 reviewed execution closure (real Git objects) > rejects unreviewed changes to scripts/t21rc2-production-approval.mjs despite ancestry and green exact-main CI  344ms
   ✓ T21R-C2 reviewed execution closure (real Git objects) > rejects unreviewed changes to scripts/t21rc2-production-capture.mjs despite ancestry and green exact-main CI  330ms
   ✓ T21R-C2 reviewed execution closure (real Git objects) > rejects unreviewed changes to scripts/t21rc2-production-files.mjs despite ancestry and green exact-main CI  350ms
   ✓ T21R-C2 reviewed execution closure (real Git objects) > rejects unreviewed changes to scripts/t21rc2-production-receipt.mjs despite ancestry and green exact-main CI  332ms
   ✓ T21R-C2 reviewed execution closure (real Git objects) > rejects unreviewed changes to scripts/t21rc-row-reconciliation.mjs despite ancestry and green exact-main CI  347ms
   ✓ T21R-C2 reviewed execution closure (real Git objects) > rejects unreviewed changes to scripts/t21r-v1-authority.mjs despite ancestry and green exact-main CI  342ms
   ✓ T21R-C2 reviewed execution closure (real Git objects) > rejects unreviewed changes to scripts/release-check.mjs despite ancestry and green exact-main CI  340ms
   ✓ T21R-C2 reviewed execution closure (real Git objects) > rejects unreviewed changes to scripts/d1-migration-check.mjs despite ancestry and green exact-main CI  321ms
   ✓ T21R-C2 reviewed execution closure (real Git objects) > rejects unreviewed changes to docs/ai/recipe-catalog/T21RC_ROW_RECONCILIATION_SCHEMA.json despite ancestry and green exact-main CI  337ms
   ✓ T21R-C2 reviewed execution closure (real Git objects) > rejects unreviewed changes to docs/ai/recipe-catalog/T21RA_RUNTIME_CANONICAL_TARGET.json despite ancestry and green exact-main CI  342ms
   ✓ T21R-C2 reviewed execution closure (real Git objects) > rejects unreviewed changes to wrangler.jsonc despite ancestry and green exact-main CI  349ms
   ✓ T21R-C2 reviewed execution closure (real Git objects) > rejects unreviewed changes to package.json despite ancestry and green exact-main CI  345ms
   ✓ T21R-C2 reviewed execution closure (real Git objects) > rejects unreviewed changes to pnpm-lock.yaml despite ancestry and green exact-main CI  357ms
   ✓ T21R-C2 reviewed execution closure (real Git objects) > rejects unreviewed changes to .github/workflows/ci.yml despite ancestry and green exact-main CI  367ms
   ✓ T21R-C2 reviewed execution closure (real Git objects) > rejects unreviewed changes to scripts/t21rb-v1-semantic.mjs despite ancestry and green exact-main CI  356ms
   ✓ T21R-C2 reviewed execution closure (real Git objects) > rejects unreviewed changes to vite.config.ts despite ancestry and green exact-main CI  341ms
   ✓ T21R-C2 reviewed execution closure (real Git objects) > rejects unreviewed changes to tsconfig.json despite ancestry and green exact-main CI  362ms
   ✓ T21R-C2 reviewed execution closure (real Git objects) > rejects unreviewed changes to data/recipe-import/approved-batches.json despite ancestry and green exact-main CI  340ms
   ✓ T21R-C2 reviewed execution closure (real Git objects) > rejects unreviewed changes to data/recipe-import/t14f/pilot-30.jsonl despite ancestry and green exact-main CI  341ms
   ✓ T21R-C2 reviewed execution closure (real Git objects) > rejects unreviewed changes to data/recipe-import/t14f/scale-399.jsonl despite ancestry and green exact-main CI  338ms
   ✓ T21R-C2 reviewed execution closure (real Git objects) > rejects unreviewed changes to data/recipe-refresh/v2/ingredient-reconciliation.json despite ancestry and green exact-main CI  329ms
   ✓ T21R-C2 reviewed execution closure (real Git objects) > rejects unreviewed changes to packages/recipes/src/import/catalog-release.current.json despite ancestry and green exact-main CI  338ms
   ✓ T21R-C2 reviewed execution closure (real Git objects) > rejects unreviewed changes to migrations despite ancestry and green exact-main CI  346ms
   ✓ T21R-C2 reviewed execution closure (real Git objects) > rejects unreviewed changes to packages/domain/src/availability.ts despite ancestry and green exact-main CI  343ms
   ✓ T21R-C2 reviewed execution closure (real Git objects) > rejects unreviewed changes to packages/domain/src/foundation.ts despite ancestry and green exact-main CI  340ms
   ✓ T21R-C2 reviewed execution closure (real Git objects) > rejects unreviewed changes to packages/domain/src/index.ts despite ancestry and green exact-main CI  345ms
   ✓ T21R-C2 reviewed execution closure (real Git objects) > rejects unreviewed changes to packages/domain/src/inventory-read-authority.ts despite ancestry and green exact-main CI  371ms
   ✓ T21R-C2 reviewed execution closure (real Git objects) > rejects unreviewed changes to packages/domain/src/inventory-truth.ts despite ancestry and green exact-main CI  337ms
   ✓ T21R-C2 reviewed execution closure (real Git objects) > rejects unreviewed changes to packages/domain/src/meal-planning-api.ts despite ancestry and green exact-main CI  368ms
   ✓ T21R-C2 reviewed execution closure (real Git objects) > rejects unreviewed changes to packages/domain/src/meal-shopping-api.ts despite ancestry and green exact-main CI  366ms
   ✓ T21R-C2 reviewed execution closure (real Git objects) > rejects unreviewed changes to packages/domain/src/quantity.ts despite ancestry and green exact-main CI  364ms
   ✓ T21R-C2 reviewed execution closure (real Git objects) > rejects unreviewed changes to packages/domain/src/units.ts despite ancestry and green exact-main CI  356ms
   ✓ T21R-C2 reviewed execution closure (real Git objects) > rejects unreviewed changes to packages/domain/src/week/index.ts despite ancestry and green exact-main CI  355ms
   ✓ T21R-C2 reviewed execution closure (real Git objects) > rejects unreviewed changes to packages/domain/src/week/leftover.ts despite ancestry and green exact-main CI  361ms
   ✓ T21R-C2 reviewed execution closure (real Git objects) > rejects unreviewed changes to packages/domain/src/week/packages.ts despite ancestry and green exact-main CI  333ms
   ✓ T21R-C2 reviewed execution closure (real Git objects) > rejects unreviewed changes to packages/domain/src/week/planner.ts despite ancestry and green exact-main CI  353ms
   ✓ T21R-C2 reviewed execution closure (real Git objects) > rejects unreviewed changes to packages/domain/src/week/portion.ts despite ancestry and green exact-main CI  343ms
   ✓ T21R-C2 reviewed execution closure (real Git objects) > rejects unreviewed changes to packages/domain/src/week/pricing.ts despite ancestry and green exact-main CI  339ms
   ✓ T21R-C2 reviewed execution closure (real Git objects) > rejects unreviewed changes to packages/domain/src/week/score.ts despite ancestry and green exact-main CI  335ms
   ✓ T21R-C2 reviewed execution closure (real Git objects) > rejects unreviewed changes to packages/domain/src/week/shopping.ts despite ancestry and green exact-main CI  330ms
   ✓ T21R-C2 reviewed execution closure (real Git objects) > rejects unreviewed changes to packages/domain/src/week/types.ts despite ancestry and green exact-main CI  366ms
   ✓ T21R-C2 reviewed execution closure (real Git objects) > rejects unreviewed changes to packages/domain/src/week/utilization.ts despite ancestry and green exact-main CI  402ms
   ✓ T21R-C2 reviewed execution closure (real Git objects) > rejects unreviewed changes to packages/recipes/src/catalog-fingerprint.ts despite ancestry and green exact-main CI  367ms
   ✓ T21R-C2 reviewed execution closure (real Git objects) > rejects unreviewed changes to packages/recipes/src/data.ts despite ancestry and green exact-main CI  367ms
   ✓ T21R-C2 reviewed execution closure (real Git objects) > rejects unreviewed changes to packages/recipes/src/import/compiler.ts despite ancestry and green exact-main CI  351ms
   ✓ T21R-C2 reviewed execution closure (real Git objects) > rejects unreviewed changes to packages/recipes/src/import/duplicates.ts despite ancestry and green exact-main CI  352ms
   ✓ T21R-C2 reviewed execution closure (real Git objects) > rejects unreviewed changes to packages/recipes/src/import/identity.ts despite ancestry and green exact-main CI  336ms
   ✓ T21R-C2 reviewed execution closure (real Git objects) > rejects unreviewed changes to packages/recipes/src/import/ingredients.ts despite ancestry and green exact-main CI  383ms
   ✓ T21R-C2 reviewed execution closure (real Git objects) > rejects unreviewed changes to packages/recipes/src/import/index.ts despite ancestry and green exact-main CI  353ms
   ✓ T21R-C2 reviewed execution closure (real Git objects) > rejects unreviewed changes to packages/recipes/src/import/normalize.ts despite ancestry and green exact-main CI  354ms
   ✓ T21R-C2 reviewed execution closure (real Git objects) > rejects unreviewed changes to packages/recipes/src/import/parse.ts despite ancestry and green exact-main CI  404ms
   ✓ T21R-C2 reviewed execution closure (real Git objects) > rejects unreviewed changes to packages/recipes/src/import/release-manifest.ts despite ancestry and green exact-main CI  347ms
   ✓ T21R-C2 reviewed execution closure (real Git objects) > rejects unreviewed changes to packages/recipes/src/import/schema.ts despite ancestry and green exact-main CI  383ms
   ✓ T21R-C2 reviewed execution closure (real Git objects) > rejects unreviewed changes to packages/recipes/src/import/sql-render.ts despite ancestry and green exact-main CI  352ms
   ✓ T21R-C2 reviewed execution closure (real Git objects) > rejects unreviewed changes to packages/recipes/src/import/types.ts despite ancestry and green exact-main CI  360ms
   ✓ T21R-C2 reviewed execution closure (real Git objects) > rejects unreviewed changes to packages/recipes/src/runtime-recipe.ts despite ancestry and green exact-main CI  377ms
   ✓ T21R-C2 reviewed execution closure (real Git objects) > rejects unreviewed changes to packages/recipes/src/seed-render.ts despite ancestry and green exact-main CI  339ms
   ✓ T21R-C2 reviewed execution closure (real Git objects) > rejects unreviewed changes to packages/recipes/src/vietnamese-bank.ts despite ancestry and green exact-main CI  365ms
   ✓ T21R-C2 reviewed execution closure (real Git objects) > rejects unreviewed changes to packages/recipes/src/vietnamese-images.ts despite ancestry and green exact-main CI  363ms
   ✓ T21R-C2 reviewed execution closure (real Git objects) > rejects unreviewed changes to .npmrc despite ancestry and green exact-main CI  350ms
   ✓ T21R-C2 reviewed execution closure (real Git objects) > rejects unreviewed changes to .pnpmfile.cjs despite ancestry and green exact-main CI  384ms
   ✓ T21R-C2 reviewed execution closure (real Git objects) > rejects unreviewed changes to pnpm-workspace.yaml despite ancestry and green exact-main CI  383ms
   ✓ T21R-C2 reviewed execution closure (real Git objects) > rejects unreviewed changes to .gitattributes despite ancestry and green exact-main CI  388ms
   ✓ T21R-C2 reviewed execution closure (real Git objects) > rejects unreviewed changes to vite.config.js despite ancestry and green exact-main CI  381ms
   ✓ T21R-C2 reviewed execution closure (real Git objects) > rejects unreviewed changes to vite.config.mjs despite ancestry and green exact-main CI  362ms
   ✓ T21R-C2 reviewed execution closure (real Git objects) > rejects unreviewed changes to vite.config.cjs despite ancestry and green exact-main CI  374ms
   ✓ T21R-C2 reviewed execution closure (real Git objects) > rejects unreviewed changes to vite.config.mts despite ancestry and green exact-main CI  374ms
   ✓ T21R-C2 reviewed execution closure (real Git objects) > rejects unreviewed changes to vite.config.cts despite ancestry and green exact-main CI  368ms
   ✓ T21R-C2 reviewed execution closure (real Git objects) > rejects unreviewed changes to .env despite ancestry and green exact-main CI  333ms
   ✓ T21R-C2 reviewed execution closure (real Git objects) > rejects unreviewed changes to .env.local despite ancestry and green exact-main CI  347ms
   ✓ T21R-C2 reviewed execution closure (real Git objects) > rejects unreviewed changes to .env.development despite ancestry and green exact-main CI  347ms
   ✓ T21R-C2 reviewed execution closure (real Git objects) > rejects unreviewed changes to .env.development.local despite ancestry and green exact-main CI  362ms
   ✓ T21R-C2 reviewed execution closure (real Git objects) > allows an absent optional config but rejects introducing an unreviewed auto-loaded config  338ms
   ✓ T21R-C2 reviewed execution closure (real Git objects) > blocks capture reauthorization before any Cloudflare subprocess when reviewed bytes changed  434ms
   ✓ T21R-C2 reviewed execution closure (real Git objects) > rechecks byte binding again before producing final authorization for aggregate publication  442ms
   ✓ runner-local approval CLI lifecycle > writes only candidate_sha for gate and keeps authorization private to approve/recheck  503ms
   ✓ runner-local approval CLI lifecycle > blocks recheck if review history is skipped  329ms
   ✓ runner-local approval CLI lifecycle > blocks recheck when environment reviewer policy changes  336ms
   ✓ runner-local approval CLI lifecycle > detects admin-bypass availability changes through the policy digest  329ms
 ✓ tests/integration/inventory-event-authority.test.ts (205 tests) 24668ms
 ✓ tests/unit/production-catalog-recovery-runner.test.mjs (75 tests) 29862ms
   ✓ bounded production recovery orchestration > pins static and captures a bookmark before one import, then certifies real V1 hydration  734ms
   ✓ bounded production recovery orchestration > accepts the last integer below the 100 MiB bound  713ms
   ✓ bounded production recovery orchestration > rejects D1 routing becoming active after the bookmark, before import  437ms
   ✓ bounded production recovery orchestration > restores the catalog archive if independent verification fails and keeps static routing  844ms
   ✓ bounded production recovery orchestration > records an unknown outcome when import committed but the provider response was lost  636ms
   ✓ bounded production recovery orchestration > inspects the exact failed import twice between identical static pin and ledger proofs  383ms
   ✓ bounded production recovery orchestration > executes the real compiler-derived helper through the readonly runner without changing catalog rows  432ms
   ✓ bounded production recovery orchestration > loads the latest failed batch from its fixed historical source and repeats its inspection  330ms
   ✓ bounded production recovery orchestration > loads the third incident from immutable a8fa and saves two stable SELECT-only observations  323ms
   ✓ bounded production recovery orchestration > rejects stale main or approval at the final authorization check  392ms
   ✓ bounded production recovery orchestration > rejects a changed final Worker pin after readonly inspection  384ms
   ✓ bounded production recovery orchestration > blocks a new import before pin/bookmark when the third incident has objects  380ms
   ✓ bounded production recovery orchestration > blocks a new import before pin/bookmark when the third incident has applied marker  382ms
   ✓ bounded production recovery orchestration > blocks a new import before pin/bookmark when the third incident has rolled-back marker  383ms
   ✓ bounded production recovery orchestration > blocks a new import before pin/bookmark when the third incident has primary unavailable  381ms
   ✓ bounded production recovery orchestration > blocks a new import before pin/bookmark when the third incident has failed read  386ms
   ✓ bounded production recovery orchestration > blocks a new import before pin/bookmark when the third incident has non-primary read  382ms
   ✓ bounded production recovery orchestration > blocks a new import before pin/bookmark when the third incident has missing guard evidence  382ms
   ✓ bounded production recovery orchestration > blocks a new import before pin/bookmark when the third incident has guard mismatch  381ms
   ✓ bounded production recovery orchestration > blocks new recovery when third-incident captures drift and retains unknown terminal state  390ms
   ✓ bounded production recovery orchestration > protects populated child references with an uppercase SQLite target name  389ms
   ✓ bounded production recovery orchestration > detects an added trigger attached to an uppercase catalog table name  386ms
   ✓ bounded production recovery orchestration > rejects an unknown D1 internal object before any pin or import  306ms
   ✓ bounded production recovery orchestration > retains detection of incoming recipe references from an unknown application table  388ms
   ✓ bounded production recovery orchestration > rejects corrected preflight without strict primary metadata: false  447ms
   ✓ bounded production recovery orchestration > rejects corrected preflight without strict primary metadata: undefined  427ms
   ✓ bounded production recovery orchestration > rejects changing corrected preflights before any mutation  431ms
   ✓ bounded production recovery orchestration > rechecks the original Worker immediately before pinning  434ms
   ✓ bounded production recovery orchestration > rechecks main and normal approval after the corrected preflight  427ms
   ✓ bounded production recovery orchestration > records only numeric provider codes and bounded exit status on file import failure  435ms
   ✓ bounded production recovery orchestration > certifies a successful import despite pinned Wrangler cached progress on stdout  723ms
   ✓ bounded production recovery orchestration > certifies a successful import despite pinned Wrangler uploaded progress on stdout  729ms
   ✓ bounded production recovery orchestration > confirms guarded archive rollback with vendor progress after independent certification fails  855ms
   ✓ bounded production recovery orchestration > does not claim success or rollback on an unproved file response: malformed json  642ms
   ✓ bounded production recovery orchestration > does not claim success or rollback on an unproved file response: []  639ms
   ✓ bounded production recovery orchestration > does not claim success or rollback on an unproved file response: [{"success":false}]  640ms
   ✓ bounded production recovery orchestration > keeps a timed-out import outcome unknown without inventing an exit status  438ms
   ✓ bounded production recovery orchestration > rejects changing corrected preflight observations in read-only inspect mode  384ms
 ✓ tests/unit/recipe-catalog-recovery.test.mjs (48 tests) 16345ms
   ✓ offline certified V1 recovery compiler > restores all 500 certified recipes from 6720 unreviewed lines and keeps a lossless immutable archive  473ms
   ✓ offline certified V1 recovery compiler > preserves the approved internal table during complete restore and rollback: documented spelling  651ms
   ✓ offline certified V1 recovery compiler > preserves the approved internal table during complete restore and rollback: ASCII whitespace and keyword case  649ms
   ✓ offline certified V1 recovery compiler > preserves the approved internal table during complete restore and rollback: long whitespace runs  646ms
   ✓ offline certified V1 recovery compiler > reproduces the original D1 authorization failure and visits every application table with the corrected restore and rollback  1059ms
   ✓ offline certified V1 recovery compiler > keeps unknown application foreign keys to recipe_ingredients visible under the same D1 authorization policy  379ms
   ✓ offline certified V1 recovery compiler > keeps unknown application foreign keys to RECIPE_INGREDIENTS visible under the same D1 authorization policy  373ms
   ✓ offline certified V1 recovery compiler > rejects reserved trigger before evaluating any foreign-key PRAGMA or changing catalog data  316ms
   ✓ offline certified V1 recovery compiler > stops unknown protected objects before FK calls with the D1 authorizer enabled  378ms
   ✓ offline certified V1 recovery compiler > clears versioned enrichment so shared ingredient profiles and stale versions cannot authorize nutrition  318ms
   ✓ offline certified V1 recovery compiler > rolls every archive and catalog change back when a later statement fails  412ms
   ✓ offline certified V1 recovery compiler > restores the complete original archive atomically without changing shared profiles  665ms
   ✓ offline certified V1 recovery compiler > refuses rollback after an unknown reserved object appears and keeps the applied catalog and archive intact  453ms
   ✓ offline certified V1 recovery compiler > refuses rollback after a catalog edit and preserves that edit  398ms
   ✓ offline certified V1 recovery compiler > handles a live slug permutation through temporary unique slugs and reverses it exactly  611ms
   ✓ offline certified V1 recovery compiler > refuses a repeat restore and keeps the first successful archive intact  445ms
 ✓ tests/integration/inventory-fefo.test.ts (34 tests) 19288ms
   ✓ T09E multi-effect FEFO authority > enforces the 32-effect boundary before partial writes  559ms
   ✓ T09E multi-effect FEFO authority > enforces the 33-effect boundary before partial writes  327ms
   ✓ T09E multi-effect FEFO authority > permits a 1,000-lot FEFO snapshot and rejects the 1,001st lot before allocation  14346ms
 ✓ tests/unit/recipe-import-output-policy.test.mjs (25 tests) 14053ms
   ✓ recipe-import CLI (real script, git-ignored artifact directory) > validate / compile / verify / check succeed on the fixture and never touch migrations/ or recipe source  8890ms
   ✓ recipe-import CLI (real script, git-ignored artifact directory) > a failing batch exits non-zero, writes diagnostics only (no migration.sql); traversal and symlink outputs are refused before any write  5155ms
 ✓ tests/integration/inventory-lot-commands.test.ts (146 tests) 14929ms
 ✓ tests/integration/t20-legacy-family-and-safety.test.ts (15 tests) 16644ms
   ✓ T20 Manual enforces the same T03 hard contract as Auto > reviewed dietary tag required (safety unknown): Auto adds nothing and Manual cannot persist the dish  1223ms
   ✓ T20 Manual enforces the same T03 hard contract as Auto > allergen requested (safety unknown): Auto adds nothing and Manual cannot persist the dish  1119ms
   ✓ T20 Manual enforces the same T03 hard contract as Auto > hard nutrition target without reviewed nutrition: Auto adds nothing and Manual cannot persist the dish  1107ms
   ✓ T20 Manual enforces the same T03 hard contract as Auto > rejects a substitution that becomes forbidden after an earlier component consumes direct stock  874ms
   ✓ T20 Manual enforces the same T03 hard contract as Auto > rejects a swap that makes an existing downstream dish fall back to forbidden shrimp  1021ms
   ✓ T20 Manual enforces the same T03 hard contract as Auto > rejects an upstream-slot swap that makes a later slot use forbidden shrimp  1369ms
   ✓ T20 Manual enforces the same T03 hard contract as Auto > does not rejudge a later dish when an earlier edit changes unrelated inventory  1198ms
   ✓ T20 Manual enforces the same T03 hard contract as Auto > does not rejudge a later dish for stock quantity changes that leave its safety facts unchanged  1068ms
   ✓ T20 Manual enforces the same T03 hard contract as Auto > PATCH reorder rejects an unsafe inventory-prefix change  1024ms
   ✓ T20 Manual enforces the same T03 hard contract as Auto > PUT replace rejects an unsafe inventory-prefix change  1042ms
   ✓ T20 Manual enforces the same T03 hard contract as Auto > allows a safe reorder of existing components after a stable inventory prefix  831ms
   ✓ T20 Manual enforces the same T03 hard contract as Auto > does not rejudge a stable prefix when only later components move  830ms
   ✓ T20 Manual enforces the same T03 hard contract as Auto > hard max time: a dish over (or without) a known total time is rejected; the existing V1 anchor may stay  637ms
   ✓ T20 V1 family-variant meals > refuses a Manual swap that makes a later legacy-family variant substitute forbidden shrimp  1456ms
   ✓ T20 V1 family-variant meals > keeps V1 swap, refuses composition, and stays in composed-plan shopping (single projection)  1844ms
 ✓ tests/integration/t20-meal-composition-flows.test.ts (16 tests) 12639ms
   ✓ T20 assisted composition > "complete" proposes without mutating, retains every existing component, and applies only on explicit accept  1016ms
   ✓ T20 assisted composition > a forged or stale proposal ID is rejected and nothing changes  642ms
   ✓ T20 auto composition > keeps locked components identical, replaces only unlocked ones, is deterministic and explainable  1200ms
   ✓ T20 auto composition > respects household hard restrictions in Auto and rejects them in Manual  720ms
   ✓ T20 optimistic concurrency and idempotency > competing add/add and swap/swap: exactly one wins, the stale one is a typed conflict  949ms
   ✓ T20 optimistic concurrency and idempotency > competing add/remove: either winner is valid and the final composition reflects only the winner  718ms
   ✓ T20 optimistic concurrency and idempotency > competing lock/regenerate on a composed slot: the loser is a typed conflict and is not applied  1169ms
   ✓ T20 optimistic concurrency and idempotency > competing manual-save/auto-apply: the final composition is exactly the winner's  1213ms
   ✓ T20 optimistic concurrency and idempotency > a retried add (same revision) never duplicates a component  874ms
   ✓ T20 security > cross-household plan/component access fails without leaking existence or writing  386ms
   ✓ T20 security > clients cannot inject authority, household, provenance, role source, confidence, inventory, prices, weights or lock bypass  790ms
   ✓ T20 × T19 recipe authority > d1: a D1-only recipe added to a meal resolves in Recipe API detail, cooking and shopping  770ms
   ✓ T20 × T19 recipe authority > an authority source change is a typed revalidation for composition edits and generation  498ms
   ✓ T20 V1 operations on composed plans > V1 swap on a composed slot is a typed 409; regenerate preserves locked components and replaces unlocked ones  1121ms
stderr | tests/integration/t20-meal-composition-stale-read.test.ts > T20 torn-read revision classification > stale PATCH on a concurrently added slot is a revision conflict
{"level":"warn","limiter":"planner-compute","reason":"kv-unbound","message":"Rate limiter degraded to isolate-local counters; enforcement is not globally reliable."}
{"level":"warn","limiter":"meal-planning-expensive","reason":"kv-unbound","message":"Rate limiter degraded to isolate-local counters; enforcement is not globally reliable."}

stderr | tests/integration/t20-meal-composition-stale-read.test.ts > T20 torn-read revision classification > stale PATCH on a concurrently added slot is a revision conflict
{"level":"warn","limiter":"meal-composition-write","reason":"kv-unbound","message":"Rate limiter degraded to isolate-local counters; enforcement is not globally reliable."}

stderr | tests/integration/t20-meal-composition-stale-read.test.ts > T20 torn-read revision classification > stale PATCH on a concurrently added slot is a revision conflict
{"level":"warn","limiter":"meal-planning-read","reason":"kv-unbound","message":"Rate limiter degraded to isolate-local counters; enforcement is not globally reliable."}

 ✓ tests/integration/t19-recipe-authority-split.test.ts (11 tests) 10909ms
   ✓ T19 — planner universe must equal Recipe API universe under every authority mode > static: generated plan, alternatives and swap only expose recipes the Recipe API and cooking resolve  655ms
   ✓ T19 — planner universe must equal Recipe API universe under every authority mode > shadow: generated plan, alternatives and swap only expose recipes the Recipe API and cooking resolve  642ms
   ✓ T19 — planner universe must equal Recipe API universe under every authority mode > canary (outside cohort): generated plan, alternatives and swap only expose recipes the Recipe API and cooking resolve  574ms
   ✓ T19 — planner universe must equal Recipe API universe under every authority mode > canary (inside cohort): generated plan, alternatives and swap only expose recipes the Recipe API and cooking resolve  2139ms
   ✓ T19 — planner universe must equal Recipe API universe under every authority mode > d1: generated plan, alternatives and swap only expose recipes the Recipe API and cooking resolve  2046ms
   ✓ T19 — planner universe must equal Recipe API universe under every authority mode > static: the planned universe is exactly the legacy 71 and a static plan is not staled by an invisible D1-only change  560ms
   ✓ T19 — planner universe must equal Recipe API universe under every authority mode > d1 readiness failure: Recipe API and Planner fall back to static TOGETHER (no split authority)  1554ms
   ✓ T19 — planner universe must equal Recipe API universe under every authority mode > d1 catalog read failure: Recipe API and Planner both serve the static fallback without a 500  555ms
   ✓ T19 — planner universe must equal Recipe API universe under every authority mode > security: no request parameter, header or body field can choose the recipe authority  548ms
   ✓ T19 — planner universe must equal Recipe API universe under every authority mode > d1: shopping and cooking accept a D1-only recipe the planner chose  1541ms
stderr | tests/integration/auth-hardening.test.ts > cookie authentication and production CSRF > issues a production HttpOnly opaque cookie, persists only its hash, and authenticates against D1
{"level":"warn","limiter":"rl_auth","reason":"kv-unbound","message":"Rate limiter degraded to isolate-local counters; enforcement is not globally reliable."}

 ✓ tests/integration/t20-meal-composition-stale-read.test.ts (9 tests) 10169ms
   ✓ T20 torn-read revision classification > stale PATCH on a concurrently added slot is a revision conflict  1348ms
   ✓ T20 torn-read revision classification > stale AUTO on a concurrently added slot is a revision conflict  1214ms
   ✓ T20 torn-read revision classification > stale PATCH after regenerate returns 409 even when the edited component was replaced  1261ms
   ✓ T20 torn-read revision classification > stale DELETE after a concurrent DELETE does not erase the winner  1053ms
   ✓ T20 torn-read revision classification > stale swap after a concurrent removal returns a revision conflict, not component missing  1066ms
   ✓ T20 torn-read revision classification > stale replace/save cannot overwrite the winning mutation  1041ms
   ✓ T20 torn-read revision classification > stale Auto apply returns a revision conflict before checking its option ID  1262ms
   ✓ T20 torn-read revision classification > a genuinely absent component at the current revision stays 404; an absent slot stays SLOT_NOT_FOUND  725ms
   ✓ T20 torn-read revision classification > a nonexistent slot wins over stale revision without weakening existing-slot revision checks  1198ms
stderr | tests/integration/auth-hardening.test.ts > expected-owner fencing across cookie changes > rejects an A replay when /me authenticates A but another tab installs B cookie before the mutation, retaining the owned outbox
{"level":"warn","limiter":"rl_inv_w","reason":"kv-unbound","message":"Rate limiter degraded to isolate-local counters; enforcement is not globally reliable."}

stderr | tests/integration/auth-hardening.test.ts > D1-authoritative OTP verification > fails registration honestly and invalidates the challenge when no provider accepts the OTP
{"event":"otp_delivery_failed","provider":"workers-email","category":"sender_not_verified","purpose":"register","environment":"production"}

stderr | tests/integration/auth-hardening.test.ts > D1-authoritative OTP verification > recovers from initial registration delivery failure through a secured resend
{"event":"otp_delivery_failed","provider":"workers-email","category":"provider_unavailable","purpose":"register","environment":"production"}

stderr | tests/integration/auth-hardening.test.ts > D1-authoritative OTP verification > fails resend honestly and leaves the newly generated challenge unusable
{"event":"otp_delivery_failed","provider":"workers-email","category":"provider_unavailable","purpose":"register","environment":"production"}

stderr | tests/integration/auth-hardening.test.ts > D1-authoritative OTP verification > keeps resend available when the optional KV cooldown store is unavailable
{"level":"warn","limiter":"rl_auth","reason":"kv-error","message":"Rate limiter degraded to isolate-local counters; enforcement is not globally reliable."}

 ✓ tests/integration/auth-hardening.test.ts (92 tests) 9647ms
stderr | tests/integration/inventory-adoption-operator.test.ts > AC13 actual operator CLI → authenticated Hono → SQLite adoption > adopts one legacy household, preserves all stock and safely replays through the executable
{"level":"warn","limiter":"rl_inv_w","reason":"kv-unbound","message":"Rate limiter degraded to isolate-local counters; enforcement is not globally reliable."}

 ✓ tests/integration/inventory-fefo-schema.test.ts (78 tests) 8781ms
   ✓ T09E SQLite FEFO authority guards > accepts a captured synthetic FEFO batch only with authoritative adoption evidence  319ms
stderr | tests/integration/t13-receipt-vision-truth.test.ts > T13B-A receipt lot truth and authoritative correction evidence > preserves the entire manual lot, creates a receipt purchase lot, and reads total 5 through T11
{"level":"warn","limiter":"rl_inv_w","reason":"kv-unbound","message":"Rate limiter degraded to isolate-local counters; enforcement is not globally reliable."}

stderr | tests/integration/t13-receipt-vision-truth.test.ts > T13B-A receipt lot truth and authoritative correction evidence > receipt atomic failure recovery > rolls back the entire confirmation when a later stock statement fails
Adopted scan confirmation failed: Error: T13B-A injected late stock failure
    at SqliteD1.execute (/Users/tunbee27/Documents/Tako-san-ui-rebuild/tests/helpers/sqlite-d1.ts:119:33)
    at /Users/tunbee27/Documents/Tako-san-ui-rebuild/tests/helpers/sqlite-d1.ts:97:50
    at Array.map (<anonymous>)
    at SqliteD1.batch (/Users/tunbee27/Documents/Tako-san-ui-rebuild/tests/helpers/sqlite-d1.ts:97:26)
    at confirmAdoptedScan (/Users/tunbee27/Documents/Tako-san-ui-rebuild/src/worker/routes/scans.ts:194:21)
    at dispatch (file:///Users/tunbee27/Documents/Tako-san-ui-rebuild/node_modules/.pnpm/hono@4.13.7/node_modules/hono/dist/compose.js:22:17)
    at tenancyGuard (/Users/tunbee27/Documents/Tako-san-ui-rebuild/src/worker/middleware/tenancy.ts:69:3)
    at dispatch (file:///Users/tunbee27/Documents/Tako-san-ui-rebuild/node_modules/.pnpm/hono@4.13.7/node_modules/hono/dist/compose.js:22:17)
    at authMiddleware (/Users/tunbee27/Documents/Tako-san-ui-rebuild/src/worker/middleware/auth.ts:150:12)
    at dispatch (file:///Users/tunbee27/Documents/Tako-san-ui-rebuild/node_modules/.pnpm/hono@4.13.7/node_modules/hono/dist/compose.js:22:17) {
  code: 'ERR_SQLITE_ERROR',
  errcode: 1811,
  errstr: 'constraint failed'
}

stderr | tests/integration/t13-receipt-vision-truth.test.ts > T13B-A receipt lot truth and authoritative correction evidence > receipt atomic failure recovery > rolls back the entire confirmation when a later observation statement fails
Adopted scan confirmation failed: Error: T13B-A injected late observation failure
    at SqliteD1.execute (/Users/tunbee27/Documents/Tako-san-ui-rebuild/tests/helpers/sqlite-d1.ts:130:30)
    at /Users/tunbee27/Documents/Tako-san-ui-rebuild/tests/helpers/sqlite-d1.ts:97:50
    at Array.map (<anonymous>)
    at SqliteD1.batch (/Users/tunbee27/Documents/Tako-san-ui-rebuild/tests/helpers/sqlite-d1.ts:97:26)
    at confirmAdoptedScan (/Users/tunbee27/Documents/Tako-san-ui-rebuild/src/worker/routes/scans.ts:194:21)
    at dispatch (file:///Users/tunbee27/Documents/Tako-san-ui-rebuild/node_modules/.pnpm/hono@4.13.7/node_modules/hono/dist/compose.js:22:17)
    at tenancyGuard (/Users/tunbee27/Documents/Tako-san-ui-rebuild/src/worker/middleware/tenancy.ts:69:3)
    at dispatch (file:///Users/tunbee27/Documents/Tako-san-ui-rebuild/node_modules/.pnpm/hono@4.13.7/node_modules/hono/dist/compose.js:22:17)
    at authMiddleware (/Users/tunbee27/Documents/Tako-san-ui-rebuild/src/worker/middleware/auth.ts:150:12)
    at dispatch (file:///Users/tunbee27/Documents/Tako-san-ui-rebuild/node_modules/.pnpm/hono@4.13.7/node_modules/hono/dist/compose.js:22:17) {
  code: 'ERR_SQLITE_ERROR',
  errcode: 1811,
  errstr: 'constraint failed'
}

stderr | tests/integration/t13-receipt-vision-truth.test.ts > T13B-A receipt lot truth and authoritative correction evidence > receipt atomic failure recovery > rolls back the entire confirmation when a later status statement fails
Adopted scan confirmation failed: Error: T13B-A injected late status failure
    at SqliteD1.execute (/Users/tunbee27/Documents/Tako-san-ui-rebuild/tests/helpers/sqlite-d1.ts:130:30)
    at /Users/tunbee27/Documents/Tako-san-ui-rebuild/tests/helpers/sqlite-d1.ts:97:50
    at Array.map (<anonymous>)
    at SqliteD1.batch (/Users/tunbee27/Documents/Tako-san-ui-rebuild/tests/helpers/sqlite-d1.ts:97:26)
    at confirmAdoptedScan (/Users/tunbee27/Documents/Tako-san-ui-rebuild/src/worker/routes/scans.ts:194:21)
    at dispatch (file:///Users/tunbee27/Documents/Tako-san-ui-rebuild/node_modules/.pnpm/hono@4.13.7/node_modules/hono/dist/compose.js:22:17)
    at tenancyGuard (/Users/tunbee27/Documents/Tako-san-ui-rebuild/src/worker/middleware/tenancy.ts:69:3)
    at dispatch (file:///Users/tunbee27/Documents/Tako-san-ui-rebuild/node_modules/.pnpm/hono@4.13.7/node_modules/hono/dist/compose.js:22:17)
    at authMiddleware (/Users/tunbee27/Documents/Tako-san-ui-rebuild/src/worker/middleware/auth.ts:150:12)
    at dispatch (file:///Users/tunbee27/Documents/Tako-san-ui-rebuild/node_modules/.pnpm/hono@4.13.7/node_modules/hono/dist/compose.js:22:17) {
  code: 'ERR_SQLITE_ERROR',
  errcode: 1811,
  errstr: 'constraint failed'
}

stderr | tests/integration/t13-receipt-vision-truth.test.ts > T13B-A receipt lot truth and authoritative correction evidence > fridge atomic failure recovery > rolls back the entire confirmation when a later stock statement fails
Adopted scan confirmation failed: Error: T13B-A injected late stock failure
    at SqliteD1.execute (/Users/tunbee27/Documents/Tako-san-ui-rebuild/tests/helpers/sqlite-d1.ts:119:33)
    at /Users/tunbee27/Documents/Tako-san-ui-rebuild/tests/helpers/sqlite-d1.ts:97:50
    at Array.map (<anonymous>)
    at SqliteD1.batch (/Users/tunbee27/Documents/Tako-san-ui-rebuild/tests/helpers/sqlite-d1.ts:97:26)
    at confirmAdoptedScan (/Users/tunbee27/Documents/Tako-san-ui-rebuild/src/worker/routes/scans.ts:194:21)
    at dispatch (file:///Users/tunbee27/Documents/Tako-san-ui-rebuild/node_modules/.pnpm/hono@4.13.7/node_modules/hono/dist/compose.js:22:17)
    at tenancyGuard (/Users/tunbee27/Documents/Tako-san-ui-rebuild/src/worker/middleware/tenancy.ts:69:3)
    at dispatch (file:///Users/tunbee27/Documents/Tako-san-ui-rebuild/node_modules/.pnpm/hono@4.13.7/node_modules/hono/dist/compose.js:22:17)
    at authMiddleware (/Users/tunbee27/Documents/Tako-san-ui-rebuild/src/worker/middleware/auth.ts:150:12)
    at dispatch (file:///Users/tunbee27/Documents/Tako-san-ui-rebuild/node_modules/.pnpm/hono@4.13.7/node_modules/hono/dist/compose.js:22:17) {
  code: 'ERR_SQLITE_ERROR',
  errcode: 1811,
  errstr: 'constraint failed'
}

stderr | tests/integration/t13-receipt-vision-truth.test.ts > T13B-A receipt lot truth and authoritative correction evidence > fridge atomic failure recovery > rolls back the entire confirmation when a later observation statement fails
Adopted scan confirmation failed: Error: T13B-A injected late observation failure
    at SqliteD1.execute (/Users/tunbee27/Documents/Tako-san-ui-rebuild/tests/helpers/sqlite-d1.ts:130:30)
    at /Users/tunbee27/Documents/Tako-san-ui-rebuild/tests/helpers/sqlite-d1.ts:97:50
    at Array.map (<anonymous>)
    at SqliteD1.batch (/Users/tunbee27/Documents/Tako-san-ui-rebuild/tests/helpers/sqlite-d1.ts:97:26)
    at confirmAdoptedScan (/Users/tunbee27/Documents/Tako-san-ui-rebuild/src/worker/routes/scans.ts:194:21)
    at dispatch (file:///Users/tunbee27/Documents/Tako-san-ui-rebuild/node_modules/.pnpm/hono@4.13.7/node_modules/hono/dist/compose.js:22:17)
    at tenancyGuard (/Users/tunbee27/Documents/Tako-san-ui-rebuild/src/worker/middleware/tenancy.ts:69:3)
    at dispatch (file:///Users/tunbee27/Documents/Tako-san-ui-rebuild/node_modules/.pnpm/hono@4.13.7/node_modules/hono/dist/compose.js:22:17)
    at authMiddleware (/Users/tunbee27/Documents/Tako-san-ui-rebuild/src/worker/middleware/auth.ts:150:12)
    at dispatch (file:///Users/tunbee27/Documents/Tako-san-ui-rebuild/node_modules/.pnpm/hono@4.13.7/node_modules/hono/dist/compose.js:22:17) {
  code: 'ERR_SQLITE_ERROR',
  errcode: 1811,
  errstr: 'constraint failed'
}

stderr | tests/integration/t13-receipt-vision-truth.test.ts > T13B-A receipt lot truth and authoritative correction evidence > fridge atomic failure recovery > rolls back the entire confirmation when a later status statement fails
Adopted scan confirmation failed: Error: T13B-A injected late status failure
    at SqliteD1.execute (/Users/tunbee27/Documents/Tako-san-ui-rebuild/tests/helpers/sqlite-d1.ts:130:30)
    at /Users/tunbee27/Documents/Tako-san-ui-rebuild/tests/helpers/sqlite-d1.ts:97:50
    at Array.map (<anonymous>)
    at SqliteD1.batch (/Users/tunbee27/Documents/Tako-san-ui-rebuild/tests/helpers/sqlite-d1.ts:97:26)
    at confirmAdoptedScan (/Users/tunbee27/Documents/Tako-san-ui-rebuild/src/worker/routes/scans.ts:194:21)
    at dispatch (file:///Users/tunbee27/Documents/Tako-san-ui-rebuild/node_modules/.pnpm/hono@4.13.7/node_modules/hono/dist/compose.js:22:17)
    at tenancyGuard (/Users/tunbee27/Documents/Tako-san-ui-rebuild/src/worker/middleware/tenancy.ts:69:3)
    at dispatch (file:///Users/tunbee27/Documents/Tako-san-ui-rebuild/node_modules/.pnpm/hono@4.13.7/node_modules/hono/dist/compose.js:22:17)
    at authMiddleware (/Users/tunbee27/Documents/Tako-san-ui-rebuild/src/worker/middleware/auth.ts:150:12)
    at dispatch (file:///Users/tunbee27/Documents/Tako-san-ui-rebuild/node_modules/.pnpm/hono@4.13.7/node_modules/hono/dist/compose.js:22:17) {
  code: 'ERR_SQLITE_ERROR',
  errcode: 1811,
  errstr: 'constraint failed'
}

 ✓ tests/integration/inventory-adoption-operator.test.ts (26 tests) 6369ms
   ✓ AC13 actual operator CLI → authenticated Hono → SQLite adoption > adopts one legacy household, preserves all stock and safely replays through the executable  438ms
   ✓ AC13 actual operator CLI → authenticated Hono → SQLite adoption > reports missing terminal evidence, accepts explicit facts, and rejects changed replay intent  722ms
   ✓ AC13 actual operator CLI → authenticated Hono → SQLite adoption > recovers from a lost committed response only by explicitly rerunning the same tool intent  378ms
stderr | tests/integration/t13-receipt-vision-truth.test.ts > T13 Inventory UX V2 read routes and tenancy > AC8: household B cannot read household A lots, evidence or reconciliation
{"level":"warn","limiter":"rl_inv_truth","reason":"kv-unbound","message":"Rate limiter degraded to isolate-local counters; enforcement is not globally reliable."}

 ✓ tests/integration/t13-receipt-vision-truth.test.ts (57 tests) 6287ms
 ✓ tests/integration/t20-performance.test.ts (1 test) 6209ms
   ✓ 500-recipe Worker generation/picker stay bounded in SQL, payload and search; generation never writes  6209ms
stdout | tests/integration/payment-authority.test.ts > server payment authority > returns only the server price catalog to authenticated non-guests
[req] GET /api/v1/billing/plans 200 0ms 501c0217-8b3b-4840-9a5d-c4a2c81b0294

stdout | tests/integration/payment-authority.test.ts > server payment authority > rejects guests and unauthenticated callers for plans
[req] GET /api/v1/billing/plans 401 0ms bfce16d5-b768-4d68-95ab-47a3f22d7e50

stdout | tests/integration/payment-authority.test.ts > server payment authority > rejects guests and unauthenticated callers for plans
[req] GET /api/v1/billing/plans 401 0ms 4445783e-d7bc-47ab-bf8d-58aa16ab4ee1

stderr | tests/integration/payment-authority.test.ts > server payment authority > rejects malformed plan { plan: 'weekly' } without creating an intent
{"level":"warn","limiter":"rl_payment_create","reason":"kv-unbound","message":"Rate limiter degraded to isolate-local counters; enforcement is not globally reliable."}

stdout | tests/integration/payment-authority.test.ts > server payment authority > rejects malformed plan { plan: 'weekly' } without creating an intent
[req] POST /api/v1/billing/payment-intents 400 0ms 6f8669ed-2bf7-4e67-93ea-2affc343e397

stdout | tests/integration/payment-authority.test.ts > server payment authority > rejects malformed plan { plan: '' } without creating an intent
[req] POST /api/v1/billing/payment-intents 400 0ms db9e967f-0580-48cc-806b-b89b4eaa7313

stdout | tests/integration/payment-authority.test.ts > server payment authority > rejects malformed plan {} without creating an intent
[req] POST /api/v1/billing/payment-intents 400 0ms b601d9f4-7a7c-415f-b5f2-d3b554c2a695

stdout | tests/integration/payment-authority.test.ts > server payment authority > ignores legacy client amount fields while using the authoritative monthly amount
[req] POST /api/v1/billing/payment-intents 201 0ms 2d72b070-0695-4a98-b3c3-fb659612b4ba

stdout | tests/integration/payment-authority.test.ts > server payment authority > creates annual intent data and signs the exact provider request fields
[req] POST /api/v1/billing/payment-intents 201 0ms d900be8b-7aac-493f-8382-4104b16a29c8

stdout | tests/integration/payment-authority.test.ts > server payment authority > issued payment intent keeps its server-approved amount after catalog price changes: monthly
[req] POST /api/v1/billing/payment-intents 201 0ms bf9e3a42-24f8-43cf-bc81-2da2bf7f5e85

stdout | tests/integration/payment-authority.test.ts > server payment authority > issued payment intent keeps its server-approved amount after catalog price changes: monthly
[req] GET /api/v1/billing/plans 200 0ms f0121098-3f66-40b2-b152-7ae9b1fa8a49

stdout | tests/integration/payment-authority.test.ts > server payment authority > issued payment intent keeps its server-approved amount after catalog price changes: monthly
[req] GET /api/v1/billing/payment-intents/pay_8dc56cce-2550-44d7-b26f-9bb75676fbea 200 0ms a408b5b1-214b-4708-9077-8769accac0c1

stdout | tests/integration/payment-authority.test.ts > server payment authority > issued payment intent keeps its server-approved amount after catalog price changes: monthly
[req] POST /api/v1/billing/payos/webhook 409 0ms 17088605-072b-422c-b8a6-0abe2d150a2c

stdout | tests/integration/payment-authority.test.ts > server payment authority > issued payment intent keeps its server-approved amount after catalog price changes: monthly
[req] POST /api/v1/billing/payos/webhook 200 0ms a86949ab-c0a2-4e49-a826-8e4159aabacd

stdout | tests/integration/payment-authority.test.ts > server payment authority > issued payment intent keeps its server-approved amount after catalog price changes: monthly
[req] POST /api/v1/billing/payos/webhook 200 0ms 7a053867-0ffd-44d2-91e0-8219297d977d

stdout | tests/integration/payment-authority.test.ts > server payment authority > issued payment intent keeps its server-approved amount after catalog price changes: monthly
[req] GET /api/v1/billing/payment-intents/pay_8dc56cce-2550-44d7-b26f-9bb75676fbea 200 0ms ab112c27-4e25-49a2-bb46-2cc1b8aa712c

stdout | tests/integration/payment-authority.test.ts > server payment authority > issued payment intent keeps its server-approved amount after catalog price changes: monthly
[req] POST /api/v1/billing/payos/webhook 409 0ms 9420f073-7200-48b5-93c3-9c2531b58037

stdout | tests/integration/payment-authority.test.ts > server payment authority > issued payment intent keeps its server-approved amount after catalog price changes: monthly
[req] POST /api/v1/billing/payment-intents 201 0ms 219ba8ad-2356-42d0-be1e-bd54f458b707

stdout | tests/integration/payment-authority.test.ts > server payment authority > issued payment intent keeps its server-approved amount after catalog price changes: monthly
[req] POST /api/v1/billing/payos/webhook 409 0ms eb3d8cd6-eb3c-4fff-814f-1fb7ee76e8ce

stdout | tests/integration/payment-authority.test.ts > server payment authority > issued payment intent keeps its server-approved amount after catalog price changes: monthly
[req] POST /api/v1/billing/payos/webhook 200 0ms dc75ed57-9538-4ebd-9586-b2224ffe3f08

stdout | tests/integration/payment-authority.test.ts > server payment authority > issued payment intent keeps its server-approved amount after catalog price changes: monthly
[req] POST /api/v1/billing/payos/webhook 409 0ms 179d3d69-838a-4e57-a78f-ddcd3730630a

stdout | tests/integration/payment-authority.test.ts > server payment authority > issued payment intent keeps its server-approved amount after catalog price changes: annual
[req] POST /api/v1/billing/payment-intents 201 0ms 10d1754b-7fa1-4cad-9b77-42354aa03367

stdout | tests/integration/payment-authority.test.ts > server payment authority > issued payment intent keeps its server-approved amount after catalog price changes: annual
[req] GET /api/v1/billing/plans 200 0ms 512aa511-81cf-486c-a9f6-b68f2a88bc3b

stdout | tests/integration/payment-authority.test.ts > server payment authority > issued payment intent keeps its server-approved amount after catalog price changes: annual
[req] GET /api/v1/billing/payment-intents/pay_7e3249e8-2193-44d8-be55-9e77d6471dd3 200 0ms f4492cf9-fc1d-488c-8ad1-061dcb8fa6ff

stdout | tests/integration/payment-authority.test.ts > server payment authority > issued payment intent keeps its server-approved amount after catalog price changes: annual
[req] POST /api/v1/billing/payos/webhook 409 0ms 537ef9cf-d413-495d-bd6a-abb054a7a850

stdout | tests/integration/payment-authority.test.ts > server payment authority > issued payment intent keeps its server-approved amount after catalog price changes: annual
[req] POST /api/v1/billing/payos/webhook 200 0ms 56ad93db-74e4-45dd-9b91-622414a4c658

stdout | tests/integration/payment-authority.test.ts > server payment authority > issued payment intent keeps its server-approved amount after catalog price changes: annual
[req] POST /api/v1/billing/payos/webhook 200 0ms 9e512422-a690-40c9-903d-7941faa1d61f

stdout | tests/integration/payment-authority.test.ts > server payment authority > issued payment intent keeps its server-approved amount after catalog price changes: annual
[req] GET /api/v1/billing/payment-intents/pay_7e3249e8-2193-44d8-be55-9e77d6471dd3 200 0ms 5a900f71-bf5d-4a86-b452-0c9fb59c99bf

stdout | tests/integration/payment-authority.test.ts > server payment authority > issued payment intent keeps its server-approved amount after catalog price changes: annual
[req] POST /api/v1/billing/payos/webhook 409 0ms b1630601-901e-4fe5-804e-d6e0faaa361e

stdout | tests/integration/payment-authority.test.ts > server payment authority > issued payment intent keeps its server-approved amount after catalog price changes: annual
[req] POST /api/v1/billing/payment-intents 201 0ms 7b9495bc-2b6a-4ea3-9c25-bd0cc214ae84

stdout | tests/integration/payment-authority.test.ts > server payment authority > issued payment intent keeps its server-approved amount after catalog price changes: annual
[req] POST /api/v1/billing/payos/webhook 409 0ms c2d5d6fb-d01a-496a-b807-a99d33dbc9d1

stdout | tests/integration/payment-authority.test.ts > server payment authority > issued payment intent keeps its server-approved amount after catalog price changes: annual
[req] POST /api/v1/billing/payos/webhook 200 0ms d96f2b91-c2fd-4567-a8e2-8ce3a171bb6a

stdout | tests/integration/payment-authority.test.ts > server payment authority > issued payment intent keeps its server-approved amount after catalog price changes: annual
[req] POST /api/v1/billing/payos/webhook 409 0ms 59ea1268-0a73-47b6-9ef1-03f6284a7c6f

stdout | tests/integration/payment-authority.test.ts > server payment authority > rejects the first payment of an expired old-price intent after a catalog change
[req] POST /api/v1/billing/payment-intents 201 0ms 852cf5a7-0069-49b6-b0dd-b326bbcc26b6

stdout | tests/integration/payment-authority.test.ts > server payment authority > rejects the first payment of an expired old-price intent after a catalog change
[req] GET /api/v1/billing/payment-intents/pay_64bd1c0b-5058-47d2-a2ca-ae067b3adf00 200 0ms d138b427-3c02-4eb0-bda8-42f15d5a3952

stdout | tests/integration/payment-authority.test.ts > server payment authority > rejects the first payment of an expired old-price intent after a catalog change
[req] POST /api/v1/billing/payos/webhook 409 0ms 8540336d-06ff-4c15-aeaf-973c76377f3c

stdout | tests/integration/payment-authority.test.ts > server payment authority > rejects a new payment of a consumed failed old-price intent after a catalog change
[req] POST /api/v1/billing/payment-intents 201 0ms c7c35d5d-ac59-4126-ba52-eedef5b5f7d4

stdout | tests/integration/payment-authority.test.ts > server payment authority > rejects a new payment of a consumed failed old-price intent after a catalog change
[req] GET /api/v1/billing/payment-intents/pay_0c672f92-14c8-4efd-a3b2-eadf77b8dc19 200 0ms f7261d2f-08cb-49f6-85c3-e27e16864aec

stdout | tests/integration/payment-authority.test.ts > server payment authority > rejects a new payment of a consumed failed old-price intent after a catalog change
[req] POST /api/v1/billing/payos/webhook 409 0ms 3c7b536f-c487-4918-afa5-016b3bdf4cda

stdout | tests/integration/payment-authority.test.ts > server payment authority > rejects a new payment of a consumed refunded old-price intent after a catalog change
[req] POST /api/v1/billing/payment-intents 201 0ms 1381e6e1-86ae-4fe0-bb85-9853d9b5174d

stdout | tests/integration/payment-authority.test.ts > server payment authority > rejects a new payment of a consumed refunded old-price intent after a catalog change
[req] GET /api/v1/billing/payment-intents/pay_21a18cf8-3faa-4c1d-be21-fbd0d26b2bf0 200 0ms 09f46d57-0ecb-4ffa-b763-c59a925aa71f

stdout | tests/integration/payment-authority.test.ts > server payment authority > rejects a new payment of a consumed refunded old-price intent after a catalog change
[req] POST /api/v1/billing/payos/webhook 409 0ms 3635bfee-b83e-43a1-906a-bd371d2c8f4b

stdout | tests/integration/payment-authority.test.ts > server payment authority > rejects a new payment of a consumed expired old-price intent after a catalog change
[req] POST /api/v1/billing/payment-intents 201 0ms 8ea73334-515f-41a1-a234-4b43f9f636e9

stdout | tests/integration/payment-authority.test.ts > server payment authority > rejects a new payment of a consumed expired old-price intent after a catalog change
[req] GET /api/v1/billing/payment-intents/pay_6f993481-2252-4ea7-9d64-00843c7c9c1e 200 0ms f5f0848b-6078-4e2f-bab6-ce2e3a814fcc

stdout | tests/integration/payment-authority.test.ts > server payment authority > rejects a new payment of a consumed expired old-price intent after a catalog change
[req] POST /api/v1/billing/payos/webhook 409 0ms 1ae38f63-e655-43dc-9ad2-0ba21e336953

stdout | tests/integration/payment-authority.test.ts > server payment authority > rejects a new payment of a consumed paid old-price intent after a catalog change
[req] POST /api/v1/billing/payment-intents 201 0ms 444ff0ef-08f7-4540-b127-351ab01b9ecb

stdout | tests/integration/payment-authority.test.ts > server payment authority > rejects a new payment of a consumed paid old-price intent after a catalog change
[req] GET /api/v1/billing/payment-intents/pay_a4d55747-6155-49e5-a7e7-c5cbf6cccca8 200 0ms 75757fea-1d96-4f1c-b10f-6f16a17485ca

stdout | tests/integration/payment-authority.test.ts > server payment authority > rejects a new payment of a consumed paid old-price intent after a catalog change
[req] POST /api/v1/billing/payos/webhook 409 0ms f5bd0c18-80ab-40df-8250-70c9e5d1153f

stdout | tests/integration/payment-authority.test.ts > server payment authority > rejects structurally invalid persisted plan = forged on reads and callbacks
[req] POST /api/v1/billing/payment-intents 201 0ms bf438322-40be-4f98-8d53-7e8c73e246c1

stdout | tests/integration/payment-authority.test.ts > server payment authority > rejects structurally invalid persisted plan = forged on reads and callbacks
[req] GET /api/v1/billing/payment-intents/pay_d8d73bce-9bec-4a1d-96e6-ab851196ff54 409 0ms 4c69994c-26e1-4764-9fda-cefb0b5320d0

stdout | tests/integration/payment-authority.test.ts > server payment authority > rejects structurally invalid persisted plan = forged on reads and callbacks
[req] POST /api/v1/billing/payos/webhook 409 0ms c9bfe79f-c1f0-4bcd-95d9-3aed64f30d31

stdout | tests/integration/payment-authority.test.ts > server payment authority > rejects structurally invalid persisted amount_vnd = 0 on reads and callbacks
[req] POST /api/v1/billing/payment-intents 201 0ms c51d8108-b770-43de-9671-3c38338b0634

stdout | tests/integration/payment-authority.test.ts > server payment authority > rejects structurally invalid persisted amount_vnd = 0 on reads and callbacks
[req] GET /api/v1/billing/payment-intents/pay_56169b14-0e93-43d3-939d-64c22e58fbd9 409 0ms 9ea43945-057d-4c9a-9179-c34cf7d0e775

stdout | tests/integration/payment-authority.test.ts > server payment authority > rejects structurally invalid persisted amount_vnd = 0 on reads and callbacks
[req] POST /api/v1/billing/payos/webhook 409 0ms a8c6b7a7-2b11-46a5-be82-f069057151dc

stdout | tests/integration/payment-authority.test.ts > server payment authority > rejects structurally invalid persisted amount_vnd = -1 on reads and callbacks
[req] POST /api/v1/billing/payment-intents 201 0ms db24f736-2e71-4846-8268-be4bf560a2cc

stdout | tests/integration/payment-authority.test.ts > server payment authority > rejects structurally invalid persisted amount_vnd = -1 on reads and callbacks
[req] GET /api/v1/billing/payment-intents/pay_42e5716b-97f1-4f56-be29-9f8b7f5574c2 409 0ms 08a791a3-ae6d-4f3c-a141-c108927cd525

stdout | tests/integration/payment-authority.test.ts > server payment authority > rejects structurally invalid persisted amount_vnd = -1 on reads and callbacks
[req] POST /api/v1/billing/payos/webhook 409 0ms d3e10b17-469a-4621-9e32-6b267746f9bc

 ✓ tests/unit/t21rc2t-production-approval.test.mjs (42 tests) 6027ms
   ✓ T21R-C2T independent reviewed-byte closure > rejects changes to C2T-bound bytes and introduction of absent config or generator paths  2123ms
   ✓ T21R-C2T fresh reauthorization and output privacy > rechecks current main, CI and the same approval after Environment approval  331ms
   ✓ T21R-C2T fresh reauthorization and output privacy > rejects changed approval, moved main and changed exact-main CI on recheck  1154ms
stdout | tests/integration/payment-authority.test.ts > server payment authority > rejects structurally invalid persisted amount_vnd = 49000.5 on reads and callbacks
[req] POST /api/v1/billing/payment-intents 201 0ms babc47c6-580a-478d-b191-1c04c6ba9ca9

stdout | tests/integration/payment-authority.test.ts > server payment authority > rejects structurally invalid persisted amount_vnd = 49000.5 on reads and callbacks
[req] GET /api/v1/billing/payment-intents/pay_69922051-a97d-4350-bae8-c54d4f8e584a 409 0ms 15d6aec7-1d88-4a50-bd79-c659c9a763cf

stdout | tests/integration/payment-authority.test.ts > server payment authority > rejects structurally invalid persisted amount_vnd = 49000.5 on reads and callbacks
[req] POST /api/v1/billing/payos/webhook 409 0ms 5d8acfd7-6b58-4a72-9bec-033b8732d6e3

stdout | tests/integration/payment-authority.test.ts > server payment authority > rejects structurally invalid persisted amount_vnd = 1.7976931348623157e+308 on reads and callbacks
[req] POST /api/v1/billing/payment-intents 201 0ms 4c80f829-870f-4d7e-bde4-61acc1d723a6

stdout | tests/integration/payment-authority.test.ts > server payment authority > rejects structurally invalid persisted amount_vnd = 1.7976931348623157e+308 on reads and callbacks
[req] GET /api/v1/billing/payment-intents/pay_d7809984-7b63-44fa-8f05-c7f085a43ec9 409 0ms 45ff01c3-66c8-4b22-a984-f24ae0134426

stdout | tests/integration/payment-authority.test.ts > server payment authority > rejects structurally invalid persisted amount_vnd = 1.7976931348623157e+308 on reads and callbacks
[req] POST /api/v1/billing/payos/webhook 409 0ms 32bdd5f4-dbfb-4acf-b366-051d7c5a8324

stdout | tests/integration/payment-authority.test.ts > server payment authority > rejects structurally invalid persisted amount_vnd = invalid on reads and callbacks
[req] POST /api/v1/billing/payment-intents 201 0ms 9cd7449a-83e6-4f74-bfc5-fafadd780511

stdout | tests/integration/payment-authority.test.ts > server payment authority > rejects structurally invalid persisted amount_vnd = invalid on reads and callbacks
[req] GET /api/v1/billing/payment-intents/pay_6ffa44ec-3637-4d77-a79a-939de9156352 409 0ms 7ef468df-4174-46f2-917f-d139fdea704d

stdout | tests/integration/payment-authority.test.ts > server payment authority > rejects structurally invalid persisted amount_vnd = invalid on reads and callbacks
[req] POST /api/v1/billing/payos/webhook 409 0ms f6c47881-98c0-44ff-be75-5db49a927c3b

stdout | tests/integration/payment-authority.test.ts > server payment authority > rejects structurally invalid persisted currency = USD on reads and callbacks
[req] POST /api/v1/billing/payment-intents 201 0ms d02780f5-6f38-44de-bd05-6ef141b6753d

stdout | tests/integration/payment-authority.test.ts > server payment authority > rejects structurally invalid persisted currency = USD on reads and callbacks
[req] GET /api/v1/billing/payment-intents/pay_6ed41b99-bd9f-46d6-807d-6f35bdff7add 409 0ms f645758e-1662-4912-9597-5702cc571703

stdout | tests/integration/payment-authority.test.ts > server payment authority > rejects structurally invalid persisted currency = USD on reads and callbacks
[req] POST /api/v1/billing/payos/webhook 409 0ms b0afe1da-34f3-4e7b-88e3-66364f5bbda7

stdout | tests/integration/payment-authority.test.ts > server payment authority > rejects structurally invalid persisted order_code = 0 on reads and callbacks
[req] POST /api/v1/billing/payment-intents 201 0ms 15614359-4586-4360-b7ad-6573f2166d8a

stdout | tests/integration/payment-authority.test.ts > server payment authority > rejects structurally invalid persisted order_code = 0 on reads and callbacks
[req] GET /api/v1/billing/payment-intents/pay_80ba893e-d834-4013-90c2-bb18797442c1 409 0ms e0b4f4f8-3556-4b9f-b931-b75f0868fbec

stdout | tests/integration/payment-authority.test.ts > server payment authority > rejects structurally invalid persisted order_code = 0 on reads and callbacks
[req] POST /api/v1/billing/payos/webhook 409 0ms 903e2183-2244-44d8-8fba-94167ba98342

stderr | tests/integration/t07-security.test.ts > T07 H1 planner tenancy and trust boundary > keeps every plan action creator-private across household and same-household member sessions
{"level":"warn","limiter":"planner-compute","reason":"kv-unbound","message":"Rate limiter degraded to isolate-local counters; enforcement is not globally reliable."}
{"level":"warn","limiter":"meal-planning-expensive","reason":"kv-unbound","message":"Rate limiter degraded to isolate-local counters; enforcement is not globally reliable."}

stdout | tests/integration/t07-security.test.ts > T07 H1 planner tenancy and trust boundary > keeps every plan action creator-private across household and same-household member sessions
{"level":"info","event":"meal_planning_result","status":"feasible","conclusion":"feasible","truncated":false,"states":3}

stderr | tests/integration/t07-security.test.ts > T07 H1 planner tenancy and trust boundary > keeps every plan action creator-private across household and same-household member sessions
{"level":"warn","limiter":"meal-planning-read","reason":"kv-unbound","message":"Rate limiter degraded to isolate-local counters; enforcement is not globally reliable."}

stderr | tests/integration/t07-security.test.ts > T07 H1 planner tenancy and trust boundary > keeps every plan action creator-private across household and same-household member sessions
{"level":"warn","limiter":"meal-planning-feedback","reason":"kv-unbound","message":"Rate limiter degraded to isolate-local counters; enforcement is not globally reliable."}

stdout | tests/integration/payment-authority.test.ts > server payment authority > rejects structurally invalid persisted order_code = -1 on reads and callbacks
[req] POST /api/v1/billing/payment-intents 201 0ms 5269a3a3-483a-4e41-ae04-1ad29179147f

stdout | tests/integration/payment-authority.test.ts > server payment authority > rejects structurally invalid persisted order_code = -1 on reads and callbacks
[req] GET /api/v1/billing/payment-intents/pay_2dcb29c0-0bd4-414a-8b46-494402e5211c 409 0ms c4a0a7ec-4dfa-4dd1-b39a-984149475bff

stdout | tests/integration/payment-authority.test.ts > server payment authority > rejects structurally invalid persisted order_code = -1 on reads and callbacks
[req] POST /api/v1/billing/payos/webhook 409 0ms 3b050c58-9c65-4146-8fcb-0137a9495add

stdout | tests/integration/t07-security.test.ts > T07 H1 planner tenancy and trust boundary > denies every planner boundary after current membership is revoked
{"level":"info","event":"meal_planning_result","status":"feasible","conclusion":"feasible","truncated":false,"states":3}

stdout | tests/integration/payment-authority.test.ts > server payment authority > rejects structurally invalid persisted order_code = 001 on reads and callbacks
[req] POST /api/v1/billing/payment-intents 201 0ms 3e7ed4bf-681f-4720-9688-f86fbbe2ce62

stdout | tests/integration/payment-authority.test.ts > server payment authority > rejects structurally invalid persisted order_code = 001 on reads and callbacks
[req] GET /api/v1/billing/payment-intents/pay_733170f0-86e2-49fe-9010-aeed4f5b82fb 409 0ms 928a1af3-e7d2-47a4-a47b-68a196b1f75b

stdout | tests/integration/payment-authority.test.ts > server payment authority > rejects structurally invalid persisted order_code = 001 on reads and callbacks
[req] POST /api/v1/billing/payos/webhook 409 0ms f85717c5-708c-418f-b3a9-9a78d6881fad

stdout | tests/integration/payment-authority.test.ts > server payment authority > rejects structurally invalid persisted order_code = 1.5 on reads and callbacks
[req] POST /api/v1/billing/payment-intents 201 0ms fa63308d-a833-4566-9977-ddca4804acb2

stdout | tests/integration/payment-authority.test.ts > server payment authority > rejects structurally invalid persisted order_code = 1.5 on reads and callbacks
[req] GET /api/v1/billing/payment-intents/pay_bb3370e0-3c68-4c6b-b9ce-874011f231f7 409 0ms b9d2b06b-88d1-412e-9a69-33ce042c0a0a

stdout | tests/integration/payment-authority.test.ts > server payment authority > rejects structurally invalid persisted order_code = 1.5 on reads and callbacks
[req] POST /api/v1/billing/payos/webhook 409 0ms 2fd71941-576f-47bd-8dd3-efcf028a5b38

stdout | tests/integration/t07-security.test.ts > T07 H1 planner tenancy and trust boundary > requires a cookie session, trusted mutation origin, and exact optional owner fence
{"level":"info","event":"meal_planning_result","status":"feasible","conclusion":"feasible","truncated":false,"states":3}

stdout | tests/integration/payment-authority.test.ts > server payment authority > rejects structurally invalid persisted order_code = 1e3 on reads and callbacks
[req] POST /api/v1/billing/payment-intents 201 0ms 4928637c-f169-4190-8920-07a1df74215e

stdout | tests/integration/payment-authority.test.ts > server payment authority > rejects structurally invalid persisted order_code = 1e3 on reads and callbacks
[req] GET /api/v1/billing/payment-intents/pay_9adaa199-d872-45cb-bb4d-42649b734990 409 0ms a78d931f-b20b-41fb-9bda-ca62dc91e7a1

stdout | tests/integration/payment-authority.test.ts > server payment authority > rejects structurally invalid persisted order_code = 1e3 on reads and callbacks
[req] POST /api/v1/billing/payos/webhook 409 0ms afd02fc5-6436-4b26-92a6-a440da30b0fc

stdout | tests/integration/t07-security.test.ts > T07 H1 planner tenancy and trust boundary > uses only the authenticated member personal ranking state while retaining household hard policy
{"level":"info","event":"meal_planning_result","status":"feasible","conclusion":"feasible","truncated":false,"states":2}

stdout | tests/integration/t07-security.test.ts > T07 H1 planner tenancy and trust boundary > uses only the authenticated member personal ranking state while retaining household hard policy
{"level":"info","event":"meal_planning_result","status":"feasible","conclusion":"feasible","truncated":false,"states":3}

stdout | tests/integration/payment-authority.test.ts > server payment authority > rejects structurally invalid persisted order_code = 9007199254740992 on reads and callbacks
[req] POST /api/v1/billing/payment-intents 201 0ms fe0c29ed-e846-421f-a5a9-d666c687c3ae

stdout | tests/integration/payment-authority.test.ts > server payment authority > rejects structurally invalid persisted order_code = 9007199254740992 on reads and callbacks
[req] GET /api/v1/billing/payment-intents/pay_c035af91-67a6-4597-8018-bfd032539ed3 409 0ms 8aa60fac-1e32-4fb7-b273-c9c55f09298b

stdout | tests/integration/payment-authority.test.ts > server payment authority > rejects structurally invalid persisted order_code = 9007199254740992 on reads and callbacks
[req] POST /api/v1/billing/payos/webhook 409 0ms c3ed85af-1722-4c5a-b9fa-cefa71f42e62

stdout | tests/integration/t07-security.test.ts > T07 H1 planner tenancy and trust boundary > preserves persisted hard restrictions when regenerate omits any client policy and rejects policy injection
{"level":"info","event":"meal_planning_result","status":"infeasible","conclusion":"proven_infeasible","truncated":false,"states":1}

stdout | tests/integration/t07-security.test.ts > T07 H1 planner tenancy and trust boundary > preserves persisted hard restrictions when regenerate omits any client policy and rejects policy injection
{"level":"info","event":"meal_planning_result","status":"infeasible","conclusion":"proven_infeasible","truncated":false,"states":1}

stdout | tests/integration/payment-authority.test.ts > server payment authority > rejects structurally invalid persisted expires_at = invalid on reads and callbacks
[req] POST /api/v1/billing/payment-intents 201 0ms f7de7db9-f441-4942-a5ed-a07ca44008c0

stdout | tests/integration/payment-authority.test.ts > server payment authority > rejects structurally invalid persisted expires_at = invalid on reads and callbacks
[req] GET /api/v1/billing/payment-intents/pay_e657fffe-3ab6-43c7-8e2f-20a16eb67c8e 409 0ms 38e1e46c-f7ee-4c1a-99a3-b067c3f46c38

stdout | tests/integration/payment-authority.test.ts > server payment authority > rejects structurally invalid persisted expires_at = invalid on reads and callbacks
[req] POST /api/v1/billing/payos/webhook 409 0ms 2f652c1d-560a-424d-9da2-02c1e3af75e6

stdout | tests/integration/payment-authority.test.ts > server payment authority > rejects structurally invalid persisted expires_at =  on reads and callbacks
[req] POST /api/v1/billing/payment-intents 201 0ms 3b06265a-8678-4d7c-a006-da3b9dbf7f24

stdout | tests/integration/payment-authority.test.ts > server payment authority > rejects structurally invalid persisted expires_at =  on reads and callbacks
[req] GET /api/v1/billing/payment-intents/pay_233b1bd6-5028-426a-8dfb-46bf0675faa0 409 0ms 7abb796d-a184-47db-a87d-66226cf5cf7f

stdout | tests/integration/payment-authority.test.ts > server payment authority > rejects structurally invalid persisted expires_at =  on reads and callbacks
[req] POST /api/v1/billing/payos/webhook 409 0ms ce892b65-616d-45e8-9fc1-dcf33bf75ed8

stdout | tests/integration/payment-authority.test.ts > server payment authority > rejects structurally invalid persisted expires_at = 0 on reads and callbacks
[req] POST /api/v1/billing/payment-intents 201 0ms 692d5e52-d2c0-4472-ac81-95793e3ca85b

stdout | tests/integration/payment-authority.test.ts > server payment authority > rejects structurally invalid persisted expires_at = 0 on reads and callbacks
[req] GET /api/v1/billing/payment-intents/pay_05706f77-05f7-4a54-9ae6-e59bcdc63083 409 0ms 123f48c2-5097-4784-b058-d99ad08897c0

stdout | tests/integration/payment-authority.test.ts > server payment authority > rejects structurally invalid persisted expires_at = 0 on reads and callbacks
[req] POST /api/v1/billing/payos/webhook 409 0ms 25e3d325-7cd8-4a8c-8bbe-c9eefb474a6f

stdout | tests/integration/payment-authority.test.ts > server payment authority > rejects structurally invalid persisted expires_at = 1 on reads and callbacks
[req] POST /api/v1/billing/payment-intents 201 0ms db86286e-866d-46bf-847a-182ab46f60e0

stdout | tests/integration/payment-authority.test.ts > server payment authority > rejects structurally invalid persisted expires_at = 1 on reads and callbacks
[req] GET /api/v1/billing/payment-intents/pay_8d535680-ba51-4e26-91fd-9dbfe4c6c23c 409 0ms 3b94052b-0a05-412e-b896-66105254ac1b

stdout | tests/integration/payment-authority.test.ts > server payment authority > rejects structurally invalid persisted expires_at = 1 on reads and callbacks
[req] POST /api/v1/billing/payos/webhook 409 0ms 31cd4dd9-c844-45db-a12e-4c0aaa020708

stdout | tests/integration/payment-authority.test.ts > server payment authority > rejects structurally invalid persisted expires_at = 2025 on reads and callbacks
[req] POST /api/v1/billing/payment-intents 201 0ms b49c6432-deab-4936-b61c-d944f9444b64

stdout | tests/integration/payment-authority.test.ts > server payment authority > rejects structurally invalid persisted expires_at = 2025 on reads and callbacks
[req] GET /api/v1/billing/payment-intents/pay_824887c6-4ac8-41a6-bed8-12939049c0d0 409 0ms 154d1ace-dfb2-4810-893a-54b7cdf103e5

stdout | tests/integration/payment-authority.test.ts > server payment authority > rejects structurally invalid persisted expires_at = 2025 on reads and callbacks
[req] POST /api/v1/billing/payos/webhook 409 0ms f81e97bd-830c-4d29-b0ba-8b44942e1711

stdout | tests/integration/payment-authority.test.ts > server payment authority > rejects structurally invalid persisted expires_at = 2025-01-01 on reads and callbacks
[req] POST /api/v1/billing/payment-intents 201 0ms 23fd8f27-6f07-4a46-8aac-b451f46244d9

stdout | tests/integration/payment-authority.test.ts > server payment authority > rejects structurally invalid persisted expires_at = 2025-01-01 on reads and callbacks
[req] GET /api/v1/billing/payment-intents/pay_80b2d454-1b51-44ef-8668-6e91ec2f6bce 409 0ms 824e989d-a26a-4982-85b3-6486dafc6ac5

stdout | tests/integration/payment-authority.test.ts > server payment authority > rejects structurally invalid persisted expires_at = 2025-01-01 on reads and callbacks
[req] POST /api/v1/billing/payos/webhook 409 0ms 101acd2d-8494-45b2-a997-9cf93e8cf07f

stdout | tests/integration/payment-authority.test.ts > server payment authority > rejects structurally invalid persisted expires_at = 2099-02-30T00:00:00.000Z on reads and callbacks
[req] POST /api/v1/billing/payment-intents 201 0ms bc51c228-2108-4485-9c89-3841276e8d86

stdout | tests/integration/payment-authority.test.ts > server payment authority > rejects structurally invalid persisted expires_at = 2099-02-30T00:00:00.000Z on reads and callbacks
[req] GET /api/v1/billing/payment-intents/pay_e71cb09f-3b8b-4fee-ac54-c7cc8ff5d796 409 0ms 579bc860-0e87-452d-8abd-33f0f6ebd726

stdout | tests/integration/payment-authority.test.ts > server payment authority > rejects structurally invalid persisted expires_at = 2099-02-30T00:00:00.000Z on reads and callbacks
[req] POST /api/v1/billing/payos/webhook 409 0ms fe166324-e405-4016-ba44-37d403012d92

stdout | tests/integration/payment-authority.test.ts > server payment authority > rejects structurally invalid persisted status = forged on reads and callbacks
[req] POST /api/v1/billing/payment-intents 201 0ms ac5c1139-4ae0-4771-a8e8-788aeb3266d4

stdout | tests/integration/payment-authority.test.ts > server payment authority > rejects structurally invalid persisted status = forged on reads and callbacks
[req] GET /api/v1/billing/payment-intents/pay_896c842e-2aad-4d4f-aacf-aecc8c5f399c 409 0ms e105f4a5-5f39-484b-a440-1d1ebb735313

stdout | tests/integration/payment-authority.test.ts > server payment authority > rejects structurally invalid persisted status = forged on reads and callbacks
[req] POST /api/v1/billing/payos/webhook 409 0ms 2081d403-3a73-400d-b652-d3e7119b3539

stdout | tests/integration/payment-authority.test.ts > server payment authority > rejects a signed amount that no longer matches the persisted intent
[req] POST /api/v1/billing/payment-intents 201 0ms 9fc6fdd2-493f-4fcb-8ca5-264043edbc4e

stdout | tests/integration/payment-authority.test.ts > server payment authority > rejects a signed amount that no longer matches the persisted intent
[req] POST /api/v1/billing/payos/webhook 409 0ms d465df56-fdb5-4659-955e-38d8f3a99488

stdout | tests/integration/payment-authority.test.ts > server payment authority > enforces the safe-integer boundary on stored amounts without consulting catalog prices
[req] POST /api/v1/billing/payment-intents 201 0ms dd1b9c81-3058-47f2-ac5e-38cc0cd3a3b8

stdout | tests/integration/payment-authority.test.ts > server payment authority > fails closed before DB/provider work when PayOS configuration is incomplete
[req] POST /api/v1/billing/payment-intents 503 0ms 32890273-669b-4bf3-ac72-e7749fbad07f

stdout | tests/integration/payment-authority.test.ts > server payment authority > rejects a provider response whose signed amount does not match the local intent
[req] POST /api/v1/billing/payment-intents 502 0ms 8aa81c7a-44ec-43a2-ba25-17c900a3b2c4

stdout | tests/integration/payment-authority.test.ts > server payment authority > marks an intent failed after a provider timeout and rejects a later signed callback
[req] POST /api/v1/billing/payment-intents 502 0ms b12d498e-83b1-4727-9f06-024e3872cf48

stdout | tests/integration/payment-authority.test.ts > server payment authority > marks an intent failed after a provider timeout and rejects a later signed callback
[req] POST /api/v1/billing/payos/webhook 409 0ms 2918fe71-a877-4b90-82ff-db96349dd177

stdout | tests/integration/payment-authority.test.ts > server payment authority > accepts a signed provider description prefix and uses that exact description in QR addInfo
[req] POST /api/v1/billing/payment-intents 201 0ms bc73976c-7b49-4a9b-b6ef-4df21fec629d

stdout | tests/integration/payment-authority.test.ts > server payment authority > rejects a provider response with an invalid signature and fails the local intent
[req] POST /api/v1/billing/payment-intents 502 0ms c42fd5b6-c0f0-4b32-97e6-ed09375c21a9

stdout | tests/integration/payment-authority.test.ts > server payment authority > rejects provider order, currency, and expiry mismatches
[req] POST /api/v1/billing/payment-intents 502 0ms e62a7d7b-ccd4-4de8-ad79-f87d1cfb04c0

stdout | tests/integration/payment-authority.test.ts > server payment authority > rejects provider order, currency, and expiry mismatches
[req] POST /api/v1/billing/payment-intents 502 0ms 12132caf-ef34-46b3-b7f5-9579dbc7d463

stdout | tests/integration/payment-authority.test.ts > server payment authority > rejects provider order, currency, and expiry mismatches
[req] POST /api/v1/billing/payment-intents 502 0ms f4a55531-0850-4b1a-9e24-2676e2e59368

stdout | tests/integration/t07-security.test.ts > T07 H1 hostile planner bodies > rejects regenerate missing authority or malformed body
{"level":"info","event":"meal_planning_result","status":"feasible","conclusion":"feasible","truncated":false,"states":3}

stdout | tests/integration/payment-authority.test.ts > owned payment intent status > returns DB status without exposing provider payment instructions
[req] POST /api/v1/billing/payment-intents 201 0ms 6d9b797c-da61-4eec-9edc-38209d6a40e5

stdout | tests/integration/payment-authority.test.ts > owned payment intent status > returns DB status without exposing provider payment instructions
[req] GET /api/v1/billing/payment-intents/pay_e42b3d55-36df-4462-bb90-9b96f4546eb0 200 0ms 1d6c3b9b-906f-436b-931d-2efbc9381eb2

stdout | tests/integration/t07-security.test.ts > T07 H1 hostile planner bodies > rejects regenerate null revision authority or malformed body
{"level":"info","event":"meal_planning_result","status":"feasible","conclusion":"feasible","truncated":false,"states":3}

stdout | tests/integration/payment-authority.test.ts > owned payment intent status > does not disclose another user’s intent
[req] POST /api/v1/billing/payment-intents 201 0ms 8a5b0277-9c62-490d-88b0-7ce6505326a5

stdout | tests/integration/payment-authority.test.ts > owned payment intent status > does not disclose another user’s intent
[req] GET /api/v1/billing/payment-intents/pay_2d137f71-6b95-4b2f-a9e5-9edb0c439cc9 404 0ms 7eeba081-5909-4391-bf7f-87007c0d6345

stdout | tests/integration/t07-security.test.ts > T07 H1 hostile planner bodies > rejects regenerate null intent authority or malformed body
{"level":"info","event":"meal_planning_result","status":"feasible","conclusion":"feasible","truncated":false,"states":3}

stdout | tests/integration/payment-authority.test.ts > owned payment intent status > derives expired status from the server clock without mutating the pending row
[req] POST /api/v1/billing/payment-intents 201 0ms 7d1f24c5-3987-4a9f-807a-634d514de097

stdout | tests/integration/payment-authority.test.ts > owned payment intent status > derives expired status from the server clock without mutating the pending row
[req] GET /api/v1/billing/payment-intents/pay_64f1f22f-7763-4903-9d30-dd9580c884c7 200 0ms 1efd8938-94e1-4f92-8c0e-1906a9053a88

stdout | tests/integration/payment-authority.test.ts > owned payment intent status > requires CSRF origin protection for cookie-authenticated intent creation
[req] POST /api/v1/billing/payment-intents 403 0ms 9d39146f-4e74-4234-b05f-d99313e802d5

stdout | tests/integration/t07-security.test.ts > T07 H1 hostile planner bodies > rejects regenerate empty slots authority or malformed body
{"level":"info","event":"meal_planning_result","status":"feasible","conclusion":"feasible","truncated":false,"states":3}

stdout | tests/integration/payment-authority.test.ts > owned payment intent status > rejects a request whose expected account headers do not match the cookie session
[req] GET /api/v1/billing/plans 403 0ms 944f6edb-9a1f-48cb-a7d5-37dae79cd4f3

stdout | tests/integration/t07-security.test.ts > T07 H1 hostile planner bodies > rejects regenerate nested trusted snapshot authority or malformed body
{"level":"info","event":"meal_planning_result","status":"feasible","conclusion":"feasible","truncated":false,"states":3}

stdout | tests/integration/payment-authority.test.ts > verified webhook reconciliation and entitlement grants > rejects bad signatures before touching the intent
[req] POST /api/v1/billing/payment-intents 201 0ms 595289aa-fce9-4e56-820a-b61ef7138032

stdout | tests/integration/payment-authority.test.ts > verified webhook reconciliation and entitlement grants > rejects bad signatures before touching the intent
[req] POST /api/v1/billing/payos/webhook 401 0ms 6a188ca0-b9ab-4b91-b2b5-787bf2f29ff7

stdout | tests/integration/t07-security.test.ts > T07 H1 hostile planner bodies > rejects regenerate nested ranking context authority or malformed body
{"level":"info","event":"meal_planning_result","status":"feasible","conclusion":"feasible","truncated":false,"states":3}

stdout | tests/integration/payment-authority.test.ts > verified webhook reconciliation and entitlement grants > uses signed data.code rather than the unsigned envelope code
[req] POST /api/v1/billing/payment-intents 201 0ms 7f113c9f-42e4-49d5-9ee9-40e0fbeb57e7

stdout | tests/integration/payment-authority.test.ts > verified webhook reconciliation and entitlement grants > uses signed data.code rather than the unsigned envelope code
[req] POST /api/v1/billing/payos/webhook 200 0ms 99df54ae-17d8-43a5-b5b1-94576d289af3

stdout | tests/integration/t07-security.test.ts > T07 H1 hostile planner bodies > rejects regenerate outer catalog authority or malformed body
{"level":"info","event":"meal_planning_result","status":"feasible","conclusion":"feasible","truncated":false,"states":3}

stdout | tests/integration/payment-authority.test.ts > verified webhook reconciliation and entitlement grants > requires a signed reference and validates amount and currency
[req] POST /api/v1/billing/payment-intents 201 0ms 97e88379-6c3a-451e-8d7b-8b8fbf982f0e

stdout | tests/integration/payment-authority.test.ts > verified webhook reconciliation and entitlement grants > requires a signed reference and validates amount and currency
[req] POST /api/v1/billing/payos/webhook 400 0ms bde01217-a655-454d-bfbc-fd1b9dbf8a3c

stdout | tests/integration/payment-authority.test.ts > verified webhook reconciliation and entitlement grants > requires a signed reference and validates amount and currency
[req] POST /api/v1/billing/payment-intents 201 0ms 281c524e-a561-476f-9c04-cf6a93363958

stdout | tests/integration/payment-authority.test.ts > verified webhook reconciliation and entitlement grants > requires a signed reference and validates amount and currency
[req] POST /api/v1/billing/payos/webhook 409 0ms 1df092d4-cc06-4d5f-bc5e-3b5545aa351e

stdout | tests/integration/payment-authority.test.ts > verified webhook reconciliation and entitlement grants > requires a signed reference and validates amount and currency
[req] POST /api/v1/billing/payment-intents 201 0ms 63691977-8d47-48c9-8499-f5d9eb3776ad

stdout | tests/integration/payment-authority.test.ts > verified webhook reconciliation and entitlement grants > requires a signed reference and validates amount and currency
[req] POST /api/v1/billing/payos/webhook 409 0ms 51cc0ffb-0ef9-4fb9-ae8a-a22e74ff6ef6

stdout | tests/integration/payment-authority.test.ts > verified webhook reconciliation and entitlement grants > does not allow a failed terminal intent to become paid
[req] POST /api/v1/billing/payment-intents 201 0ms 506ba412-7a20-4ade-8459-3a081beea4a6

stdout | tests/integration/payment-authority.test.ts > verified webhook reconciliation and entitlement grants > does not allow a failed terminal intent to become paid
[req] POST /api/v1/billing/payos/webhook 200 0ms 9343316f-e78b-47df-ab26-3cace596e457

stdout | tests/integration/payment-authority.test.ts > verified webhook reconciliation and entitlement grants > does not allow a failed terminal intent to become paid
[req] POST /api/v1/billing/payos/webhook 409 0ms 9422a052-d347-489c-89f2-f5333bbaa4b1

stdout | tests/integration/t07-security.test.ts > T07 H1 hostile planner bodies > rejects regenerate outer price authority or malformed body
{"level":"info","event":"meal_planning_result","status":"feasible","conclusion":"feasible","truncated":false,"states":3}

stdout | tests/integration/payment-authority.test.ts > verified webhook reconciliation and entitlement grants > rejects paid callbacks for invalid stored plans
[req] POST /api/v1/billing/payment-intents 201 0ms 844a6860-4bea-4b1f-8fbf-8b7ab5dccdfe

stdout | tests/integration/payment-authority.test.ts > verified webhook reconciliation and entitlement grants > rejects paid callbacks for invalid stored plans
[req] POST /api/v1/billing/payos/webhook 409 0ms 254411c0-29f1-4e2a-a2e2-71f4194d224b

stdout | tests/integration/t07-security.test.ts > T07 H1 hostile planner bodies > rejects regenerate outer substitution approval authority or malformed body
{"level":"info","event":"meal_planning_result","status":"feasible","conclusion":"feasible","truncated":false,"states":3}

stdout | tests/integration/payment-authority.test.ts > verified webhook reconciliation and entitlement grants > rejects a paid callback for terminal failed intents
[req] POST /api/v1/billing/payment-intents 201 0ms fe2ed8bf-e2ca-4e57-8a4e-69be3b08a427

stdout | tests/integration/payment-authority.test.ts > verified webhook reconciliation and entitlement grants > rejects a paid callback for terminal failed intents
[req] POST /api/v1/billing/payos/webhook 409 0ms 0586ba16-58e8-4ceb-8ad1-eb4b1ef648d5

stdout | tests/integration/t07-security.test.ts > T07 H1 hostile planner bodies > rejects swap missing replacement without advancing the plan
{"level":"info","event":"meal_planning_result","status":"feasible","conclusion":"feasible","truncated":false,"states":3}

stdout | tests/integration/payment-authority.test.ts > verified webhook reconciliation and entitlement grants > rejects a paid callback for terminal refunded intents
[req] POST /api/v1/billing/payment-intents 201 0ms a77d22c9-6c69-4e92-b0ab-2f90f5ee6e54

stdout | tests/integration/payment-authority.test.ts > verified webhook reconciliation and entitlement grants > rejects a paid callback for terminal refunded intents
[req] POST /api/v1/billing/payos/webhook 409 0ms ea49d96c-1117-458e-87b5-3fc8b17397be

stdout | tests/integration/t07-security.test.ts > T07 H1 hostile planner bodies > rejects swap null replacement without advancing the plan
{"level":"info","event":"meal_planning_result","status":"feasible","conclusion":"feasible","truncated":false,"states":3}

stdout | tests/integration/payment-authority.test.ts > verified webhook reconciliation and entitlement grants > rejects a paid callback for terminal expired intents
[req] POST /api/v1/billing/payment-intents 201 0ms 5805a610-d4c9-4377-8068-6c91faf2e9eb

stdout | tests/integration/payment-authority.test.ts > verified webhook reconciliation and entitlement grants > rejects a paid callback for terminal expired intents
[req] POST /api/v1/billing/payos/webhook 409 0ms c500ee21-138d-46de-a77f-4a95ae7829ff

stdout | tests/integration/payment-authority.test.ts > verified webhook reconciliation and entitlement grants > ACKs duplicate paid callbacks without extending the same entitlement
[req] POST /api/v1/billing/payment-intents 201 0ms af4cf283-7eae-4bd2-aaa8-b39ffa16f2a4

stdout | tests/integration/payment-authority.test.ts > verified webhook reconciliation and entitlement grants > ACKs duplicate paid callbacks without extending the same entitlement
[req] POST /api/v1/billing/payos/webhook 200 0ms 7f924d61-3170-4d90-9826-b32b54f8e465

stdout | tests/integration/payment-authority.test.ts > verified webhook reconciliation and entitlement grants > ACKs duplicate paid callbacks without extending the same entitlement
[req] POST /api/v1/billing/payos/webhook 200 0ms 7019683b-f6ec-4110-aeef-dd1741187355

stdout | tests/integration/t07-security.test.ts > T07 H1 hostile planner bodies > rejects swap empty replacement without advancing the plan
{"level":"info","event":"meal_planning_result","status":"feasible","conclusion":"feasible","truncated":false,"states":3}

stdout | tests/integration/payment-authority.test.ts > verified webhook reconciliation and entitlement grants > serializes concurrent callbacks for one intent and stacks distinct paid orders
[req] POST /api/v1/billing/payment-intents 201 0ms 425b5bbe-4b60-4a78-a4f6-8ae230647300

stdout | tests/integration/payment-authority.test.ts > verified webhook reconciliation and entitlement grants > serializes concurrent callbacks for one intent and stacks distinct paid orders
[req] POST /api/v1/billing/payos/webhook 200 0ms e6cdb19c-399d-4bea-a3f1-2db51a4b641a

stdout | tests/integration/payment-authority.test.ts > verified webhook reconciliation and entitlement grants > serializes concurrent callbacks for one intent and stacks distinct paid orders
[req] POST /api/v1/billing/payos/webhook 200 0ms c9ecc7c2-06ba-44c7-a5a1-3e747dad1f84

stdout | tests/integration/payment-authority.test.ts > verified webhook reconciliation and entitlement grants > serializes concurrent callbacks for one intent and stacks distinct paid orders
[req] POST /api/v1/billing/payment-intents 201 0ms 0c96b470-4801-4460-b7dc-00106da03d30

stdout | tests/integration/payment-authority.test.ts > verified webhook reconciliation and entitlement grants > serializes concurrent callbacks for one intent and stacks distinct paid orders
[req] POST /api/v1/billing/payos/webhook 200 0ms 4f11acc8-023c-436e-a8b4-ea23867fc64d

stdout | tests/integration/t07-security.test.ts > T07 H1 hostile planner bodies > rejects swap empty recipe ID without advancing the plan
{"level":"info","event":"meal_planning_result","status":"feasible","conclusion":"feasible","truncated":false,"states":3}

stdout | tests/integration/payment-authority.test.ts > verified webhook reconciliation and entitlement grants > stacks two distinct paid orders when their signed callbacks arrive concurrently
[req] POST /api/v1/billing/payment-intents 201 0ms 775f389c-073a-4da8-a5de-921322d7fca1

stdout | tests/integration/payment-authority.test.ts > verified webhook reconciliation and entitlement grants > stacks two distinct paid orders when their signed callbacks arrive concurrently
[req] POST /api/v1/billing/payment-intents 201 0ms 295b0b46-bcc3-462f-8a29-ccf518ef1c54

stdout | tests/integration/payment-authority.test.ts > verified webhook reconciliation and entitlement grants > stacks two distinct paid orders when their signed callbacks arrive concurrently
[req] POST /api/v1/billing/payos/webhook 200 0ms 7497debd-f84d-4881-9c39-ce3c2fc0f35b

stdout | tests/integration/payment-authority.test.ts > verified webhook reconciliation and entitlement grants > stacks two distinct paid orders when their signed callbacks arrive concurrently
[req] POST /api/v1/billing/payos/webhook 200 0ms 4476452c-0f89-4199-a9d7-eda91dd873ab

stdout | tests/integration/t07-security.test.ts > T07 H1 hostile planner bodies > rejects swap fabricated recipe version without advancing the plan
{"level":"info","event":"meal_planning_result","status":"feasible","conclusion":"feasible","truncated":false,"states":3}

stdout | tests/integration/payment-authority.test.ts > verified webhook reconciliation and entitlement grants > rolls back a second order when its provider reference is already used by another order
[req] POST /api/v1/billing/payment-intents 201 0ms 59d1e75c-d4f5-47db-ae41-038e30aa520f

stdout | tests/integration/payment-authority.test.ts > verified webhook reconciliation and entitlement grants > rolls back a second order when its provider reference is already used by another order
[req] POST /api/v1/billing/payment-intents 201 0ms ea04e8f7-5449-4217-bf4e-82756123ce19

stdout | tests/integration/payment-authority.test.ts > verified webhook reconciliation and entitlement grants > rolls back a second order when its provider reference is already used by another order
[req] POST /api/v1/billing/payos/webhook 200 0ms 0c5b3f87-b386-4aa1-be64-258285369975

stdout | tests/integration/payment-authority.test.ts > verified webhook reconciliation and entitlement grants > rolls back a second order when its provider reference is already used by another order
[req] POST /api/v1/billing/payos/webhook 409 0ms 0d369833-8ec2-489f-bdbf-82c7ee11d260

stdout | tests/integration/t07-security.test.ts > T07 H1 hostile planner bodies > rejects swap fabricated safety review without advancing the plan
{"level":"info","event":"meal_planning_result","status":"feasible","conclusion":"feasible","truncated":false,"states":3}

stdout | tests/integration/payment-authority.test.ts > verified webhook reconciliation and entitlement grants > ACKs a paid replay after the intent expiry time without mutating entitlement
[req] POST /api/v1/billing/payment-intents 201 0ms 733f9f96-06af-41ed-8eba-7a31af89eace

stdout | tests/integration/payment-authority.test.ts > verified webhook reconciliation and entitlement grants > ACKs a paid replay after the intent expiry time without mutating entitlement
[req] POST /api/v1/billing/payos/webhook 200 0ms 1165d527-2925-4087-b9d3-733f135d7900

stdout | tests/integration/payment-authority.test.ts > verified webhook reconciliation and entitlement grants > ACKs a paid replay after the intent expiry time without mutating entitlement
[req] POST /api/v1/billing/payos/webhook 200 0ms ce1993c8-c651-4c4a-a28b-adffe8a06963

stdout | tests/integration/t07-security.test.ts > T07 H1 hostile planner bodies > rejects swap fabricated substitution approval without advancing the plan
{"level":"info","event":"meal_planning_result","status":"feasible","conclusion":"feasible","truncated":false,"states":3}

stdout | tests/integration/payment-authority.test.ts > verified webhook reconciliation and entitlement grants > rejects a first paid callback that crosses the pending intent expiry
[req] POST /api/v1/billing/payment-intents 201 0ms 057ec94c-824d-43bb-9224-c4d46df6fab3

stdout | tests/integration/payment-authority.test.ts > verified webhook reconciliation and entitlement grants > rejects a first paid callback that crosses the pending intent expiry
[req] POST /api/v1/billing/payos/webhook 409 0ms 7c417434-45d3-4a09-8f55-376eddb74af2

stderr | tests/integration/payment-authority.test.ts > legacy activation retirement > returns compatibility pending state but never writes a grant
{"level":"warn","limiter":"rl_auth","reason":"kv-unbound","message":"Rate limiter degraded to isolate-local counters; enforcement is not globally reliable."}

stdout | tests/integration/payment-authority.test.ts > legacy activation retirement > returns compatibility pending state but never writes a grant
[req] POST /api/v1/auth/plus/activate 200 0ms fcfd5805-eeeb-44a8-bc05-67e06fa2e35a

stdout | tests/integration/t07-security.test.ts > T07 H1 hostile planner bodies > rejects swap recipe variant elevation without advancing the plan
{"level":"info","event":"meal_planning_result","status":"feasible","conclusion":"feasible","truncated":false,"states":3}

stdout | tests/integration/payment-authority.test.ts > legacy activation retirement > rejects browser-supplied legacy grant codes without writing entitlement
[req] POST /api/v1/auth/plus/activate 410 0ms 705f831a-41be-4112-9bfc-57f30bebc8f4

 ✓ tests/integration/payment-authority.test.ts (65 tests) 5994ms
stdout | tests/integration/t07-security.test.ts > T07 H1 hostile planner bodies > rejects shopping top-level prices rather than accepting trusted commercial state
{"level":"info","event":"meal_planning_result","status":"feasible","conclusion":"feasible","truncated":false,"states":3}

stdout | tests/integration/t07-security.test.ts > T07 H1 hostile planner bodies > rejects shopping top-level shortages rather than accepting trusted commercial state
{"level":"info","event":"meal_planning_result","status":"feasible","conclusion":"feasible","truncated":false,"states":3}

stdout | tests/integration/t07-security.test.ts > T07 H1 hostile planner bodies > rejects shopping top-level catalog rather than accepting trusted commercial state
{"level":"info","event":"meal_planning_result","status":"feasible","conclusion":"feasible","truncated":false,"states":3}

stdout | tests/integration/t07-security.test.ts > T07 H1 hostile planner bodies > rejects shopping top-level inventory rather than accepting trusted commercial state
{"level":"info","event":"meal_planning_result","status":"feasible","conclusion":"feasible","truncated":false,"states":3}

stdout | tests/integration/t07-security.test.ts > T07 H1 hostile planner bodies > rejects shopping top-level creator rather than accepting trusted commercial state
{"level":"info","event":"meal_planning_result","status":"feasible","conclusion":"feasible","truncated":false,"states":3}

stdout | tests/integration/t07-security.test.ts > T07 H1 hostile planner bodies > rejects shopping null budget rather than accepting trusted commercial state
{"level":"info","event":"meal_planning_result","status":"feasible","conclusion":"feasible","truncated":false,"states":3}

stdout | tests/integration/t07-security.test.ts > T07 H1 hostile planner bodies > rejects shopping nested price claim rather than accepting trusted commercial state
{"level":"info","event":"meal_planning_result","status":"feasible","conclusion":"feasible","truncated":false,"states":3}

stdout | tests/integration/t07-security.test.ts > T07 H1 hostile planner bodies > rejects feedback client target identity before writing user state
{"level":"info","event":"meal_planning_result","status":"feasible","conclusion":"feasible","truncated":false,"states":3}

stdout | tests/integration/t07-security.test.ts > T07 H1 hostile planner bodies > rejects feedback client occurred time before writing user state
{"level":"info","event":"meal_planning_result","status":"feasible","conclusion":"feasible","truncated":false,"states":3}

stdout | tests/integration/t07-security.test.ts > T07 H1 hostile planner bodies > rejects feedback client creator before writing user state
{"level":"info","event":"meal_planning_result","status":"feasible","conclusion":"feasible","truncated":false,"states":3}

stdout | tests/integration/t07-security.test.ts > T07 H1 hostile planner bodies > rejects feedback client history before writing user state
{"level":"info","event":"meal_planning_result","status":"feasible","conclusion":"feasible","truncated":false,"states":3}

stdout | tests/integration/t07-security.test.ts > T07 H1 hostile planner bodies > rejects feedback client revision string before writing user state
{"level":"info","event":"meal_planning_result","status":"feasible","conclusion":"feasible","truncated":false,"states":3}

stdout | tests/integration/t07-security.test.ts > T07 H1 hostile planner bodies > rejects explanation reason code injection without invoking a caller-selected fact set
{"level":"info","event":"meal_planning_result","status":"feasible","conclusion":"feasible","truncated":false,"states":3}

stdout | tests/integration/t07-security.test.ts > T07 H1 hostile planner bodies > rejects explanation trusted plan injection without invoking a caller-selected fact set
{"level":"info","event":"meal_planning_result","status":"feasible","conclusion":"feasible","truncated":false,"states":3}

stdout | tests/integration/t07-security.test.ts > T07 H1 hostile planner bodies > rejects explanation catalog injection without invoking a caller-selected fact set
{"level":"info","event":"meal_planning_result","status":"feasible","conclusion":"feasible","truncated":false,"states":3}

stdout | tests/integration/t07-security.test.ts > T07 H1 hostile planner bodies > rejects explanation malformed locale without invoking a caller-selected fact set
{"level":"info","event":"meal_planning_result","status":"feasible","conclusion":"feasible","truncated":false,"states":3}

stdout | tests/integration/t07-security.test.ts > T07 H1 hostile planner bodies > rejects unknown and duplicate alternatives query values rather than treating a client revision as trusted
{"level":"info","event":"meal_planning_result","status":"feasible","conclusion":"feasible","truncated":false,"states":3}

 ✓ tests/integration/t07-security.test.ts (51 tests) 5817ms
 ✓ tests/unit/production-certify-workflow.test.mjs (48 tests) 5898ms
   ✓ production certification workflow safety > rejects absent or malformed schema proof, not just reported schema issues  450ms
   ✓ production certification workflow safety > does not certify missing, contradictory or partial evidence  607ms
   ✓ production certification workflow safety > allows current generated catalog, runtime and SELECT-only schema CTE queries  493ms
stderr | tests/integration/inventory-backfilled-patch.test.ts > T09 legitimate adopted backfilled PATCH > updates category through actual adoption (existing T08 snapshot: false)
{"level":"warn","limiter":"rl_inv_w","reason":"kv-unbound","message":"Rate limiter degraded to isolate-local counters; enforcement is not globally reliable."}

 ✓ tests/integration/t19-planner-authority-persistence.test.ts (18 tests) 4736ms
   ✓ stored plan authority identity > an authority change is a typed revalidation: freshness names it, swap and shopping refuse, regenerate recovers  677ms
   ✓ stored plan authority identity > a lock on a recipe that is no longer visible is dropped on regenerate, never silently substituted in place  533ms
   ✓ stored plan authority identity > regenerate drops family locks whose planner provenance version is stale  689ms
   ✓ stored plan authority identity > plans persisted before T19 (no authority identity) still decode and revalidate through the catalog fingerprint  346ms
stderr | tests/integration/meal-planning-http.test.ts > T06A real authenticated Worker/API boundary > generates and retrieves a safe DTO through the actual Worker without stock, AI or payment calls
{"level":"warn","limiter":"planner-compute","reason":"kv-unbound","message":"Rate limiter degraded to isolate-local counters; enforcement is not globally reliable."}
{"level":"warn","limiter":"meal-planning-expensive","reason":"kv-unbound","message":"Rate limiter degraded to isolate-local counters; enforcement is not globally reliable."}

stdout | tests/integration/meal-planning-http.test.ts > T06A real authenticated Worker/API boundary > generates and retrieves a safe DTO through the actual Worker without stock, AI or payment calls
{"level":"info","event":"meal_planning_result","status":"feasible","conclusion":"feasible","truncated":true,"states":57}

stdout | tests/integration/meal-planning-http.test.ts > T06A real authenticated Worker/API boundary > generates and retrieves a safe DTO through the actual Worker without stock, AI or payment calls
[req] POST /api/v1/meal-planning/plans 200 130ms b6b9026d-04a0-4c0f-a095-86b955c78d33

stderr | tests/integration/meal-planning-http.test.ts > T06A real authenticated Worker/API boundary > generates and retrieves a safe DTO through the actual Worker without stock, AI or payment calls
{"level":"warn","limiter":"meal-planning-read","reason":"kv-unbound","message":"Rate limiter degraded to isolate-local counters; enforcement is not globally reliable."}

stdout | tests/integration/meal-planning-http.test.ts > T06A real authenticated Worker/API boundary > generates and retrieves a safe DTO through the actual Worker without stock, AI or payment calls
[req] GET /api/v1/meal-planning/plans/1f4a0fdf-1816-426f-9308-2bb597a01af0 200 6ms c3170d53-2876-4fef-9e25-30ff293bd007

stdout | tests/integration/meal-planning-http.test.ts > T06A real authenticated Worker/API boundary > rejects unauthenticated generation and reads
[req] POST /api/v1/meal-planning/plans 401 0ms f3622288-b568-40c9-b809-c1459159ce79

stdout | tests/integration/meal-planning-http.test.ts > T06A real authenticated Worker/API boundary > rejects unauthenticated generation and reads
[req] GET /api/v1/meal-planning/plans/079c5f93-3a30-48e7-9e62-34e6dc0ded50 401 0ms 4b1801f8-fa20-4ac9-a8cf-0f537238ca1c

stdout | tests/integration/meal-planning-http.test.ts > T06A real authenticated Worker/API boundary > protects CSRF, session owner fencing, membership and private creator plans
{"level":"info","event":"meal_planning_result","status":"feasible","conclusion":"feasible","truncated":false,"states":7}

stderr | tests/integration/meal-planning-http.test.ts > T06A real authenticated Worker/API boundary > protects CSRF, session owner fencing, membership and private creator plans
{"level":"warn","limiter":"meal-planning-feedback","reason":"kv-unbound","message":"Rate limiter degraded to isolate-local counters; enforcement is not globally reliable."}

stdout | tests/integration/meal-planning-http.test.ts > T06A real authenticated Worker/API boundary > enforces server household hard restrictions despite perfect personal soft preference and omission
{"level":"info","event":"meal_planning_result","status":"infeasible","conclusion":"proven_infeasible","truncated":false,"states":1}

stdout | tests/integration/meal-planning-http.test.ts > T06A real authenticated Worker/API boundary > deduplicates creation before running T04 again, and rejects different intent under a reused key
{"level":"info","event":"meal_planning_result","status":"feasible","conclusion":"feasible","truncated":false,"states":7}

stdout | tests/integration/meal-planning-http.test.ts > T06A real authenticated Worker/API boundary > replans all sequential stock after an early swap and protects newer revisions
{"level":"info","event":"meal_planning_result","status":"feasible","conclusion":"feasible","truncated":false,"states":7}

stdout | tests/integration/meal-planning-http.test.ts > T06A real authenticated Worker/API boundary > replans all sequential stock after an early swap and protects newer revisions
{"level":"info","event":"meal_planning_result","status":"feasible","conclusion":"feasible","truncated":false,"states":4}

stdout | tests/integration/meal-planning-http.test.ts > T06A real authenticated Worker/API boundary > rejects a newly forbidden replacement without changing the persisted plan
{"level":"info","event":"meal_planning_result","status":"feasible","conclusion":"feasible","truncated":false,"states":7}

stdout | tests/integration/meal-planning-http.test.ts > T06A real authenticated Worker/API boundary > rejects a newly forbidden replacement without changing the persisted plan
{"level":"info","event":"meal_planning_result","status":"infeasible","conclusion":"proven_infeasible","truncated":false,"states":1}

stdout | tests/integration/meal-planning-http.test.ts > T06A real authenticated Worker/API boundary > detects inventory/catalog/preference changes and regenerates using current data
{"level":"info","event":"meal_planning_result","status":"feasible","conclusion":"feasible","truncated":false,"states":7}

stdout | tests/integration/meal-planning-http.test.ts > T06A real authenticated Worker/API boundary > detects inventory/catalog/preference changes and regenerates using current data
{"level":"info","event":"meal_planning_result","status":"feasible","conclusion":"feasible","truncated":false,"states":7}

stdout | tests/integration/meal-planning-http.test.ts > T06A real authenticated Worker/API boundary > revalidates history at the current time so later feedback makes a stored plan stale
{"level":"info","event":"meal_planning_result","status":"feasible","conclusion":"feasible","truncated":false,"states":7}

stdout | tests/integration/meal-planning-http.test.ts > T06A real authenticated Worker/API boundary > keeps missing reviewed prices unknown and never converts them into free shopping
{"level":"info","event":"meal_planning_result","status":"feasible","conclusion":"feasible","truncated":true,"states":57}

stdout | tests/integration/meal-planning-http.test.ts > T06A real authenticated Worker/API boundary > keeps missing reviewed prices unknown and never converts them into free shopping
[req] POST /api/v1/meal-planning/plans 200 90ms 2e7ea77e-0e99-4988-85ae-dbba7d3a105e

stdout | tests/integration/meal-planning-http.test.ts > T06A real authenticated Worker/API boundary > keeps missing reviewed prices unknown and never converts them into free shopping
{"level":"info","event":"meal_shopping_result","catalogStatus":"reviewed_catalog_unavailable"}

stdout | tests/integration/meal-planning-http.test.ts > T06A real authenticated Worker/API boundary > keeps missing reviewed prices unknown and never converts them into free shopping
[req] POST /api/v1/meal-planning/plans/ea652729-b539-42a0-9e2a-2e05af049e23/shopping 200 8ms 9671d4a3-6d73-4c51-894b-555a7d5b6829

stdout | tests/integration/meal-planning-http.test.ts > T06A real authenticated Worker/API boundary > rejects shopping mealPlan spoofing and uses unchanged trusted exact prices
{"level":"info","event":"meal_planning_result","status":"feasible","conclusion":"feasible","truncated":false,"states":7}

stdout | tests/integration/meal-planning-http.test.ts > T06A real authenticated Worker/API boundary > rejects shopping mealPlan spoofing and uses unchanged trusted exact prices
{"level":"info","event":"meal_shopping_result","catalogStatus":"available"}

stdout | tests/integration/meal-planning-http.test.ts > T06A real authenticated Worker/API boundary > rejects shopping shortages spoofing and uses unchanged trusted exact prices
{"level":"info","event":"meal_planning_result","status":"feasible","conclusion":"feasible","truncated":false,"states":7}

stdout | tests/integration/meal-planning-http.test.ts > T06A real authenticated Worker/API boundary > rejects shopping shortages spoofing and uses unchanged trusted exact prices
{"level":"info","event":"meal_shopping_result","catalogStatus":"available"}

stdout | tests/integration/meal-planning-http.test.ts > T06A real authenticated Worker/API boundary > rejects shopping prices spoofing and uses unchanged trusted exact prices
{"level":"info","event":"meal_planning_result","status":"feasible","conclusion":"feasible","truncated":false,"states":7}

stdout | tests/integration/meal-planning-http.test.ts > T06A real authenticated Worker/API boundary > rejects shopping prices spoofing and uses unchanged trusted exact prices
{"level":"info","event":"meal_shopping_result","catalogStatus":"available"}

stdout | tests/integration/meal-planning-http.test.ts > T06A real authenticated Worker/API boundary > rejects shopping catalog spoofing and uses unchanged trusted exact prices
{"level":"info","event":"meal_planning_result","status":"feasible","conclusion":"feasible","truncated":false,"states":7}

stdout | tests/integration/meal-planning-http.test.ts > T06A real authenticated Worker/API boundary > rejects shopping catalog spoofing and uses unchanged trusted exact prices
{"level":"info","event":"meal_shopping_result","catalogStatus":"available"}

stdout | tests/integration/meal-planning-http.test.ts > T06A real authenticated Worker/API boundary > rejects shopping shoppingContext spoofing and uses unchanged trusted exact prices
{"level":"info","event":"meal_planning_result","status":"feasible","conclusion":"feasible","truncated":false,"states":7}

stdout | tests/integration/meal-planning-http.test.ts > T06A real authenticated Worker/API boundary > rejects shopping shoppingContext spoofing and uses unchanged trusted exact prices
{"level":"info","event":"meal_shopping_result","catalogStatus":"available"}

stdout | tests/integration/meal-planning-http.test.ts > T06A real authenticated Worker/API boundary > records household/user scoped retry-safe tastes and cooked annotation without real cooking
{"level":"info","event":"meal_planning_result","status":"feasible","conclusion":"feasible","truncated":false,"states":7}

stdout | tests/integration/meal-planning-http.test.ts > T06A real authenticated Worker/API boundary > does not let a client claim a swap that never happened
{"level":"info","event":"meal_planning_result","status":"feasible","conclusion":"feasible","truncated":false,"states":7}

stdout | tests/integration/meal-planning-http.test.ts > T06A real authenticated Worker/API boundary > rejects feedback if regeneration advances the revision before the event write
{"level":"info","event":"meal_planning_result","status":"feasible","conclusion":"feasible","truncated":false,"states":7}

stdout | tests/integration/meal-planning-http.test.ts > T06A real authenticated Worker/API boundary > rejects feedback if regeneration advances the revision before the event write
{"level":"info","event":"meal_planning_result","status":"feasible","conclusion":"feasible","truncated":false,"states":7}

stdout | tests/integration/meal-planning-http.test.ts > T06A real authenticated Worker/API boundary > deduplicates concurrent feedback retries with one server event timestamp
{"level":"info","event":"meal_planning_result","status":"feasible","conclusion":"feasible","truncated":false,"states":7}

stdout | tests/integration/meal-planning-http.test.ts > T06A real authenticated Worker/API boundary > records skipped/disliked and a server-established swapped identity without inventing likes
{"level":"info","event":"meal_planning_result","status":"feasible","conclusion":"feasible","truncated":false,"states":7}

stdout | tests/integration/meal-planning-http.test.ts > T06A real authenticated Worker/API boundary > records skipped/disliked and a server-established swapped identity without inventing likes
{"level":"info","event":"meal_planning_result","status":"feasible","conclusion":"feasible","truncated":false,"states":4}

 ✓ tests/integration/inventory-backfilled-patch.test.ts (43 tests) 4615ms
stdout | tests/integration/meal-planning-http.test.ts > T06A real authenticated Worker/API boundary > returns a partial plan as a valid application response
{"level":"info","event":"meal_planning_result","status":"partial","conclusion":"proven_infeasible","truncated":false,"states":2}

stdout | tests/integration/meal-planning-http.test.ts > T06A real authenticated Worker/API boundary > preserves incomplete numeric evaluation without claiming proven infeasibility or a server failure
{"level":"info","event":"meal_planning_result","status":"incomplete","conclusion":"no_plan_found_without_proof","truncated":false,"states":1}

stdout | tests/integration/meal-planning-http.test.ts > T06A real authenticated Worker/API boundary > preserves search truncation while returning a feasible best-found plan
{"level":"info","event":"meal_planning_result","status":"feasible","conclusion":"feasible","truncated":true,"states":9}

stdout | tests/integration/meal-planning-http.test.ts > T06A real authenticated Worker/API boundary > validates malformed JSON, dates, money, revisions and oversized bodies
{"level":"info","event":"meal_planning_result","status":"feasible","conclusion":"feasible","truncated":false,"states":7}

stdout | tests/integration/meal-planning-http.test.ts > T06A real authenticated Worker/API boundary > rejects malformed minor-unit string not-money without a server error
{"level":"info","event":"meal_planning_result","status":"feasible","conclusion":"feasible","truncated":false,"states":7}

stdout | tests/integration/meal-planning-http.test.ts > T06A real authenticated Worker/API boundary > rejects malformed minor-unit string 1.5 without a server error
{"level":"info","event":"meal_planning_result","status":"feasible","conclusion":"feasible","truncated":false,"states":7}

stdout | tests/integration/meal-planning-http.test.ts > T06A real authenticated Worker/API boundary > rejects malformed minor-unit string -1 without a server error
{"level":"info","event":"meal_planning_result","status":"feasible","conclusion":"feasible","truncated":false,"states":7}

stdout | tests/integration/meal-planning-http.test.ts > T06A real authenticated Worker/API boundary > rejects malformed minor-unit string 01 without a server error
{"level":"info","event":"meal_planning_result","status":"feasible","conclusion":"feasible","truncated":false,"states":7}

stdout | tests/integration/meal-planning-http.test.ts > T06A real authenticated Worker/API boundary > rejects malformed minor-unit string Infinity without a server error
{"level":"info","event":"meal_planning_result","status":"feasible","conclusion":"feasible","truncated":false,"states":7}

stderr | tests/integration/meal-planning-http.test.ts > T06A real authenticated Worker/API boundary > sanitizes unexpected service errors even outside production
{"level":"error","event":"meal_planning_failure","code":"MEAL_PLANNING_UNAVAILABLE"}

stdout | tests/integration/meal-planning-http.test.ts > T06A real authenticated Worker/API boundary > sanitizes unexpected service errors even outside production
[req] POST /api/v1/meal-planning/plans 500 0ms 4b5b5ee5-b496-4c2f-9daf-c7c5370a21fc

 ✓ tests/integration/meal-planning-http.test.ts (42 tests) 5050ms
stdout | tests/e2e/planner-preview.test.mjs > isolated planner preview using real registered Worker sessions and T02–T05 > replays all migrations and seeds idempotently without retaining a plaintext session
[req] GET /api/v1/me 200 4ms 6f2ac292-b28a-4fec-bc9a-c148b6dc60d9

stdout | tests/e2e/planner-preview.test.mjs > isolated planner preview using real registered Worker sessions and T02–T05 > generates a real seven-meal plan, restores it, shops with unknown prices, swaps and records cooked without consuming inventory
[req] GET /api/v1/meal-planning/plans/current 200 1ms c36f3610-d582-44d3-928e-7075c92877a4

stdout | tests/e2e/planner-preview.test.mjs > isolated planner preview using real registered Worker sessions and T02–T05 > generates a real seven-meal plan, restores it, shops with unknown prices, swaps and records cooked without consuming inventory
{"level":"info","event":"meal_planning_result","status":"feasible","conclusion":"feasible","truncated":true,"states":297}

stdout | tests/e2e/planner-preview.test.mjs > isolated planner preview using real registered Worker sessions and T02–T05 > generates a real seven-meal plan, restores it, shops with unknown prices, swaps and records cooked without consuming inventory
[req] POST /api/v1/meal-planning/plans 200 450ms a5041bba-789c-478d-9320-1af3d92a42a4

stdout | tests/e2e/planner-preview.test.mjs > isolated planner preview using real registered Worker sessions and T02–T05 > generates a real seven-meal plan, restores it, shops with unknown prices, swaps and records cooked without consuming inventory
[req] GET /api/v1/meal-planning/plans/dd9edb9d-3b58-43b2-a391-e6ccb7b76e17 200 16ms 92e7cae1-9d91-4023-aae7-73005cfdd15f

stdout | tests/e2e/planner-preview.test.mjs > isolated planner preview using real registered Worker sessions and T02–T05 > generates a real seven-meal plan, restores it, shops with unknown prices, swaps and records cooked without consuming inventory
{"level":"info","event":"meal_shopping_result","catalogStatus":"reviewed_catalog_unavailable"}

stdout | tests/e2e/planner-preview.test.mjs > isolated planner preview using real registered Worker sessions and T02–T05 > generates a real seven-meal plan, restores it, shops with unknown prices, swaps and records cooked without consuming inventory
[req] POST /api/v1/meal-planning/plans/dd9edb9d-3b58-43b2-a391-e6ccb7b76e17/shopping 200 12ms eeb36112-3869-4206-97e4-78b758b3c028

stdout | tests/e2e/planner-preview.test.mjs > isolated planner preview using real registered Worker sessions and T02–T05 > generates a real seven-meal plan, restores it, shops with unknown prices, swaps and records cooked without consuming inventory
[req] GET /api/v1/meal-planning/plans/dd9edb9d-3b58-43b2-a391-e6ccb7b76e17/alternatives 200 6ms 10533d57-73a3-4579-8813-3f48ac4d2084

stdout | tests/e2e/planner-preview.test.mjs > isolated planner preview using real registered Worker sessions and T02–T05 > generates a real seven-meal plan, restores it, shops with unknown prices, swaps and records cooked without consuming inventory
{"level":"info","event":"meal_planning_result","status":"feasible","conclusion":"feasible","truncated":true,"states":250}

stdout | tests/e2e/planner-preview.test.mjs > isolated planner preview using real registered Worker sessions and T02–T05 > generates a real seven-meal plan, restores it, shops with unknown prices, swaps and records cooked without consuming inventory
[req] POST /api/v1/meal-planning/plans/dd9edb9d-3b58-43b2-a391-e6ccb7b76e17/swap 200 341ms 40f55f07-8289-4889-9e68-ef5e6b779494

stdout | tests/e2e/planner-preview.test.mjs > isolated planner preview using real registered Worker sessions and T02–T05 > generates a real seven-meal plan, restores it, shops with unknown prices, swaps and records cooked without consuming inventory
[req] POST /api/v1/meal-planning/plans/dd9edb9d-3b58-43b2-a391-e6ccb7b76e17/explanation 200 3ms c3e515f0-db98-48c5-b807-ea5225b9173e

stdout | tests/e2e/planner-preview.test.mjs > isolated planner preview using real registered Worker sessions and T02–T05 > generates a real seven-meal plan, restores it, shops with unknown prices, swaps and records cooked without consuming inventory
[req] POST /api/v1/meal-planning/plans/dd9edb9d-3b58-43b2-a391-e6ccb7b76e17/feedback 200 2ms 2ed0ed6e-2d27-4e0d-bd73-ce419db56e6f

stdout | tests/e2e/planner-preview.test.mjs > isolated planner preview using real registered Worker sessions and T02–T05 > generates a real seven-meal plan, restores it, shops with unknown prices, swaps and records cooked without consuming inventory
[req] POST /api/v1/meal-planning/plans/dd9edb9d-3b58-43b2-a391-e6ccb7b76e17/feedback 200 2ms f9aabe47-88e6-4401-9cf4-4e75dbc1e9c3

stdout | tests/e2e/planner-preview.test.mjs > isolated planner preview using real registered Worker sessions and T02–T05 > generates a real seven-meal plan, restores it, shops with unknown prices, swaps and records cooked without consuming inventory
[req] GET /api/v1/meal-planning/plans/current 200 7ms 05a71d85-eb35-4a04-b2f2-44edb2824c4c

stdout | tests/e2e/planner-preview.test.mjs > isolated planner preview using real registered Worker sessions and T02–T05 > does not hide stale source state and recovers through regeneration
{"level":"info","event":"meal_planning_result","status":"feasible","conclusion":"feasible","truncated":true,"states":297}

stdout | tests/e2e/planner-preview.test.mjs > isolated planner preview using real registered Worker sessions and T02–T05 > does not hide stale source state and recovers through regeneration
[req] POST /api/v1/meal-planning/plans 200 383ms e860d1f9-c392-4445-a82b-a8294aed6649

stdout | tests/e2e/planner-preview.test.mjs > isolated planner preview using real registered Worker sessions and T02–T05 > does not hide stale source state and recovers through regeneration
[req] POST /api/v1/meal-planning/plans/5d545f54-cc45-4ed2-8c63-5cc6a18ba549/shopping 409 13ms 6d0b71cf-95b1-478b-8c27-8688ddbf137a

stdout | tests/e2e/planner-preview.test.mjs > isolated planner preview using real registered Worker sessions and T02–T05 > does not hide stale source state and recovers through regeneration
{"level":"info","event":"meal_planning_result","status":"feasible","conclusion":"feasible","truncated":true,"states":297}

stdout | tests/e2e/planner-preview.test.mjs > isolated planner preview using real registered Worker sessions and T02–T05 > does not hide stale source state and recovers through regeneration
[req] POST /api/v1/meal-planning/plans/5d545f54-cc45-4ed2-8c63-5cc6a18ba549/regenerate 200 382ms daa62f38-ab19-411c-a2e0-540b4f2826c1

stdout | tests/e2e/planner-preview.test.mjs > isolated planner preview using real registered Worker sessions and T02–T05 > does not hide stale source state and recovers through regeneration
[req] POST /api/v1/meal-planning/plans/5d545f54-cc45-4ed2-8c63-5cc6a18ba549/shopping 409 1ms d8e072f8-6cee-44d7-9cb4-9968cdb033b1

stdout | tests/e2e/planner-preview.test.mjs > isolated planner preview using real registered Worker sessions and T02–T05 > does not hide stale source state and recovers through regeneration
{"level":"info","event":"meal_shopping_result","catalogStatus":"reviewed_catalog_unavailable"}

stdout | tests/e2e/planner-preview.test.mjs > isolated planner preview using real registered Worker sessions and T02–T05 > does not hide stale source state and recovers through regeneration
[req] POST /api/v1/meal-planning/plans/5d545f54-cc45-4ed2-8c63-5cc6a18ba549/shopping 200 11ms 35ab3ca1-b51b-4fa5-9a1c-ff35423dcafb

stdout | tests/e2e/planner-preview.test.mjs > isolated planner preview using real registered Worker sessions and T02–T05 > persists liked feedback once without inventory or cooking side effects
{"level":"info","event":"meal_planning_result","status":"feasible","conclusion":"feasible","truncated":true,"states":297}

stdout | tests/e2e/planner-preview.test.mjs > isolated planner preview using real registered Worker sessions and T02–T05 > persists liked feedback once without inventory or cooking side effects
[req] POST /api/v1/meal-planning/plans 200 373ms 91e217c5-0077-4114-b2d4-e01c70f87448

stdout | tests/e2e/planner-preview.test.mjs > isolated planner preview using real registered Worker sessions and T02–T05 > persists liked feedback once without inventory or cooking side effects
[req] POST /api/v1/meal-planning/plans/7da999ac-6887-474b-82c4-49dc9132261e/feedback 200 4ms a3afb518-91f8-4430-a4fe-3634afd508d4

stdout | tests/e2e/planner-preview.test.mjs > isolated planner preview using real registered Worker sessions and T02–T05 > persists liked feedback once without inventory or cooking side effects
[req] POST /api/v1/meal-planning/plans/7da999ac-6887-474b-82c4-49dc9132261e/feedback 200 7ms a9c9648a-bfb2-41e7-b151-4ca1a31f9b32

stdout | tests/e2e/planner-preview.test.mjs > isolated planner preview using real registered Worker sessions and T02–T05 > persists disliked feedback once without inventory or cooking side effects
{"level":"info","event":"meal_planning_result","status":"feasible","conclusion":"feasible","truncated":true,"states":297}

stdout | tests/e2e/planner-preview.test.mjs > isolated planner preview using real registered Worker sessions and T02–T05 > persists disliked feedback once without inventory or cooking side effects
[req] POST /api/v1/meal-planning/plans 200 377ms 526de67d-f425-42c0-94ca-1c1ae863066c

stdout | tests/e2e/planner-preview.test.mjs > isolated planner preview using real registered Worker sessions and T02–T05 > persists disliked feedback once without inventory or cooking side effects
[req] POST /api/v1/meal-planning/plans/c9579591-b57a-4594-957b-11c853f03c2a/feedback 200 2ms 30739f6e-17a3-40da-880a-a457248b04cd

stdout | tests/e2e/planner-preview.test.mjs > isolated planner preview using real registered Worker sessions and T02–T05 > persists disliked feedback once without inventory or cooking side effects
[req] POST /api/v1/meal-planning/plans/c9579591-b57a-4594-957b-11c853f03c2a/feedback 200 1ms ac7ca3a7-dbd3-4391-bc94-346652044bc8

stdout | tests/e2e/planner-preview.test.mjs > isolated planner preview using real registered Worker sessions and T02–T05 > persists skipped feedback once without inventory or cooking side effects
{"level":"info","event":"meal_planning_result","status":"feasible","conclusion":"feasible","truncated":true,"states":297}

stdout | tests/e2e/planner-preview.test.mjs > isolated planner preview using real registered Worker sessions and T02–T05 > persists skipped feedback once without inventory or cooking side effects
[req] POST /api/v1/meal-planning/plans 200 376ms 1b9aa6b4-02f8-43f9-83ed-243d336f41a7

stdout | tests/e2e/planner-preview.test.mjs > isolated planner preview using real registered Worker sessions and T02–T05 > persists skipped feedback once without inventory or cooking side effects
[req] POST /api/v1/meal-planning/plans/19b098d0-8d14-4dd8-8591-528c2e870f84/feedback 200 9ms 72d0cc97-1ac4-4953-87c7-73a0640c9209

stdout | tests/e2e/planner-preview.test.mjs > isolated planner preview using real registered Worker sessions and T02–T05 > persists skipped feedback once without inventory or cooking side effects
[req] POST /api/v1/meal-planning/plans/19b098d0-8d14-4dd8-8591-528c2e870f84/feedback 200 1ms fcbd6935-d085-44b5-aae4-7d1a398909e4

stdout | tests/e2e/planner-preview.test.mjs > isolated planner preview using real registered Worker sessions and T02–T05 > reports an infeasible cook-now plan instead of manufacturing missing stock
{"level":"info","event":"meal_planning_result","status":"infeasible","conclusion":"proven_infeasible","truncated":false,"states":1}

stdout | tests/e2e/planner-preview.test.mjs > isolated planner preview using real registered Worker sessions and T02–T05 > reports an infeasible cook-now plan instead of manufacturing missing stock
[req] POST /api/v1/meal-planning/plans 200 19ms d17f0874-8474-4f2a-b140-6f36839df7ae

stdout | tests/e2e/planner-preview.test.mjs > isolated planner preview using real registered Worker sessions and T02–T05 > keeps actual Worker authorization, CSRF and feature-off gates intact
[req] POST /api/v1/meal-planning/plans 401 1ms 50613151-d313-4716-998b-1e4e7e119118

stdout | tests/e2e/planner-preview.test.mjs > isolated planner preview using real registered Worker sessions and T02–T05 > keeps actual Worker authorization, CSRF and feature-off gates intact
[req] POST /api/v1/meal-planning/plans 403 0ms 0a4d83d0-0f51-4c98-981c-2017121079fc

stdout | tests/e2e/planner-preview.test.mjs > isolated planner preview using real registered Worker sessions and T02–T05 > keeps actual Worker authorization, CSRF and feature-off gates intact
[req] POST /api/v1/meal-planning/plans 403 0ms a3a37d98-b560-48f1-8f97-788bf59ee31d

stdout | tests/e2e/planner-preview.test.mjs > isolated planner preview using real registered Worker sessions and T02–T05 > keeps actual Worker authorization, CSRF and feature-off gates intact
[req] POST /api/v1/meal-planning/plans 404 1ms 99b60b71-599b-4094-ba1d-17fa1541af3c

 ✓ tests/integration/inventory-truth.test.ts (54 tests) 5071ms
stdout | tests/unit/recipe-import-scale.test.ts > T14E — 500-recipe synthetic compile > is deterministic (byte-identical across compiles and JSON/JSONL), publishes 500 recipes and a stable 571-recipe manifest
T14E scale 500: recipes=500 ingredient_lines=2000 steps=1750 nutrition_profiles=250 sql_bytes=829131

stdout | tests/e2e/planner-preview.test.mjs > isolated planner preview using real registered Worker sessions and T02–T05 > resets the entire in-memory namespace repeatably and revokes prior sessions
{"level":"info","event":"meal_planning_result","status":"feasible","conclusion":"feasible","truncated":true,"states":297}

stdout | tests/e2e/planner-preview.test.mjs > isolated planner preview using real registered Worker sessions and T02–T05 > resets the entire in-memory namespace repeatably and revokes prior sessions
[req] POST /api/v1/meal-planning/plans 200 391ms a2ee16dd-19e1-4482-8251-d2ac6294a0c7

stdout | tests/e2e/planner-preview.test.mjs > isolated planner preview using real registered Worker sessions and T02–T05 > resets the entire in-memory namespace repeatably and revokes prior sessions
[req] GET /api/v1/me 401 1ms 27bb6899-9ede-4901-98a3-2e3c42fb318e

stdout | tests/e2e/planner-preview.test.mjs > isolated planner preview using real registered Worker sessions and T02–T05 > resets the entire in-memory namespace repeatably and revokes prior sessions
[req] GET /api/v1/me 200 0ms 940f382b-aa8f-463b-8ef6-5a433dde2e5b

stdout | tests/e2e/planner-preview.test.mjs > isolated planner preview using real registered Worker sessions and T02–T05 > resets preview rate-limit state without bypassing the real Worker limiter
[req] POST /api/v1/meal-planning/plans 422 1ms d50cf799-aa82-4cb8-8b96-dbfd8d48d134

stdout | tests/e2e/planner-preview.test.mjs > isolated planner preview using real registered Worker sessions and T02–T05 > resets preview rate-limit state without bypassing the real Worker limiter
[req] POST /api/v1/meal-planning/plans 422 0ms 4e824a9a-4ab9-4569-9c00-e0fcd5357449

stdout | tests/e2e/planner-preview.test.mjs > isolated planner preview using real registered Worker sessions and T02–T05 > resets preview rate-limit state without bypassing the real Worker limiter
[req] POST /api/v1/meal-planning/plans 422 0ms 33979667-8bcd-4838-a32a-9a57215a8db7

stdout | tests/e2e/planner-preview.test.mjs > isolated planner preview using real registered Worker sessions and T02–T05 > resets preview rate-limit state without bypassing the real Worker limiter
[req] POST /api/v1/meal-planning/plans 422 0ms ae44574b-f49e-46bd-a1cf-0ab65f2313ff

stdout | tests/e2e/planner-preview.test.mjs > isolated planner preview using real registered Worker sessions and T02–T05 > resets preview rate-limit state without bypassing the real Worker limiter
[req] POST /api/v1/meal-planning/plans 422 1ms bf19f16b-93d5-4290-bd28-e00f9dd2d87f

stdout | tests/e2e/planner-preview.test.mjs > isolated planner preview using real registered Worker sessions and T02–T05 > resets preview rate-limit state without bypassing the real Worker limiter
[req] POST /api/v1/meal-planning/plans 422 0ms 629276f6-dd02-467f-b9af-5738b70fd24a

stdout | tests/e2e/planner-preview.test.mjs > isolated planner preview using real registered Worker sessions and T02–T05 > resets preview rate-limit state without bypassing the real Worker limiter
[req] POST /api/v1/meal-planning/plans 422 0ms 74570cf9-44d9-476f-9d99-7c26ad14fe51

stdout | tests/e2e/planner-preview.test.mjs > isolated planner preview using real registered Worker sessions and T02–T05 > resets preview rate-limit state without bypassing the real Worker limiter
[req] POST /api/v1/meal-planning/plans 422 0ms c7cdc256-0255-4af0-8c89-fc395fb824b2

stdout | tests/e2e/planner-preview.test.mjs > isolated planner preview using real registered Worker sessions and T02–T05 > resets preview rate-limit state without bypassing the real Worker limiter
[req] POST /api/v1/meal-planning/plans 422 0ms ec0c5ef5-a8ba-408c-9aaa-06393a4ec05d

stdout | tests/e2e/planner-preview.test.mjs > isolated planner preview using real registered Worker sessions and T02–T05 > resets preview rate-limit state without bypassing the real Worker limiter
[req] POST /api/v1/meal-planning/plans 422 0ms 122fe07a-877e-46de-a370-a5f88d5cbc44

stdout | tests/e2e/planner-preview.test.mjs > isolated planner preview using real registered Worker sessions and T02–T05 > resets preview rate-limit state without bypassing the real Worker limiter
[req] POST /api/v1/meal-planning/plans 429 0ms a20b9e2d-a9d5-4fdf-b181-dd2d409459f0

stdout | tests/e2e/planner-preview.test.mjs > isolated planner preview using real registered Worker sessions and T02–T05 > resets preview rate-limit state without bypassing the real Worker limiter
[req] POST /api/v1/meal-planning/plans 422 0ms 7b4d11a9-fe46-467e-bb14-9c0db465f278

stdout | tests/e2e/planner-preview.test.mjs > isolated planner preview using real registered Worker sessions and T02–T05 > does not register local controls on the production Worker
[req] POST /__preview/login 404 0ms 1aee0cfe-b70a-4adb-843e-04c2debff5ff

 ✓ tests/e2e/planner-preview.test.mjs (17 tests) 5056ms
   ✓ isolated planner preview using real registered Worker sessions and T02–T05 > generates a real seven-meal plan, restores it, shops with unknown prices, swaps and records cooked without consuming inventory  942ms
   ✓ isolated planner preview using real registered Worker sessions and T02–T05 > does not hide stale source state and recovers through regeneration  883ms
   ✓ isolated planner preview using real registered Worker sessions and T02–T05 > persists liked feedback once without inventory or cooking side effects  476ms
   ✓ isolated planner preview using real registered Worker sessions and T02–T05 > persists disliked feedback once without inventory or cooking side effects  472ms
   ✓ isolated planner preview using real registered Worker sessions and T02–T05 > persists skipped feedback once without inventory or cooking side effects  478ms
   ✓ isolated planner preview using real registered Worker sessions and T02–T05 > resets the entire in-memory namespace repeatably and revokes prior sessions  672ms
stdout | tests/unit/recipe-import-scale.test.ts > T14E — 5,000-recipe synthetic compile > completes, stays publishable, and keeps duplicate/composition structures bounded (no N² scan)
T14E scale 5000: recipes=5000 ingredient_lines=20000 steps=17500 nutrition_profiles=2500 sql_bytes=8358628

stdout | tests/unit/recipe-import-scale.test.ts > T14E — 5,000-recipe synthetic compile > the duplicate detector compares by bucket, not pairwise: a batch with N recipes performs O(N) index operations
T14E scale 2000: recipes=2000 ingredient_lines=8000 steps=7000 nutrition_profiles=1000 sql_bytes=3339756

 ✓ tests/unit/recipe-import-scale.test.ts (4 tests) 2887ms
   ✓ T14E — 500-recipe synthetic compile > is deterministic (byte-identical across compiles and JSON/JSONL), publishes 500 recipes and a stable 571-recipe manifest  496ms
   ✓ T14E — 5,000-recipe synthetic compile > completes, stays publishable, and keeps duplicate/composition structures bounded (no N² scan)  1579ms
   ✓ T14E — 5,000-recipe synthetic compile > the duplicate detector compares by bucket, not pairwise: a batch with N recipes performs O(N) index operations  533ms
 ✓ tests/unit/d1-migration-check.test.mjs (114 tests) 4116ms
   ✓ production D1 migration candidate gate (local Git only) > rejects a mismatched expected_pre_tip and malformed migration names  313ms
   ✓ operational recipe media at complete 0038 and 0039 catalogs > loads the actual domain media mapper and validator through the runtime pipeline  421ms
 ✓ tests/integration/t20-roles-picker-shopping.test.ts (7 tests) 3891ms
   ✓ T20 picker at 500 recipes > pages through a bounded, stable, role-filtered, authority-fenced summary list with bounded queries  1016ms
   ✓ T20 picker at 500 recipes > cuisine filter uses catalog metadata, combines with role and search, excludes simple foods and is deterministic  647ms
   ✓ T20 shopping on composed plans (HTTP) > adds every component demand across meals and subtracts inventory once through the existing T05 path  1061ms
   ✓ T20 shopping on composed plans (HTTP) > with the V2 flag off, a composed plan falls back to the exact V1 shopping projection  748ms
 ✓ tests/integration/inventory-lot-d1.test.mjs (44 tests) 2844ms
   ✓ T09E actual local D1 multi-effect authority > executes the maximum 32 effects as one real D1 command  361ms
stderr | tests/integration/meal-planning-presentation-http.test.ts > current-plan compatibility lookup > returns null with no private plan and restores the plan through the actual Worker
{"level":"warn","limiter":"meal-planning-read","reason":"kv-unbound","message":"Rate limiter degraded to isolate-local counters; enforcement is not globally reliable."}

stdout | tests/integration/meal-planning-presentation-http.test.ts > current-plan compatibility lookup > returns null with no private plan and restores the plan through the actual Worker
[req] GET /api/v1/meal-planning/plans/current 200 4ms 86b98830-4975-4c29-ab6a-b399971e32ac

stderr | tests/integration/meal-planning-presentation-http.test.ts > current-plan compatibility lookup > returns null with no private plan and restores the plan through the actual Worker
{"level":"warn","limiter":"planner-compute","reason":"kv-unbound","message":"Rate limiter degraded to isolate-local counters; enforcement is not globally reliable."}
{"level":"warn","limiter":"meal-planning-expensive","reason":"kv-unbound","message":"Rate limiter degraded to isolate-local counters; enforcement is not globally reliable."}

stdout | tests/integration/meal-planning-presentation-http.test.ts > current-plan compatibility lookup > returns null with no private plan and restores the plan through the actual Worker
{"level":"info","event":"meal_planning_result","status":"feasible","conclusion":"feasible","truncated":false,"states":3}

stdout | tests/integration/meal-planning-presentation-http.test.ts > current-plan compatibility lookup > returns null with no private plan and restores the plan through the actual Worker
[req] GET /api/v1/meal-planning/plans/current 200 12ms 8e00901b-6cc5-4162-a743-f1c5b048ff64

stdout | tests/integration/meal-planning-presentation-http.test.ts > current-plan compatibility lookup > selects newest update, breaks timestamp ties by ID, and includes regenerated revisions
{"level":"info","event":"meal_planning_result","status":"feasible","conclusion":"feasible","truncated":false,"states":3}

stdout | tests/integration/meal-planning-presentation-http.test.ts > current-plan compatibility lookup > selects newest update, breaks timestamp ties by ID, and includes regenerated revisions
{"level":"info","event":"meal_planning_result","status":"feasible","conclusion":"feasible","truncated":false,"states":3}

stdout | tests/integration/meal-planning-presentation-http.test.ts > current-plan compatibility lookup > selects newest update, breaks timestamp ties by ID, and includes regenerated revisions
{"level":"info","event":"meal_planning_result","status":"feasible","conclusion":"feasible","truncated":false,"states":3}

stdout | tests/integration/meal-planning-presentation-http.test.ts > current-plan compatibility lookup > does not return another member or household plan and never ignores current membership
{"level":"info","event":"meal_planning_result","status":"feasible","conclusion":"feasible","truncated":false,"states":3}

stdout | tests/integration/meal-planning-presentation-http.test.ts > current-plan compatibility lookup > does not return another member or household plan and never ignores current membership
{"level":"info","event":"meal_planning_result","status":"feasible","conclusion":"feasible","truncated":false,"states":3}

stdout | tests/integration/meal-planning-presentation-http.test.ts > current-plan compatibility lookup > retains fresh-source inspection without making stale snapshots look current
{"level":"info","event":"meal_planning_result","status":"feasible","conclusion":"feasible","truncated":false,"states":3}

stdout | tests/integration/meal-planning-presentation-http.test.ts > current-plan compatibility lookup > does not mistake membership revoked during lookup for an empty current plan
{"level":"info","event":"meal_planning_result","status":"feasible","conclusion":"feasible","truncated":false,"states":3}

stdout | tests/integration/meal-planning-presentation-http.test.ts > catalog alternative presentation, not eligibility > returns only bounded trusted catalog identity/title, revision-bound and sorted
{"level":"info","event":"meal_planning_result","status":"feasible","conclusion":"feasible","truncated":false,"states":3}

stdout | tests/integration/meal-planning-presentation-http.test.ts > catalog alternative presentation, not eligibility > bounds the result and discloses catalog truncation
{"level":"info","event":"meal_planning_result","status":"feasible","conclusion":"feasible","truncated":false,"states":3}

stdout | tests/integration/meal-planning-presentation-http.test.ts > catalog alternative presentation, not eligibility > does not certify alternatives and unchanged swap still rejects forbidden recipes
{"level":"info","event":"meal_planning_result","status":"feasible","conclusion":"feasible","truncated":false,"states":2}

stdout | tests/integration/meal-planning-presentation-http.test.ts > catalog alternative presentation, not eligibility > does not certify alternatives and unchanged swap still rejects forbidden recipes
{"level":"info","event":"meal_planning_result","status":"infeasible","conclusion":"proven_infeasible","truncated":false,"states":1}

stdout | tests/integration/meal-planning-presentation-http.test.ts > catalog alternative presentation, not eligibility > rechecks revision after the catalog read instead of returning obsolete choices
{"level":"info","event":"meal_planning_result","status":"feasible","conclusion":"feasible","truncated":false,"states":3}

stdout | tests/integration/meal-planning-presentation-http.test.ts > catalog alternative presentation, not eligibility > rechecks revision after the catalog read instead of returning obsolete choices
{"level":"info","event":"meal_planning_result","status":"feasible","conclusion":"feasible","truncated":false,"states":3}

stdout | tests/integration/meal-planning-presentation-http.test.ts > catalog alternative presentation, not eligibility > rechecks membership after the catalog read
{"level":"info","event":"meal_planning_result","status":"feasible","conclusion":"feasible","truncated":false,"states":3}

stdout | tests/integration/meal-planning-presentation-http.test.ts > catalog alternative presentation, not eligibility > rejects malformed query
{"level":"info","event":"meal_planning_result","status":"feasible","conclusion":"feasible","truncated":false,"states":3}

stdout | tests/integration/meal-planning-presentation-http.test.ts > catalog alternative presentation, not eligibility > rejects malformed query ?revision=0
{"level":"info","event":"meal_planning_result","status":"feasible","conclusion":"feasible","truncated":false,"states":3}

 ✓ tests/integration/t19-cooking-hard-restrictions.test.ts (19 tests) 3312ms
stdout | tests/integration/meal-planning-presentation-http.test.ts > catalog alternative presentation, not eligibility > rejects malformed query ?revision=-1
{"level":"info","event":"meal_planning_result","status":"feasible","conclusion":"feasible","truncated":false,"states":3}

stdout | tests/integration/meal-planning-presentation-http.test.ts > catalog alternative presentation, not eligibility > rejects malformed query ?revision=1.5
{"level":"info","event":"meal_planning_result","status":"feasible","conclusion":"feasible","truncated":false,"states":3}

stdout | tests/integration/meal-planning-presentation-http.test.ts > catalog alternative presentation, not eligibility > rejects malformed query ?revision=1e0
{"level":"info","event":"meal_planning_result","status":"feasible","conclusion":"feasible","truncated":false,"states":3}

stderr | tests/integration/inventory-patch-parity.test.ts > T09 adopted PATCH semantic parity > rejects changed storage under a committed key
{"level":"warn","limiter":"rl_inv_w","reason":"kv-unbound","message":"Rate limiter degraded to isolate-local counters; enforcement is not globally reliable."}

stdout | tests/integration/meal-planning-presentation-http.test.ts > catalog alternative presentation, not eligibility > rejects malformed query ?revision=9007199254740992
{"level":"info","event":"meal_planning_result","status":"feasible","conclusion":"feasible","truncated":false,"states":3}

stdout | tests/integration/meal-planning-presentation-http.test.ts > catalog alternative presentation, not eligibility > rejects malformed query ?revision=1&revision=2
{"level":"info","event":"meal_planning_result","status":"feasible","conclusion":"feasible","truncated":false,"states":3}

stdout | tests/integration/meal-planning-presentation-http.test.ts > catalog alternative presentation, not eligibility > rejects malformed query ?revision=1&householdId=foreign
{"level":"info","event":"meal_planning_result","status":"feasible","conclusion":"feasible","truncated":false,"states":3}

stdout | tests/integration/meal-planning-presentation-http.test.ts > on-demand explanations and HTTP guard inheritance > defaults to deterministic IDs without mutation or AI during basic reads
{"level":"info","event":"meal_planning_result","status":"feasible","conclusion":"feasible","truncated":false,"states":3}

stdout | tests/integration/meal-planning-presentation-http.test.ts > on-demand explanations and HTTP guard inheritance > calls AI only on explicit request and sends no names, quantities, IDs or household data
{"level":"info","event":"meal_planning_result","status":"feasible","conclusion":"feasible","truncated":false,"states":3}

stdout | tests/integration/meal-planning-presentation-http.test.ts > on-demand explanations and HTTP guard inheritance > falls back through the actual Worker when native provider is unavailable
{"level":"info","event":"meal_planning_result","status":"feasible","conclusion":"feasible","truncated":false,"states":3}

stdout | tests/integration/meal-planning-presentation-http.test.ts > on-demand explanations and HTTP guard inheritance > falls back through the actual Worker when native provider is unavailable
[req] POST /api/v1/meal-planning/plans/7fef4a65-3740-4b07-b219-d714a687d1a6/explanation 200 1ms 169b38ce-fd8c-4148-b4f7-1bf96dd578bc

stdout | tests/integration/meal-planning-presentation-http.test.ts > on-demand explanations and HTTP guard inheritance > counts generation toward the aggregate budget before a tenth AI request
{"level":"info","event":"meal_planning_result","status":"feasible","conclusion":"feasible","truncated":false,"states":3}

stdout | tests/integration/meal-planning-presentation-http.test.ts > on-demand explanations and HTTP guard inheritance > rejects stale revision for both new plan-specific actions
{"level":"info","event":"meal_planning_result","status":"feasible","conclusion":"feasible","truncated":false,"states":3}

stdout | tests/integration/meal-planning-presentation-http.test.ts > on-demand explanations and HTTP guard inheritance > rejects stale revision for both new plan-specific actions
{"level":"info","event":"meal_planning_result","status":"feasible","conclusion":"feasible","truncated":false,"states":3}

stdout | tests/integration/meal-planning-presentation-http.test.ts > on-demand explanations and HTTP guard inheritance > rechecks revision after provider latency and rejects an obsolete explanation
{"level":"info","event":"meal_planning_result","status":"feasible","conclusion":"feasible","truncated":false,"states":3}

stdout | tests/integration/meal-planning-presentation-http.test.ts > on-demand explanations and HTTP guard inheritance > rechecks revision after provider latency and rejects an obsolete explanation
{"level":"info","event":"meal_planning_result","status":"feasible","conclusion":"feasible","truncated":false,"states":3}

stdout | tests/integration/meal-planning-presentation-http.test.ts > on-demand explanations and HTTP guard inheritance > rechecks current membership after provider latency
{"level":"info","event":"meal_planning_result","status":"feasible","conclusion":"feasible","truncated":false,"states":3}

stdout | tests/integration/meal-planning-presentation-http.test.ts > on-demand explanations and HTTP guard inheritance > rejects private access, unauthenticated access, disabled flag and owner-fence mismatch
{"level":"info","event":"meal_planning_result","status":"feasible","conclusion":"feasible","truncated":false,"states":3}

stdout | tests/integration/meal-planning-presentation-http.test.ts > on-demand explanations and HTTP guard inheritance > keeps CSRF and strict explanation intent/selected-slot validation
{"level":"info","event":"meal_planning_result","status":"feasible","conclusion":"feasible","truncated":false,"states":3}

stdout | tests/integration/meal-planning-presentation-http.test.ts > on-demand explanations and HTTP guard inheritance > keeps CSRF and strict explanation intent/selected-slot validation
[req] POST /api/v1/meal-planning/plans/3a30bc85-1c99-4388-aa36-5dd305c0439c/explanation 403 0ms 5ba73781-e9b3-40a1-bddd-4f17dab97af4

 ✓ tests/integration/meal-planning-presentation-http.test.ts (27 tests) 3200ms
 ✓ tests/integration/inventory-patch-parity.test.ts (25 tests) 3213ms
 ✓ tests/unit/t21rc2t-identity-topology.test.mjs (11 tests) 3170ms
   ✓ T21RC2T committed offline source and deterministic scale > bounds the exact forensic-scale input and produces a permutation-stable aggregate  2049ms
 ✓ tests/integration/inventory-guest-transfer.test.ts (26 tests) 2993ms
stdout | tests/integration/ui03-discovery-api.test.ts > UI03 authenticated discovery > 24 summaries stay under100KiB; Home3 and detail remain separate; media reads only selected IDs
{"summaryBytes":14117,"gzipBytes":2941,"items":24}

stderr | tests/integration/inventory-read-authority.test.ts > T11 HTTP read cutover > funnel: adopted households bypass the KV cache; authority read failures fail closed
T11 authority read failed: LotCommandError: CORRUPT_RECEIPT
    at readAdoptedMappings (/Users/tunbee27/Documents/Tako-san-ui-rebuild/packages/db/src/inventory-lot-commands.ts:113:11)
    at readMappedLotSnapshot (/Users/tunbee27/Documents/Tako-san-ui-rebuild/packages/db/src/inventory-lot-commands.ts:205:24)
    at readAdoptedLotSnapshot (/Users/tunbee27/Documents/Tako-san-ui-rebuild/packages/db/src/inventory-lot-commands.ts:617:20)
    at readInventoryAuthority (/Users/tunbee27/Documents/Tako-san-ui-rebuild/packages/db/src/inventory-read-authority.ts:115:20)
    at fetchHouseholdInventoryFromDb (/Users/tunbee27/Documents/Tako-san-ui-rebuild/src/worker/routes/inventory.ts:507:25)
    at /Users/tunbee27/Documents/Tako-san-ui-rebuild/tests/integration/inventory-read-authority.test.ts:356:5
    at file:///Users/tunbee27/Documents/Tako-san-ui-rebuild/node_modules/.pnpm/@vitest+runner@3.2.7/node_modules/@vitest/runner/dist/chunk-hooks.js:752:20 {
  code: 'CORRUPT_RECEIPT'
}

 ✓ tests/integration/inventory-read-authority.test.ts (28 tests) 3007ms
 ✓ tests/integration/ui03-discovery-api.test.ts (22 tests) 2933ms
   ✓ UI03 authenticated discovery > all21 pages cover500 unique recipes in identical deterministic order on reload  345ms
stdout | tests/integration/recipe-catalog-growth-authority.test.ts > T14F — static 71 vs reviewed D1 release: readiness, shadow, canary, d1 > shadow: user response is static 71, the D1 release verifies READY, and reviewed growth is logged at level info (not drift)
{"event":"recipe_catalog_shadow","catalog_source":"static","catalog_mode":"shadow","status":"compared","catalog_static_count":71,"level":"info","catalog_d1_count":500,"catalog_complete_count":500,"catalog_hydrated_count":500,"catalog_static_only_count":0,"catalog_d1_only_count":429,"catalog_drift_count":0,"catalog_order_drift_count":0,"catalog_hydration_failure_count":0,"catalog_lookup_ms":125,"release_id":"rel-bd00a4f53fcaeee4","release_expected_count":500,"release_readiness":"ready","release_readiness_code":null,"release_reviewed_growth_count":429,"drift_sample":[],"order_drift_sample":[],"hydration_failure_sample":[]}

stdout | tests/integration/recipe-catalog-growth-authority.test.ts > T14F — HTTP user flows on the 500-recipe D1 release (list, detail, recommendations, planner, regenerate, swap, cooking) > GET /recipes: static returns 71, d1 returns 500 in release order (legacy prefix identical); detail resolves an imported recipe by id and slug
T14F recipe_list_response: recipe_count=500 response_bytes=778619 static_bytes=144402

 ✓ tests/unit/t21rc4-identity-gate.test.mjs (10 tests) 2925ms
   ✓ C4I review-binding gate > accepts reviewed C4I bytes followed by an unrelated documentation commit  837ms
   ✓ C4I review-binding gate > rejects every changed C4I execution byte after review  1707ms
 ✓ tests/integration/recipe-catalog-growth-authority.test.ts (9 tests) 2793ms
   ✓ T14F — static 71 vs reviewed D1 release: readiness, shadow, canary, d1 > shadow: user response is static 71, the D1 release verifies READY, and reviewed growth is logged at level info (not drift)  467ms
   ✓ T14F — HTTP user flows on the 500-recipe D1 release (list, detail, recommendations, planner, regenerate, swap, cooking) > GET /recipes: static returns 71, d1 returns 500 in release order (legacy prefix identical); detail resolves an imported recipe by id and slug  325ms
   ✓ T14F — HTTP user flows on the 500-recipe D1 release (list, detail, recommendations, planner, regenerate, swap, cooking) > GET /recommendations over 500 recipes: equals rankRecipes on the D1 snapshot, no duplicate IDs, deterministic ties, an imported recipe is cookable without buying  396ms
   ✓ T14F — HTTP user flows on the 500-recipe D1 release (list, detail, recommendations, planner, regenerate, swap, cooking) > week planner on the D1 release: generate, regenerate, swap alternatives and an executed swap to an imported recipe; no hidden 71 truncation  348ms
   ✓ T14F — HTTP user flows on the 500-recipe D1 release (list, detail, recommendations, planner, regenerate, swap, cooking) > T14F-C: Batch B (t14f-scale-399-v1) recipes from several cuisines participate in list/detail, recommendations, planner swap and cooking under the 500 D1 authority; pilot recipes still resolve  510ms
stdout | tests/integration/recipe-catalog-growth.test.ts > T14F — fresh SQLite replay of the full ledger (0001 → tip) > recipes=500: legacy 71 + imported 429; contiguous runtime order; complete rows; pending hero media; FK/quick_check clean
T14F catalog counts: {"recipes":500,"recipe_ingredients":2702,"recipe_steps":2064,"recipe_runtime_fields":500,"recipe_runtime_ingredient_order":2702,"recipe_classifications":858,"nutrition_profiles":0,"recipe_nutrition":0,"recipe_media":500}

 ✓ tests/unit/composition-flags.test.mjs (22 tests) 2778ms
   ✓ T20 composition flags: build consistency guard > CLI exits 0 for off/off and on/on, non-zero for mismatch or missing flags  1510ms
   ✓ T20 production planner prerequisite > cannot pass the production CLI guard with T20 on while the compiled planner or Worker prerequisite is missing  1255ms
 ✓ tests/integration/recipe-catalog-growth.test.ts (14 tests) 2759ms
   ✓ T14F — Catalog Release Manifest and D1 readiness on the grown ledger > negative controls fail closed: one fewer / one extra recipe, wrong imported ID, wrong order, legacy mutation, imported mutation, stub row, pilot-only DB vs full manifest  1323ms
 ✓ tests/integration/t20-meal-composition-http.test.ts (4 tests) 2633ms
   ✓ T20 V1 compatibility > a V1 one-recipe plan reads as a valid one-component composition without changing the V1 contract  722ms
   ✓ T20 V1 compatibility > composition routes are 404 while the V2 flag is off and V1 behaves unchanged  397ms
   ✓ T20 manual builder > add / lock / swap / reorder / remove persist server-side with one shared revision  1250ms
stdout | tests/e2e/t07-operations.test.mjs > T07 real Worker operational observations > records bounded representative flow observations without performance thresholds
T07_OPERATION_OBSERVATIONS [{"name":"generate","wallMs":456.37,"statements":13,"batches":1,"bytes":16554,"plannerStates":297},{"name":"regenerate","wallMs":390.89,"statements":11,"batches":1,"bytes":16554,"plannerStates":297},{"name":"alternatives","wallMs":6.58,"statements":11,"batches":1,"bytes":4449,"plannerStates":null},{"name":"swap","wallMs":333.03,"statements":11,"batches":1,"bytes":16423,"plannerStates":250},{"name":"shopping","wallMs":18.92,"statements":11,"batches":1,"bytes":17211,"plannerStates":null},{"name":"current","wallMs":7.27,"statements":11,"batches":1,"bytes":16432,"plannerStates":null}]

stdout | tests/e2e/t07-operations.test.mjs > T07 real Worker operational observations > keeps the resolved D1 authority when optional catalog enrichment fails without leaking private SQL
{"level":"info","event":"meal_planning_result","status":"feasible","conclusion":"feasible","truncated":true,"states":297}

stdout | tests/e2e/t07-operations.test.mjs > T07 real Worker operational observations > keeps the resolved D1 authority when optional catalog enrichment fails without leaking private SQL
[req] POST /api/v1/meal-planning/plans 200 490ms d24fd490-077f-4a87-87a6-d7999a403175

stdout | tests/e2e/t07-operations.test.mjs > T07 real Worker operational observations > reports an empty catalog honestly instead of inventing a fallback plan
{"level":"info","event":"meal_planning_result","status":"feasible","conclusion":"feasible","truncated":true,"states":297}

stdout | tests/e2e/t07-operations.test.mjs > T07 real Worker operational observations > reports an empty catalog honestly instead of inventing a fallback plan
[req] POST /api/v1/meal-planning/plans 200 385ms cdef0b51-6308-4370-91d7-e02edae59575

stdout | tests/e2e/t07-operations.test.mjs > T07 real Worker operational observations > reports an empty catalog honestly instead of inventing a fallback plan
{"level":"info","event":"meal_planning_result","status":"infeasible","conclusion":"proven_infeasible","truncated":false,"states":1}

stdout | tests/e2e/t07-operations.test.mjs > T07 real Worker operational observations > reports an empty catalog honestly instead of inventing a fallback plan
[req] POST /api/v1/meal-planning/plans 200 4ms e5128273-58dd-4cef-8f26-313eee195881

 ✓ tests/e2e/t07-operations.test.mjs (3 tests) 2568ms
   ✓ T07 real Worker operational observations > records bounded representative flow observations without performance thresholds  1310ms
   ✓ T07 real Worker operational observations > keeps the resolved D1 authority when optional catalog enrichment fails without leaking private SQL  757ms
   ✓ T07 real Worker operational observations > reports an empty catalog honestly instead of inventing a fallback plan  500ms
 ✓ tests/unit/t21rc2-production-capture.test.mjs (79 tests) 2659ms
   ✓ T21R-C2 runner-local privacy on success and failure > runs the executable capture/classify/receipt pipeline with certified-source synthetic data and mocked Cloudflare only  1422ms
   ✓ T21R-C2 runner-local privacy on success and failure > the real CLI failure path never prints passed raw markers or subprocess stack traces  362ms
stdout | tests/integration/recipe-media-route.test.ts > T14C — GET /api/v1/recipe-media/:recipeId/:role/:version (secure same-origin serving) > serves a ready canonical asset without auth, with immutable cache, ETag from the promotion-verified content hash, nosniff and exact MIME
[req] GET /api/v1/recipe-media/gl-01/hero/2 200 2ms 8bd6f0e8-bb9c-4ec3-97b6-6c4c16463066

stdout | tests/integration/recipe-media-route.test.ts > T14C — GET /api/v1/recipe-media/:recipeId/:role/:version (secure same-origin serving) > serves a ready canonical asset without auth, with immutable cache, ETag from the promotion-verified content hash, nosniff and exact MIME
[req] GET /api/v1/recipe-media/gl-01/hero/2 304 0ms abbe7440-f833-422a-b435-29b700a95810

stdout | tests/integration/recipe-media-route.test.ts > T14C — GET /api/v1/recipe-media/:recipeId/:role/:version (secure same-origin serving) > serves a ready canonical asset without auth, with immutable cache, ETag from the promotion-verified content hash, nosniff and exact MIME
[req] HEAD /api/v1/recipe-media/gl-01/hero/2 200 1ms 4dc8a945-0524-4cdf-99c7-e9160c5e6028

stdout | tests/integration/recipe-media-route.test.ts > T14C — GET /api/v1/recipe-media/:recipeId/:role/:version (secure same-origin serving) > unknown recipe (/api/v1/recipe-media/no-such-recipe/hero/1) → 404 RECIPE_MEDIA_NOT_FOUND with no-store and no R2 access
[req] GET /api/v1/recipe-media/no-such-recipe/hero/1 404 1ms e71d7370-58e7-4729-a1b7-28c286e8e7d3

stdout | tests/integration/recipe-media-route.test.ts > T14C — GET /api/v1/recipe-media/:recipeId/:role/:version (secure same-origin serving) > invalid role (/api/v1/recipe-media/gl-01/banner/2) → 404 RECIPE_MEDIA_INVALID_ROLE with no-store and no R2 access
[req] GET /api/v1/recipe-media/gl-01/banner/2 404 1ms 70def154-7dca-448d-a908-16b75718ff89

stdout | tests/integration/recipe-media-route.test.ts > T14C — GET /api/v1/recipe-media/:recipeId/:role/:version (secure same-origin serving) > version zero (/api/v1/recipe-media/gl-01/hero/0) → 404 RECIPE_MEDIA_INVALID_VERSION with no-store and no R2 access
[req] GET /api/v1/recipe-media/gl-01/hero/0 404 0ms bfc1ce2f-2e06-4780-a0ff-e5f7bee80bc9

stdout | tests/integration/recipe-media-route.test.ts > T14C — GET /api/v1/recipe-media/:recipeId/:role/:version (secure same-origin serving) > negative version (/api/v1/recipe-media/gl-01/hero/-1) → 404 RECIPE_MEDIA_INVALID_VERSION with no-store and no R2 access
[req] GET /api/v1/recipe-media/gl-01/hero/-1 404 0ms fb317aec-bfd3-4074-9c6f-46519d696106

stdout | tests/integration/recipe-media-route.test.ts > T14C — GET /api/v1/recipe-media/:recipeId/:role/:version (secure same-origin serving) > huge version (/api/v1/recipe-media/gl-01/hero/99999999999) → 404 RECIPE_MEDIA_INVALID_VERSION with no-store and no R2 access
[req] GET /api/v1/recipe-media/gl-01/hero/99999999999 404 1ms dae3e401-0379-4998-bdbf-4ceb350fe8ba

stdout | tests/integration/recipe-media-route.test.ts > T14C — GET /api/v1/recipe-media/:recipeId/:role/:version (secure same-origin serving) > non-numeric version (/api/v1/recipe-media/gl-01/hero/v2.webp) → 404 RECIPE_MEDIA_INVALID_VERSION with no-store and no R2 access
[req] GET /api/v1/recipe-media/gl-01/hero/v2.webp 404 0ms d74abb0f-3b40-41c4-a529-7db03e49dd22

stdout | tests/integration/recipe-media-route.test.ts > T14C — GET /api/v1/recipe-media/:recipeId/:role/:version (secure same-origin serving) > float version (/api/v1/recipe-media/gl-01/hero/2.0) → 404 RECIPE_MEDIA_INVALID_VERSION with no-store and no R2 access
[req] GET /api/v1/recipe-media/gl-01/hero/2.0 404 1ms 85541c2d-9ba4-4e41-a696-d7ba1dfaf365

stdout | tests/integration/recipe-media-route.test.ts > T14C — GET /api/v1/recipe-media/:recipeId/:role/:version (secure same-origin serving) > uppercase recipe id (/api/v1/recipe-media/GL-01/hero/2) → 404 RECIPE_MEDIA_INVALID_RECIPE with no-store and no R2 access
[req] GET /api/v1/recipe-media/GL-01/hero/2 404 0ms 89eb3fac-8818-41e1-97ff-984a82460cf9

stdout | tests/integration/recipe-media-route.test.ts > T14C — GET /api/v1/recipe-media/:recipeId/:role/:version (secure same-origin serving) > encoded slash (/api/v1/recipe-media/gl-01%2f..%2fusers/hero/2) → 404 RECIPE_MEDIA_INVALID_PATH with no-store and no R2 access
[req] GET /api/v1/recipe-media/gl-01%2f..%2fusers/hero/2 404 0ms fc6a2b01-6142-4d32-91c3-7ada0c2bdcea

stdout | tests/integration/recipe-media-route.test.ts > T14C — GET /api/v1/recipe-media/:recipeId/:role/:version (secure same-origin serving) > double encoding (/api/v1/recipe-media/gl-01%252f/hero/2) → 404 RECIPE_MEDIA_INVALID_PATH with no-store and no R2 access
[req] GET /api/v1/recipe-media/gl-01%252f/hero/2 404 0ms 2a95fa36-0ea6-4b3f-a4fc-772b1194930e

stdout | tests/integration/recipe-media-route.test.ts > T14C — GET /api/v1/recipe-media/:recipeId/:role/:version (secure same-origin serving) > encoded backslash (/api/v1/recipe-media/gl-01%5c..%5cx/hero/2) → 404 RECIPE_MEDIA_INVALID_PATH with no-store and no R2 access
[req] GET /api/v1/recipe-media/gl-01\..\x/hero/2 404 0ms 34dea334-de16-47a6-845f-fb00660fcaec

stdout | tests/integration/recipe-media-route.test.ts > T14C — GET /api/v1/recipe-media/:recipeId/:role/:version (secure same-origin serving) > pending version (seeded v1) (/api/v1/recipe-media/gl-02/hero/1) → 409 RECIPE_MEDIA_PENDING with no-store and no R2 access
[req] GET /api/v1/recipe-media/gl-02/hero/1 409 0ms e98e81e0-1172-415d-ac77-8524753dc361

stdout | tests/integration/recipe-media-route.test.ts > T14C — GET /api/v1/recipe-media/:recipeId/:role/:version (secure same-origin serving) > unknown version (/api/v1/recipe-media/gl-01/hero/9) → 404 RECIPE_MEDIA_NOT_FOUND with no-store and no R2 access
[req] GET /api/v1/recipe-media/gl-01/hero/9 404 0ms 0ff58eb3-b0c4-494b-bdcd-4fe40816f5ee

stdout | tests/integration/recipe-media-route.test.ts > T14C — GET /api/v1/recipe-media/:recipeId/:role/:version (secure same-origin serving) > traversal in raw or encoded path segments can only ever reach the trusted derived key, never an arbitrary object
[req] GET /api/users/x/hero/2 200 1ms 440a9176-24ed-49c4-ad83-bbd0ea7a2961

stdout | tests/integration/recipe-media-route.test.ts > T14C — GET /api/v1/recipe-media/:recipeId/:role/:version (secure same-origin serving) > traversal in raw or encoded path segments can only ever reach the trusted derived key, never an arbitrary object
[req] GET /api/v1/hero/2 401 0ms 0aae3242-d128-4fbd-9d5c-922731696cf1

stdout | tests/integration/recipe-media-route.test.ts > T14C — GET /api/v1/recipe-media/:recipeId/:role/:version (secure same-origin serving) > traversal in raw or encoded path segments can only ever reach the trusted derived key, never an arbitrary object
[req] GET /api/v1/recipe-media/gl-01/hero/2\x00 404 1ms f7a45d84-daab-48bd-8680-b30eaf32bd5e

stdout | tests/integration/recipe-media-route.test.ts > T14C — GET /api/v1/recipe-media/:recipeId/:role/:version (secure same-origin serving) > traversal in raw or encoded path segments can only ever reach the trusted derived key, never an arbitrary object
[req] GET /api/v1/recipe-media/gl-01/hero/2 200 0ms 573bc343-efef-4867-8180-8bfa790555a9

stdout | tests/integration/recipe-media-route.test.ts > T14C — GET /api/v1/recipe-media/:recipeId/:role/:version (secure same-origin serving) > traversal in raw or encoded path segments can only ever reach the trusted derived key, never an arbitrary object
[req] GET /api/v1/recipe-media/..%2f..%2fusers%2fx%2fscans%2fy%2foriginal.webp/hero/2 404 0ms 3107afec-3601-4182-b97a-a78aa3be16eb

stdout | tests/integration/recipe-media-route.test.ts > T14C — GET /api/v1/recipe-media/:recipeId/:role/:version (secure same-origin serving) > traversal in raw or encoded path segments can only ever reach the trusted derived key, never an arbitrary object
[req] GET /api/v1/recipe-media/gl-01/hero/2 200 0ms e679dcb6-97b0-45f5-b69f-9e65124989b5

stdout | tests/integration/recipe-media-route.test.ts > T14C — GET /api/v1/recipe-media/:recipeId/:role/:version (secure same-origin serving) > traversal in raw or encoded path segments can only ever reach the trusted derived key, never an arbitrary object
[req] GET /api/v1/recipe-media/gl-01/hero/2 200 1ms cff1710a-9f40-491f-81df-64d2e43142f1

stdout | tests/integration/recipe-media-route.test.ts > T14C — GET /api/v1/recipe-media/:recipeId/:role/:version (secure same-origin serving) > rejected and superseded versions are 409; a superseded version does not serve stale bytes
[req] GET /api/v1/recipe-media/gl-01/hero/2 409 0ms 70d42fa2-d355-495f-a6c3-0d3de80f02f5

stdout | tests/integration/recipe-media-route.test.ts > T14C — GET /api/v1/recipe-media/:recipeId/:role/:version (secure same-origin serving) > rejected and superseded versions are 409; a superseded version does not serve stale bytes
[req] GET /api/v1/recipe-media/gl-03/hero/1 409 1ms 67b49751-3565-4c41-958f-52a8d5f071b4

stdout | tests/integration/recipe-media-route.test.ts > T14C — GET /api/v1/recipe-media/:recipeId/:role/:version (secure same-origin serving) > rejected and superseded versions are 409; a superseded version does not serve stale bytes
[req] GET /api/v1/recipe-media/gl-01/hero/3 200 0ms 8cb69692-9de1-47bb-b8e4-f58aec22b8a7

stdout | tests/integration/recipe-media-route.test.ts > T14C — GET /api/v1/recipe-media/:recipeId/:role/:version (secure same-origin serving) > missing R2 object → 404 + diagnostic; object MIME mismatch → 415; size mismatch → 409; never unrelated bytes
[req] GET /api/v1/recipe-media/gl-01/hero/2 404 1ms 01cbd462-7406-44e3-a660-2763dbd0acad

stdout | tests/integration/recipe-media-route.test.ts > T14C — GET /api/v1/recipe-media/:recipeId/:role/:version (secure same-origin serving) > missing R2 object → 404 + diagnostic; object MIME mismatch → 415; size mismatch → 409; never unrelated bytes
[req] GET /api/v1/recipe-media/gl-01/hero/2 415 0ms 4d5073e1-0bab-4d76-8e9e-07631e9e58a6

stdout | tests/integration/recipe-media-route.test.ts > T14C — GET /api/v1/recipe-media/:recipeId/:role/:version (secure same-origin serving) > missing R2 object → 404 + diagnostic; object MIME mismatch → 415; size mismatch → 409; never unrelated bytes
[req] GET /api/v1/recipe-media/gl-01/hero/2 409 0ms 981d478e-05ad-4839-a994-1078a084cf80

stdout | tests/integration/recipe-media-route.test.ts > T14C — GET /api/v1/recipe-media/:recipeId/:role/:version (secure same-origin serving) > non-canonical storage keys are now rejected by SQL itself; a status flipped to ready behind the helpers still fails closed at the route
[req] GET /api/v1/recipe-media/gl-01/hero/2 404 0ms 353dbe54-8714-45ea-9b89-fe651890eee9

stdout | tests/integration/recipe-media-route.test.ts > T14C — GET /api/v1/recipe-media/:recipeId/:role/:version (secure same-origin serving) > no DB or no IMAGES binding → 503, never 500; D1 read failure → 503 with diagnostic
[req] GET /api/v1/recipe-media/gl-01/hero/2 503 0ms fee69d5f-e630-4e8d-b154-e697b715d67b

stdout | tests/integration/recipe-media-route.test.ts > T14C — GET /api/v1/recipe-media/:recipeId/:role/:version (secure same-origin serving) > no DB or no IMAGES binding → 503, never 500; D1 read failure → 503 with diagnostic
[req] GET /api/v1/recipe-media/gl-01/hero/2 503 0ms 5f29d02d-cf5b-4c0f-9ef9-fa7922511705

stdout | tests/integration/recipe-media-route.test.ts > T14C — GET /api/v1/recipe-media/:recipeId/:role/:version (secure same-origin serving) > diagnostics are bounded per window and never include bytes/keys
[req] GET /api/v1/recipe-media/gl-01/hero/2 404 0ms 835809a9-9ea2-4351-9af1-9c0fa25726ab

stdout | tests/integration/recipe-media-route.test.ts > T14C — GET /api/v1/recipe-media/:recipeId/:role/:version (secure same-origin serving) > diagnostics are bounded per window and never include bytes/keys
[req] GET /api/v1/recipe-media/gl-01/hero/2 404 0ms 6b26d2b2-4a28-4189-a5b4-029786908e37

stdout | tests/integration/recipe-media-route.test.ts > T14C — GET /api/v1/recipe-media/:recipeId/:role/:version (secure same-origin serving) > diagnostics are bounded per window and never include bytes/keys
[req] GET /api/v1/recipe-media/gl-01/hero/2 404 0ms 8a948e74-b7f4-4866-af87-a0239ff9d383

stdout | tests/integration/recipe-media-route.test.ts > T14C — GET /api/v1/recipe-media/:recipeId/:role/:version (secure same-origin serving) > diagnostics are bounded per window and never include bytes/keys
[req] GET /api/v1/recipe-media/gl-01/hero/2 404 0ms 13ef18e1-28e6-4c9a-af32-6c8221306b57

stdout | tests/integration/recipe-media-route.test.ts > T14C — GET /api/v1/recipe-media/:recipeId/:role/:version (secure same-origin serving) > diagnostics are bounded per window and never include bytes/keys
[req] GET /api/v1/recipe-media/gl-01/hero/2 404 0ms 12875d18-2128-4cd6-8134-c2f41646bf11

stdout | tests/integration/recipe-media-route.test.ts > T14C — GET /api/v1/recipe-media/:recipeId/:role/:version (secure same-origin serving) > diagnostics are bounded per window and never include bytes/keys
[req] GET /api/v1/recipe-media/gl-01/hero/2 404 0ms ad03661d-b219-45c0-8aa1-6a14a031a9c1

stdout | tests/integration/recipe-media-route.test.ts > T14C — GET /api/v1/recipe-media/:recipeId/:role/:version (secure same-origin serving) > diagnostics are bounded per window and never include bytes/keys
[req] GET /api/v1/recipe-media/gl-01/hero/2 404 0ms 12796abd-9ce9-4a52-b84c-0eafc099db52

stdout | tests/integration/recipe-media-route.test.ts > T14C — GET /api/v1/recipe-media/:recipeId/:role/:version (secure same-origin serving) > diagnostics are bounded per window and never include bytes/keys
[req] GET /api/v1/recipe-media/gl-01/hero/2 404 0ms 4aca73a9-43bc-4886-ac0e-7404e3fd4a3f

stdout | tests/integration/recipe-media-route.test.ts > T14C — GET /api/v1/recipe-media/:recipeId/:role/:version (secure same-origin serving) > diagnostics are bounded per window and never include bytes/keys
[req] GET /api/v1/recipe-media/gl-01/hero/2 404 0ms 1a01b20d-6624-44e8-b8a9-a6ba35c01e42

stdout | tests/integration/recipe-media-route.test.ts > T14C — GET /api/v1/recipe-media/:recipeId/:role/:version (secure same-origin serving) > diagnostics are bounded per window and never include bytes/keys
[req] GET /api/v1/recipe-media/gl-01/hero/2 404 0ms 6e9782da-b665-4768-af03-f78bafa4d8e3

stdout | tests/integration/recipe-media-route.test.ts > T14C — GET /api/v1/recipe-media/:recipeId/:role/:version (secure same-origin serving) > diagnostics are bounded per window and never include bytes/keys
[req] GET /api/v1/recipe-media/gl-01/hero/2 404 1ms 581ae267-6b36-49d1-817e-b11eac5d0bbb

stdout | tests/integration/recipe-media-route.test.ts > T14C — GET /api/v1/recipe-media/:recipeId/:role/:version (secure same-origin serving) > diagnostics are bounded per window and never include bytes/keys
[req] GET /api/v1/recipe-media/gl-01/hero/2 404 0ms 17ff2844-6af4-4aea-9709-14c5df4dd69d

stdout | tests/integration/recipe-media-route.test.ts > T14C — GET /api/v1/recipe-media/:recipeId/:role/:version (secure same-origin serving) > diagnostics are bounded per window and never include bytes/keys
[req] GET /api/v1/recipe-media/gl-01/hero/2 404 0ms 27011a3a-2cad-4ecd-a2d8-c3e422d03ad2

stdout | tests/integration/recipe-media-route.test.ts > T14C — GET /api/v1/recipe-media/:recipeId/:role/:version (secure same-origin serving) > diagnostics are bounded per window and never include bytes/keys
[req] GET /api/v1/recipe-media/gl-01/hero/2 404 0ms 743ea89d-0255-49f7-b0d6-444e9c6f27cd

stdout | tests/integration/recipe-media-route.test.ts > T14C — GET /api/v1/recipe-media/:recipeId/:role/:version (secure same-origin serving) > diagnostics are bounded per window and never include bytes/keys
[req] GET /api/v1/recipe-media/gl-01/hero/2 404 0ms 3fa4017c-574d-431a-b897-64cd786ce32d

stdout | tests/integration/recipe-media-route.test.ts > T14C — GET /api/v1/recipe-media/:recipeId/:role/:version (secure same-origin serving) > diagnostics are bounded per window and never include bytes/keys
[req] GET /api/v1/recipe-media/gl-01/hero/2 404 0ms a0a487f5-4d34-426c-a4c9-cb5f995327f6

stdout | tests/integration/recipe-media-route.test.ts > T14C — GET /api/v1/recipe-media/:recipeId/:role/:version (secure same-origin serving) > diagnostics are bounded per window and never include bytes/keys
[req] GET /api/v1/recipe-media/gl-01/hero/2 404 1ms ea3f8eed-220c-4d2c-bc79-e135bde5f175

stdout | tests/integration/recipe-media-route.test.ts > T14C — GET /api/v1/recipe-media/:recipeId/:role/:version (secure same-origin serving) > diagnostics are bounded per window and never include bytes/keys
[req] GET /api/v1/recipe-media/gl-01/hero/2 404 0ms bf56a0de-4d04-4fb6-aa58-3e5ba0dd27ea

stdout | tests/integration/recipe-media-route.test.ts > T14C — GET /api/v1/recipe-media/:recipeId/:role/:version (secure same-origin serving) > diagnostics are bounded per window and never include bytes/keys
[req] GET /api/v1/recipe-media/gl-01/hero/2 404 0ms fd7a2d76-831d-4107-b19c-110801072d40

stdout | tests/integration/recipe-media-route.test.ts > T14C — GET /api/v1/recipe-media/:recipeId/:role/:version (secure same-origin serving) > diagnostics are bounded per window and never include bytes/keys
[req] GET /api/v1/recipe-media/gl-01/hero/2 404 0ms d06eaed2-60b6-42db-82ec-01deabbbf7af

stdout | tests/integration/recipe-media-route.test.ts > T14C — GET /api/v1/recipe-media/:recipeId/:role/:version (secure same-origin serving) > diagnostics are bounded per window and never include bytes/keys
[req] GET /api/v1/recipe-media/gl-01/hero/2 404 0ms e9c07aa4-fe81-453b-912f-ab4617141b91

stdout | tests/integration/recipe-media-route.test.ts > T14C — GET /api/v1/recipe-media/:recipeId/:role/:version (secure same-origin serving) > diagnostics are bounded per window and never include bytes/keys
[req] GET /api/v1/recipe-media/gl-01/hero/2 404 0ms 31ee59a9-72c4-4d81-82df-3d20397769b9

stdout | tests/integration/recipe-media-route.test.ts > T14C — GET /api/v1/recipe-media/:recipeId/:role/:version (secure same-origin serving) > diagnostics are bounded per window and never include bytes/keys
[req] GET /api/v1/recipe-media/gl-01/hero/2 404 1ms dc813d85-b515-43af-9833-db10b38110b4

stdout | tests/integration/recipe-media-route.test.ts > T14C — GET /api/v1/recipe-media/:recipeId/:role/:version (secure same-origin serving) > diagnostics are bounded per window and never include bytes/keys
[req] GET /api/v1/recipe-media/gl-01/hero/2 404 0ms b923b2f9-f191-4c40-943b-d229ed541f67

stdout | tests/integration/recipe-media-route.test.ts > T14C — GET /api/v1/recipe-media/:recipeId/:role/:version (secure same-origin serving) > diagnostics are bounded per window and never include bytes/keys
[req] GET /api/v1/recipe-media/gl-01/hero/2 404 0ms 59a739be-45fd-4e73-9bc8-1b64d9ed2df3

stdout | tests/integration/recipe-media-route.test.ts > T14C — GET /api/v1/recipe-media/:recipeId/:role/:version (secure same-origin serving) > diagnostics are bounded per window and never include bytes/keys
[req] GET /api/v1/recipe-media/gl-01/hero/2 404 0ms 128c0a72-e136-4f61-ad87-8fb2c9d000de

stdout | tests/integration/recipe-media-route.test.ts > T14C — GET /api/v1/recipe-media/:recipeId/:role/:version (secure same-origin serving) > diagnostics are bounded per window and never include bytes/keys
[req] GET /api/v1/recipe-media/gl-01/hero/2 404 0ms 91e27294-bc46-4668-bc89-d0ffb35883d2

stdout | tests/integration/recipe-media-route.test.ts > T14C — GET /api/v1/recipe-media/:recipeId/:role/:version (secure same-origin serving) > diagnostics are bounded per window and never include bytes/keys
[req] GET /api/v1/recipe-media/gl-01/hero/2 404 1ms fb0e9621-c30d-4f2b-b5ae-f27eea2dca1e

stdout | tests/integration/recipe-media-route.test.ts > T14C — GET /api/v1/recipe-media/:recipeId/:role/:version (secure same-origin serving) > diagnostics are bounded per window and never include bytes/keys
[req] GET /api/v1/recipe-media/gl-01/hero/2 404 0ms a6710bce-2273-4ea0-8338-b2376880032c

stdout | tests/integration/recipe-media-route.test.ts > T14C — GET /api/v1/recipe-media/:recipeId/:role/:version (secure same-origin serving) > diagnostics are bounded per window and never include bytes/keys
[req] GET /api/v1/recipe-media/gl-01/hero/2 404 0ms 1b1b855e-0355-48e5-855a-2e475dd7a60f

stdout | tests/integration/recipe-media-route.test.ts > T14C — GET /api/v1/recipe-media/:recipeId/:role/:version (secure same-origin serving) > is not a public write surface: POST/PUT/DELETE on the media path are not routed to media
[req] POST /api/v1/recipe-media/gl-01/hero/2 401 0ms 8f20a4ca-4c7e-43c3-b4b1-0c42fd431693

stdout | tests/integration/recipe-media-route.test.ts > T14C — GET /api/v1/recipe-media/:recipeId/:role/:version (secure same-origin serving) > is not a public write surface: POST/PUT/DELETE on the media path are not routed to media
[req] PUT /api/v1/recipe-media/gl-01/hero/2 401 0ms 7ab60e65-77b1-489b-8b2f-ef66d5f1cc38

stdout | tests/integration/recipe-media-route.test.ts > T14C — GET /api/v1/recipe-media/:recipeId/:role/:version (secure same-origin serving) > is not a public write surface: POST/PUT/DELETE on the media path are not routed to media
[req] DELETE /api/v1/recipe-media/gl-01/hero/2 401 0ms a43ed5e7-72fe-4644-bf61-e02aeb07a867

stdout | tests/integration/recipe-media-route.test.ts > T14C — GET /api/v1/recipe-media/:recipeId/:role/:version (secure same-origin serving) > is not a public write surface: POST/PUT/DELETE on the media path are not routed to media
[req] PATCH /api/v1/recipe-media/gl-01/hero/2 401 0ms 8c0a512c-afcd-4c7f-8ad4-2aeb351d454c

 ✓ tests/integration/recipe-media-route.test.ts (27 tests) 2493ms
 ✓ tests/unit/week-query-sync.test.ts (80 tests) 2344ms
stdout | tests/integration/t19-recipe-authority-observability.test.ts > public readiness recipeAuthority summary > { RECIPE_CATALOG_MODE: 'canary', RECIPE_CATALOG_CUTOVER_ENABLED: 'true', RECIPE_CATALOG_D1_CANARY_PERCENT: '5' } → { configuredMode: 'canary', cutoverEnabled: true, canaryPercent: 5, globalSource: 'mixed', fallbackReason: null }
{"event":"recipe_catalog_shadow","catalog_source":"static","catalog_mode":"shadow","status":"compared","catalog_static_count":71,"level":"info","catalog_d1_count":500,"catalog_complete_count":500,"catalog_hydrated_count":500,"catalog_static_only_count":0,"catalog_d1_only_count":429,"catalog_drift_count":0,"catalog_order_drift_count":0,"catalog_hydration_failure_count":0,"catalog_lookup_ms":214,"release_id":"rel-bd00a4f53fcaeee4","release_expected_count":500,"release_readiness":"ready","release_readiness_code":null,"release_reviewed_growth_count":429,"drift_sample":[],"order_drift_sample":[],"hydration_failure_sample":[]}

stdout | tests/integration/t19-recipe-authority-observability.test.ts > protected release evidence endpoint > shadow: evidence is complete, PII-free, and passes the release-check proof for its approved manifest
{"event":"recipe_catalog_shadow","catalog_source":"static","catalog_mode":"shadow","status":"compared","catalog_static_count":71,"level":"info","catalog_d1_count":500,"catalog_complete_count":500,"catalog_hydrated_count":500,"catalog_static_only_count":0,"catalog_d1_only_count":429,"catalog_drift_count":0,"catalog_order_drift_count":0,"catalog_hydration_failure_count":0,"catalog_lookup_ms":91,"release_id":"rel-bd00a4f53fcaeee4","release_expected_count":500,"release_readiness":"ready","release_readiness_code":null,"release_reviewed_growth_count":429,"drift_sample":[],"order_drift_sample":[],"hydration_failure_sample":[]}

stdout | tests/integration/t19-recipe-authority-observability.test.ts > protected release evidence endpoint > shadow evidence actively probes D1 and refuses promotion when that probe falls back
{"event":"recipe_catalog_shadow","catalog_source":"static","catalog_mode":"shadow","status":"compared","catalog_static_count":71,"level":"warn","catalog_d1_count":500,"catalog_complete_count":499,"catalog_hydrated_count":499,"catalog_static_only_count":1,"catalog_d1_only_count":429,"catalog_drift_count":0,"catalog_order_drift_count":0,"catalog_hydration_failure_count":1,"catalog_lookup_ms":86,"release_id":"rel-bd00a4f53fcaeee4","release_expected_count":500,"release_readiness":"not_ready","release_readiness_code":"CATALOG_DIAGNOSTICS","release_reviewed_growth_count":0,"drift_sample":[],"order_drift_sample":[],"hydration_failure_sample":[{"id":"vn-canh-01","code":"incomplete_entry"}]}

 ✓ tests/integration/t19-recipe-authority-observability.test.ts (19 tests) 2479ms
 ✓ tests/unit/t21rc2-schema-boundary.test.mjs (9 tests) 2412ms
   ✓ T21RC2 offline reconciliation schema boundary > covers 500 synthetic captured recipes and production counts at, above, and 3x the 2702 target size  882ms
   ✓ T21RC2 offline reconciliation schema boundary > validates a mixed synthetic production corpus at 3x the 2702 target size  1297ms
 ✓ tests/integration/inventory-lot-schema.test.ts (26 tests) 2356ms
 ✓ tests/integration/inventory-observations.test.ts (22 tests) 2314ms
stderr | tests/integration/browser-security.test.ts > browser client against real cookie-authenticated SQLite routes > logs in, validates /me and persists an authenticated API mutation without a script-readable credential
{"level":"warn","limiter":"rl_auth","reason":"kv-unbound","message":"Rate limiter degraded to isolate-local counters; enforcement is not globally reliable."}

stderr | tests/integration/browser-security.test.ts > browser client against real cookie-authenticated SQLite routes > logs in, validates /me and persists an authenticated API mutation without a script-readable credential
{"level":"warn","limiter":"rl_inv_w","reason":"kv-unbound","message":"Rate limiter degraded to isolate-local counters; enforcement is not globally reliable."}

stderr | tests/integration/browser-security.test.ts > browser client against real cookie-authenticated SQLite routes > isolates real inventory, shopping and Week caches through A → logout → B → reload → offline
{"level":"warn","limiter":"rl_shop_w","reason":"kv-unbound","message":"Rate limiter degraded to isolate-local counters; enforcement is not globally reliable."}

stderr | tests/integration/browser-security.test.ts > browser client against real cookie-authenticated SQLite routes > isolates real inventory, shopping and Week caches through A → logout → B → reload → offline
{"level":"warn","limiter":"rl_week_w","reason":"kv-unbound","message":"Rate limiter degraded to isolate-local counters; enforcement is not globally reliable."}

 ✓ tests/integration/browser-security.test.ts (12 tests) 2271ms
stderr | tests/integration/t13-receipt-vision-d1.test.mjs > T13B-A real D1 purchase-lot and correction provenance regressions > a real D1 event failure rolls back every receipt lot, review, command, event and observation
✘ [ERROR] Adopted scan confirmation failed: Error: D1_ERROR: T13B-A injected event failure: SQLITE_CONSTRAINT

      at D1DatabaseSessionAlwaysPrimary._sendOrThrow (cloudflare-internal:d1-api:125:19)
      at async D1DatabaseSessionAlwaysPrimary.batch (cloudflare-internal:d1-api:80:23)
      ... 7 lines matching cause stack trace ...
      at async Object.fetch (file:///Users/tunbee27/Documents/Tako-san-ui-rebuild/tests/helpers/inventory-lot-d1-worker.ts:235:26) {
    [cause]: Error: T13B-A injected event failure: SQLITE_CONSTRAINT
        at D1DatabaseSessionAlwaysPrimary._sendOrThrow (cloudflare-internal:d1-api:126:24)
        at async D1DatabaseSessionAlwaysPrimary.batch (cloudflare-internal:d1-api:80:23)
        at async confirmAdoptedScan (file:///Users/tunbee27/Documents/Tako-san-ui-rebuild/src/worker/routes/scans.ts:194:21)
        at async dispatch (file:///Users/tunbee27/Documents/Tako-san-ui-rebuild/node_modules/.pnpm/hono@4.13.7/node_modules/hono/dist/compose.js:22:17)
        at async tenancyGuard (file:///Users/tunbee27/Documents/Tako-san-ui-rebuild/src/worker/middleware/tenancy.ts:69:3)
        at async dispatch (file:///Users/tunbee27/Documents/Tako-san-ui-rebuild/node_modules/.pnpm/hono@4.13.7/node_modules/hono/dist/compose.js:22:17)
        at null.<anonymous> (async file:///Users/tunbee27/Documents/Tako-san-ui-rebuild/.wrangler/tmp/dev-Fp1Wvo/inventory-lot-d1-worker.js:18810:11)
        at async dispatch (file:///Users/tunbee27/Documents/Tako-san-ui-rebuild/node_modules/.pnpm/hono@4.13.7/node_modules/hono/dist/compose.js:22:17)
        at null.<anonymous> (async file:///Users/tunbee27/Documents/Tako-san-ui-rebuild/.wrangler/tmp/dev-Fp1Wvo/inventory-lot-d1-worker.js:1450:25)
        at async Object.fetch (file:///Users/tunbee27/Documents/Tako-san-ui-rebuild/tests/helpers/inventory-lot-d1-worker.ts:235:26)
  }



stderr | tests/integration/t13-receipt-vision-d1.test.mjs > T13B-A real D1 purchase-lot and correction provenance regressions > a real D1 observation failure rolls back every receipt lot, review, command, event and observation
✘ [ERROR] Adopted scan confirmation failed: Error: D1_ERROR: T13B-A injected observation failure: SQLITE_CONSTRAINT

      at D1DatabaseSessionAlwaysPrimary._sendOrThrow (cloudflare-internal:d1-api:125:19)
      at async D1DatabaseSessionAlwaysPrimary.batch (cloudflare-internal:d1-api:80:23)
      ... 7 lines matching cause stack trace ...
      at async Object.fetch (file:///Users/tunbee27/Documents/Tako-san-ui-rebuild/tests/helpers/inventory-lot-d1-worker.ts:235:26) {
    [cause]: Error: T13B-A injected observation failure: SQLITE_CONSTRAINT
        at D1DatabaseSessionAlwaysPrimary._sendOrThrow (cloudflare-internal:d1-api:126:24)
        at async D1DatabaseSessionAlwaysPrimary.batch (cloudflare-internal:d1-api:80:23)
        at async confirmAdoptedScan (file:///Users/tunbee27/Documents/Tako-san-ui-rebuild/src/worker/routes/scans.ts:194:21)
        at async dispatch (file:///Users/tunbee27/Documents/Tako-san-ui-rebuild/node_modules/.pnpm/hono@4.13.7/node_modules/hono/dist/compose.js:22:17)
        at async tenancyGuard (file:///Users/tunbee27/Documents/Tako-san-ui-rebuild/src/worker/middleware/tenancy.ts:69:3)
        at async dispatch (file:///Users/tunbee27/Documents/Tako-san-ui-rebuild/node_modules/.pnpm/hono@4.13.7/node_modules/hono/dist/compose.js:22:17)
        at null.<anonymous> (async file:///Users/tunbee27/Documents/Tako-san-ui-rebuild/.wrangler/tmp/dev-Fp1Wvo/inventory-lot-d1-worker.js:18810:11)
        at async dispatch (file:///Users/tunbee27/Documents/Tako-san-ui-rebuild/node_modules/.pnpm/hono@4.13.7/node_modules/hono/dist/compose.js:22:17)
        at null.<anonymous> (async file:///Users/tunbee27/Documents/Tako-san-ui-rebuild/.wrangler/tmp/dev-Fp1Wvo/inventory-lot-d1-worker.js:1450:25)
        at async Object.fetch (file:///Users/tunbee27/Documents/Tako-san-ui-rebuild/tests/helpers/inventory-lot-d1-worker.ts:235:26)
  }



stderr | tests/integration/t13-receipt-vision-d1.test.mjs > T13B-A real D1 purchase-lot and correction provenance regressions > a real D1 completion failure rolls back every receipt lot, review, command, event and observation
✘ [ERROR] Adopted scan confirmation failed: Error: D1_ERROR: T13B-A injected completion failure: SQLITE_CONSTRAINT

      at D1DatabaseSessionAlwaysPrimary._sendOrThrow (cloudflare-internal:d1-api:125:19)
      at async D1DatabaseSessionAlwaysPrimary.batch (cloudflare-internal:d1-api:80:23)
      ... 7 lines matching cause stack trace ...
      at async Object.fetch (file:///Users/tunbee27/Documents/Tako-san-ui-rebuild/tests/helpers/inventory-lot-d1-worker.ts:235:26) {
    [cause]: Error: T13B-A injected completion failure: SQLITE_CONSTRAINT
        at D1DatabaseSessionAlwaysPrimary._sendOrThrow (cloudflare-internal:d1-api:126:24)
        at async D1DatabaseSessionAlwaysPrimary.batch (cloudflare-internal:d1-api:80:23)
        at async confirmAdoptedScan (file:///Users/tunbee27/Documents/Tako-san-ui-rebuild/src/worker/routes/scans.ts:194:21)
        at async dispatch (file:///Users/tunbee27/Documents/Tako-san-ui-rebuild/node_modules/.pnpm/hono@4.13.7/node_modules/hono/dist/compose.js:22:17)
        at async tenancyGuard (file:///Users/tunbee27/Documents/Tako-san-ui-rebuild/src/worker/middleware/tenancy.ts:69:3)
        at async dispatch (file:///Users/tunbee27/Documents/Tako-san-ui-rebuild/node_modules/.pnpm/hono@4.13.7/node_modules/hono/dist/compose.js:22:17)
        at null.<anonymous> (async file:///Users/tunbee27/Documents/Tako-san-ui-rebuild/.wrangler/tmp/dev-Fp1Wvo/inventory-lot-d1-worker.js:18810:11)
        at async dispatch (file:///Users/tunbee27/Documents/Tako-san-ui-rebuild/node_modules/.pnpm/hono@4.13.7/node_modules/hono/dist/compose.js:22:17)
        at null.<anonymous> (async file:///Users/tunbee27/Documents/Tako-san-ui-rebuild/.wrangler/tmp/dev-Fp1Wvo/inventory-lot-d1-worker.js:1450:25)
        at async Object.fetch (file:///Users/tunbee27/Documents/Tako-san-ui-rebuild/tests/helpers/inventory-lot-d1-worker.ts:235:26)
  }



 ✓ tests/integration/t13-receipt-vision-d1.test.mjs (22 tests) 2133ms
stderr | tests/integration/scan-quota-idempotency.test.ts > D1 scan quota and request idempotency > recovers an ambiguous queue send with the same job and no quota refund or new charge
Scan queue enqueue failed

 ✓ tests/integration/scan-quota-idempotency.test.ts (24 tests) 2188ms
stderr | tests/integration/inventory-adoption.test.ts > T09F atomic adoption authority > activates a backfilled household atomically with preserved identities
{"level":"warn","limiter":"rl_inv_w","reason":"kv-unbound","message":"Rate limiter degraded to isolate-local counters; enforcement is not globally reliable."}

stderr | tests/integration/inventory-adoption.test.ts > T09F adopted-household writer adapters > imports shopping stock into lots and completes the durable command
{"level":"warn","limiter":"rl_week_w","reason":"kv-unbound","message":"Rate limiter degraded to isolate-local counters; enforcement is not globally reliable."}

 ✓ tests/integration/inventory-adoption.test.ts (19 tests) 2036ms
 ✓ tests/unit/release-check.test.mjs (258 tests) 1974ms
stdout | tests/unit/recipe-authority.test.ts > T14D — authority router: modes, fallback, cache/singleflight, observability > static (default) and shadow serve ALL_RECIPES without touching D1 for content; shadow schedules the comparison off-response
{"event":"recipe_catalog_shadow","catalog_source":"static","catalog_mode":"shadow","status":"compared","catalog_static_count":71,"level":"info","catalog_d1_count":500,"catalog_complete_count":500,"catalog_hydrated_count":500,"catalog_static_only_count":0,"catalog_d1_only_count":429,"catalog_drift_count":0,"catalog_order_drift_count":0,"catalog_hydration_failure_count":0,"catalog_lookup_ms":0,"release_id":"rel-bd00a4f53fcaeee4","release_expected_count":500,"release_readiness":"ready","release_readiness_code":null,"release_reviewed_growth_count":429,"drift_sample":[],"order_drift_sample":[],"hydration_failure_sample":[]}

 ✓ tests/unit/recipe-authority.test.ts (17 tests) 1903ms
 ✓ tests/unit/production-migration-preflight.test.mjs (15 tests) 1876ms
 ✓ tests/integration/inventory-backfilled-fefo.test.ts (13 tests) 1849ms
   ✓ T09 final FEFO v2 backfill compatibility > keeps one authority outcome when backfilled FEFO races FEFO, CORRECT, DISCARD or MOVE  443ms
 ✓ tests/unit/t21rc4-cloudflare-identity-diagnostic.test.mjs (54 tests) 1760ms
   ✓ C4I additions preserve independently reviewed C2 execution bytes > real reviewed SHA remains eligible after additive diagnostic; a bound-byte mutation rejects  333ms
   ✓ T21R-C4L intentionally invalidates both prior reviewed execution SHAs > C4I reviewed SHA a0c1cfd rejects the remediated diagnostic bytes  775ms
   ✓ T21R-C4L intentionally invalidates both prior reviewed execution SHAs > C2 reviewed SHA 93c4055 rejects the remediated capture bytes  329ms
 ✓ tests/unit/synthetic-ocr-generator.test.mjs (1 test) 1810ms
   ✓ synthetic OCR source-first fixture > renders a reproducible four-case/16-variant matrix from independent source rows  1810ms
stderr | tests/integration/scan-response-loss.test.ts > server scan confirmation response-loss recovery (real SQLite HTTP) > does not queue HTTP 500 with a 'intact' response body
D1 confirmScan items insert failed: Error: injected confirmation failure
    at SqliteD1.execute (/Users/tunbee27/Documents/Tako-san-ui-rebuild/tests/helpers/sqlite-d1.ts:130:30)
    at /Users/tunbee27/Documents/Tako-san-ui-rebuild/tests/helpers/sqlite-d1.ts:97:50
    at Array.map (<anonymous>)
    at SqliteD1.batch (/Users/tunbee27/Documents/Tako-san-ui-rebuild/tests/helpers/sqlite-d1.ts:97:26)
    at runLegacyInventoryBatch (/Users/tunbee27/Documents/Tako-san-ui-rebuild/packages/db/src/inventory-writer-fence.ts:62:21)
    at /Users/tunbee27/Documents/Tako-san-ui-rebuild/src/worker/routes/scans.ts:1834:26
    at dispatch (file:///Users/tunbee27/Documents/Tako-san-ui-rebuild/node_modules/.pnpm/hono@4.13.7/node_modules/hono/dist/compose.js:22:17)
    at tenancyGuard (/Users/tunbee27/Documents/Tako-san-ui-rebuild/src/worker/middleware/tenancy.ts:69:3)
    at dispatch (file:///Users/tunbee27/Documents/Tako-san-ui-rebuild/node_modules/.pnpm/hono@4.13.7/node_modules/hono/dist/compose.js:22:17)
    at authMiddleware (/Users/tunbee27/Documents/Tako-san-ui-rebuild/src/worker/middleware/auth.ts:91:16) {
  code: 'ERR_SQLITE_ERROR',
  errcode: 1811,
  errstr: 'constraint failed'
}

stderr | tests/integration/scan-response-loss.test.ts > server scan confirmation response-loss recovery (real SQLite HTTP) > does not queue HTTP 500 with a 'TypeError' response body
D1 confirmScan items insert failed: Error: injected confirmation failure
    at SqliteD1.execute (/Users/tunbee27/Documents/Tako-san-ui-rebuild/tests/helpers/sqlite-d1.ts:130:30)
    at /Users/tunbee27/Documents/Tako-san-ui-rebuild/tests/helpers/sqlite-d1.ts:97:50
    at Array.map (<anonymous>)
    at SqliteD1.batch (/Users/tunbee27/Documents/Tako-san-ui-rebuild/tests/helpers/sqlite-d1.ts:97:26)
    at runLegacyInventoryBatch (/Users/tunbee27/Documents/Tako-san-ui-rebuild/packages/db/src/inventory-writer-fence.ts:62:21)
    at /Users/tunbee27/Documents/Tako-san-ui-rebuild/src/worker/routes/scans.ts:1834:26
    at dispatch (file:///Users/tunbee27/Documents/Tako-san-ui-rebuild/node_modules/.pnpm/hono@4.13.7/node_modules/hono/dist/compose.js:22:17)
    at tenancyGuard (/Users/tunbee27/Documents/Tako-san-ui-rebuild/src/worker/middleware/tenancy.ts:69:3)
    at dispatch (file:///Users/tunbee27/Documents/Tako-san-ui-rebuild/node_modules/.pnpm/hono@4.13.7/node_modules/hono/dist/compose.js:22:17)
    at authMiddleware (/Users/tunbee27/Documents/Tako-san-ui-rebuild/src/worker/middleware/auth.ts:91:16) {
  code: 'ERR_SQLITE_ERROR',
  errcode: 1811,
  errstr: 'constraint failed'
}

stderr | tests/integration/scan-response-loss.test.ts > server scan confirmation response-loss recovery (real SQLite HTTP) > does not queue HTTP 500 with a 'AbortError' response body
D1 confirmScan items insert failed: Error: injected confirmation failure
    at SqliteD1.execute (/Users/tunbee27/Documents/Tako-san-ui-rebuild/tests/helpers/sqlite-d1.ts:130:30)
    at /Users/tunbee27/Documents/Tako-san-ui-rebuild/tests/helpers/sqlite-d1.ts:97:50
    at Array.map (<anonymous>)
    at SqliteD1.batch (/Users/tunbee27/Documents/Tako-san-ui-rebuild/tests/helpers/sqlite-d1.ts:97:26)
    at runLegacyInventoryBatch (/Users/tunbee27/Documents/Tako-san-ui-rebuild/packages/db/src/inventory-writer-fence.ts:62:21)
    at /Users/tunbee27/Documents/Tako-san-ui-rebuild/src/worker/routes/scans.ts:1834:26
    at dispatch (file:///Users/tunbee27/Documents/Tako-san-ui-rebuild/node_modules/.pnpm/hono@4.13.7/node_modules/hono/dist/compose.js:22:17)
    at tenancyGuard (/Users/tunbee27/Documents/Tako-san-ui-rebuild/src/worker/middleware/tenancy.ts:69:3)
    at dispatch (file:///Users/tunbee27/Documents/Tako-san-ui-rebuild/node_modules/.pnpm/hono@4.13.7/node_modules/hono/dist/compose.js:22:17)
    at authMiddleware (/Users/tunbee27/Documents/Tako-san-ui-rebuild/src/worker/middleware/auth.ts:91:16) {
  code: 'ERR_SQLITE_ERROR',
  errcode: 1811,
  errstr: 'constraint failed'
}

 ✓ tests/integration/scan-response-loss.test.ts (19 tests) 1787ms
stderr | tests/unit/t21rc2-classification-diagnostics.test.mjs > T21R-C2D diagnostic receipts reconstruct only static metadata > redacts real T21RC2_CLASSIFICATION_SCHEMA_REJECTED failure context
t21rc2_schema={"section":"root","field":"unknown","keyword":"additionalProperties","code":"ROOT_ADDITIONAL_PROPERTIES"}

 ✓ tests/unit/t21rc2-classification-diagnostics.test.mjs (63 tests) 1836ms
   ✓ T21R-C2D divergence is evidence, not a classification failure > classifies extreme divergence against unchanged offline certified 500/2702 authority  1358ms
   ✓ T21R-C2D credential-free classify command boundaries > the real CLI logs only the specific binding code and records a sanitized failure receipt  368ms
 ✓ tests/unit/production-media-preservation.test.mjs (17 tests) 1731ms
 ✓ tests/integration/t20-disabled-schema.test.ts (2 tests) 1597ms
   ✓ flag OFF keeps static V1 planning/shopping/regenerate independent of unapplied 0039  601ms
   ✓ flag OFF keeps d1 V1 planning/shopping/regenerate independent of unapplied 0039  995ms
 ✓ tests/integration/inventory-closed-loop-d1.test.mjs (8 tests) 1525ms
stderr | tests/integration/inventory-writer-fence.test.ts > T09F legacy writer activation fences > replays an adopted PATCH after response loss without weakening new-command CAS
{"level":"warn","limiter":"rl_inv_w","reason":"kv-unbound","message":"Rate limiter degraded to isolate-local counters; enforcement is not globally reliable."}

stderr | tests/integration/inventory-writer-fence.test.ts > T09F legacy writer activation fences > imports shopping stock through the authority and completes the durable command
{"level":"warn","limiter":"rl_week_w","reason":"kv-unbound","message":"Rate limiter degraded to isolate-local counters; enforcement is not globally reliable."}

 ✓ tests/integration/inventory-writer-fence.test.ts (15 tests) 1593ms
 ✓ tests/integration/auth-me-quota.test.ts (17 tests) 1548ms
 ✓ tests/integration/inventory-read-authority-d1.test.mjs (11 tests) 1496ms
 ✓ tests/integration/inventory-reconciliation-fence.test.ts (13 tests) 1463ms
stderr | tests/integration/recipe-d1-runtime-parity.test.ts > T14B-B — cooking boundary with hydrated recipes (legacy inventory authority, local D1 only) > RECIPE_CATALOG_MODE=shadow never changes the response and logs one PII-free diagnostic; static default logs nothing
{"level":"warn","event":"recipe_media_read_failed","code":"D1_READ_FAILED"}

 ✓ tests/integration/recipe-d1-runtime-parity.test.ts (11 tests) 1456ms
   ✓ T14B-B — static vs D1 runtime catalog behavioural parity (actual catalog output, no reordering) > recommendations: rankRecipes/evaluateRecipeMatch on the raw D1 list equal the static results for every fixture × context  515ms
stderr | tests/integration/t13r-a-canonical-identity.test.ts > T13R-A P1-2 canonical identity survives a free-form rename (legacy authority) > keeps CHICKEN_BREAST under the free-form rename "Thịt gà đã kiểm tra"
{"level":"warn","limiter":"rl_inv_w","reason":"kv-unbound","message":"Rate limiter degraded to isolate-local counters; enforcement is not globally reliable."}

 ✓ tests/integration/t13r-a-canonical-identity.test.ts (14 tests) 1464ms
stdout | tests/integration/scan-queue-fencing.test.ts > D1 queue claims and result fencing > commits a valid fridge claim once and ignores completed duplicate delivery
{"event":"scan_terminal","supportId":"566b61f4e0d7","scanType":"fridge","state":"ready","errorCode":null,"retryable":false,"attempt":1,"maxAttempts":3,"logicalModel":"QWEN_MULTIMODAL","configuredPrimaryModel":"qwen3.8-flash","latencyMs":3}

stdout | tests/integration/scan-queue-fencing.test.ts > D1 queue claims and result fencing > commits a valid receipt claim once and ignores completed duplicate delivery
{"event":"scan_terminal","supportId":"566b61f4e0d7","scanType":"receipt","state":"ready","errorCode":null,"retryable":false,"attempt":1,"maxAttempts":3,"logicalModel":"QWEN_OCR","configuredPrimaryModel":"qwen-vl-ocr","latencyMs":1}

stdout | tests/integration/scan-queue-fencing.test.ts > D1 queue claims and result fencing > stale fridge success cannot change newer results (newer completed: false)
{"event":"scan_terminal","supportId":"566b61f4e0d7","scanType":"fridge","state":"ready","errorCode":null,"retryable":false,"attempt":2,"maxAttempts":3,"logicalModel":"QWEN_MULTIMODAL","configuredPrimaryModel":"qwen3.8-flash","latencyMs":1}

stdout | tests/integration/scan-queue-fencing.test.ts > D1 queue claims and result fencing > stale fridge success cannot change newer results (newer completed: true)
{"event":"scan_terminal","supportId":"566b61f4e0d7","scanType":"fridge","state":"ready","errorCode":null,"retryable":false,"attempt":2,"maxAttempts":3,"logicalModel":"QWEN_MULTIMODAL","configuredPrimaryModel":"qwen3.8-flash","latencyMs":1}

stdout | tests/integration/scan-queue-fencing.test.ts > D1 queue claims and result fencing > stale receipt success cannot change newer results (newer completed: false)
{"event":"scan_terminal","supportId":"566b61f4e0d7","scanType":"receipt","state":"ready","errorCode":null,"retryable":false,"attempt":2,"maxAttempts":3,"logicalModel":"QWEN_OCR","configuredPrimaryModel":"qwen-vl-ocr","latencyMs":1}

stdout | tests/integration/scan-queue-fencing.test.ts > D1 queue claims and result fencing > stale receipt success cannot change newer results (newer completed: true)
{"event":"scan_terminal","supportId":"566b61f4e0d7","scanType":"receipt","state":"ready","errorCode":null,"retryable":false,"attempt":2,"maxAttempts":3,"logicalModel":"QWEN_OCR","configuredPrimaryModel":"qwen-vl-ocr","latencyMs":0}

stdout | tests/integration/scan-queue-fencing.test.ts > D1 queue claims and result fencing > does not acknowledge an active duplicate or invoke AI twice
{"event":"scan_terminal","supportId":"566b61f4e0d7","scanType":"fridge","state":"ready","errorCode":null,"retryable":false,"attempt":1,"maxAttempts":3,"logicalModel":"QWEN_MULTIMODAL","configuredPrimaryModel":"qwen3.8-flash","latencyMs":2}

stdout | tests/integration/scan-queue-fencing.test.ts > D1 queue claims and result fencing > atomically persists a valid permanent failure on both records
{"event":"scan_terminal","supportId":"566b61f4e0d7","scanType":"fridge","state":"failed","errorCode":"IMAGE_INVALID","retryable":false,"attempt":1,"maxAttempts":3,"logicalModel":"QWEN_MULTIMODAL","configuredPrimaryModel":"qwen3.8-flash","latencyMs":0}

stdout | tests/integration/scan-queue-fencing.test.ts > D1 queue claims and result fencing > does not recreate cleaned-up failed jobs or reprocess terminal scans
{"event":"scan_terminal","supportId":"566b61f4e0d7","scanType":"fridge","state":"failed","errorCode":"IMAGE_INVALID","retryable":false,"attempt":1,"maxAttempts":3,"logicalModel":"QWEN_MULTIMODAL","configuredPrimaryModel":"qwen3.8-flash","latencyMs":0}

 ✓ tests/integration/scan-queue-fencing.test.ts (15 tests) 1363ms
 ✓ tests/unit/client-session.test.ts (33 tests) 1252ms
 ✓ tests/integration/inventory-observation-d1.test.mjs (7 tests) 1400ms
 ✓ tests/integration/recipe-catalog-release-readiness.test.ts (15 tests) 1297ms
 ✓ tests/unit/t21rc2-production-receipt.test.mjs (8 tests) 1268ms
   ✓ T21R-C2 aggregate production receipt > publishes through the stored approval binding using only the fixed private inputs  325ms
 ✓ tests/integration/frontend-security-integration.test.ts (32 tests) 1154ms
stderr | tests/integration/frontend-ui-integration.test.tsx > real Home data rendered through the shared QueryClient > renders honest empty states without fake meal, budget, expiry items, progress, or notification badges
Warning: useLayoutEffect does nothing on the server, because its effect cannot be encoded into the server renderer's output format. This will lead to a mismatch between the initial, non-hydrated UI and the intended UI. To avoid this, useLayoutEffect should only be used in components that render exclusively on the client. See https://reactjs.org/link/uselayouteffect-ssr for common fixes.
    at MemoryRouter (/Users/tunbee27/Documents/Tako-san-ui-rebuild/node_modules/.pnpm/react-router@6.30.6_react@18.3.1/node_modules/react-router/dist/umd/react-router.development.js:1097:7)
    at QueryClientProvider (file:///Users/tunbee27/Documents/Tako-san-ui-rebuild/node_modules/.pnpm/@tanstack+react-query@5.102.8_react@18.3.1/node_modules/@tanstack/react-query/build/modern/QueryClientProvider.js:12:32)
Warning: useLayoutEffect does nothing on the server, because its effect cannot be encoded into the server renderer's output format. This will lead to a mismatch between the initial, non-hydrated UI and the intended UI. To avoid this, useLayoutEffect should only be used in components that render exclusively on the client. See https://reactjs.org/link/uselayouteffect-ssr for common fixes.
    at LinkWithRef (/Users/tunbee27/Documents/Tako-san-ui-rebuild/node_modules/.pnpm/react-router-dom@6.30.6_react-dom@18.3.1_react@18.3.1__react@18.3.1/node_modules/react-router-dom/dist/umd/react-router-dom.development.js:807:9)
    at div
    at header
    at KitchenHeader (/Users/tunbee27/Documents/Tako-san-ui-rebuild/src/web/components/common/KitchenHeader.tsx:10:3)
    at TopBar (/Users/tunbee27/Documents/Tako-san-ui-rebuild/src/web/components/common/TopBar.tsx:9:3)
    at div
    at HomePage (/Users/tunbee27/Documents/Tako-san-ui-rebuild/src/web/pages/HomePage.tsx:161:65)
    at Router (/Users/tunbee27/Documents/Tako-san-ui-rebuild/node_modules/.pnpm/react-router@6.30.6_react@18.3.1/node_modules/react-router/dist/umd/react-router.development.js:1203:17)
    at MemoryRouter (/Users/tunbee27/Documents/Tako-san-ui-rebuild/node_modules/.pnpm/react-router@6.30.6_react@18.3.1/node_modules/react-router/dist/umd/react-router.development.js:1097:7)
    at QueryClientProvider (file:///Users/tunbee27/Documents/Tako-san-ui-rebuild/node_modules/.pnpm/@tanstack+react-query@5.102.8_react@18.3.1/node_modules/@tanstack/react-query/build/modern/QueryClientProvider.js:12:32)
Warning: useLayoutEffect does nothing on the server, because its effect cannot be encoded into the server renderer's output format. This will lead to a mismatch between the initial, non-hydrated UI and the intended UI. To avoid this, useLayoutEffect should only be used in components that render exclusively on the client. See https://reactjs.org/link/uselayouteffect-ssr for common fixes.
    at LinkWithRef (/Users/tunbee27/Documents/Tako-san-ui-rebuild/node_modules/.pnpm/react-router-dom@6.30.6_react-dom@18.3.1_react@18.3.1__react@18.3.1/node_modules/react-router-dom/dist/umd/react-router-dom.development.js:807:9)
    at div
    at header
    at KitchenHeader (/Users/tunbee27/Documents/Tako-san-ui-rebuild/src/web/components/common/KitchenHeader.tsx:10:3)
    at TopBar (/Users/tunbee27/Documents/Tako-san-ui-rebuild/src/web/components/common/TopBar.tsx:9:3)
    at div
    at HomePage (/Users/tunbee27/Documents/Tako-san-ui-rebuild/src/web/pages/HomePage.tsx:161:65)
    at Router (/Users/tunbee27/Documents/Tako-san-ui-rebuild/node_modules/.pnpm/react-router@6.30.6_react@18.3.1/node_modules/react-router/dist/umd/react-router.development.js:1203:17)
    at MemoryRouter (/Users/tunbee27/Documents/Tako-san-ui-rebuild/node_modules/.pnpm/react-router@6.30.6_react@18.3.1/node_modules/react-router/dist/umd/react-router.development.js:1097:7)
    at QueryClientProvider (file:///Users/tunbee27/Documents/Tako-san-ui-rebuild/node_modules/.pnpm/@tanstack+react-query@5.102.8_react@18.3.1/node_modules/@tanstack/react-query/build/modern/QueryClientProvider.js:12:32)
Warning: useLayoutEffect does nothing on the server, because its effect cannot be encoded into the server renderer's output format. This will lead to a mismatch between the initial, non-hydrated UI and the intended UI. To avoid this, useLayoutEffect should only be used in components that render exclusively on the client. See https://reactjs.org/link/uselayouteffect-ssr for common fixes.
    at LinkWithRef (/Users/tunbee27/Documents/Tako-san-ui-rebuild/node_modules/.pnpm/react-router-dom@6.30.6_react-dom@18.3.1_react@18.3.1__react@18.3.1/node_modules/react-router-dom/dist/umd/react-router-dom.development.js:807:9)
    at div
    at header
    at KitchenHeader (/Users/tunbee27/Documents/Tako-san-ui-rebuild/src/web/components/common/KitchenHeader.tsx:10:3)
    at TopBar (/Users/tunbee27/Documents/Tako-san-ui-rebuild/src/web/components/common/TopBar.tsx:9:3)
    at div
    at HomePage (/Users/tunbee27/Documents/Tako-san-ui-rebuild/src/web/pages/HomePage.tsx:161:65)
    at Router (/Users/tunbee27/Documents/Tako-san-ui-rebuild/node_modules/.pnpm/react-router@6.30.6_react@18.3.1/node_modules/react-router/dist/umd/react-router.development.js:1203:17)
    at MemoryRouter (/Users/tunbee27/Documents/Tako-san-ui-rebuild/node_modules/.pnpm/react-router@6.30.6_react@18.3.1/node_modules/react-router/dist/umd/react-router.development.js:1097:7)
    at QueryClientProvider (file:///Users/tunbee27/Documents/Tako-san-ui-rebuild/node_modules/.pnpm/@tanstack+react-query@5.102.8_react@18.3.1/node_modules/@tanstack/react-query/build/modern/QueryClientProvider.js:12:32)
Warning: useLayoutEffect does nothing on the server, because its effect cannot be encoded into the server renderer's output format. This will lead to a mismatch between the initial, non-hydrated UI and the intended UI. To avoid this, useLayoutEffect should only be used in components that render exclusively on the client. See https://reactjs.org/link/uselayouteffect-ssr for common fixes.
    at LinkWithRef (/Users/tunbee27/Documents/Tako-san-ui-rebuild/node_modules/.pnpm/react-router-dom@6.30.6_react-dom@18.3.1_react@18.3.1__react@18.3.1/node_modules/react-router-dom/dist/umd/react-router-dom.development.js:807:9)
    at KitchenScanLink (/Users/tunbee27/Documents/Tako-san-ui-rebuild/src/web/design-system/navigation.tsx:450:28)
    at header
    at KitchenHeader (/Users/tunbee27/Documents/Tako-san-ui-rebuild/src/web/components/common/KitchenHeader.tsx:10:3)
    at TopBar (/Users/tunbee27/Documents/Tako-san-ui-rebuild/src/web/components/common/TopBar.tsx:9:3)
    at div
    at HomePage (/Users/tunbee27/Documents/Tako-san-ui-rebuild/src/web/pages/HomePage.tsx:161:65)
    at Router (/Users/tunbee27/Documents/Tako-san-ui-rebuild/node_modules/.pnpm/react-router@6.30.6_react@18.3.1/node_modules/react-router/dist/umd/react-router.development.js:1203:17)
    at MemoryRouter (/Users/tunbee27/Documents/Tako-san-ui-rebuild/node_modules/.pnpm/react-router@6.30.6_react@18.3.1/node_modules/react-router/dist/umd/react-router.development.js:1097:7)
    at QueryClientProvider (file:///Users/tunbee27/Documents/Tako-san-ui-rebuild/node_modules/.pnpm/@tanstack+react-query@5.102.8_react@18.3.1/node_modules/@tanstack/react-query/build/modern/QueryClientProvider.js:12:32)
Warning: useLayoutEffect does nothing on the server, because its effect cannot be encoded into the server renderer's output format. This will lead to a mismatch between the initial, non-hydrated UI and the intended UI. To avoid this, useLayoutEffect should only be used in components that render exclusively on the client. See https://reactjs.org/link/uselayouteffect-ssr for common fixes.
    at LinkWithRef (/Users/tunbee27/Documents/Tako-san-ui-rebuild/node_modules/.pnpm/react-router-dom@6.30.6_react-dom@18.3.1_react@18.3.1__react@18.3.1/node_modules/react-router-dom/dist/umd/react-router-dom.development.js:807:9)
    at div
    at section
    at div
    at div
    at div
    at div
    at HomePage (/Users/tunbee27/Documents/Tako-san-ui-rebuild/src/web/pages/HomePage.tsx:161:65)
    at Router (/Users/tunbee27/Documents/Tako-san-ui-rebuild/node_modules/.pnpm/react-router@6.30.6_react@18.3.1/node_modules/react-router/dist/umd/react-router.development.js:1203:17)
    at MemoryRouter (/Users/tunbee27/Documents/Tako-san-ui-rebuild/node_modules/.pnpm/react-router@6.30.6_react@18.3.1/node_modules/react-router/dist/umd/react-router.development.js:1097:7)
    at QueryClientProvider (file:///Users/tunbee27/Documents/Tako-san-ui-rebuild/node_modules/.pnpm/@tanstack+react-query@5.102.8_react@18.3.1/node_modules/@tanstack/react-query/build/modern/QueryClientProvider.js:12:32)
Warning: useLayoutEffect does nothing on the server, because its effect cannot be encoded into the server renderer's output format. This will lead to a mismatch between the initial, non-hydrated UI and the intended UI. To avoid this, useLayoutEffect should only be used in components that render exclusively on the client. See https://reactjs.org/link/uselayouteffect-ssr for common fixes.
    at LinkWithRef (/Users/tunbee27/Documents/Tako-san-ui-rebuild/node_modules/.pnpm/react-router-dom@6.30.6_react-dom@18.3.1_react@18.3.1__react@18.3.1/node_modules/react-router-dom/dist/umd/react-router-dom.development.js:807:9)
    at div
    at section
    at div
    at div
    at div
    at div
    at HomePage (/Users/tunbee27/Documents/Tako-san-ui-rebuild/src/web/pages/HomePage.tsx:161:65)
    at Router (/Users/tunbee27/Documents/Tako-san-ui-rebuild/node_modules/.pnpm/react-router@6.30.6_react@18.3.1/node_modules/react-router/dist/umd/react-router.development.js:1203:17)
    at MemoryRouter (/Users/tunbee27/Documents/Tako-san-ui-rebuild/node_modules/.pnpm/react-router@6.30.6_react@18.3.1/node_modules/react-router/dist/umd/react-router.development.js:1097:7)
    at QueryClientProvider (file:///Users/tunbee27/Documents/Tako-san-ui-rebuild/node_modules/.pnpm/@tanstack+react-query@5.102.8_react@18.3.1/node_modules/@tanstack/react-query/build/modern/QueryClientProvider.js:12:32)
Warning: useLayoutEffect does nothing on the server, because its effect cannot be encoded into the server renderer's output format. This will lead to a mismatch between the initial, non-hydrated UI and the intended UI. To avoid this, useLayoutEffect should only be used in components that render exclusively on the client. See https://reactjs.org/link/uselayouteffect-ssr for common fixes.
    at LinkWithRef (/Users/tunbee27/Documents/Tako-san-ui-rebuild/node_modules/.pnpm/react-router-dom@6.30.6_react-dom@18.3.1_react@18.3.1__react@18.3.1/node_modules/react-router-dom/dist/umd/react-router-dom.development.js:807:9)
    at div
    at section
    at div
    at div
    at div
    at div
    at HomePage (/Users/tunbee27/Documents/Tako-san-ui-rebuild/src/web/pages/HomePage.tsx:161:65)
    at Router (/Users/tunbee27/Documents/Tako-san-ui-rebuild/node_modules/.pnpm/react-router@6.30.6_react@18.3.1/node_modules/react-router/dist/umd/react-router.development.js:1203:17)
    at MemoryRouter (/Users/tunbee27/Documents/Tako-san-ui-rebuild/node_modules/.pnpm/react-router@6.30.6_react@18.3.1/node_modules/react-router/dist/umd/react-router.development.js:1097:7)
    at QueryClientProvider (file:///Users/tunbee27/Documents/Tako-san-ui-rebuild/node_modules/.pnpm/@tanstack+react-query@5.102.8_react@18.3.1/node_modules/@tanstack/react-query/build/modern/QueryClientProvider.js:12:32)
Warning: useLayoutEffect does nothing on the server, because its effect cannot be encoded into the server renderer's output format. This will lead to a mismatch between the initial, non-hydrated UI and the intended UI. To avoid this, useLayoutEffect should only be used in components that render exclusively on the client. See https://reactjs.org/link/uselayouteffect-ssr for common fixes.
    at LinkWithRef (/Users/tunbee27/Documents/Tako-san-ui-rebuild/node_modules/.pnpm/react-router-dom@6.30.6_react-dom@18.3.1_react@18.3.1__react@18.3.1/node_modules/react-router-dom/dist/umd/react-router-dom.development.js:807:9)
    at div
    at section
    at div
    at div
    at div
    at HomePage (/Users/tunbee27/Documents/Tako-san-ui-rebuild/src/web/pages/HomePage.tsx:161:65)
    at Router (/Users/tunbee27/Documents/Tako-san-ui-rebuild/node_modules/.pnpm/react-router@6.30.6_react@18.3.1/node_modules/react-router/dist/umd/react-router.development.js:1203:17)
    at MemoryRouter (/Users/tunbee27/Documents/Tako-san-ui-rebuild/node_modules/.pnpm/react-router@6.30.6_react@18.3.1/node_modules/react-router/dist/umd/react-router.development.js:1097:7)
    at QueryClientProvider (file:///Users/tunbee27/Documents/Tako-san-ui-rebuild/node_modules/.pnpm/@tanstack+react-query@5.102.8_react@18.3.1/node_modules/@tanstack/react-query/build/modern/QueryClientProvider.js:12:32)
Warning: useLayoutEffect does nothing on the server, because its effect cannot be encoded into the server renderer's output format. This will lead to a mismatch between the initial, non-hydrated UI and the intended UI. To avoid this, useLayoutEffect should only be used in components that render exclusively on the client. See https://reactjs.org/link/uselayouteffect-ssr for common fixes.
    at LinkWithRef (/Users/tunbee27/Documents/Tako-san-ui-rebuild/node_modules/.pnpm/react-router-dom@6.30.6_react-dom@18.3.1_react@18.3.1__react@18.3.1/node_modules/react-router-dom/dist/umd/react-router-dom.development.js:807:9)
    at div
    at section
    at div
    at div
    at div
    at HomePage (/Users/tunbee27/Documents/Tako-san-ui-rebuild/src/web/pages/HomePage.tsx:161:65)
    at Router (/Users/tunbee27/Documents/Tako-san-ui-rebuild/node_modules/.pnpm/react-router@6.30.6_react@18.3.1/node_modules/react-router/dist/umd/react-router.development.js:1203:17)
    at MemoryRouter (/Users/tunbee27/Documents/Tako-san-ui-rebuild/node_modules/.pnpm/react-router@6.30.6_react@18.3.1/node_modules/react-router/dist/umd/react-router.development.js:1097:7)
    at QueryClientProvider (file:///Users/tunbee27/Documents/Tako-san-ui-rebuild/node_modules/.pnpm/@tanstack+react-query@5.102.8_react@18.3.1/node_modules/@tanstack/react-query/build/modern/QueryClientProvider.js:12:32)
Warning: useLayoutEffect does nothing on the server, because its effect cannot be encoded into the server renderer's output format. This will lead to a mismatch between the initial, non-hydrated UI and the intended UI. To avoid this, useLayoutEffect should only be used in components that render exclusively on the client. See https://reactjs.org/link/uselayouteffect-ssr for common fixes.
    at LinkWithRef (/Users/tunbee27/Documents/Tako-san-ui-rebuild/node_modules/.pnpm/react-router-dom@6.30.6_react-dom@18.3.1_react@18.3.1__react@18.3.1/node_modules/react-router-dom/dist/umd/react-router-dom.development.js:807:9)
    at section
    at div
    at div
    at div
    at HomePage (/Users/tunbee27/Documents/Tako-san-ui-rebuild/src/web/pages/HomePage.tsx:161:65)
    at Router (/Users/tunbee27/Documents/Tako-san-ui-rebuild/node_modules/.pnpm/react-router@6.30.6_react@18.3.1/node_modules/react-router/dist/umd/react-router.development.js:1203:17)
    at MemoryRouter (/Users/tunbee27/Documents/Tako-san-ui-rebuild/node_modules/.pnpm/react-router@6.30.6_react@18.3.1/node_modules/react-router/dist/umd/react-router.development.js:1097:7)
    at QueryClientProvider (file:///Users/tunbee27/Documents/Tako-san-ui-rebuild/node_modules/.pnpm/@tanstack+react-query@5.102.8_react@18.3.1/node_modules/@tanstack/react-query/build/modern/QueryClientProvider.js:12:32)

stderr | tests/integration/frontend-ui-integration.test.tsx > real Home data rendered through the shared QueryClient > derives the current meal, week progress, budget, and use-soon inventory from query data
Warning: useLayoutEffect does nothing on the server, because its effect cannot be encoded into the server renderer's output format. This will lead to a mismatch between the initial, non-hydrated UI and the intended UI. To avoid this, useLayoutEffect should only be used in components that render exclusively on the client. See https://reactjs.org/link/uselayouteffect-ssr for common fixes.
    at MemoryRouter (/Users/tunbee27/Documents/Tako-san-ui-rebuild/node_modules/.pnpm/react-router@6.30.6_react@18.3.1/node_modules/react-router/dist/umd/react-router.development.js:1097:7)
    at QueryClientProvider (file:///Users/tunbee27/Documents/Tako-san-ui-rebuild/node_modules/.pnpm/@tanstack+react-query@5.102.8_react@18.3.1/node_modules/@tanstack/react-query/build/modern/QueryClientProvider.js:12:32)
Warning: useLayoutEffect does nothing on the server, because its effect cannot be encoded into the server renderer's output format. This will lead to a mismatch between the initial, non-hydrated UI and the intended UI. To avoid this, useLayoutEffect should only be used in components that render exclusively on the client. See https://reactjs.org/link/uselayouteffect-ssr for common fixes.
    at LinkWithRef (/Users/tunbee27/Documents/Tako-san-ui-rebuild/node_modules/.pnpm/react-router-dom@6.30.6_react-dom@18.3.1_react@18.3.1__react@18.3.1/node_modules/react-router-dom/dist/umd/react-router-dom.development.js:807:9)
    at div
    at header
    at KitchenHeader (/Users/tunbee27/Documents/Tako-san-ui-rebuild/src/web/components/common/KitchenHeader.tsx:10:3)
    at TopBar (/Users/tunbee27/Documents/Tako-san-ui-rebuild/src/web/components/common/TopBar.tsx:9:3)
    at div
    at HomePage (/Users/tunbee27/Documents/Tako-san-ui-rebuild/src/web/pages/HomePage.tsx:161:65)
    at Router (/Users/tunbee27/Documents/Tako-san-ui-rebuild/node_modules/.pnpm/react-router@6.30.6_react@18.3.1/node_modules/react-router/dist/umd/react-router.development.js:1203:17)
    at MemoryRouter (/Users/tunbee27/Documents/Tako-san-ui-rebuild/node_modules/.pnpm/react-router@6.30.6_react@18.3.1/node_modules/react-router/dist/umd/react-router.development.js:1097:7)
    at QueryClientProvider (file:///Users/tunbee27/Documents/Tako-san-ui-rebuild/node_modules/.pnpm/@tanstack+react-query@5.102.8_react@18.3.1/node_modules/@tanstack/react-query/build/modern/QueryClientProvider.js:12:32)
Warning: useLayoutEffect does nothing on the server, because its effect cannot be encoded into the server renderer's output format. This will lead to a mismatch between the initial, non-hydrated UI and the intended UI. To avoid this, useLayoutEffect should only be used in components that render exclusively on the client. See https://reactjs.org/link/uselayouteffect-ssr for common fixes.
    at LinkWithRef (/Users/tunbee27/Documents/Tako-san-ui-rebuild/node_modules/.pnpm/react-router-dom@6.30.6_react-dom@18.3.1_react@18.3.1__react@18.3.1/node_modules/react-router-dom/dist/umd/react-router-dom.development.js:807:9)
    at div
    at header
    at KitchenHeader (/Users/tunbee27/Documents/Tako-san-ui-rebuild/src/web/components/common/KitchenHeader.tsx:10:3)
    at TopBar (/Users/tunbee27/Documents/Tako-san-ui-rebuild/src/web/components/common/TopBar.tsx:9:3)
    at div
    at HomePage (/Users/tunbee27/Documents/Tako-san-ui-rebuild/src/web/pages/HomePage.tsx:161:65)
    at Router (/Users/tunbee27/Documents/Tako-san-ui-rebuild/node_modules/.pnpm/react-router@6.30.6_react@18.3.1/node_modules/react-router/dist/umd/react-router.development.js:1203:17)
    at MemoryRouter (/Users/tunbee27/Documents/Tako-san-ui-rebuild/node_modules/.pnpm/react-router@6.30.6_react@18.3.1/node_modules/react-router/dist/umd/react-router.development.js:1097:7)
    at QueryClientProvider (file:///Users/tunbee27/Documents/Tako-san-ui-rebuild/node_modules/.pnpm/@tanstack+react-query@5.102.8_react@18.3.1/node_modules/@tanstack/react-query/build/modern/QueryClientProvider.js:12:32)
Warning: useLayoutEffect does nothing on the server, because its effect cannot be encoded into the server renderer's output format. This will lead to a mismatch between the initial, non-hydrated UI and the intended UI. To avoid this, useLayoutEffect should only be used in components that render exclusively on the client. See https://reactjs.org/link/uselayouteffect-ssr for common fixes.
    at LinkWithRef (/Users/tunbee27/Documents/Tako-san-ui-rebuild/node_modules/.pnpm/react-router-dom@6.30.6_react-dom@18.3.1_react@18.3.1__react@18.3.1/node_modules/react-router-dom/dist/umd/react-router-dom.development.js:807:9)
    at div
    at header
    at KitchenHeader (/Users/tunbee27/Documents/Tako-san-ui-rebuild/src/web/components/common/KitchenHeader.tsx:10:3)
    at TopBar (/Users/tunbee27/Documents/Tako-san-ui-rebuild/src/web/components/common/TopBar.tsx:9:3)
    at div
    at HomePage (/Users/tunbee27/Documents/Tako-san-ui-rebuild/src/web/pages/HomePage.tsx:161:65)
    at Router (/Users/tunbee27/Documents/Tako-san-ui-rebuild/node_modules/.pnpm/react-router@6.30.6_react@18.3.1/node_modules/react-router/dist/umd/react-router.development.js:1203:17)
    at MemoryRouter (/Users/tunbee27/Documents/Tako-san-ui-rebuild/node_modules/.pnpm/react-router@6.30.6_react@18.3.1/node_modules/react-router/dist/umd/react-router.development.js:1097:7)
    at QueryClientProvider (file:///Users/tunbee27/Documents/Tako-san-ui-rebuild/node_modules/.pnpm/@tanstack+react-query@5.102.8_react@18.3.1/node_modules/@tanstack/react-query/build/modern/QueryClientProvider.js:12:32)
Warning: useLayoutEffect does nothing on the server, because its effect cannot be encoded into the server renderer's output format. This will lead to a mismatch between the initial, non-hydrated UI and the intended UI. To avoid this, useLayoutEffect should only be used in components that render exclusively on the client. See https://reactjs.org/link/uselayouteffect-ssr for common fixes.
    at LinkWithRef (/Users/tunbee27/Documents/Tako-san-ui-rebuild/node_modules/.pnpm/react-router-dom@6.30.6_react-dom@18.3.1_react@18.3.1__react@18.3.1/node_modules/react-router-dom/dist/umd/react-router-dom.development.js:807:9)
    at KitchenScanLink (/Users/tunbee27/Documents/Tako-san-ui-rebuild/src/web/design-system/navigation.tsx:450:28)
    at header
    at KitchenHeader (/Users/tunbee27/Documents/Tako-san-ui-rebuild/src/web/components/common/KitchenHeader.tsx:10:3)
    at TopBar (/Users/tunbee27/Documents/Tako-san-ui-rebuild/src/web/components/common/TopBar.tsx:9:3)
    at div
    at HomePage (/Users/tunbee27/Documents/Tako-san-ui-rebuild/src/web/pages/HomePage.tsx:161:65)
    at Router (/Users/tunbee27/Documents/Tako-san-ui-rebuild/node_modules/.pnpm/react-router@6.30.6_react@18.3.1/node_modules/react-router/dist/umd/react-router.development.js:1203:17)
    at MemoryRouter (/Users/tunbee27/Documents/Tako-san-ui-rebuild/node_modules/.pnpm/react-router@6.30.6_react@18.3.1/node_modules/react-router/dist/umd/react-router.development.js:1097:7)
    at QueryClientProvider (file:///Users/tunbee27/Documents/Tako-san-ui-rebuild/node_modules/.pnpm/@tanstack+react-query@5.102.8_react@18.3.1/node_modules/@tanstack/react-query/build/modern/QueryClientProvider.js:12:32)
Warning: useLayoutEffect does nothing on the server, because its effect cannot be encoded into the server renderer's output format. This will lead to a mismatch between the initial, non-hydrated UI and the intended UI. To avoid this, useLayoutEffect should only be used in components that render exclusively on the client. See https://reactjs.org/link/uselayouteffect-ssr for common fixes.
    at LinkWithRef (/Users/tunbee27/Documents/Tako-san-ui-rebuild/node_modules/.pnpm/react-router-dom@6.30.6_react-dom@18.3.1_react@18.3.1__react@18.3.1/node_modules/react-router-dom/dist/umd/react-router-dom.development.js:807:9)
    at div
    at section
    at PlannedMeal (/Users/tunbee27/Documents/Tako-san-ui-rebuild/src/web/pages/HomePage.tsx:22:24)
    at div
    at div
    at div
    at div
    at HomePage (/Users/tunbee27/Documents/Tako-san-ui-rebuild/src/web/pages/HomePage.tsx:161:65)
    at Router (/Users/tunbee27/Documents/Tako-san-ui-rebuild/node_modules/.pnpm/react-router@6.30.6_react@18.3.1/node_modules/react-router/dist/umd/react-router.development.js:1203:17)
    at MemoryRouter (/Users/tunbee27/Documents/Tako-san-ui-rebuild/node_modules/.pnpm/react-router@6.30.6_react@18.3.1/node_modules/react-router/dist/umd/react-router.development.js:1097:7)
    at QueryClientProvider (file:///Users/tunbee27/Documents/Tako-san-ui-rebuild/node_modules/.pnpm/@tanstack+react-query@5.102.8_react@18.3.1/node_modules/@tanstack/react-query/build/modern/QueryClientProvider.js:12:32)
Warning: useLayoutEffect does nothing on the server, because its effect cannot be encoded into the server renderer's output format. This will lead to a mismatch between the initial, non-hydrated UI and the intended UI. To avoid this, useLayoutEffect should only be used in components that render exclusively on the client. See https://reactjs.org/link/uselayouteffect-ssr for common fixes.
    at LinkWithRef (/Users/tunbee27/Documents/Tako-san-ui-rebuild/node_modules/.pnpm/react-router-dom@6.30.6_react-dom@18.3.1_react@18.3.1__react@18.3.1/node_modules/react-router-dom/dist/umd/react-router-dom.development.js:807:9)
    at section
    at div
    at div
    at div
    at div
    at HomePage (/Users/tunbee27/Documents/Tako-san-ui-rebuild/src/web/pages/HomePage.tsx:161:65)
    at Router (/Users/tunbee27/Documents/Tako-san-ui-rebuild/node_modules/.pnpm/react-router@6.30.6_react@18.3.1/node_modules/react-router/dist/umd/react-router.development.js:1203:17)
    at MemoryRouter (/Users/tunbee27/Documents/Tako-san-ui-rebuild/node_modules/.pnpm/react-router@6.30.6_react@18.3.1/node_modules/react-router/dist/umd/react-router.development.js:1097:7)
    at QueryClientProvider (file:///Users/tunbee27/Documents/Tako-san-ui-rebuild/node_modules/.pnpm/@tanstack+react-query@5.102.8_react@18.3.1/node_modules/@tanstack/react-query/build/modern/QueryClientProvider.js:12:32)
Warning: useLayoutEffect does nothing on the server, because its effect cannot be encoded into the server renderer's output format. This will lead to a mismatch between the initial, non-hydrated UI and the intended UI. To avoid this, useLayoutEffect should only be used in components that render exclusively on the client. See https://reactjs.org/link/uselayouteffect-ssr for common fixes.
    at LinkWithRef (/Users/tunbee27/Documents/Tako-san-ui-rebuild/node_modules/.pnpm/react-router-dom@6.30.6_react-dom@18.3.1_react@18.3.1__react@18.3.1/node_modules/react-router-dom/dist/umd/react-router-dom.development.js:807:9)
    at div
    at section
    at div
    at div
    at div
    at div
    at HomePage (/Users/tunbee27/Documents/Tako-san-ui-rebuild/src/web/pages/HomePage.tsx:161:65)
    at Router (/Users/tunbee27/Documents/Tako-san-ui-rebuild/node_modules/.pnpm/react-router@6.30.6_react@18.3.1/node_modules/react-router/dist/umd/react-router.development.js:1203:17)
    at MemoryRouter (/Users/tunbee27/Documents/Tako-san-ui-rebuild/node_modules/.pnpm/react-router@6.30.6_react@18.3.1/node_modules/react-router/dist/umd/react-router.development.js:1097:7)
    at QueryClientProvider (file:///Users/tunbee27/Documents/Tako-san-ui-rebuild/node_modules/.pnpm/@tanstack+react-query@5.102.8_react@18.3.1/node_modules/@tanstack/react-query/build/modern/QueryClientProvider.js:12:32)
Warning: useLayoutEffect does nothing on the server, because its effect cannot be encoded into the server renderer's output format. This will lead to a mismatch between the initial, non-hydrated UI and the intended UI. To avoid this, useLayoutEffect should only be used in components that render exclusively on the client. See https://reactjs.org/link/uselayouteffect-ssr for common fixes.
    at LinkWithRef (/Users/tunbee27/Documents/Tako-san-ui-rebuild/node_modules/.pnpm/react-router-dom@6.30.6_react-dom@18.3.1_react@18.3.1__react@18.3.1/node_modules/react-router-dom/dist/umd/react-router-dom.development.js:807:9)
    at div
    at section
    at div
    at div
    at div
    at div
    at HomePage (/Users/tunbee27/Documents/Tako-san-ui-rebuild/src/web/pages/HomePage.tsx:161:65)
    at Router (/Users/tunbee27/Documents/Tako-san-ui-rebuild/node_modules/.pnpm/react-router@6.30.6_react@18.3.1/node_modules/react-router/dist/umd/react-router.development.js:1203:17)
    at MemoryRouter (/Users/tunbee27/Documents/Tako-san-ui-rebuild/node_modules/.pnpm/react-router@6.30.6_react@18.3.1/node_modules/react-router/dist/umd/react-router.development.js:1097:7)
    at QueryClientProvider (file:///Users/tunbee27/Documents/Tako-san-ui-rebuild/node_modules/.pnpm/@tanstack+react-query@5.102.8_react@18.3.1/node_modules/@tanstack/react-query/build/modern/QueryClientProvider.js:12:32)
Warning: useLayoutEffect does nothing on the server, because its effect cannot be encoded into the server renderer's output format. This will lead to a mismatch between the initial, non-hydrated UI and the intended UI. To avoid this, useLayoutEffect should only be used in components that render exclusively on the client. See https://reactjs.org/link/uselayouteffect-ssr for common fixes.
    at LinkWithRef (/Users/tunbee27/Documents/Tako-san-ui-rebuild/node_modules/.pnpm/react-router-dom@6.30.6_react-dom@18.3.1_react@18.3.1__react@18.3.1/node_modules/react-router-dom/dist/umd/react-router-dom.development.js:807:9)
    at div
    at section
    at div
    at div
    at div
    at HomePage (/Users/tunbee27/Documents/Tako-san-ui-rebuild/src/web/pages/HomePage.tsx:161:65)
    at Router (/Users/tunbee27/Documents/Tako-san-ui-rebuild/node_modules/.pnpm/react-router@6.30.6_react@18.3.1/node_modules/react-router/dist/umd/react-router.development.js:1203:17)
    at MemoryRouter (/Users/tunbee27/Documents/Tako-san-ui-rebuild/node_modules/.pnpm/react-router@6.30.6_react@18.3.1/node_modules/react-router/dist/umd/react-router.development.js:1097:7)
    at QueryClientProvider (file:///Users/tunbee27/Documents/Tako-san-ui-rebuild/node_modules/.pnpm/@tanstack+react-query@5.102.8_react@18.3.1/node_modules/@tanstack/react-query/build/modern/QueryClientProvider.js:12:32)
Warning: useLayoutEffect does nothing on the server, because its effect cannot be encoded into the server renderer's output format. This will lead to a mismatch between the initial, non-hydrated UI and the intended UI. To avoid this, useLayoutEffect should only be used in components that render exclusively on the client. See https://reactjs.org/link/uselayouteffect-ssr for common fixes.
    at LinkWithRef (/Users/tunbee27/Documents/Tako-san-ui-rebuild/node_modules/.pnpm/react-router-dom@6.30.6_react-dom@18.3.1_react@18.3.1__react@18.3.1/node_modules/react-router-dom/dist/umd/react-router-dom.development.js:807:9)
    at div
    at section
    at div
    at div
    at div
    at HomePage (/Users/tunbee27/Documents/Tako-san-ui-rebuild/src/web/pages/HomePage.tsx:161:65)
    at Router (/Users/tunbee27/Documents/Tako-san-ui-rebuild/node_modules/.pnpm/react-router@6.30.6_react@18.3.1/node_modules/react-router/dist/umd/react-router.development.js:1203:17)
    at MemoryRouter (/Users/tunbee27/Documents/Tako-san-ui-rebuild/node_modules/.pnpm/react-router@6.30.6_react@18.3.1/node_modules/react-router/dist/umd/react-router.development.js:1097:7)
    at QueryClientProvider (file:///Users/tunbee27/Documents/Tako-san-ui-rebuild/node_modules/.pnpm/@tanstack+react-query@5.102.8_react@18.3.1/node_modules/@tanstack/react-query/build/modern/QueryClientProvider.js:12:32)
Warning: useLayoutEffect does nothing on the server, because its effect cannot be encoded into the server renderer's output format. This will lead to a mismatch between the initial, non-hydrated UI and the intended UI. To avoid this, useLayoutEffect should only be used in components that render exclusively on the client. See https://reactjs.org/link/uselayouteffect-ssr for common fixes.
    at LinkWithRef (/Users/tunbee27/Documents/Tako-san-ui-rebuild/node_modules/.pnpm/react-router-dom@6.30.6_react-dom@18.3.1_react@18.3.1__react@18.3.1/node_modules/react-router-dom/dist/umd/react-router-dom.development.js:807:9)
    at section
    at div
    at div
    at div
    at HomePage (/Users/tunbee27/Documents/Tako-san-ui-rebuild/src/web/pages/HomePage.tsx:161:65)
    at Router (/Users/tunbee27/Documents/Tako-san-ui-rebuild/node_modules/.pnpm/react-router@6.30.6_react@18.3.1/node_modules/react-router/dist/umd/react-router.development.js:1203:17)
    at MemoryRouter (/Users/tunbee27/Documents/Tako-san-ui-rebuild/node_modules/.pnpm/react-router@6.30.6_react@18.3.1/node_modules/react-router/dist/umd/react-router.development.js:1097:7)
    at QueryClientProvider (file:///Users/tunbee27/Documents/Tako-san-ui-rebuild/node_modules/.pnpm/@tanstack+react-query@5.102.8_react@18.3.1/node_modules/@tanstack/react-query/build/modern/QueryClientProvider.js:12:32)

stderr | tests/integration/frontend-ui-integration.test.tsx > real Home data rendered through the shared QueryClient > qualifies estimated expiry on Home and keeps KNOWN/ESTIMATED/UNKNOWN visually distinct
Warning: useLayoutEffect does nothing on the server, because its effect cannot be encoded into the server renderer's output format. This will lead to a mismatch between the initial, non-hydrated UI and the intended UI. To avoid this, useLayoutEffect should only be used in components that render exclusively on the client. See https://reactjs.org/link/uselayouteffect-ssr for common fixes.
    at MemoryRouter (/Users/tunbee27/Documents/Tako-san-ui-rebuild/node_modules/.pnpm/react-router@6.30.6_react@18.3.1/node_modules/react-router/dist/umd/react-router.development.js:1097:7)
    at QueryClientProvider (file:///Users/tunbee27/Documents/Tako-san-ui-rebuild/node_modules/.pnpm/@tanstack+react-query@5.102.8_react@18.3.1/node_modules/@tanstack/react-query/build/modern/QueryClientProvider.js:12:32)
Warning: useLayoutEffect does nothing on the server, because its effect cannot be encoded into the server renderer's output format. This will lead to a mismatch between the initial, non-hydrated UI and the intended UI. To avoid this, useLayoutEffect should only be used in components that render exclusively on the client. See https://reactjs.org/link/uselayouteffect-ssr for common fixes.
    at LinkWithRef (/Users/tunbee27/Documents/Tako-san-ui-rebuild/node_modules/.pnpm/react-router-dom@6.30.6_react-dom@18.3.1_react@18.3.1__react@18.3.1/node_modules/react-router-dom/dist/umd/react-router-dom.development.js:807:9)
    at div
    at header
    at KitchenHeader (/Users/tunbee27/Documents/Tako-san-ui-rebuild/src/web/components/common/KitchenHeader.tsx:10:3)
    at TopBar (/Users/tunbee27/Documents/Tako-san-ui-rebuild/src/web/components/common/TopBar.tsx:9:3)
    at div
    at HomePage (/Users/tunbee27/Documents/Tako-san-ui-rebuild/src/web/pages/HomePage.tsx:161:65)
    at Router (/Users/tunbee27/Documents/Tako-san-ui-rebuild/node_modules/.pnpm/react-router@6.30.6_react@18.3.1/node_modules/react-router/dist/umd/react-router.development.js:1203:17)
    at MemoryRouter (/Users/tunbee27/Documents/Tako-san-ui-rebuild/node_modules/.pnpm/react-router@6.30.6_react@18.3.1/node_modules/react-router/dist/umd/react-router.development.js:1097:7)
    at QueryClientProvider (file:///Users/tunbee27/Documents/Tako-san-ui-rebuild/node_modules/.pnpm/@tanstack+react-query@5.102.8_react@18.3.1/node_modules/@tanstack/react-query/build/modern/QueryClientProvider.js:12:32)
Warning: useLayoutEffect does nothing on the server, because its effect cannot be encoded into the server renderer's output format. This will lead to a mismatch between the initial, non-hydrated UI and the intended UI. To avoid this, useLayoutEffect should only be used in components that render exclusively on the client. See https://reactjs.org/link/uselayouteffect-ssr for common fixes.
    at LinkWithRef (/Users/tunbee27/Documents/Tako-san-ui-rebuild/node_modules/.pnpm/react-router-dom@6.30.6_react-dom@18.3.1_react@18.3.1__react@18.3.1/node_modules/react-router-dom/dist/umd/react-router-dom.development.js:807:9)
    at div
    at header
    at KitchenHeader (/Users/tunbee27/Documents/Tako-san-ui-rebuild/src/web/components/common/KitchenHeader.tsx:10:3)
    at TopBar (/Users/tunbee27/Documents/Tako-san-ui-rebuild/src/web/components/common/TopBar.tsx:9:3)
    at div
    at HomePage (/Users/tunbee27/Documents/Tako-san-ui-rebuild/src/web/pages/HomePage.tsx:161:65)
    at Router (/Users/tunbee27/Documents/Tako-san-ui-rebuild/node_modules/.pnpm/react-router@6.30.6_react@18.3.1/node_modules/react-router/dist/umd/react-router.development.js:1203:17)
    at MemoryRouter (/Users/tunbee27/Documents/Tako-san-ui-rebuild/node_modules/.pnpm/react-router@6.30.6_react@18.3.1/node_modules/react-router/dist/umd/react-router.development.js:1097:7)
    at QueryClientProvider (file:///Users/tunbee27/Documents/Tako-san-ui-rebuild/node_modules/.pnpm/@tanstack+react-query@5.102.8_react@18.3.1/node_modules/@tanstack/react-query/build/modern/QueryClientProvider.js:12:32)
Warning: useLayoutEffect does nothing on the server, because its effect cannot be encoded into the server renderer's output format. This will lead to a mismatch between the initial, non-hydrated UI and the intended UI. To avoid this, useLayoutEffect should only be used in components that render exclusively on the client. See https://reactjs.org/link/uselayouteffect-ssr for common fixes.
    at LinkWithRef (/Users/tunbee27/Documents/Tako-san-ui-rebuild/node_modules/.pnpm/react-router-dom@6.30.6_react-dom@18.3.1_react@18.3.1__react@18.3.1/node_modules/react-router-dom/dist/umd/react-router-dom.development.js:807:9)
    at div
    at header
    at KitchenHeader (/Users/tunbee27/Documents/Tako-san-ui-rebuild/src/web/components/common/KitchenHeader.tsx:10:3)
    at TopBar (/Users/tunbee27/Documents/Tako-san-ui-rebuild/src/web/components/common/TopBar.tsx:9:3)
    at div
    at HomePage (/Users/tunbee27/Documents/Tako-san-ui-rebuild/src/web/pages/HomePage.tsx:161:65)
    at Router (/Users/tunbee27/Documents/Tako-san-ui-rebuild/node_modules/.pnpm/react-router@6.30.6_react@18.3.1/node_modules/react-router/dist/umd/react-router.development.js:1203:17)
    at MemoryRouter (/Users/tunbee27/Documents/Tako-san-ui-rebuild/node_modules/.pnpm/react-router@6.30.6_react@18.3.1/node_modules/react-router/dist/umd/react-router.development.js:1097:7)
    at QueryClientProvider (file:///Users/tunbee27/Documents/Tako-san-ui-rebuild/node_modules/.pnpm/@tanstack+react-query@5.102.8_react@18.3.1/node_modules/@tanstack/react-query/build/modern/QueryClientProvider.js:12:32)
Warning: useLayoutEffect does nothing on the server, because its effect cannot be encoded into the server renderer's output format. This will lead to a mismatch between the initial, non-hydrated UI and the intended UI. To avoid this, useLayoutEffect should only be used in components that render exclusively on the client. See https://reactjs.org/link/uselayouteffect-ssr for common fixes.
    at LinkWithRef (/Users/tunbee27/Documents/Tako-san-ui-rebuild/node_modules/.pnpm/react-router-dom@6.30.6_react-dom@18.3.1_react@18.3.1__react@18.3.1/node_modules/react-router-dom/dist/umd/react-router-dom.development.js:807:9)
    at KitchenScanLink (/Users/tunbee27/Documents/Tako-san-ui-rebuild/src/web/design-system/navigation.tsx:450:28)
    at header
    at KitchenHeader (/Users/tunbee27/Documents/Tako-san-ui-rebuild/src/web/components/common/KitchenHeader.tsx:10:3)
    at TopBar (/Users/tunbee27/Documents/Tako-san-ui-rebuild/src/web/components/common/TopBar.tsx:9:3)
    at div
    at HomePage (/Users/tunbee27/Documents/Tako-san-ui-rebuild/src/web/pages/HomePage.tsx:161:65)
    at Router (/Users/tunbee27/Documents/Tako-san-ui-rebuild/node_modules/.pnpm/react-router@6.30.6_react@18.3.1/node_modules/react-router/dist/umd/react-router.development.js:1203:17)
    at MemoryRouter (/Users/tunbee27/Documents/Tako-san-ui-rebuild/node_modules/.pnpm/react-router@6.30.6_react@18.3.1/node_modules/react-router/dist/umd/react-router.development.js:1097:7)
    at QueryClientProvider (file:///Users/tunbee27/Documents/Tako-san-ui-rebuild/node_modules/.pnpm/@tanstack+react-query@5.102.8_react@18.3.1/node_modules/@tanstack/react-query/build/modern/QueryClientProvider.js:12:32)
Warning: useLayoutEffect does nothing on the server, because its effect cannot be encoded into the server renderer's output format. This will lead to a mismatch between the initial, non-hydrated UI and the intended UI. To avoid this, useLayoutEffect should only be used in components that render exclusively on the client. See https://reactjs.org/link/uselayouteffect-ssr for common fixes.
    at LinkWithRef (/Users/tunbee27/Documents/Tako-san-ui-rebuild/node_modules/.pnpm/react-router-dom@6.30.6_react-dom@18.3.1_react@18.3.1__react@18.3.1/node_modules/react-router-dom/dist/umd/react-router-dom.development.js:807:9)
    at div
    at section
    at div
    at div
    at div
    at div
    at HomePage (/Users/tunbee27/Documents/Tako-san-ui-rebuild/src/web/pages/HomePage.tsx:161:65)
    at Router (/Users/tunbee27/Documents/Tako-san-ui-rebuild/node_modules/.pnpm/react-router@6.30.6_react@18.3.1/node_modules/react-router/dist/umd/react-router.development.js:1203:17)
    at MemoryRouter (/Users/tunbee27/Documents/Tako-san-ui-rebuild/node_modules/.pnpm/react-router@6.30.6_react@18.3.1/node_modules/react-router/dist/umd/react-router.development.js:1097:7)
    at QueryClientProvider (file:///Users/tunbee27/Documents/Tako-san-ui-rebuild/node_modules/.pnpm/@tanstack+react-query@5.102.8_react@18.3.1/node_modules/@tanstack/react-query/build/modern/QueryClientProvider.js:12:32)
Warning: useLayoutEffect does nothing on the server, because its effect cannot be encoded into the server renderer's output format. This will lead to a mismatch between the initial, non-hydrated UI and the intended UI. To avoid this, useLayoutEffect should only be used in components that render exclusively on the client. See https://reactjs.org/link/uselayouteffect-ssr for common fixes.
    at LinkWithRef (/Users/tunbee27/Documents/Tako-san-ui-rebuild/node_modules/.pnpm/react-router-dom@6.30.6_react-dom@18.3.1_react@18.3.1__react@18.3.1/node_modules/react-router-dom/dist/umd/react-router-dom.development.js:807:9)
    at div
    at section
    at div
    at div
    at div
    at div
    at HomePage (/Users/tunbee27/Documents/Tako-san-ui-rebuild/src/web/pages/HomePage.tsx:161:65)
    at Router (/Users/tunbee27/Documents/Tako-san-ui-rebuild/node_modules/.pnpm/react-router@6.30.6_react@18.3.1/node_modules/react-router/dist/umd/react-router.development.js:1203:17)
    at MemoryRouter (/Users/tunbee27/Documents/Tako-san-ui-rebuild/node_modules/.pnpm/react-router@6.30.6_react@18.3.1/node_modules/react-router/dist/umd/react-router.development.js:1097:7)
    at QueryClientProvider (file:///Users/tunbee27/Documents/Tako-san-ui-rebuild/node_modules/.pnpm/@tanstack+react-query@5.102.8_react@18.3.1/node_modules/@tanstack/react-query/build/modern/QueryClientProvider.js:12:32)
Warning: useLayoutEffect does nothing on the server, because its effect cannot be encoded into the server renderer's output format. This will lead to a mismatch between the initial, non-hydrated UI and the intended UI. To avoid this, useLayoutEffect should only be used in components that render exclusively on the client. See https://reactjs.org/link/uselayouteffect-ssr for common fixes.
    at LinkWithRef (/Users/tunbee27/Documents/Tako-san-ui-rebuild/node_modules/.pnpm/react-router-dom@6.30.6_react-dom@18.3.1_react@18.3.1__react@18.3.1/node_modules/react-router-dom/dist/umd/react-router-dom.development.js:807:9)
    at div
    at section
    at div
    at div
    at div
    at div
    at HomePage (/Users/tunbee27/Documents/Tako-san-ui-rebuild/src/web/pages/HomePage.tsx:161:65)
    at Router (/Users/tunbee27/Documents/Tako-san-ui-rebuild/node_modules/.pnpm/react-router@6.30.6_react@18.3.1/node_modules/react-router/dist/umd/react-router.development.js:1203:17)
    at MemoryRouter (/Users/tunbee27/Documents/Tako-san-ui-rebuild/node_modules/.pnpm/react-router@6.30.6_react@18.3.1/node_modules/react-router/dist/umd/react-router.development.js:1097:7)
    at QueryClientProvider (file:///Users/tunbee27/Documents/Tako-san-ui-rebuild/node_modules/.pnpm/@tanstack+react-query@5.102.8_react@18.3.1/node_modules/@tanstack/react-query/build/modern/QueryClientProvider.js:12:32)
Warning: useLayoutEffect does nothing on the server, because its effect cannot be encoded into the server renderer's output format. This will lead to a mismatch between the initial, non-hydrated UI and the intended UI. To avoid this, useLayoutEffect should only be used in components that render exclusively on the client. See https://reactjs.org/link/uselayouteffect-ssr for common fixes.
    at LinkWithRef (/Users/tunbee27/Documents/Tako-san-ui-rebuild/node_modules/.pnpm/react-router-dom@6.30.6_react-dom@18.3.1_react@18.3.1__react@18.3.1/node_modules/react-router-dom/dist/umd/react-router-dom.development.js:807:9)
    at div
    at section
    at div
    at div
    at div
    at div
    at HomePage (/Users/tunbee27/Documents/Tako-san-ui-rebuild/src/web/pages/HomePage.tsx:161:65)
    at Router (/Users/tunbee27/Documents/Tako-san-ui-rebuild/node_modules/.pnpm/react-router@6.30.6_react@18.3.1/node_modules/react-router/dist/umd/react-router.development.js:1203:17)
    at MemoryRouter (/Users/tunbee27/Documents/Tako-san-ui-rebuild/node_modules/.pnpm/react-router@6.30.6_react@18.3.1/node_modules/react-router/dist/umd/react-router.development.js:1097:7)
    at QueryClientProvider (file:///Users/tunbee27/Documents/Tako-san-ui-rebuild/node_modules/.pnpm/@tanstack+react-query@5.102.8_react@18.3.1/node_modules/@tanstack/react-query/build/modern/QueryClientProvider.js:12:32)
Warning: useLayoutEffect does nothing on the server, because its effect cannot be encoded into the server renderer's output format. This will lead to a mismatch between the initial, non-hydrated UI and the intended UI. To avoid this, useLayoutEffect should only be used in components that render exclusively on the client. See https://reactjs.org/link/uselayouteffect-ssr for common fixes.
    at LinkWithRef (/Users/tunbee27/Documents/Tako-san-ui-rebuild/node_modules/.pnpm/react-router-dom@6.30.6_react-dom@18.3.1_react@18.3.1__react@18.3.1/node_modules/react-router-dom/dist/umd/react-router-dom.development.js:807:9)
    at div
    at section
    at div
    at div
    at div
    at div
    at HomePage (/Users/tunbee27/Documents/Tako-san-ui-rebuild/src/web/pages/HomePage.tsx:161:65)
    at Router (/Users/tunbee27/Documents/Tako-san-ui-rebuild/node_modules/.pnpm/react-router@6.30.6_react@18.3.1/node_modules/react-router/dist/umd/react-router.development.js:1203:17)
    at MemoryRouter (/Users/tunbee27/Documents/Tako-san-ui-rebuild/node_modules/.pnpm/react-router@6.30.6_react@18.3.1/node_modules/react-router/dist/umd/react-router.development.js:1097:7)
    at QueryClientProvider (file:///Users/tunbee27/Documents/Tako-san-ui-rebuild/node_modules/.pnpm/@tanstack+react-query@5.102.8_react@18.3.1/node_modules/@tanstack/react-query/build/modern/QueryClientProvider.js:12:32)
Warning: useLayoutEffect does nothing on the server, because its effect cannot be encoded into the server renderer's output format. This will lead to a mismatch between the initial, non-hydrated UI and the intended UI. To avoid this, useLayoutEffect should only be used in components that render exclusively on the client. See https://reactjs.org/link/uselayouteffect-ssr for common fixes.
    at LinkWithRef (/Users/tunbee27/Documents/Tako-san-ui-rebuild/node_modules/.pnpm/react-router-dom@6.30.6_react-dom@18.3.1_react@18.3.1__react@18.3.1/node_modules/react-router-dom/dist/umd/react-router-dom.development.js:807:9)
    at div
    at section
    at div
    at div
    at div
    at HomePage (/Users/tunbee27/Documents/Tako-san-ui-rebuild/src/web/pages/HomePage.tsx:161:65)
    at Router (/Users/tunbee27/Documents/Tako-san-ui-rebuild/node_modules/.pnpm/react-router@6.30.6_react@18.3.1/node_modules/react-router/dist/umd/react-router.development.js:1203:17)
    at MemoryRouter (/Users/tunbee27/Documents/Tako-san-ui-rebuild/node_modules/.pnpm/react-router@6.30.6_react@18.3.1/node_modules/react-router/dist/umd/react-router.development.js:1097:7)
    at QueryClientProvider (file:///Users/tunbee27/Documents/Tako-san-ui-rebuild/node_modules/.pnpm/@tanstack+react-query@5.102.8_react@18.3.1/node_modules/@tanstack/react-query/build/modern/QueryClientProvider.js:12:32)
Warning: useLayoutEffect does nothing on the server, because its effect cannot be encoded into the server renderer's output format. This will lead to a mismatch between the initial, non-hydrated UI and the intended UI. To avoid this, useLayoutEffect should only be used in components that render exclusively on the client. See https://reactjs.org/link/uselayouteffect-ssr for common fixes.
    at LinkWithRef (/Users/tunbee27/Documents/Tako-san-ui-rebuild/node_modules/.pnpm/react-router-dom@6.30.6_react-dom@18.3.1_react@18.3.1__react@18.3.1/node_modules/react-router-dom/dist/umd/react-router-dom.development.js:807:9)
    at div
    at section
    at div
    at div
    at div
    at HomePage (/Users/tunbee27/Documents/Tako-san-ui-rebuild/src/web/pages/HomePage.tsx:161:65)
    at Router (/Users/tunbee27/Documents/Tako-san-ui-rebuild/node_modules/.pnpm/react-router@6.30.6_react@18.3.1/node_modules/react-router/dist/umd/react-router.development.js:1203:17)
    at MemoryRouter (/Users/tunbee27/Documents/Tako-san-ui-rebuild/node_modules/.pnpm/react-router@6.30.6_react@18.3.1/node_modules/react-router/dist/umd/react-router.development.js:1097:7)
    at QueryClientProvider (file:///Users/tunbee27/Documents/Tako-san-ui-rebuild/node_modules/.pnpm/@tanstack+react-query@5.102.8_react@18.3.1/node_modules/@tanstack/react-query/build/modern/QueryClientProvider.js:12:32)
Warning: useLayoutEffect does nothing on the server, because its effect cannot be encoded into the server renderer's output format. This will lead to a mismatch between the initial, non-hydrated UI and the intended UI. To avoid this, useLayoutEffect should only be used in components that render exclusively on the client. See https://reactjs.org/link/uselayouteffect-ssr for common fixes.
    at LinkWithRef (/Users/tunbee27/Documents/Tako-san-ui-rebuild/node_modules/.pnpm/react-router-dom@6.30.6_react-dom@18.3.1_react@18.3.1__react@18.3.1/node_modules/react-router-dom/dist/umd/react-router-dom.development.js:807:9)
    at section
    at div
    at div
    at div
    at HomePage (/Users/tunbee27/Documents/Tako-san-ui-rebuild/src/web/pages/HomePage.tsx:161:65)
    at Router (/Users/tunbee27/Documents/Tako-san-ui-rebuild/node_modules/.pnpm/react-router@6.30.6_react@18.3.1/node_modules/react-router/dist/umd/react-router.development.js:1203:17)
    at MemoryRouter (/Users/tunbee27/Documents/Tako-san-ui-rebuild/node_modules/.pnpm/react-router@6.30.6_react@18.3.1/node_modules/react-router/dist/umd/react-router.development.js:1097:7)
    at QueryClientProvider (file:///Users/tunbee27/Documents/Tako-san-ui-rebuild/node_modules/.pnpm/@tanstack+react-query@5.102.8_react@18.3.1/node_modules/@tanstack/react-query/build/modern/QueryClientProvider.js:12:32)

stderr | tests/integration/frontend-ui-integration.test.tsx > real Home data rendered through the shared QueryClient > keeps successful widgets visible while a failed Home query offers retry
Warning: useLayoutEffect does nothing on the server, because its effect cannot be encoded into the server renderer's output format. This will lead to a mismatch between the initial, non-hydrated UI and the intended UI. To avoid this, useLayoutEffect should only be used in components that render exclusively on the client. See https://reactjs.org/link/uselayouteffect-ssr for common fixes.
    at MemoryRouter (/Users/tunbee27/Documents/Tako-san-ui-rebuild/node_modules/.pnpm/react-router@6.30.6_react@18.3.1/node_modules/react-router/dist/umd/react-router.development.js:1097:7)
    at QueryClientProvider (file:///Users/tunbee27/Documents/Tako-san-ui-rebuild/node_modules/.pnpm/@tanstack+react-query@5.102.8_react@18.3.1/node_modules/@tanstack/react-query/build/modern/QueryClientProvider.js:12:32)
Warning: useLayoutEffect does nothing on the server, because its effect cannot be encoded into the server renderer's output format. This will lead to a mismatch between the initial, non-hydrated UI and the intended UI. To avoid this, useLayoutEffect should only be used in components that render exclusively on the client. See https://reactjs.org/link/uselayouteffect-ssr for common fixes.
    at LinkWithRef (/Users/tunbee27/Documents/Tako-san-ui-rebuild/node_modules/.pnpm/react-router-dom@6.30.6_react-dom@18.3.1_react@18.3.1__react@18.3.1/node_modules/react-router-dom/dist/umd/react-router-dom.development.js:807:9)
    at div
    at header
    at KitchenHeader (/Users/tunbee27/Documents/Tako-san-ui-rebuild/src/web/components/common/KitchenHeader.tsx:10:3)
    at TopBar (/Users/tunbee27/Documents/Tako-san-ui-rebuild/src/web/components/common/TopBar.tsx:9:3)
    at div
    at HomePage (/Users/tunbee27/Documents/Tako-san-ui-rebuild/src/web/pages/HomePage.tsx:161:65)
    at Router (/Users/tunbee27/Documents/Tako-san-ui-rebuild/node_modules/.pnpm/react-router@6.30.6_react@18.3.1/node_modules/react-router/dist/umd/react-router.development.js:1203:17)
    at MemoryRouter (/Users/tunbee27/Documents/Tako-san-ui-rebuild/node_modules/.pnpm/react-router@6.30.6_react@18.3.1/node_modules/react-router/dist/umd/react-router.development.js:1097:7)
    at QueryClientProvider (file:///Users/tunbee27/Documents/Tako-san-ui-rebuild/node_modules/.pnpm/@tanstack+react-query@5.102.8_react@18.3.1/node_modules/@tanstack/react-query/build/modern/QueryClientProvider.js:12:32)
Warning: useLayoutEffect does nothing on the server, because its effect cannot be encoded into the server renderer's output format. This will lead to a mismatch between the initial, non-hydrated UI and the intended UI. To avoid this, useLayoutEffect should only be used in components that render exclusively on the client. See https://reactjs.org/link/uselayouteffect-ssr for common fixes.
    at LinkWithRef (/Users/tunbee27/Documents/Tako-san-ui-rebuild/node_modules/.pnpm/react-router-dom@6.30.6_react-dom@18.3.1_react@18.3.1__react@18.3.1/node_modules/react-router-dom/dist/umd/react-router-dom.development.js:807:9)
    at div
    at header
    at KitchenHeader (/Users/tunbee27/Documents/Tako-san-ui-rebuild/src/web/components/common/KitchenHeader.tsx:10:3)
    at TopBar (/Users/tunbee27/Documents/Tako-san-ui-rebuild/src/web/components/common/TopBar.tsx:9:3)
    at div
    at HomePage (/Users/tunbee27/Documents/Tako-san-ui-rebuild/src/web/pages/HomePage.tsx:161:65)
    at Router (/Users/tunbee27/Documents/Tako-san-ui-rebuild/node_modules/.pnpm/react-router@6.30.6_react@18.3.1/node_modules/react-router/dist/umd/react-router.development.js:1203:17)
    at MemoryRouter (/Users/tunbee27/Documents/Tako-san-ui-rebuild/node_modules/.pnpm/react-router@6.30.6_react@18.3.1/node_modules/react-router/dist/umd/react-router.development.js:1097:7)
    at QueryClientProvider (file:///Users/tunbee27/Documents/Tako-san-ui-rebuild/node_modules/.pnpm/@tanstack+react-query@5.102.8_react@18.3.1/node_modules/@tanstack/react-query/build/modern/QueryClientProvider.js:12:32)
Warning: useLayoutEffect does nothing on the server, because its effect cannot be encoded into the server renderer's output format. This will lead to a mismatch between the initial, non-hydrated UI and the intended UI. To avoid this, useLayoutEffect should only be used in components that render exclusively on the client. See https://reactjs.org/link/uselayouteffect-ssr for common fixes.
    at LinkWithRef (/Users/tunbee27/Documents/Tako-san-ui-rebuild/node_modules/.pnpm/react-router-dom@6.30.6_react-dom@18.3.1_react@18.3.1__react@18.3.1/node_modules/react-router-dom/dist/umd/react-router-dom.development.js:807:9)
    at div
    at header
    at KitchenHeader (/Users/tunbee27/Documents/Tako-san-ui-rebuild/src/web/components/common/KitchenHeader.tsx:10:3)
    at TopBar (/Users/tunbee27/Documents/Tako-san-ui-rebuild/src/web/components/common/TopBar.tsx:9:3)
    at div
    at HomePage (/Users/tunbee27/Documents/Tako-san-ui-rebuild/src/web/pages/HomePage.tsx:161:65)
    at Router (/Users/tunbee27/Documents/Tako-san-ui-rebuild/node_modules/.pnpm/react-router@6.30.6_react@18.3.1/node_modules/react-router/dist/umd/react-router.development.js:1203:17)
    at MemoryRouter (/Users/tunbee27/Documents/Tako-san-ui-rebuild/node_modules/.pnpm/react-router@6.30.6_react@18.3.1/node_modules/react-router/dist/umd/react-router.development.js:1097:7)
    at QueryClientProvider (file:///Users/tunbee27/Documents/Tako-san-ui-rebuild/node_modules/.pnpm/@tanstack+react-query@5.102.8_react@18.3.1/node_modules/@tanstack/react-query/build/modern/QueryClientProvider.js:12:32)
Warning: useLayoutEffect does nothing on the server, because its effect cannot be encoded into the server renderer's output format. This will lead to a mismatch between the initial, non-hydrated UI and the intended UI. To avoid this, useLayoutEffect should only be used in components that render exclusively on the client. See https://reactjs.org/link/uselayouteffect-ssr for common fixes.
    at LinkWithRef (/Users/tunbee27/Documents/Tako-san-ui-rebuild/node_modules/.pnpm/react-router-dom@6.30.6_react-dom@18.3.1_react@18.3.1__react@18.3.1/node_modules/react-router-dom/dist/umd/react-router-dom.development.js:807:9)
    at KitchenScanLink (/Users/tunbee27/Documents/Tako-san-ui-rebuild/src/web/design-system/navigation.tsx:450:28)
    at header
    at KitchenHeader (/Users/tunbee27/Documents/Tako-san-ui-rebuild/src/web/components/common/KitchenHeader.tsx:10:3)
    at TopBar (/Users/tunbee27/Documents/Tako-san-ui-rebuild/src/web/components/common/TopBar.tsx:9:3)
    at div
    at HomePage (/Users/tunbee27/Documents/Tako-san-ui-rebuild/src/web/pages/HomePage.tsx:161:65)
    at Router (/Users/tunbee27/Documents/Tako-san-ui-rebuild/node_modules/.pnpm/react-router@6.30.6_react@18.3.1/node_modules/react-router/dist/umd/react-router.development.js:1203:17)
    at MemoryRouter (/Users/tunbee27/Documents/Tako-san-ui-rebuild/node_modules/.pnpm/react-router@6.30.6_react@18.3.1/node_modules/react-router/dist/umd/react-router.development.js:1097:7)
    at QueryClientProvider (file:///Users/tunbee27/Documents/Tako-san-ui-rebuild/node_modules/.pnpm/@tanstack+react-query@5.102.8_react@18.3.1/node_modules/@tanstack/react-query/build/modern/QueryClientProvider.js:12:32)
Warning: useLayoutEffect does nothing on the server, because its effect cannot be encoded into the server renderer's output format. This will lead to a mismatch between the initial, non-hydrated UI and the intended UI. To avoid this, useLayoutEffect should only be used in components that render exclusively on the client. See https://reactjs.org/link/uselayouteffect-ssr for common fixes.
    at LinkWithRef (/Users/tunbee27/Documents/Tako-san-ui-rebuild/node_modules/.pnpm/react-router-dom@6.30.6_react-dom@18.3.1_react@18.3.1__react@18.3.1/node_modules/react-router-dom/dist/umd/react-router-dom.development.js:807:9)
    at div
    at section
    at div
    at div
    at div
    at div
    at HomePage (/Users/tunbee27/Documents/Tako-san-ui-rebuild/src/web/pages/HomePage.tsx:161:65)
    at Router (/Users/tunbee27/Documents/Tako-san-ui-rebuild/node_modules/.pnpm/react-router@6.30.6_react@18.3.1/node_modules/react-router/dist/umd/react-router.development.js:1203:17)
    at MemoryRouter (/Users/tunbee27/Documents/Tako-san-ui-rebuild/node_modules/.pnpm/react-router@6.30.6_react@18.3.1/node_modules/react-router/dist/umd/react-router.development.js:1097:7)
    at QueryClientProvider (file:///Users/tunbee27/Documents/Tako-san-ui-rebuild/node_modules/.pnpm/@tanstack+react-query@5.102.8_react@18.3.1/node_modules/@tanstack/react-query/build/modern/QueryClientProvider.js:12:32)
Warning: useLayoutEffect does nothing on the server, because its effect cannot be encoded into the server renderer's output format. This will lead to a mismatch between the initial, non-hydrated UI and the intended UI. To avoid this, useLayoutEffect should only be used in components that render exclusively on the client. See https://reactjs.org/link/uselayouteffect-ssr for common fixes.
    at LinkWithRef (/Users/tunbee27/Documents/Tako-san-ui-rebuild/node_modules/.pnpm/react-router-dom@6.30.6_react-dom@18.3.1_react@18.3.1__react@18.3.1/node_modules/react-router-dom/dist/umd/react-router-dom.development.js:807:9)
    at div
    at section
    at div
    at div
    at div
    at div
    at HomePage (/Users/tunbee27/Documents/Tako-san-ui-rebuild/src/web/pages/HomePage.tsx:161:65)
    at Router (/Users/tunbee27/Documents/Tako-san-ui-rebuild/node_modules/.pnpm/react-router@6.30.6_react@18.3.1/node_modules/react-router/dist/umd/react-router.development.js:1203:17)
    at MemoryRouter (/Users/tunbee27/Documents/Tako-san-ui-rebuild/node_modules/.pnpm/react-router@6.30.6_react@18.3.1/node_modules/react-router/dist/umd/react-router.development.js:1097:7)
    at QueryClientProvider (file:///Users/tunbee27/Documents/Tako-san-ui-rebuild/node_modules/.pnpm/@tanstack+react-query@5.102.8_react@18.3.1/node_modules/@tanstack/react-query/build/modern/QueryClientProvider.js:12:32)
Warning: useLayoutEffect does nothing on the server, because its effect cannot be encoded into the server renderer's output format. This will lead to a mismatch between the initial, non-hydrated UI and the intended UI. To avoid this, useLayoutEffect should only be used in components that render exclusively on the client. See https://reactjs.org/link/uselayouteffect-ssr for common fixes.
    at LinkWithRef (/Users/tunbee27/Documents/Tako-san-ui-rebuild/node_modules/.pnpm/react-router-dom@6.30.6_react-dom@18.3.1_react@18.3.1__react@18.3.1/node_modules/react-router-dom/dist/umd/react-router-dom.development.js:807:9)
    at div
    at section
    at div
    at div
    at div
    at HomePage (/Users/tunbee27/Documents/Tako-san-ui-rebuild/src/web/pages/HomePage.tsx:161:65)
    at Router (/Users/tunbee27/Documents/Tako-san-ui-rebuild/node_modules/.pnpm/react-router@6.30.6_react@18.3.1/node_modules/react-router/dist/umd/react-router.development.js:1203:17)
    at MemoryRouter (/Users/tunbee27/Documents/Tako-san-ui-rebuild/node_modules/.pnpm/react-router@6.30.6_react@18.3.1/node_modules/react-router/dist/umd/react-router.development.js:1097:7)
    at QueryClientProvider (file:///Users/tunbee27/Documents/Tako-san-ui-rebuild/node_modules/.pnpm/@tanstack+react-query@5.102.8_react@18.3.1/node_modules/@tanstack/react-query/build/modern/QueryClientProvider.js:12:32)
Warning: useLayoutEffect does nothing on the server, because its effect cannot be encoded into the server renderer's output format. This will lead to a mismatch between the initial, non-hydrated UI and the intended UI. To avoid this, useLayoutEffect should only be used in components that render exclusively on the client. See https://reactjs.org/link/uselayouteffect-ssr for common fixes.
    at LinkWithRef (/Users/tunbee27/Documents/Tako-san-ui-rebuild/node_modules/.pnpm/react-router-dom@6.30.6_react-dom@18.3.1_react@18.3.1__react@18.3.1/node_modules/react-router-dom/dist/umd/react-router-dom.development.js:807:9)
    at div
    at section
    at div
    at div
    at div
    at HomePage (/Users/tunbee27/Documents/Tako-san-ui-rebuild/src/web/pages/HomePage.tsx:161:65)
    at Router (/Users/tunbee27/Documents/Tako-san-ui-rebuild/node_modules/.pnpm/react-router@6.30.6_react@18.3.1/node_modules/react-router/dist/umd/react-router.development.js:1203:17)
    at MemoryRouter (/Users/tunbee27/Documents/Tako-san-ui-rebuild/node_modules/.pnpm/react-router@6.30.6_react@18.3.1/node_modules/react-router/dist/umd/react-router.development.js:1097:7)
    at QueryClientProvider (file:///Users/tunbee27/Documents/Tako-san-ui-rebuild/node_modules/.pnpm/@tanstack+react-query@5.102.8_react@18.3.1/node_modules/@tanstack/react-query/build/modern/QueryClientProvider.js:12:32)
Warning: useLayoutEffect does nothing on the server, because its effect cannot be encoded into the server renderer's output format. This will lead to a mismatch between the initial, non-hydrated UI and the intended UI. To avoid this, useLayoutEffect should only be used in components that render exclusively on the client. See https://reactjs.org/link/uselayouteffect-ssr for common fixes.
    at LinkWithRef (/Users/tunbee27/Documents/Tako-san-ui-rebuild/node_modules/.pnpm/react-router-dom@6.30.6_react-dom@18.3.1_react@18.3.1__react@18.3.1/node_modules/react-router-dom/dist/umd/react-router-dom.development.js:807:9)
    at section
    at div
    at div
    at div
    at HomePage (/Users/tunbee27/Documents/Tako-san-ui-rebuild/src/web/pages/HomePage.tsx:161:65)
    at Router (/Users/tunbee27/Documents/Tako-san-ui-rebuild/node_modules/.pnpm/react-router@6.30.6_react@18.3.1/node_modules/react-router/dist/umd/react-router.development.js:1203:17)
    at MemoryRouter (/Users/tunbee27/Documents/Tako-san-ui-rebuild/node_modules/.pnpm/react-router@6.30.6_react@18.3.1/node_modules/react-router/dist/umd/react-router.development.js:1097:7)
    at QueryClientProvider (file:///Users/tunbee27/Documents/Tako-san-ui-rebuild/node_modules/.pnpm/@tanstack+react-query@5.102.8_react@18.3.1/node_modules/@tanstack/react-query/build/modern/QueryClientProvider.js:12:32)

stderr | tests/integration/frontend-ui-integration.test.tsx > real Home data rendered through the shared QueryClient > renders recommendations from server-state data rather than a hardcoded featured recipe
Warning: useLayoutEffect does nothing on the server, because its effect cannot be encoded into the server renderer's output format. This will lead to a mismatch between the initial, non-hydrated UI and the intended UI. To avoid this, useLayoutEffect should only be used in components that render exclusively on the client. See https://reactjs.org/link/uselayouteffect-ssr for common fixes.
    at MemoryRouter (/Users/tunbee27/Documents/Tako-san-ui-rebuild/node_modules/.pnpm/react-router@6.30.6_react@18.3.1/node_modules/react-router/dist/umd/react-router.development.js:1097:7)
    at QueryClientProvider (file:///Users/tunbee27/Documents/Tako-san-ui-rebuild/node_modules/.pnpm/@tanstack+react-query@5.102.8_react@18.3.1/node_modules/@tanstack/react-query/build/modern/QueryClientProvider.js:12:32)
Warning: useLayoutEffect does nothing on the server, because its effect cannot be encoded into the server renderer's output format. This will lead to a mismatch between the initial, non-hydrated UI and the intended UI. To avoid this, useLayoutEffect should only be used in components that render exclusively on the client. See https://reactjs.org/link/uselayouteffect-ssr for common fixes.
    at LinkWithRef (/Users/tunbee27/Documents/Tako-san-ui-rebuild/node_modules/.pnpm/react-router-dom@6.30.6_react-dom@18.3.1_react@18.3.1__react@18.3.1/node_modules/react-router-dom/dist/umd/react-router-dom.development.js:807:9)
    at div
    at header
    at KitchenHeader (/Users/tunbee27/Documents/Tako-san-ui-rebuild/src/web/components/common/KitchenHeader.tsx:10:3)
    at TopBar (/Users/tunbee27/Documents/Tako-san-ui-rebuild/src/web/components/common/TopBar.tsx:9:3)
    at div
    at HomePage (/Users/tunbee27/Documents/Tako-san-ui-rebuild/src/web/pages/HomePage.tsx:161:65)
    at Router (/Users/tunbee27/Documents/Tako-san-ui-rebuild/node_modules/.pnpm/react-router@6.30.6_react@18.3.1/node_modules/react-router/dist/umd/react-router.development.js:1203:17)
    at MemoryRouter (/Users/tunbee27/Documents/Tako-san-ui-rebuild/node_modules/.pnpm/react-router@6.30.6_react@18.3.1/node_modules/react-router/dist/umd/react-router.development.js:1097:7)
    at QueryClientProvider (file:///Users/tunbee27/Documents/Tako-san-ui-rebuild/node_modules/.pnpm/@tanstack+react-query@5.102.8_react@18.3.1/node_modules/@tanstack/react-query/build/modern/QueryClientProvider.js:12:32)
Warning: useLayoutEffect does nothing on the server, because its effect cannot be encoded into the server renderer's output format. This will lead to a mismatch between the initial, non-hydrated UI and the intended UI. To avoid this, useLayoutEffect should only be used in components that render exclusively on the client. See https://reactjs.org/link/uselayouteffect-ssr for common fixes.
    at LinkWithRef (/Users/tunbee27/Documents/Tako-san-ui-rebuild/node_modules/.pnpm/react-router-dom@6.30.6_react-dom@18.3.1_react@18.3.1__react@18.3.1/node_modules/react-router-dom/dist/umd/react-router-dom.development.js:807:9)
    at div
    at header
    at KitchenHeader (/Users/tunbee27/Documents/Tako-san-ui-rebuild/src/web/components/common/KitchenHeader.tsx:10:3)
    at TopBar (/Users/tunbee27/Documents/Tako-san-ui-rebuild/src/web/components/common/TopBar.tsx:9:3)
    at div
    at HomePage (/Users/tunbee27/Documents/Tako-san-ui-rebuild/src/web/pages/HomePage.tsx:161:65)
    at Router (/Users/tunbee27/Documents/Tako-san-ui-rebuild/node_modules/.pnpm/react-router@6.30.6_react@18.3.1/node_modules/react-router/dist/umd/react-router.development.js:1203:17)
    at MemoryRouter (/Users/tunbee27/Documents/Tako-san-ui-rebuild/node_modules/.pnpm/react-router@6.30.6_react@18.3.1/node_modules/react-router/dist/umd/react-router.development.js:1097:7)
    at QueryClientProvider (file:///Users/tunbee27/Documents/Tako-san-ui-rebuild/node_modules/.pnpm/@tanstack+react-query@5.102.8_react@18.3.1/node_modules/@tanstack/react-query/build/modern/QueryClientProvider.js:12:32)
Warning: useLayoutEffect does nothing on the server, because its effect cannot be encoded into the server renderer's output format. This will lead to a mismatch between the initial, non-hydrated UI and the intended UI. To avoid this, useLayoutEffect should only be used in components that render exclusively on the client. See https://reactjs.org/link/uselayouteffect-ssr for common fixes.
    at LinkWithRef (/Users/tunbee27/Documents/Tako-san-ui-rebuild/node_modules/.pnpm/react-router-dom@6.30.6_react-dom@18.3.1_react@18.3.1__react@18.3.1/node_modules/react-router-dom/dist/umd/react-router-dom.development.js:807:9)
    at div
    at header
    at KitchenHeader (/Users/tunbee27/Documents/Tako-san-ui-rebuild/src/web/components/common/KitchenHeader.tsx:10:3)
    at TopBar (/Users/tunbee27/Documents/Tako-san-ui-rebuild/src/web/components/common/TopBar.tsx:9:3)
    at div
    at HomePage (/Users/tunbee27/Documents/Tako-san-ui-rebuild/src/web/pages/HomePage.tsx:161:65)
    at Router (/Users/tunbee27/Documents/Tako-san-ui-rebuild/node_modules/.pnpm/react-router@6.30.6_react@18.3.1/node_modules/react-router/dist/umd/react-router.development.js:1203:17)
    at MemoryRouter (/Users/tunbee27/Documents/Tako-san-ui-rebuild/node_modules/.pnpm/react-router@6.30.6_react@18.3.1/node_modules/react-router/dist/umd/react-router.development.js:1097:7)
    at QueryClientProvider (file:///Users/tunbee27/Documents/Tako-san-ui-rebuild/node_modules/.pnpm/@tanstack+react-query@5.102.8_react@18.3.1/node_modules/@tanstack/react-query/build/modern/QueryClientProvider.js:12:32)
Warning: useLayoutEffect does nothing on the server, because its effect cannot be encoded into the server renderer's output format. This will lead to a mismatch between the initial, non-hydrated UI and the intended UI. To avoid this, useLayoutEffect should only be used in components that render exclusively on the client. See https://reactjs.org/link/uselayouteffect-ssr for common fixes.
    at LinkWithRef (/Users/tunbee27/Documents/Tako-san-ui-rebuild/node_modules/.pnpm/react-router-dom@6.30.6_react-dom@18.3.1_react@18.3.1__react@18.3.1/node_modules/react-router-dom/dist/umd/react-router-dom.development.js:807:9)
    at KitchenScanLink (/Users/tunbee27/Documents/Tako-san-ui-rebuild/src/web/design-system/navigation.tsx:450:28)
    at header
    at KitchenHeader (/Users/tunbee27/Documents/Tako-san-ui-rebuild/src/web/components/common/KitchenHeader.tsx:10:3)
    at TopBar (/Users/tunbee27/Documents/Tako-san-ui-rebuild/src/web/components/common/TopBar.tsx:9:3)
    at div
    at HomePage (/Users/tunbee27/Documents/Tako-san-ui-rebuild/src/web/pages/HomePage.tsx:161:65)
    at Router (/Users/tunbee27/Documents/Tako-san-ui-rebuild/node_modules/.pnpm/react-router@6.30.6_react@18.3.1/node_modules/react-router/dist/umd/react-router.development.js:1203:17)
    at MemoryRouter (/Users/tunbee27/Documents/Tako-san-ui-rebuild/node_modules/.pnpm/react-router@6.30.6_react@18.3.1/node_modules/react-router/dist/umd/react-router.development.js:1097:7)
    at QueryClientProvider (file:///Users/tunbee27/Documents/Tako-san-ui-rebuild/node_modules/.pnpm/@tanstack+react-query@5.102.8_react@18.3.1/node_modules/@tanstack/react-query/build/modern/QueryClientProvider.js:12:32)
Warning: useLayoutEffect does nothing on the server, because its effect cannot be encoded into the server renderer's output format. This will lead to a mismatch between the initial, non-hydrated UI and the intended UI. To avoid this, useLayoutEffect should only be used in components that render exclusively on the client. See https://reactjs.org/link/uselayouteffect-ssr for common fixes.
    at LinkWithRef (/Users/tunbee27/Documents/Tako-san-ui-rebuild/node_modules/.pnpm/react-router-dom@6.30.6_react-dom@18.3.1_react@18.3.1__react@18.3.1/node_modules/react-router-dom/dist/umd/react-router-dom.development.js:807:9)
    at div
    at section
    at div
    at div
    at div
    at div
    at HomePage (/Users/tunbee27/Documents/Tako-san-ui-rebuild/src/web/pages/HomePage.tsx:161:65)
    at Router (/Users/tunbee27/Documents/Tako-san-ui-rebuild/node_modules/.pnpm/react-router@6.30.6_react@18.3.1/node_modules/react-router/dist/umd/react-router.development.js:1203:17)
    at MemoryRouter (/Users/tunbee27/Documents/Tako-san-ui-rebuild/node_modules/.pnpm/react-router@6.30.6_react@18.3.1/node_modules/react-router/dist/umd/react-router.development.js:1097:7)
    at QueryClientProvider (file:///Users/tunbee27/Documents/Tako-san-ui-rebuild/node_modules/.pnpm/@tanstack+react-query@5.102.8_react@18.3.1/node_modules/@tanstack/react-query/build/modern/QueryClientProvider.js:12:32)
Warning: useLayoutEffect does nothing on the server, because its effect cannot be encoded into the server renderer's output format. This will lead to a mismatch between the initial, non-hydrated UI and the intended UI. To avoid this, useLayoutEffect should only be used in components that render exclusively on the client. See https://reactjs.org/link/uselayouteffect-ssr for common fixes.
    at LinkWithRef (/Users/tunbee27/Documents/Tako-san-ui-rebuild/node_modules/.pnpm/react-router-dom@6.30.6_react-dom@18.3.1_react@18.3.1__react@18.3.1/node_modules/react-router-dom/dist/umd/react-router-dom.development.js:807:9)
    at div
    at section
    at div
    at div
    at div
    at div
    at HomePage (/Users/tunbee27/Documents/Tako-san-ui-rebuild/src/web/pages/HomePage.tsx:161:65)
    at Router (/Users/tunbee27/Documents/Tako-san-ui-rebuild/node_modules/.pnpm/react-router@6.30.6_react@18.3.1/node_modules/react-router/dist/umd/react-router.development.js:1203:17)
    at MemoryRouter (/Users/tunbee27/Documents/Tako-san-ui-rebuild/node_modules/.pnpm/react-router@6.30.6_react@18.3.1/node_modules/react-router/dist/umd/react-router.development.js:1097:7)
    at QueryClientProvider (file:///Users/tunbee27/Documents/Tako-san-ui-rebuild/node_modules/.pnpm/@tanstack+react-query@5.102.8_react@18.3.1/node_modules/@tanstack/react-query/build/modern/QueryClientProvider.js:12:32)
Warning: useLayoutEffect does nothing on the server, because its effect cannot be encoded into the server renderer's output format. This will lead to a mismatch between the initial, non-hydrated UI and the intended UI. To avoid this, useLayoutEffect should only be used in components that render exclusively on the client. See https://reactjs.org/link/uselayouteffect-ssr for common fixes.
    at LinkWithRef (/Users/tunbee27/Documents/Tako-san-ui-rebuild/node_modules/.pnpm/react-router-dom@6.30.6_react-dom@18.3.1_react@18.3.1__react@18.3.1/node_modules/react-router-dom/dist/umd/react-router-dom.development.js:807:9)
    at div
    at section
    at div
    at div
    at div
    at div
    at HomePage (/Users/tunbee27/Documents/Tako-san-ui-rebuild/src/web/pages/HomePage.tsx:161:65)
    at Router (/Users/tunbee27/Documents/Tako-san-ui-rebuild/node_modules/.pnpm/react-router@6.30.6_react@18.3.1/node_modules/react-router/dist/umd/react-router.development.js:1203:17)
    at MemoryRouter (/Users/tunbee27/Documents/Tako-san-ui-rebuild/node_modules/.pnpm/react-router@6.30.6_react@18.3.1/node_modules/react-router/dist/umd/react-router.development.js:1097:7)
    at QueryClientProvider (file:///Users/tunbee27/Documents/Tako-san-ui-rebuild/node_modules/.pnpm/@tanstack+react-query@5.102.8_react@18.3.1/node_modules/@tanstack/react-query/build/modern/QueryClientProvider.js:12:32)
Warning: useLayoutEffect does nothing on the server, because its effect cannot be encoded into the server renderer's output format. This will lead to a mismatch between the initial, non-hydrated UI and the intended UI. To avoid this, useLayoutEffect should only be used in components that render exclusively on the client. See https://reactjs.org/link/uselayouteffect-ssr for common fixes.
    at LinkWithRef (/Users/tunbee27/Documents/Tako-san-ui-rebuild/node_modules/.pnpm/react-router-dom@6.30.6_react-dom@18.3.1_react@18.3.1__react@18.3.1/node_modules/react-router-dom/dist/umd/react-router-dom.development.js:807:9)
    at div
    at section
    at div
    at div
    at div
    at HomePage (/Users/tunbee27/Documents/Tako-san-ui-rebuild/src/web/pages/HomePage.tsx:161:65)
    at Router (/Users/tunbee27/Documents/Tako-san-ui-rebuild/node_modules/.pnpm/react-router@6.30.6_react@18.3.1/node_modules/react-router/dist/umd/react-router.development.js:1203:17)
    at MemoryRouter (/Users/tunbee27/Documents/Tako-san-ui-rebuild/node_modules/.pnpm/react-router@6.30.6_react@18.3.1/node_modules/react-router/dist/umd/react-router.development.js:1097:7)
    at QueryClientProvider (file:///Users/tunbee27/Documents/Tako-san-ui-rebuild/node_modules/.pnpm/@tanstack+react-query@5.102.8_react@18.3.1/node_modules/@tanstack/react-query/build/modern/QueryClientProvider.js:12:32)
Warning: useLayoutEffect does nothing on the server, because its effect cannot be encoded into the server renderer's output format. This will lead to a mismatch between the initial, non-hydrated UI and the intended UI. To avoid this, useLayoutEffect should only be used in components that render exclusively on the client. See https://reactjs.org/link/uselayouteffect-ssr for common fixes.
    at LinkWithRef (/Users/tunbee27/Documents/Tako-san-ui-rebuild/node_modules/.pnpm/react-router-dom@6.30.6_react-dom@18.3.1_react@18.3.1__react@18.3.1/node_modules/react-router-dom/dist/umd/react-router-dom.development.js:807:9)
    at section
    at div
    at div
    at div
    at HomePage (/Users/tunbee27/Documents/Tako-san-ui-rebuild/src/web/pages/HomePage.tsx:161:65)
    at Router (/Users/tunbee27/Documents/Tako-san-ui-rebuild/node_modules/.pnpm/react-router@6.30.6_react@18.3.1/node_modules/react-router/dist/umd/react-router.development.js:1203:17)
    at MemoryRouter (/Users/tunbee27/Documents/Tako-san-ui-rebuild/node_modules/.pnpm/react-router@6.30.6_react@18.3.1/node_modules/react-router/dist/umd/react-router.development.js:1097:7)
    at QueryClientProvider (file:///Users/tunbee27/Documents/Tako-san-ui-rebuild/node_modules/.pnpm/@tanstack+react-query@5.102.8_react@18.3.1/node_modules/@tanstack/react-query/build/modern/QueryClientProvider.js:12:32)

stderr | tests/integration/frontend-ui-integration.test.tsx > RecipeDetail loading, not-found, error, and success remain distinct > renders a real pending state before recipe data arrives
Warning: useLayoutEffect does nothing on the server, because its effect cannot be encoded into the server renderer's output format. This will lead to a mismatch between the initial, non-hydrated UI and the intended UI. To avoid this, useLayoutEffect should only be used in components that render exclusively on the client. See https://reactjs.org/link/uselayouteffect-ssr for common fixes.
    at MemoryRouter (/Users/tunbee27/Documents/Tako-san-ui-rebuild/node_modules/.pnpm/react-router@6.30.6_react@18.3.1/node_modules/react-router/dist/umd/react-router.development.js:1097:7)
    at QueryClientProvider (file:///Users/tunbee27/Documents/Tako-san-ui-rebuild/node_modules/.pnpm/@tanstack+react-query@5.102.8_react@18.3.1/node_modules/@tanstack/react-query/build/modern/QueryClientProvider.js:12:32)
Warning: useLayoutEffect does nothing on the server, because its effect cannot be encoded into the server renderer's output format. This will lead to a mismatch between the initial, non-hydrated UI and the intended UI. To avoid this, useLayoutEffect should only be used in components that render exclusively on the client. See https://reactjs.org/link/uselayouteffect-ssr for common fixes.
    at LinkWithRef (/Users/tunbee27/Documents/Tako-san-ui-rebuild/node_modules/.pnpm/react-router-dom@6.30.6_react-dom@18.3.1_react@18.3.1__react@18.3.1/node_modules/react-router-dom/dist/umd/react-router-dom.development.js:807:9)
    at div
    at header
    at KitchenHeader (/Users/tunbee27/Documents/Tako-san-ui-rebuild/src/web/components/common/KitchenHeader.tsx:10:3)
    at TopBar (/Users/tunbee27/Documents/Tako-san-ui-rebuild/src/web/components/common/TopBar.tsx:9:3)
    at div
    at RecipeDetailPage (/Users/tunbee27/Documents/Tako-san-ui-rebuild/src/web/pages/RecipeDetailPage.tsx:51:63)
    at Router (/Users/tunbee27/Documents/Tako-san-ui-rebuild/node_modules/.pnpm/react-router@6.30.6_react@18.3.1/node_modules/react-router/dist/umd/react-router.development.js:1203:17)
    at MemoryRouter (/Users/tunbee27/Documents/Tako-san-ui-rebuild/node_modules/.pnpm/react-router@6.30.6_react@18.3.1/node_modules/react-router/dist/umd/react-router.development.js:1097:7)
    at QueryClientProvider (file:///Users/tunbee27/Documents/Tako-san-ui-rebuild/node_modules/.pnpm/@tanstack+react-query@5.102.8_react@18.3.1/node_modules/@tanstack/react-query/build/modern/QueryClientProvider.js:12:32)
Warning: useLayoutEffect does nothing on the server, because its effect cannot be encoded into the server renderer's output format. This will lead to a mismatch between the initial, non-hydrated UI and the intended UI. To avoid this, useLayoutEffect should only be used in components that render exclusively on the client. See https://reactjs.org/link/uselayouteffect-ssr for common fixes.
    at LinkWithRef (/Users/tunbee27/Documents/Tako-san-ui-rebuild/node_modules/.pnpm/react-router-dom@6.30.6_react-dom@18.3.1_react@18.3.1__react@18.3.1/node_modules/react-router-dom/dist/umd/react-router-dom.development.js:807:9)
    at div
    at header
    at KitchenHeader (/Users/tunbee27/Documents/Tako-san-ui-rebuild/src/web/components/common/KitchenHeader.tsx:10:3)
    at TopBar (/Users/tunbee27/Documents/Tako-san-ui-rebuild/src/web/components/common/TopBar.tsx:9:3)
    at div
    at RecipeDetailPage (/Users/tunbee27/Documents/Tako-san-ui-rebuild/src/web/pages/RecipeDetailPage.tsx:51:63)
    at Router (/Users/tunbee27/Documents/Tako-san-ui-rebuild/node_modules/.pnpm/react-router@6.30.6_react@18.3.1/node_modules/react-router/dist/umd/react-router.development.js:1203:17)
    at MemoryRouter (/Users/tunbee27/Documents/Tako-san-ui-rebuild/node_modules/.pnpm/react-router@6.30.6_react@18.3.1/node_modules/react-router/dist/umd/react-router.development.js:1097:7)
    at QueryClientProvider (file:///Users/tunbee27/Documents/Tako-san-ui-rebuild/node_modules/.pnpm/@tanstack+react-query@5.102.8_react@18.3.1/node_modules/@tanstack/react-query/build/modern/QueryClientProvider.js:12:32)
Warning: useLayoutEffect does nothing on the server, because its effect cannot be encoded into the server renderer's output format. This will lead to a mismatch between the initial, non-hydrated UI and the intended UI. To avoid this, useLayoutEffect should only be used in components that render exclusively on the client. See https://reactjs.org/link/uselayouteffect-ssr for common fixes.
    at LinkWithRef (/Users/tunbee27/Documents/Tako-san-ui-rebuild/node_modules/.pnpm/react-router-dom@6.30.6_react-dom@18.3.1_react@18.3.1__react@18.3.1/node_modules/react-router-dom/dist/umd/react-router-dom.development.js:807:9)
    at div
    at header
    at KitchenHeader (/Users/tunbee27/Documents/Tako-san-ui-rebuild/src/web/components/common/KitchenHeader.tsx:10:3)
    at TopBar (/Users/tunbee27/Documents/Tako-san-ui-rebuild/src/web/components/common/TopBar.tsx:9:3)
    at div
    at RecipeDetailPage (/Users/tunbee27/Documents/Tako-san-ui-rebuild/src/web/pages/RecipeDetailPage.tsx:51:63)
    at Router (/Users/tunbee27/Documents/Tako-san-ui-rebuild/node_modules/.pnpm/react-router@6.30.6_react@18.3.1/node_modules/react-router/dist/umd/react-router.development.js:1203:17)
    at MemoryRouter (/Users/tunbee27/Documents/Tako-san-ui-rebuild/node_modules/.pnpm/react-router@6.30.6_react@18.3.1/node_modules/react-router/dist/umd/react-router.development.js:1097:7)
    at QueryClientProvider (file:///Users/tunbee27/Documents/Tako-san-ui-rebuild/node_modules/.pnpm/@tanstack+react-query@5.102.8_react@18.3.1/node_modules/@tanstack/react-query/build/modern/QueryClientProvider.js:12:32)
Warning: useLayoutEffect does nothing on the server, because its effect cannot be encoded into the server renderer's output format. This will lead to a mismatch between the initial, non-hydrated UI and the intended UI. To avoid this, useLayoutEffect should only be used in components that render exclusively on the client. See https://reactjs.org/link/uselayouteffect-ssr for common fixes.
    at LinkWithRef (/Users/tunbee27/Documents/Tako-san-ui-rebuild/node_modules/.pnpm/react-router-dom@6.30.6_react-dom@18.3.1_react@18.3.1__react@18.3.1/node_modules/react-router-dom/dist/umd/react-router-dom.development.js:807:9)
    at div
    at header
    at KitchenHeader (/Users/tunbee27/Documents/Tako-san-ui-rebuild/src/web/components/common/KitchenHeader.tsx:10:3)
    at TopBar (/Users/tunbee27/Documents/Tako-san-ui-rebuild/src/web/components/common/TopBar.tsx:9:3)
    at div
    at RecipeDetailPage (/Users/tunbee27/Documents/Tako-san-ui-rebuild/src/web/pages/RecipeDetailPage.tsx:51:63)
    at Router (/Users/tunbee27/Documents/Tako-san-ui-rebuild/node_modules/.pnpm/react-router@6.30.6_react@18.3.1/node_modules/react-router/dist/umd/react-router.development.js:1203:17)
    at MemoryRouter (/Users/tunbee27/Documents/Tako-san-ui-rebuild/node_modules/.pnpm/react-router@6.30.6_react@18.3.1/node_modules/react-router/dist/umd/react-router.development.js:1097:7)
    at QueryClientProvider (file:///Users/tunbee27/Documents/Tako-san-ui-rebuild/node_modules/.pnpm/@tanstack+react-query@5.102.8_react@18.3.1/node_modules/@tanstack/react-query/build/modern/QueryClientProvider.js:12:32)
Warning: useLayoutEffect does nothing on the server, because its effect cannot be encoded into the server renderer's output format. This will lead to a mismatch between the initial, non-hydrated UI and the intended UI. To avoid this, useLayoutEffect should only be used in components that render exclusively on the client. See https://reactjs.org/link/uselayouteffect-ssr for common fixes.
    at LinkWithRef (/Users/tunbee27/Documents/Tako-san-ui-rebuild/node_modules/.pnpm/react-router-dom@6.30.6_react-dom@18.3.1_react@18.3.1__react@18.3.1/node_modules/react-router-dom/dist/umd/react-router-dom.development.js:807:9)
    at KitchenScanLink (/Users/tunbee27/Documents/Tako-san-ui-rebuild/src/web/design-system/navigation.tsx:450:28)
    at header
    at KitchenHeader (/Users/tunbee27/Documents/Tako-san-ui-rebuild/src/web/components/common/KitchenHeader.tsx:10:3)
    at TopBar (/Users/tunbee27/Documents/Tako-san-ui-rebuild/src/web/components/common/TopBar.tsx:9:3)
    at div
    at RecipeDetailPage (/Users/tunbee27/Documents/Tako-san-ui-rebuild/src/web/pages/RecipeDetailPage.tsx:51:63)
    at Router (/Users/tunbee27/Documents/Tako-san-ui-rebuild/node_modules/.pnpm/react-router@6.30.6_react@18.3.1/node_modules/react-router/dist/umd/react-router.development.js:1203:17)
    at MemoryRouter (/Users/tunbee27/Documents/Tako-san-ui-rebuild/node_modules/.pnpm/react-router@6.30.6_react@18.3.1/node_modules/react-router/dist/umd/react-router.development.js:1097:7)
    at QueryClientProvider (file:///Users/tunbee27/Documents/Tako-san-ui-rebuild/node_modules/.pnpm/@tanstack+react-query@5.102.8_react@18.3.1/node_modules/@tanstack/react-query/build/modern/QueryClientProvider.js:12:32)

stderr | tests/integration/frontend-ui-integration.test.tsx > RecipeDetail loading, not-found, error, and success remain distinct > does not spin forever when a successful response has no recipe
Warning: useLayoutEffect does nothing on the server, because its effect cannot be encoded into the server renderer's output format. This will lead to a mismatch between the initial, non-hydrated UI and the intended UI. To avoid this, useLayoutEffect should only be used in components that render exclusively on the client. See https://reactjs.org/link/uselayouteffect-ssr for common fixes.
    at MemoryRouter (/Users/tunbee27/Documents/Tako-san-ui-rebuild/node_modules/.pnpm/react-router@6.30.6_react@18.3.1/node_modules/react-router/dist/umd/react-router.development.js:1097:7)
    at QueryClientProvider (file:///Users/tunbee27/Documents/Tako-san-ui-rebuild/node_modules/.pnpm/@tanstack+react-query@5.102.8_react@18.3.1/node_modules/@tanstack/react-query/build/modern/QueryClientProvider.js:12:32)
Warning: useLayoutEffect does nothing on the server, because its effect cannot be encoded into the server renderer's output format. This will lead to a mismatch between the initial, non-hydrated UI and the intended UI. To avoid this, useLayoutEffect should only be used in components that render exclusively on the client. See https://reactjs.org/link/uselayouteffect-ssr for common fixes.
    at LinkWithRef (/Users/tunbee27/Documents/Tako-san-ui-rebuild/node_modules/.pnpm/react-router-dom@6.30.6_react-dom@18.3.1_react@18.3.1__react@18.3.1/node_modules/react-router-dom/dist/umd/react-router-dom.development.js:807:9)
    at div
    at header
    at KitchenHeader (/Users/tunbee27/Documents/Tako-san-ui-rebuild/src/web/components/common/KitchenHeader.tsx:10:3)
    at TopBar (/Users/tunbee27/Documents/Tako-san-ui-rebuild/src/web/components/common/TopBar.tsx:9:3)
    at div
    at RecipeDetailPage (/Users/tunbee27/Documents/Tako-san-ui-rebuild/src/web/pages/RecipeDetailPage.tsx:51:63)
    at Router (/Users/tunbee27/Documents/Tako-san-ui-rebuild/node_modules/.pnpm/react-router@6.30.6_react@18.3.1/node_modules/react-router/dist/umd/react-router.development.js:1203:17)
    at MemoryRouter (/Users/tunbee27/Documents/Tako-san-ui-rebuild/node_modules/.pnpm/react-router@6.30.6_react@18.3.1/node_modules/react-router/dist/umd/react-router.development.js:1097:7)
    at QueryClientProvider (file:///Users/tunbee27/Documents/Tako-san-ui-rebuild/node_modules/.pnpm/@tanstack+react-query@5.102.8_react@18.3.1/node_modules/@tanstack/react-query/build/modern/QueryClientProvider.js:12:32)
Warning: useLayoutEffect does nothing on the server, because its effect cannot be encoded into the server renderer's output format. This will lead to a mismatch between the initial, non-hydrated UI and the intended UI. To avoid this, useLayoutEffect should only be used in components that render exclusively on the client. See https://reactjs.org/link/uselayouteffect-ssr for common fixes.
    at LinkWithRef (/Users/tunbee27/Documents/Tako-san-ui-rebuild/node_modules/.pnpm/react-router-dom@6.30.6_react-dom@18.3.1_react@18.3.1__react@18.3.1/node_modules/react-router-dom/dist/umd/react-router-dom.development.js:807:9)
    at div
    at header
    at KitchenHeader (/Users/tunbee27/Documents/Tako-san-ui-rebuild/src/web/components/common/KitchenHeader.tsx:10:3)
    at TopBar (/Users/tunbee27/Documents/Tako-san-ui-rebuild/src/web/components/common/TopBar.tsx:9:3)
    at div
    at RecipeDetailPage (/Users/tunbee27/Documents/Tako-san-ui-rebuild/src/web/pages/RecipeDetailPage.tsx:51:63)
    at Router (/Users/tunbee27/Documents/Tako-san-ui-rebuild/node_modules/.pnpm/react-router@6.30.6_react@18.3.1/node_modules/react-router/dist/umd/react-router.development.js:1203:17)
    at MemoryRouter (/Users/tunbee27/Documents/Tako-san-ui-rebuild/node_modules/.pnpm/react-router@6.30.6_react@18.3.1/node_modules/react-router/dist/umd/react-router.development.js:1097:7)
    at QueryClientProvider (file:///Users/tunbee27/Documents/Tako-san-ui-rebuild/node_modules/.pnpm/@tanstack+react-query@5.102.8_react@18.3.1/node_modules/@tanstack/react-query/build/modern/QueryClientProvider.js:12:32)
Warning: useLayoutEffect does nothing on the server, because its effect cannot be encoded into the server renderer's output format. This will lead to a mismatch between the initial, non-hydrated UI and the intended UI. To avoid this, useLayoutEffect should only be used in components that render exclusively on the client. See https://reactjs.org/link/uselayouteffect-ssr for common fixes.
    at LinkWithRef (/Users/tunbee27/Documents/Tako-san-ui-rebuild/node_modules/.pnpm/react-router-dom@6.30.6_react-dom@18.3.1_react@18.3.1__react@18.3.1/node_modules/react-router-dom/dist/umd/react-router-dom.development.js:807:9)
    at div
    at header
    at KitchenHeader (/Users/tunbee27/Documents/Tako-san-ui-rebuild/src/web/components/common/KitchenHeader.tsx:10:3)
    at TopBar (/Users/tunbee27/Documents/Tako-san-ui-rebuild/src/web/components/common/TopBar.tsx:9:3)
    at div
    at RecipeDetailPage (/Users/tunbee27/Documents/Tako-san-ui-rebuild/src/web/pages/RecipeDetailPage.tsx:51:63)
    at Router (/Users/tunbee27/Documents/Tako-san-ui-rebuild/node_modules/.pnpm/react-router@6.30.6_react@18.3.1/node_modules/react-router/dist/umd/react-router.development.js:1203:17)
    at MemoryRouter (/Users/tunbee27/Documents/Tako-san-ui-rebuild/node_modules/.pnpm/react-router@6.30.6_react@18.3.1/node_modules/react-router/dist/umd/react-router.development.js:1097:7)
    at QueryClientProvider (file:///Users/tunbee27/Documents/Tako-san-ui-rebuild/node_modules/.pnpm/@tanstack+react-query@5.102.8_react@18.3.1/node_modules/@tanstack/react-query/build/modern/QueryClientProvider.js:12:32)
Warning: useLayoutEffect does nothing on the server, because its effect cannot be encoded into the server renderer's output format. This will lead to a mismatch between the initial, non-hydrated UI and the intended UI. To avoid this, useLayoutEffect should only be used in components that render exclusively on the client. See https://reactjs.org/link/uselayouteffect-ssr for common fixes.
    at LinkWithRef (/Users/tunbee27/Documents/Tako-san-ui-rebuild/node_modules/.pnpm/react-router-dom@6.30.6_react-dom@18.3.1_react@18.3.1__react@18.3.1/node_modules/react-router-dom/dist/umd/react-router-dom.development.js:807:9)
    at div
    at header
    at KitchenHeader (/Users/tunbee27/Documents/Tako-san-ui-rebuild/src/web/components/common/KitchenHeader.tsx:10:3)
    at TopBar (/Users/tunbee27/Documents/Tako-san-ui-rebuild/src/web/components/common/TopBar.tsx:9:3)
    at div
    at RecipeDetailPage (/Users/tunbee27/Documents/Tako-san-ui-rebuild/src/web/pages/RecipeDetailPage.tsx:51:63)
    at Router (/Users/tunbee27/Documents/Tako-san-ui-rebuild/node_modules/.pnpm/react-router@6.30.6_react@18.3.1/node_modules/react-router/dist/umd/react-router.development.js:1203:17)
    at MemoryRouter (/Users/tunbee27/Documents/Tako-san-ui-rebuild/node_modules/.pnpm/react-router@6.30.6_react@18.3.1/node_modules/react-router/dist/umd/react-router.development.js:1097:7)
    at QueryClientProvider (file:///Users/tunbee27/Documents/Tako-san-ui-rebuild/node_modules/.pnpm/@tanstack+react-query@5.102.8_react@18.3.1/node_modules/@tanstack/react-query/build/modern/QueryClientProvider.js:12:32)
Warning: useLayoutEffect does nothing on the server, because its effect cannot be encoded into the server renderer's output format. This will lead to a mismatch between the initial, non-hydrated UI and the intended UI. To avoid this, useLayoutEffect should only be used in components that render exclusively on the client. See https://reactjs.org/link/uselayouteffect-ssr for common fixes.
    at LinkWithRef (/Users/tunbee27/Documents/Tako-san-ui-rebuild/node_modules/.pnpm/react-router-dom@6.30.6_react-dom@18.3.1_react@18.3.1__react@18.3.1/node_modules/react-router-dom/dist/umd/react-router-dom.development.js:807:9)
    at KitchenScanLink (/Users/tunbee27/Documents/Tako-san-ui-rebuild/src/web/design-system/navigation.tsx:450:28)
    at header
    at KitchenHeader (/Users/tunbee27/Documents/Tako-san-ui-rebuild/src/web/components/common/KitchenHeader.tsx:10:3)
    at TopBar (/Users/tunbee27/Documents/Tako-san-ui-rebuild/src/web/components/common/TopBar.tsx:9:3)
    at div
    at RecipeDetailPage (/Users/tunbee27/Documents/Tako-san-ui-rebuild/src/web/pages/RecipeDetailPage.tsx:51:63)
    at Router (/Users/tunbee27/Documents/Tako-san-ui-rebuild/node_modules/.pnpm/react-router@6.30.6_react@18.3.1/node_modules/react-router/dist/umd/react-router.development.js:1203:17)
    at MemoryRouter (/Users/tunbee27/Documents/Tako-san-ui-rebuild/node_modules/.pnpm/react-router@6.30.6_react@18.3.1/node_modules/react-router/dist/umd/react-router.development.js:1097:7)
    at QueryClientProvider (file:///Users/tunbee27/Documents/Tako-san-ui-rebuild/node_modules/.pnpm/@tanstack+react-query@5.102.8_react@18.3.1/node_modules/@tanstack/react-query/build/modern/QueryClientProvider.js:12:32)

stderr | tests/integration/frontend-ui-integration.test.tsx > RecipeDetail loading, not-found, error, and success remain distinct > renders a distinct 404 response instead of an infinite spinner
Warning: useLayoutEffect does nothing on the server, because its effect cannot be encoded into the server renderer's output format. This will lead to a mismatch between the initial, non-hydrated UI and the intended UI. To avoid this, useLayoutEffect should only be used in components that render exclusively on the client. See https://reactjs.org/link/uselayouteffect-ssr for common fixes.
    at MemoryRouter (/Users/tunbee27/Documents/Tako-san-ui-rebuild/node_modules/.pnpm/react-router@6.30.6_react@18.3.1/node_modules/react-router/dist/umd/react-router.development.js:1097:7)
    at QueryClientProvider (file:///Users/tunbee27/Documents/Tako-san-ui-rebuild/node_modules/.pnpm/@tanstack+react-query@5.102.8_react@18.3.1/node_modules/@tanstack/react-query/build/modern/QueryClientProvider.js:12:32)
Warning: useLayoutEffect does nothing on the server, because its effect cannot be encoded into the server renderer's output format. This will lead to a mismatch between the initial, non-hydrated UI and the intended UI. To avoid this, useLayoutEffect should only be used in components that render exclusively on the client. See https://reactjs.org/link/uselayouteffect-ssr for common fixes.
    at LinkWithRef (/Users/tunbee27/Documents/Tako-san-ui-rebuild/node_modules/.pnpm/react-router-dom@6.30.6_react-dom@18.3.1_react@18.3.1__react@18.3.1/node_modules/react-router-dom/dist/umd/react-router-dom.development.js:807:9)
    at div
    at header
    at KitchenHeader (/Users/tunbee27/Documents/Tako-san-ui-rebuild/src/web/components/common/KitchenHeader.tsx:10:3)
    at TopBar (/Users/tunbee27/Documents/Tako-san-ui-rebuild/src/web/components/common/TopBar.tsx:9:3)
    at div
    at RecipeDetailPage (/Users/tunbee27/Documents/Tako-san-ui-rebuild/src/web/pages/RecipeDetailPage.tsx:51:63)
    at Router (/Users/tunbee27/Documents/Tako-san-ui-rebuild/node_modules/.pnpm/react-router@6.30.6_react@18.3.1/node_modules/react-router/dist/umd/react-router.development.js:1203:17)
    at MemoryRouter (/Users/tunbee27/Documents/Tako-san-ui-rebuild/node_modules/.pnpm/react-router@6.30.6_react@18.3.1/node_modules/react-router/dist/umd/react-router.development.js:1097:7)
    at QueryClientProvider (file:///Users/tunbee27/Documents/Tako-san-ui-rebuild/node_modules/.pnpm/@tanstack+react-query@5.102.8_react@18.3.1/node_modules/@tanstack/react-query/build/modern/QueryClientProvider.js:12:32)
Warning: useLayoutEffect does nothing on the server, because its effect cannot be encoded into the server renderer's output format. This will lead to a mismatch between the initial, non-hydrated UI and the intended UI. To avoid this, useLayoutEffect should only be used in components that render exclusively on the client. See https://reactjs.org/link/uselayouteffect-ssr for common fixes.
    at LinkWithRef (/Users/tunbee27/Documents/Tako-san-ui-rebuild/node_modules/.pnpm/react-router-dom@6.30.6_react-dom@18.3.1_react@18.3.1__react@18.3.1/node_modules/react-router-dom/dist/umd/react-router-dom.development.js:807:9)
    at div
    at header
    at KitchenHeader (/Users/tunbee27/Documents/Tako-san-ui-rebuild/src/web/components/common/KitchenHeader.tsx:10:3)
    at TopBar (/Users/tunbee27/Documents/Tako-san-ui-rebuild/src/web/components/common/TopBar.tsx:9:3)
    at div
    at RecipeDetailPage (/Users/tunbee27/Documents/Tako-san-ui-rebuild/src/web/pages/RecipeDetailPage.tsx:51:63)
    at Router (/Users/tunbee27/Documents/Tako-san-ui-rebuild/node_modules/.pnpm/react-router@6.30.6_react@18.3.1/node_modules/react-router/dist/umd/react-router.development.js:1203:17)
    at MemoryRouter (/Users/tunbee27/Documents/Tako-san-ui-rebuild/node_modules/.pnpm/react-router@6.30.6_react@18.3.1/node_modules/react-router/dist/umd/react-router.development.js:1097:7)
    at QueryClientProvider (file:///Users/tunbee27/Documents/Tako-san-ui-rebuild/node_modules/.pnpm/@tanstack+react-query@5.102.8_react@18.3.1/node_modules/@tanstack/react-query/build/modern/QueryClientProvider.js:12:32)
Warning: useLayoutEffect does nothing on the server, because its effect cannot be encoded into the server renderer's output format. This will lead to a mismatch between the initial, non-hydrated UI and the intended UI. To avoid this, useLayoutEffect should only be used in components that render exclusively on the client. See https://reactjs.org/link/uselayouteffect-ssr for common fixes.
    at LinkWithRef (/Users/tunbee27/Documents/Tako-san-ui-rebuild/node_modules/.pnpm/react-router-dom@6.30.6_react-dom@18.3.1_react@18.3.1__react@18.3.1/node_modules/react-router-dom/dist/umd/react-router-dom.development.js:807:9)
    at div
    at header
    at KitchenHeader (/Users/tunbee27/Documents/Tako-san-ui-rebuild/src/web/components/common/KitchenHeader.tsx:10:3)
    at TopBar (/Users/tunbee27/Documents/Tako-san-ui-rebuild/src/web/components/common/TopBar.tsx:9:3)
    at div
    at RecipeDetailPage (/Users/tunbee27/Documents/Tako-san-ui-rebuild/src/web/pages/RecipeDetailPage.tsx:51:63)
    at Router (/Users/tunbee27/Documents/Tako-san-ui-rebuild/node_modules/.pnpm/react-router@6.30.6_react@18.3.1/node_modules/react-router/dist/umd/react-router.development.js:1203:17)
    at MemoryRouter (/Users/tunbee27/Documents/Tako-san-ui-rebuild/node_modules/.pnpm/react-router@6.30.6_react@18.3.1/node_modules/react-router/dist/umd/react-router.development.js:1097:7)
    at QueryClientProvider (file:///Users/tunbee27/Documents/Tako-san-ui-rebuild/node_modules/.pnpm/@tanstack+react-query@5.102.8_react@18.3.1/node_modules/@tanstack/react-query/build/modern/QueryClientProvider.js:12:32)
Warning: useLayoutEffect does nothing on the server, because its effect cannot be encoded into the server renderer's output format. This will lead to a mismatch between the initial, non-hydrated UI and the intended UI. To avoid this, useLayoutEffect should only be used in components that render exclusively on the client. See https://reactjs.org/link/uselayouteffect-ssr for common fixes.
    at LinkWithRef (/Users/tunbee27/Documents/Tako-san-ui-rebuild/node_modules/.pnpm/react-router-dom@6.30.6_react-dom@18.3.1_react@18.3.1__react@18.3.1/node_modules/react-router-dom/dist/umd/react-router-dom.development.js:807:9)
    at div
    at header
    at KitchenHeader (/Users/tunbee27/Documents/Tako-san-ui-rebuild/src/web/components/common/KitchenHeader.tsx:10:3)
    at TopBar (/Users/tunbee27/Documents/Tako-san-ui-rebuild/src/web/components/common/TopBar.tsx:9:3)
    at div
    at RecipeDetailPage (/Users/tunbee27/Documents/Tako-san-ui-rebuild/src/web/pages/RecipeDetailPage.tsx:51:63)
    at Router (/Users/tunbee27/Documents/Tako-san-ui-rebuild/node_modules/.pnpm/react-router@6.30.6_react@18.3.1/node_modules/react-router/dist/umd/react-router.development.js:1203:17)
    at MemoryRouter (/Users/tunbee27/Documents/Tako-san-ui-rebuild/node_modules/.pnpm/react-router@6.30.6_react@18.3.1/node_modules/react-router/dist/umd/react-router.development.js:1097:7)
    at QueryClientProvider (file:///Users/tunbee27/Documents/Tako-san-ui-rebuild/node_modules/.pnpm/@tanstack+react-query@5.102.8_react@18.3.1/node_modules/@tanstack/react-query/build/modern/QueryClientProvider.js:12:32)
Warning: useLayoutEffect does nothing on the server, because its effect cannot be encoded into the server renderer's output format. This will lead to a mismatch between the initial, non-hydrated UI and the intended UI. To avoid this, useLayoutEffect should only be used in components that render exclusively on the client. See https://reactjs.org/link/uselayouteffect-ssr for common fixes.
    at LinkWithRef (/Users/tunbee27/Documents/Tako-san-ui-rebuild/node_modules/.pnpm/react-router-dom@6.30.6_react-dom@18.3.1_react@18.3.1__react@18.3.1/node_modules/react-router-dom/dist/umd/react-router-dom.development.js:807:9)
    at KitchenScanLink (/Users/tunbee27/Documents/Tako-san-ui-rebuild/src/web/design-system/navigation.tsx:450:28)
    at header
    at KitchenHeader (/Users/tunbee27/Documents/Tako-san-ui-rebuild/src/web/components/common/KitchenHeader.tsx:10:3)
    at TopBar (/Users/tunbee27/Documents/Tako-san-ui-rebuild/src/web/components/common/TopBar.tsx:9:3)
    at div
    at RecipeDetailPage (/Users/tunbee27/Documents/Tako-san-ui-rebuild/src/web/pages/RecipeDetailPage.tsx:51:63)
    at Router (/Users/tunbee27/Documents/Tako-san-ui-rebuild/node_modules/.pnpm/react-router@6.30.6_react@18.3.1/node_modules/react-router/dist/umd/react-router.development.js:1203:17)
    at MemoryRouter (/Users/tunbee27/Documents/Tako-san-ui-rebuild/node_modules/.pnpm/react-router@6.30.6_react@18.3.1/node_modules/react-router/dist/umd/react-router.development.js:1097:7)
    at QueryClientProvider (file:///Users/tunbee27/Documents/Tako-san-ui-rebuild/node_modules/.pnpm/@tanstack+react-query@5.102.8_react@18.3.1/node_modules/@tanstack/react-query/build/modern/QueryClientProvider.js:12:32)

stderr | tests/integration/frontend-ui-integration.test.tsx > RecipeDetail loading, not-found, error, and success remain distinct > renders a distinct 500 response instead of an infinite spinner
Warning: useLayoutEffect does nothing on the server, because its effect cannot be encoded into the server renderer's output format. This will lead to a mismatch between the initial, non-hydrated UI and the intended UI. To avoid this, useLayoutEffect should only be used in components that render exclusively on the client. See https://reactjs.org/link/uselayouteffect-ssr for common fixes.
    at MemoryRouter (/Users/tunbee27/Documents/Tako-san-ui-rebuild/node_modules/.pnpm/react-router@6.30.6_react@18.3.1/node_modules/react-router/dist/umd/react-router.development.js:1097:7)
    at QueryClientProvider (file:///Users/tunbee27/Documents/Tako-san-ui-rebuild/node_modules/.pnpm/@tanstack+react-query@5.102.8_react@18.3.1/node_modules/@tanstack/react-query/build/modern/QueryClientProvider.js:12:32)
Warning: useLayoutEffect does nothing on the server, because its effect cannot be encoded into the server renderer's output format. This will lead to a mismatch between the initial, non-hydrated UI and the intended UI. To avoid this, useLayoutEffect should only be used in components that render exclusively on the client. See https://reactjs.org/link/uselayouteffect-ssr for common fixes.
    at LinkWithRef (/Users/tunbee27/Documents/Tako-san-ui-rebuild/node_modules/.pnpm/react-router-dom@6.30.6_react-dom@18.3.1_react@18.3.1__react@18.3.1/node_modules/react-router-dom/dist/umd/react-router-dom.development.js:807:9)
    at div
    at header
    at KitchenHeader (/Users/tunbee27/Documents/Tako-san-ui-rebuild/src/web/components/common/KitchenHeader.tsx:10:3)
    at TopBar (/Users/tunbee27/Documents/Tako-san-ui-rebuild/src/web/components/common/TopBar.tsx:9:3)
    at div
    at RecipeDetailPage (/Users/tunbee27/Documents/Tako-san-ui-rebuild/src/web/pages/RecipeDetailPage.tsx:51:63)
    at Router (/Users/tunbee27/Documents/Tako-san-ui-rebuild/node_modules/.pnpm/react-router@6.30.6_react@18.3.1/node_modules/react-router/dist/umd/react-router.development.js:1203:17)
    at MemoryRouter (/Users/tunbee27/Documents/Tako-san-ui-rebuild/node_modules/.pnpm/react-router@6.30.6_react@18.3.1/node_modules/react-router/dist/umd/react-router.development.js:1097:7)
    at QueryClientProvider (file:///Users/tunbee27/Documents/Tako-san-ui-rebuild/node_modules/.pnpm/@tanstack+react-query@5.102.8_react@18.3.1/node_modules/@tanstack/react-query/build/modern/QueryClientProvider.js:12:32)
Warning: useLayoutEffect does nothing on the server, because its effect cannot be encoded into the server renderer's output format. This will lead to a mismatch between the initial, non-hydrated UI and the intended UI. To avoid this, useLayoutEffect should only be used in components that render exclusively on the client. See https://reactjs.org/link/uselayouteffect-ssr for common fixes.
    at LinkWithRef (/Users/tunbee27/Documents/Tako-san-ui-rebuild/node_modules/.pnpm/react-router-dom@6.30.6_react-dom@18.3.1_react@18.3.1__react@18.3.1/node_modules/react-router-dom/dist/umd/react-router-dom.development.js:807:9)
    at div
    at header
    at KitchenHeader (/Users/tunbee27/Documents/Tako-san-ui-rebuild/src/web/components/common/KitchenHeader.tsx:10:3)
    at TopBar (/Users/tunbee27/Documents/Tako-san-ui-rebuild/src/web/components/common/TopBar.tsx:9:3)
    at div
    at RecipeDetailPage (/Users/tunbee27/Documents/Tako-san-ui-rebuild/src/web/pages/RecipeDetailPage.tsx:51:63)
    at Router (/Users/tunbee27/Documents/Tako-san-ui-rebuild/node_modules/.pnpm/react-router@6.30.6_react@18.3.1/node_modules/react-router/dist/umd/react-router.development.js:1203:17)
    at MemoryRouter (/Users/tunbee27/Documents/Tako-san-ui-rebuild/node_modules/.pnpm/react-router@6.30.6_react@18.3.1/node_modules/react-router/dist/umd/react-router.development.js:1097:7)
    at QueryClientProvider (file:///Users/tunbee27/Documents/Tako-san-ui-rebuild/node_modules/.pnpm/@tanstack+react-query@5.102.8_react@18.3.1/node_modules/@tanstack/react-query/build/modern/QueryClientProvider.js:12:32)
Warning: useLayoutEffect does nothing on the server, because its effect cannot be encoded into the server renderer's output format. This will lead to a mismatch between the initial, non-hydrated UI and the intended UI. To avoid this, useLayoutEffect should only be used in components that render exclusively on the client. See https://reactjs.org/link/uselayouteffect-ssr for common fixes.
    at LinkWithRef (/Users/tunbee27/Documents/Tako-san-ui-rebuild/node_modules/.pnpm/react-router-dom@6.30.6_react-dom@18.3.1_react@18.3.1__react@18.3.1/node_modules/react-router-dom/dist/umd/react-router-dom.development.js:807:9)
    at div
    at header
    at KitchenHeader (/Users/tunbee27/Documents/Tako-san-ui-rebuild/src/web/components/common/KitchenHeader.tsx:10:3)
    at TopBar (/Users/tunbee27/Documents/Tako-san-ui-rebuild/src/web/components/common/TopBar.tsx:9:3)
    at div
    at RecipeDetailPage (/Users/tunbee27/Documents/Tako-san-ui-rebuild/src/web/pages/RecipeDetailPage.tsx:51:63)
    at Router (/Users/tunbee27/Documents/Tako-san-ui-rebuild/node_modules/.pnpm/react-router@6.30.6_react@18.3.1/node_modules/react-router/dist/umd/react-router.development.js:1203:17)
    at MemoryRouter (/Users/tunbee27/Documents/Tako-san-ui-rebuild/node_modules/.pnpm/react-router@6.30.6_react@18.3.1/node_modules/react-router/dist/umd/react-router.development.js:1097:7)
    at QueryClientProvider (file:///Users/tunbee27/Documents/Tako-san-ui-rebuild/node_modules/.pnpm/@tanstack+react-query@5.102.8_react@18.3.1/node_modules/@tanstack/react-query/build/modern/QueryClientProvider.js:12:32)
Warning: useLayoutEffect does nothing on the server, because its effect cannot be encoded into the server renderer's output format. This will lead to a mismatch between the initial, non-hydrated UI and the intended UI. To avoid this, useLayoutEffect should only be used in components that render exclusively on the client. See https://reactjs.org/link/uselayouteffect-ssr for common fixes.
    at LinkWithRef (/Users/tunbee27/Documents/Tako-san-ui-rebuild/node_modules/.pnpm/react-router-dom@6.30.6_react-dom@18.3.1_react@18.3.1__react@18.3.1/node_modules/react-router-dom/dist/umd/react-router-dom.development.js:807:9)
    at div
    at header
    at KitchenHeader (/Users/tunbee27/Documents/Tako-san-ui-rebuild/src/web/components/common/KitchenHeader.tsx:10:3)
    at TopBar (/Users/tunbee27/Documents/Tako-san-ui-rebuild/src/web/components/common/TopBar.tsx:9:3)
    at div
    at RecipeDetailPage (/Users/tunbee27/Documents/Tako-san-ui-rebuild/src/web/pages/RecipeDetailPage.tsx:51:63)
    at Router (/Users/tunbee27/Documents/Tako-san-ui-rebuild/node_modules/.pnpm/react-router@6.30.6_react@18.3.1/node_modules/react-router/dist/umd/react-router.development.js:1203:17)
    at MemoryRouter (/Users/tunbee27/Documents/Tako-san-ui-rebuild/node_modules/.pnpm/react-router@6.30.6_react@18.3.1/node_modules/react-router/dist/umd/react-router.development.js:1097:7)
    at QueryClientProvider (file:///Users/tunbee27/Documents/Tako-san-ui-rebuild/node_modules/.pnpm/@tanstack+react-query@5.102.8_react@18.3.1/node_modules/@tanstack/react-query/build/modern/QueryClientProvider.js:12:32)
Warning: useLayoutEffect does nothing on the server, because its effect cannot be encoded into the server renderer's output format. This will lead to a mismatch between the initial, non-hydrated UI and the intended UI. To avoid this, useLayoutEffect should only be used in components that render exclusively on the client. See https://reactjs.org/link/uselayouteffect-ssr for common fixes.
    at LinkWithRef (/Users/tunbee27/Documents/Tako-san-ui-rebuild/node_modules/.pnpm/react-router-dom@6.30.6_react-dom@18.3.1_react@18.3.1__react@18.3.1/node_modules/react-router-dom/dist/umd/react-router-dom.development.js:807:9)
    at KitchenScanLink (/Users/tunbee27/Documents/Tako-san-ui-rebuild/src/web/design-system/navigation.tsx:450:28)
    at header
    at KitchenHeader (/Users/tunbee27/Documents/Tako-san-ui-rebuild/src/web/components/common/KitchenHeader.tsx:10:3)
    at TopBar (/Users/tunbee27/Documents/Tako-san-ui-rebuild/src/web/components/common/TopBar.tsx:9:3)
    at div
    at RecipeDetailPage (/Users/tunbee27/Documents/Tako-san-ui-rebuild/src/web/pages/RecipeDetailPage.tsx:51:63)
    at Router (/Users/tunbee27/Documents/Tako-san-ui-rebuild/node_modules/.pnpm/react-router@6.30.6_react@18.3.1/node_modules/react-router/dist/umd/react-router.development.js:1203:17)
    at MemoryRouter (/Users/tunbee27/Documents/Tako-san-ui-rebuild/node_modules/.pnpm/react-router@6.30.6_react@18.3.1/node_modules/react-router/dist/umd/react-router.development.js:1097:7)
    at QueryClientProvider (file:///Users/tunbee27/Documents/Tako-san-ui-rebuild/node_modules/.pnpm/@tanstack+react-query@5.102.8_react@18.3.1/node_modules/@tanstack/react-query/build/modern/QueryClientProvider.js:12:32)

stderr | tests/integration/frontend-ui-integration.test.tsx > RecipeDetail loading, not-found, error, and success remain distinct > renders the offline error honestly with retry
Warning: useLayoutEffect does nothing on the server, because its effect cannot be encoded into the server renderer's output format. This will lead to a mismatch between the initial, non-hydrated UI and the intended UI. To avoid this, useLayoutEffect should only be used in components that render exclusively on the client. See https://reactjs.org/link/uselayouteffect-ssr for common fixes.
    at MemoryRouter (/Users/tunbee27/Documents/Tako-san-ui-rebuild/node_modules/.pnpm/react-router@6.30.6_react@18.3.1/node_modules/react-router/dist/umd/react-router.development.js:1097:7)
    at QueryClientProvider (file:///Users/tunbee27/Documents/Tako-san-ui-rebuild/node_modules/.pnpm/@tanstack+react-query@5.102.8_react@18.3.1/node_modules/@tanstack/react-query/build/modern/QueryClientProvider.js:12:32)
Warning: useLayoutEffect does nothing on the server, because its effect cannot be encoded into the server renderer's output format. This will lead to a mismatch between the initial, non-hydrated UI and the intended UI. To avoid this, useLayoutEffect should only be used in components that render exclusively on the client. See https://reactjs.org/link/uselayouteffect-ssr for common fixes.
    at LinkWithRef (/Users/tunbee27/Documents/Tako-san-ui-rebuild/node_modules/.pnpm/react-router-dom@6.30.6_react-dom@18.3.1_react@18.3.1__react@18.3.1/node_modules/react-router-dom/dist/umd/react-router-dom.development.js:807:9)
    at div
    at header
    at KitchenHeader (/Users/tunbee27/Documents/Tako-san-ui-rebuild/src/web/components/common/KitchenHeader.tsx:10:3)
    at TopBar (/Users/tunbee27/Documents/Tako-san-ui-rebuild/src/web/components/common/TopBar.tsx:9:3)
    at div
    at RecipeDetailPage (/Users/tunbee27/Documents/Tako-san-ui-rebuild/src/web/pages/RecipeDetailPage.tsx:51:63)
    at Router (/Users/tunbee27/Documents/Tako-san-ui-rebuild/node_modules/.pnpm/react-router@6.30.6_react@18.3.1/node_modules/react-router/dist/umd/react-router.development.js:1203:17)
    at MemoryRouter (/Users/tunbee27/Documents/Tako-san-ui-rebuild/node_modules/.pnpm/react-router@6.30.6_react@18.3.1/node_modules/react-router/dist/umd/react-router.development.js:1097:7)
    at QueryClientProvider (file:///Users/tunbee27/Documents/Tako-san-ui-rebuild/node_modules/.pnpm/@tanstack+react-query@5.102.8_react@18.3.1/node_modules/@tanstack/react-query/build/modern/QueryClientProvider.js:12:32)
Warning: useLayoutEffect does nothing on the server, because its effect cannot be encoded into the server renderer's output format. This will lead to a mismatch between the initial, non-hydrated UI and the intended UI. To avoid this, useLayoutEffect should only be used in components that render exclusively on the client. See https://reactjs.org/link/uselayouteffect-ssr for common fixes.
    at LinkWithRef (/Users/tunbee27/Documents/Tako-san-ui-rebuild/node_modules/.pnpm/react-router-dom@6.30.6_react-dom@18.3.1_react@18.3.1__react@18.3.1/node_modules/react-router-dom/dist/umd/react-router-dom.development.js:807:9)
    at div
    at header
    at KitchenHeader (/Users/tunbee27/Documents/Tako-san-ui-rebuild/src/web/components/common/KitchenHeader.tsx:10:3)
    at TopBar (/Users/tunbee27/Documents/Tako-san-ui-rebuild/src/web/components/common/TopBar.tsx:9:3)
    at div
    at RecipeDetailPage (/Users/tunbee27/Documents/Tako-san-ui-rebuild/src/web/pages/RecipeDetailPage.tsx:51:63)
    at Router (/Users/tunbee27/Documents/Tako-san-ui-rebuild/node_modules/.pnpm/react-router@6.30.6_react@18.3.1/node_modules/react-router/dist/umd/react-router.development.js:1203:17)
    at MemoryRouter (/Users/tunbee27/Documents/Tako-san-ui-rebuild/node_modules/.pnpm/react-router@6.30.6_react@18.3.1/node_modules/react-router/dist/umd/react-router.development.js:1097:7)
    at QueryClientProvider (file:///Users/tunbee27/Documents/Tako-san-ui-rebuild/node_modules/.pnpm/@tanstack+react-query@5.102.8_react@18.3.1/node_modules/@tanstack/react-query/build/modern/QueryClientProvider.js:12:32)
Warning: useLayoutEffect does nothing on the server, because its effect cannot be encoded into the server renderer's output format. This will lead to a mismatch between the initial, non-hydrated UI and the intended UI. To avoid this, useLayoutEffect should only be used in components that render exclusively on the client. See https://reactjs.org/link/uselayouteffect-ssr for common fixes.
    at LinkWithRef (/Users/tunbee27/Documents/Tako-san-ui-rebuild/node_modules/.pnpm/react-router-dom@6.30.6_react-dom@18.3.1_react@18.3.1__react@18.3.1/node_modules/react-router-dom/dist/umd/react-router-dom.development.js:807:9)
    at div
    at header
    at KitchenHeader (/Users/tunbee27/Documents/Tako-san-ui-rebuild/src/web/components/common/KitchenHeader.tsx:10:3)
    at TopBar (/Users/tunbee27/Documents/Tako-san-ui-rebuild/src/web/components/common/TopBar.tsx:9:3)
    at div
    at RecipeDetailPage (/Users/tunbee27/Documents/Tako-san-ui-rebuild/src/web/pages/RecipeDetailPage.tsx:51:63)
    at Router (/Users/tunbee27/Documents/Tako-san-ui-rebuild/node_modules/.pnpm/react-router@6.30.6_react@18.3.1/node_modules/react-router/dist/umd/react-router.development.js:1203:17)
    at MemoryRouter (/Users/tunbee27/Documents/Tako-san-ui-rebuild/node_modules/.pnpm/react-router@6.30.6_react@18.3.1/node_modules/react-router/dist/umd/react-router.development.js:1097:7)
    at QueryClientProvider (file:///Users/tunbee27/Documents/Tako-san-ui-rebuild/node_modules/.pnpm/@tanstack+react-query@5.102.8_react@18.3.1/node_modules/@tanstack/react-query/build/modern/QueryClientProvider.js:12:32)
Warning: useLayoutEffect does nothing on the server, because its effect cannot be encoded into the server renderer's output format. This will lead to a mismatch between the initial, non-hydrated UI and the intended UI. To avoid this, useLayoutEffect should only be used in components that render exclusively on the client. See https://reactjs.org/link/uselayouteffect-ssr for common fixes.
    at LinkWithRef (/Users/tunbee27/Documents/Tako-san-ui-rebuild/node_modules/.pnpm/react-router-dom@6.30.6_react-dom@18.3.1_react@18.3.1__react@18.3.1/node_modules/react-router-dom/dist/umd/react-router-dom.development.js:807:9)
    at div
    at header
    at KitchenHeader (/Users/tunbee27/Documents/Tako-san-ui-rebuild/src/web/components/common/KitchenHeader.tsx:10:3)
    at TopBar (/Users/tunbee27/Documents/Tako-san-ui-rebuild/src/web/components/common/TopBar.tsx:9:3)
    at div
    at RecipeDetailPage (/Users/tunbee27/Documents/Tako-san-ui-rebuild/src/web/pages/RecipeDetailPage.tsx:51:63)
    at Router (/Users/tunbee27/Documents/Tako-san-ui-rebuild/node_modules/.pnpm/react-router@6.30.6_react@18.3.1/node_modules/react-router/dist/umd/react-router.development.js:1203:17)
    at MemoryRouter (/Users/tunbee27/Documents/Tako-san-ui-rebuild/node_modules/.pnpm/react-router@6.30.6_react@18.3.1/node_modules/react-router/dist/umd/react-router.development.js:1097:7)
    at QueryClientProvider (file:///Users/tunbee27/Documents/Tako-san-ui-rebuild/node_modules/.pnpm/@tanstack+react-query@5.102.8_react@18.3.1/node_modules/@tanstack/react-query/build/modern/QueryClientProvider.js:12:32)
Warning: useLayoutEffect does nothing on the server, because its effect cannot be encoded into the server renderer's output format. This will lead to a mismatch between the initial, non-hydrated UI and the intended UI. To avoid this, useLayoutEffect should only be used in components that render exclusively on the client. See https://reactjs.org/link/uselayouteffect-ssr for common fixes.
    at LinkWithRef (/Users/tunbee27/Documents/Tako-san-ui-rebuild/node_modules/.pnpm/react-router-dom@6.30.6_react-dom@18.3.1_react@18.3.1__react@18.3.1/node_modules/react-router-dom/dist/umd/react-router-dom.development.js:807:9)
    at KitchenScanLink (/Users/tunbee27/Documents/Tako-san-ui-rebuild/src/web/design-system/navigation.tsx:450:28)
    at header
    at KitchenHeader (/Users/tunbee27/Documents/Tako-san-ui-rebuild/src/web/components/common/KitchenHeader.tsx:10:3)
    at TopBar (/Users/tunbee27/Documents/Tako-san-ui-rebuild/src/web/components/common/TopBar.tsx:9:3)
    at div
    at RecipeDetailPage (/Users/tunbee27/Documents/Tako-san-ui-rebuild/src/web/pages/RecipeDetailPage.tsx:51:63)
    at Router (/Users/tunbee27/Documents/Tako-san-ui-rebuild/node_modules/.pnpm/react-router@6.30.6_react@18.3.1/node_modules/react-router/dist/umd/react-router.development.js:1203:17)
    at MemoryRouter (/Users/tunbee27/Documents/Tako-san-ui-rebuild/node_modules/.pnpm/react-router@6.30.6_react@18.3.1/node_modules/react-router/dist/umd/react-router.development.js:1097:7)
    at QueryClientProvider (file:///Users/tunbee27/Documents/Tako-san-ui-rebuild/node_modules/.pnpm/@tanstack+react-query@5.102.8_react@18.3.1/node_modules/@tanstack/react-query/build/modern/QueryClientProvider.js:12:32)

stderr | tests/integration/frontend-ui-integration.test.tsx > RecipeDetail loading, not-found, error, and success remain distinct > renders a successfully loaded recipe from the secure query cache
Warning: useLayoutEffect does nothing on the server, because its effect cannot be encoded into the server renderer's output format. This will lead to a mismatch between the initial, non-hydrated UI and the intended UI. To avoid this, useLayoutEffect should only be used in components that render exclusively on the client. See https://reactjs.org/link/uselayouteffect-ssr for common fixes.
    at MemoryRouter (/Users/tunbee27/Documents/Tako-san-ui-rebuild/node_modules/.pnpm/react-router@6.30.6_react@18.3.1/node_modules/react-router/dist/umd/react-router.development.js:1097:7)
    at QueryClientProvider (file:///Users/tunbee27/Documents/Tako-san-ui-rebuild/node_modules/.pnpm/@tanstack+react-query@5.102.8_react@18.3.1/node_modules/@tanstack/react-query/build/modern/QueryClientProvider.js:12:32)
Warning: useLayoutEffect does nothing on the server, because its effect cannot be encoded into the server renderer's output format. This will lead to a mismatch between the initial, non-hydrated UI and the intended UI. To avoid this, useLayoutEffect should only be used in components that render exclusively on the client. See https://reactjs.org/link/uselayouteffect-ssr for common fixes.
    at LinkWithRef (/Users/tunbee27/Documents/Tako-san-ui-rebuild/node_modules/.pnpm/react-router-dom@6.30.6_react-dom@18.3.1_react@18.3.1__react@18.3.1/node_modules/react-router-dom/dist/umd/react-router-dom.development.js:807:9)
    at div
    at header
    at KitchenHeader (/Users/tunbee27/Documents/Tako-san-ui-rebuild/src/web/components/common/KitchenHeader.tsx:10:3)
    at TopBar (/Users/tunbee27/Documents/Tako-san-ui-rebuild/src/web/components/common/TopBar.tsx:9:3)
    at div
    at RecipeDetailPage (/Users/tunbee27/Documents/Tako-san-ui-rebuild/src/web/pages/RecipeDetailPage.tsx:51:63)
    at Router (/Users/tunbee27/Documents/Tako-san-ui-rebuild/node_modules/.pnpm/react-router@6.30.6_react@18.3.1/node_modules/react-router/dist/umd/react-router.development.js:1203:17)
    at MemoryRouter (/Users/tunbee27/Documents/Tako-san-ui-rebuild/node_modules/.pnpm/react-router@6.30.6_react@18.3.1/node_modules/react-router/dist/umd/react-router.development.js:1097:7)
    at QueryClientProvider (file:///Users/tunbee27/Documents/Tako-san-ui-rebuild/node_modules/.pnpm/@tanstack+react-query@5.102.8_react@18.3.1/node_modules/@tanstack/react-query/build/modern/QueryClientProvider.js:12:32)
Warning: useLayoutEffect does nothing on the server, because its effect cannot be encoded into the server renderer's output format. This will lead to a mismatch between the initial, non-hydrated UI and the intended UI. To avoid this, useLayoutEffect should only be used in components that render exclusively on the client. See https://reactjs.org/link/uselayouteffect-ssr for common fixes.
    at LinkWithRef (/Users/tunbee27/Documents/Tako-san-ui-rebuild/node_modules/.pnpm/react-router-dom@6.30.6_react-dom@18.3.1_react@18.3.1__react@18.3.1/node_modules/react-router-dom/dist/umd/react-router-dom.development.js:807:9)
    at div
    at header
    at KitchenHeader (/Users/tunbee27/Documents/Tako-san-ui-rebuild/src/web/components/common/KitchenHeader.tsx:10:3)
    at TopBar (/Users/tunbee27/Documents/Tako-san-ui-rebuild/src/web/components/common/TopBar.tsx:9:3)
    at div
    at RecipeDetailPage (/Users/tunbee27/Documents/Tako-san-ui-rebuild/src/web/pages/RecipeDetailPage.tsx:51:63)
    at Router (/Users/tunbee27/Documents/Tako-san-ui-rebuild/node_modules/.pnpm/react-router@6.30.6_react@18.3.1/node_modules/react-router/dist/umd/react-router.development.js:1203:17)
    at MemoryRouter (/Users/tunbee27/Documents/Tako-san-ui-rebuild/node_modules/.pnpm/react-router@6.30.6_react@18.3.1/node_modules/react-router/dist/umd/react-router.development.js:1097:7)
    at QueryClientProvider (file:///Users/tunbee27/Documents/Tako-san-ui-rebuild/node_modules/.pnpm/@tanstack+react-query@5.102.8_react@18.3.1/node_modules/@tanstack/react-query/build/modern/QueryClientProvider.js:12:32)
Warning: useLayoutEffect does nothing on the server, because its effect cannot be encoded into the server renderer's output format. This will lead to a mismatch between the initial, non-hydrated UI and the intended UI. To avoid this, useLayoutEffect should only be used in components that render exclusively on the client. See https://reactjs.org/link/uselayouteffect-ssr for common fixes.
    at LinkWithRef (/Users/tunbee27/Documents/Tako-san-ui-rebuild/node_modules/.pnpm/react-router-dom@6.30.6_react-dom@18.3.1_react@18.3.1__react@18.3.1/node_modules/react-router-dom/dist/umd/react-router-dom.development.js:807:9)
    at div
    at header
    at KitchenHeader (/Users/tunbee27/Documents/Tako-san-ui-rebuild/src/web/components/common/KitchenHeader.tsx:10:3)
    at TopBar (/Users/tunbee27/Documents/Tako-san-ui-rebuild/src/web/components/common/TopBar.tsx:9:3)
    at div
    at RecipeDetailPage (/Users/tunbee27/Documents/Tako-san-ui-rebuild/src/web/pages/RecipeDetailPage.tsx:51:63)
    at Router (/Users/tunbee27/Documents/Tako-san-ui-rebuild/node_modules/.pnpm/react-router@6.30.6_react@18.3.1/node_modules/react-router/dist/umd/react-router.development.js:1203:17)
    at MemoryRouter (/Users/tunbee27/Documents/Tako-san-ui-rebuild/node_modules/.pnpm/react-router@6.30.6_react@18.3.1/node_modules/react-router/dist/umd/react-router.development.js:1097:7)
    at QueryClientProvider (file:///Users/tunbee27/Documents/Tako-san-ui-rebuild/node_modules/.pnpm/@tanstack+react-query@5.102.8_react@18.3.1/node_modules/@tanstack/react-query/build/modern/QueryClientProvider.js:12:32)
Warning: useLayoutEffect does nothing on the server, because its effect cannot be encoded into the server renderer's output format. This will lead to a mismatch between the initial, non-hydrated UI and the intended UI. To avoid this, useLayoutEffect should only be used in components that render exclusively on the client. See https://reactjs.org/link/uselayouteffect-ssr for common fixes.
    at LinkWithRef (/Users/tunbee27/Documents/Tako-san-ui-rebuild/node_modules/.pnpm/react-router-dom@6.30.6_react-dom@18.3.1_react@18.3.1__react@18.3.1/node_modules/react-router-dom/dist/umd/react-router-dom.development.js:807:9)
    at div
    at header
    at KitchenHeader (/Users/tunbee27/Documents/Tako-san-ui-rebuild/src/web/components/common/KitchenHeader.tsx:10:3)
    at TopBar (/Users/tunbee27/Documents/Tako-san-ui-rebuild/src/web/components/common/TopBar.tsx:9:3)
    at div
    at RecipeDetailPage (/Users/tunbee27/Documents/Tako-san-ui-rebuild/src/web/pages/RecipeDetailPage.tsx:51:63)
    at Router (/Users/tunbee27/Documents/Tako-san-ui-rebuild/node_modules/.pnpm/react-router@6.30.6_react@18.3.1/node_modules/react-router/dist/umd/react-router.development.js:1203:17)
    at MemoryRouter (/Users/tunbee27/Documents/Tako-san-ui-rebuild/node_modules/.pnpm/react-router@6.30.6_react@18.3.1/node_modules/react-router/dist/umd/react-router.development.js:1097:7)
    at QueryClientProvider (file:///Users/tunbee27/Documents/Tako-san-ui-rebuild/node_modules/.pnpm/@tanstack+react-query@5.102.8_react@18.3.1/node_modules/@tanstack/react-query/build/modern/QueryClientProvider.js:12:32)
Warning: useLayoutEffect does nothing on the server, because its effect cannot be encoded into the server renderer's output format. This will lead to a mismatch between the initial, non-hydrated UI and the intended UI. To avoid this, useLayoutEffect should only be used in components that render exclusively on the client. See https://reactjs.org/link/uselayouteffect-ssr for common fixes.
    at LinkWithRef (/Users/tunbee27/Documents/Tako-san-ui-rebuild/node_modules/.pnpm/react-router-dom@6.30.6_react-dom@18.3.1_react@18.3.1__react@18.3.1/node_modules/react-router-dom/dist/umd/react-router-dom.development.js:807:9)
    at KitchenScanLink (/Users/tunbee27/Documents/Tako-san-ui-rebuild/src/web/design-system/navigation.tsx:450:28)
    at header
    at KitchenHeader (/Users/tunbee27/Documents/Tako-san-ui-rebuild/src/web/components/common/KitchenHeader.tsx:10:3)
    at TopBar (/Users/tunbee27/Documents/Tako-san-ui-rebuild/src/web/components/common/TopBar.tsx:9:3)
    at div
    at RecipeDetailPage (/Users/tunbee27/Documents/Tako-san-ui-rebuild/src/web/pages/RecipeDetailPage.tsx:51:63)
    at Router (/Users/tunbee27/Documents/Tako-san-ui-rebuild/node_modules/.pnpm/react-router@6.30.6_react@18.3.1/node_modules/react-router/dist/umd/react-router.development.js:1203:17)
    at MemoryRouter (/Users/tunbee27/Documents/Tako-san-ui-rebuild/node_modules/.pnpm/react-router@6.30.6_react@18.3.1/node_modules/react-router/dist/umd/react-router.development.js:1097:7)
    at QueryClientProvider (file:///Users/tunbee27/Documents/Tako-san-ui-rebuild/node_modules/.pnpm/@tanstack+react-query@5.102.8_react@18.3.1/node_modules/@tanstack/react-query/build/modern/QueryClientProvider.js:12:32)

stderr | tests/integration/frontend-ui-integration.test.tsx > notification honesty > renders no fabricated alerts or global unread dot when the server list is empty
Warning: useLayoutEffect does nothing on the server, because its effect cannot be encoded into the server renderer's output format. This will lead to a mismatch between the initial, non-hydrated UI and the intended UI. To avoid this, useLayoutEffect should only be used in components that render exclusively on the client. See https://reactjs.org/link/uselayouteffect-ssr for common fixes.
    at MemoryRouter (/Users/tunbee27/Documents/Tako-san-ui-rebuild/node_modules/.pnpm/react-router@6.30.6_react@18.3.1/node_modules/react-router/dist/umd/react-router.development.js:1097:7)
    at QueryClientProvider (file:///Users/tunbee27/Documents/Tako-san-ui-rebuild/node_modules/.pnpm/@tanstack+react-query@5.102.8_react@18.3.1/node_modules/@tanstack/react-query/build/modern/QueryClientProvider.js:12:32)
Warning: useLayoutEffect does nothing on the server, because its effect cannot be encoded into the server renderer's output format. This will lead to a mismatch between the initial, non-hydrated UI and the intended UI. To avoid this, useLayoutEffect should only be used in components that render exclusively on the client. See https://reactjs.org/link/uselayouteffect-ssr for common fixes.
    at LinkWithRef (/Users/tunbee27/Documents/Tako-san-ui-rebuild/node_modules/.pnpm/react-router-dom@6.30.6_react-dom@18.3.1_react@18.3.1__react@18.3.1/node_modules/react-router-dom/dist/umd/react-router-dom.development.js:807:9)
    at div
    at header
    at KitchenHeader (/Users/tunbee27/Documents/Tako-san-ui-rebuild/src/web/components/common/KitchenHeader.tsx:10:3)
    at div
    at AccountPage (/Users/tunbee27/Documents/Tako-san-ui-rebuild/src/web/components/common/AccountPage.tsx:5:3)
    at NotificationsPage (/Users/tunbee27/Documents/Tako-san-ui-rebuild/src/web/pages/NotificationsPage.tsx:26:64)
    at Router (/Users/tunbee27/Documents/Tako-san-ui-rebuild/node_modules/.pnpm/react-router@6.30.6_react@18.3.1/node_modules/react-router/dist/umd/react-router.development.js:1203:17)
    at MemoryRouter (/Users/tunbee27/Documents/Tako-san-ui-rebuild/node_modules/.pnpm/react-router@6.30.6_react@18.3.1/node_modules/react-router/dist/umd/react-router.development.js:1097:7)
    at QueryClientProvider (file:///Users/tunbee27/Documents/Tako-san-ui-rebuild/node_modules/.pnpm/@tanstack+react-query@5.102.8_react@18.3.1/node_modules/@tanstack/react-query/build/modern/QueryClientProvider.js:12:32)
Warning: useLayoutEffect does nothing on the server, because its effect cannot be encoded into the server renderer's output format. This will lead to a mismatch between the initial, non-hydrated UI and the intended UI. To avoid this, useLayoutEffect should only be used in components that render exclusively on the client. See https://reactjs.org/link/uselayouteffect-ssr for common fixes.
    at LinkWithRef (/Users/tunbee27/Documents/Tako-san-ui-rebuild/node_modules/.pnpm/react-router-dom@6.30.6_react-dom@18.3.1_react@18.3.1__react@18.3.1/node_modules/react-router-dom/dist/umd/react-router-dom.development.js:807:9)
    at div
    at header
    at KitchenHeader (/Users/tunbee27/Documents/Tako-san-ui-rebuild/src/web/components/common/KitchenHeader.tsx:10:3)
    at div
    at AccountPage (/Users/tunbee27/Documents/Tako-san-ui-rebuild/src/web/components/common/AccountPage.tsx:5:3)
    at NotificationsPage (/Users/tunbee27/Documents/Tako-san-ui-rebuild/src/web/pages/NotificationsPage.tsx:26:64)
    at Router (/Users/tunbee27/Documents/Tako-san-ui-rebuild/node_modules/.pnpm/react-router@6.30.6_react@18.3.1/node_modules/react-router/dist/umd/react-router.development.js:1203:17)
    at MemoryRouter (/Users/tunbee27/Documents/Tako-san-ui-rebuild/node_modules/.pnpm/react-router@6.30.6_react@18.3.1/node_modules/react-router/dist/umd/react-router.development.js:1097:7)
    at QueryClientProvider (file:///Users/tunbee27/Documents/Tako-san-ui-rebuild/node_modules/.pnpm/@tanstack+react-query@5.102.8_react@18.3.1/node_modules/@tanstack/react-query/build/modern/QueryClientProvider.js:12:32)
Warning: useLayoutEffect does nothing on the server, because its effect cannot be encoded into the server renderer's output format. This will lead to a mismatch between the initial, non-hydrated UI and the intended UI. To avoid this, useLayoutEffect should only be used in components that render exclusively on the client. See https://reactjs.org/link/uselayouteffect-ssr for common fixes.
    at LinkWithRef (/Users/tunbee27/Documents/Tako-san-ui-rebuild/node_modules/.pnpm/react-router-dom@6.30.6_react-dom@18.3.1_react@18.3.1__react@18.3.1/node_modules/react-router-dom/dist/umd/react-router-dom.development.js:807:9)
    at div
    at header
    at KitchenHeader (/Users/tunbee27/Documents/Tako-san-ui-rebuild/src/web/components/common/KitchenHeader.tsx:10:3)
    at div
    at AccountPage (/Users/tunbee27/Documents/Tako-san-ui-rebuild/src/web/components/common/AccountPage.tsx:5:3)
    at NotificationsPage (/Users/tunbee27/Documents/Tako-san-ui-rebuild/src/web/pages/NotificationsPage.tsx:26:64)
    at Router (/Users/tunbee27/Documents/Tako-san-ui-rebuild/node_modules/.pnpm/react-router@6.30.6_react@18.3.1/node_modules/react-router/dist/umd/react-router.development.js:1203:17)
    at MemoryRouter (/Users/tunbee27/Documents/Tako-san-ui-rebuild/node_modules/.pnpm/react-router@6.30.6_react@18.3.1/node_modules/react-router/dist/umd/react-router.development.js:1097:7)
    at QueryClientProvider (file:///Users/tunbee27/Documents/Tako-san-ui-rebuild/node_modules/.pnpm/@tanstack+react-query@5.102.8_react@18.3.1/node_modules/@tanstack/react-query/build/modern/QueryClientProvider.js:12:32)
Warning: useLayoutEffect does nothing on the server, because its effect cannot be encoded into the server renderer's output format. This will lead to a mismatch between the initial, non-hydrated UI and the intended UI. To avoid this, useLayoutEffect should only be used in components that render exclusively on the client. See https://reactjs.org/link/uselayouteffect-ssr for common fixes.
    at LinkWithRef (/Users/tunbee27/Documents/Tako-san-ui-rebuild/node_modules/.pnpm/react-router-dom@6.30.6_react-dom@18.3.1_react@18.3.1__react@18.3.1/node_modules/react-router-dom/dist/umd/react-router-dom.development.js:807:9)
    at div
    at header
    at KitchenHeader (/Users/tunbee27/Documents/Tako-san-ui-rebuild/src/web/components/common/KitchenHeader.tsx:10:3)
    at div
    at AccountPage (/Users/tunbee27/Documents/Tako-san-ui-rebuild/src/web/components/common/AccountPage.tsx:5:3)
    at NotificationsPage (/Users/tunbee27/Documents/Tako-san-ui-rebuild/src/web/pages/NotificationsPage.tsx:26:64)
    at Router (/Users/tunbee27/Documents/Tako-san-ui-rebuild/node_modules/.pnpm/react-router@6.30.6_react@18.3.1/node_modules/react-router/dist/umd/react-router.development.js:1203:17)
    at MemoryRouter (/Users/tunbee27/Documents/Tako-san-ui-rebuild/node_modules/.pnpm/react-router@6.30.6_react@18.3.1/node_modules/react-router/dist/umd/react-router.development.js:1097:7)
    at QueryClientProvider (file:///Users/tunbee27/Documents/Tako-san-ui-rebuild/node_modules/.pnpm/@tanstack+react-query@5.102.8_react@18.3.1/node_modules/@tanstack/react-query/build/modern/QueryClientProvider.js:12:32)
Warning: useLayoutEffect does nothing on the server, because its effect cannot be encoded into the server renderer's output format. This will lead to a mismatch between the initial, non-hydrated UI and the intended UI. To avoid this, useLayoutEffect should only be used in components that render exclusively on the client. See https://reactjs.org/link/uselayouteffect-ssr for common fixes.
    at LinkWithRef (/Users/tunbee27/Documents/Tako-san-ui-rebuild/node_modules/.pnpm/react-router-dom@6.30.6_react-dom@18.3.1_react@18.3.1__react@18.3.1/node_modules/react-router-dom/dist/umd/react-router-dom.development.js:807:9)
    at KitchenScanLink (/Users/tunbee27/Documents/Tako-san-ui-rebuild/src/web/design-system/navigation.tsx:450:28)
    at header
    at KitchenHeader (/Users/tunbee27/Documents/Tako-san-ui-rebuild/src/web/components/common/KitchenHeader.tsx:10:3)
    at div
    at AccountPage (/Users/tunbee27/Documents/Tako-san-ui-rebuild/src/web/components/common/AccountPage.tsx:5:3)
    at NotificationsPage (/Users/tunbee27/Documents/Tako-san-ui-rebuild/src/web/pages/NotificationsPage.tsx:26:64)
    at Router (/Users/tunbee27/Documents/Tako-san-ui-rebuild/node_modules/.pnpm/react-router@6.30.6_react@18.3.1/node_modules/react-router/dist/umd/react-router.development.js:1203:17)
    at MemoryRouter (/Users/tunbee27/Documents/Tako-san-ui-rebuild/node_modules/.pnpm/react-router@6.30.6_react@18.3.1/node_modules/react-router/dist/umd/react-router.development.js:1097:7)
    at QueryClientProvider (file:///Users/tunbee27/Documents/Tako-san-ui-rebuild/node_modules/.pnpm/@tanstack+react-query@5.102.8_react@18.3.1/node_modules/@tanstack/react-query/build/modern/QueryClientProvider.js:12:32)
Warning: useLayoutEffect does nothing on the server, because its effect cannot be encoded into the server renderer's output format. This will lead to a mismatch between the initial, non-hydrated UI and the intended UI. To avoid this, useLayoutEffect should only be used in components that render exclusively on the client. See https://reactjs.org/link/uselayouteffect-ssr for common fixes.
    at LinkWithRef (/Users/tunbee27/Documents/Tako-san-ui-rebuild/node_modules/.pnpm/react-router-dom@6.30.6_react-dom@18.3.1_react@18.3.1__react@18.3.1/node_modules/react-router-dom/dist/umd/react-router-dom.development.js:807:9)
    at div
    at div
    at div
    at div
    at AccountPage (/Users/tunbee27/Documents/Tako-san-ui-rebuild/src/web/components/common/AccountPage.tsx:5:3)
    at NotificationsPage (/Users/tunbee27/Documents/Tako-san-ui-rebuild/src/web/pages/NotificationsPage.tsx:26:64)
    at Router (/Users/tunbee27/Documents/Tako-san-ui-rebuild/node_modules/.pnpm/react-router@6.30.6_react@18.3.1/node_modules/react-router/dist/umd/react-router.development.js:1203:17)
    at MemoryRouter (/Users/tunbee27/Documents/Tako-san-ui-rebuild/node_modules/.pnpm/react-router@6.30.6_react@18.3.1/node_modules/react-router/dist/umd/react-router.development.js:1097:7)
    at QueryClientProvider (file:///Users/tunbee27/Documents/Tako-san-ui-rebuild/node_modules/.pnpm/@tanstack+react-query@5.102.8_react@18.3.1/node_modules/@tanstack/react-query/build/modern/QueryClientProvider.js:12:32)

stderr | tests/integration/frontend-ui-integration.test.tsx > notification honesty > renders notification content only when returned by the real query contract
Warning: useLayoutEffect does nothing on the server, because its effect cannot be encoded into the server renderer's output format. This will lead to a mismatch between the initial, non-hydrated UI and the intended UI. To avoid this, useLayoutEffect should only be used in components that render exclusively on the client. See https://reactjs.org/link/uselayouteffect-ssr for common fixes.
    at MemoryRouter (/Users/tunbee27/Documents/Tako-san-ui-rebuild/node_modules/.pnpm/react-router@6.30.6_react@18.3.1/node_modules/react-router/dist/umd/react-router.development.js:1097:7)
    at QueryClientProvider (file:///Users/tunbee27/Documents/Tako-san-ui-rebuild/node_modules/.pnpm/@tanstack+react-query@5.102.8_react@18.3.1/node_modules/@tanstack/react-query/build/modern/QueryClientProvider.js:12:32)
Warning: useLayoutEffect does nothing on the server, because its effect cannot be encoded into the server renderer's output format. This will lead to a mismatch between the initial, non-hydrated UI and the intended UI. To avoid this, useLayoutEffect should only be used in components that render exclusively on the client. See https://reactjs.org/link/uselayouteffect-ssr for common fixes.
    at LinkWithRef (/Users/tunbee27/Documents/Tako-san-ui-rebuild/node_modules/.pnpm/react-router-dom@6.30.6_react-dom@18.3.1_react@18.3.1__react@18.3.1/node_modules/react-router-dom/dist/umd/react-router-dom.development.js:807:9)
    at div
    at header
    at KitchenHeader (/Users/tunbee27/Documents/Tako-san-ui-rebuild/src/web/components/common/KitchenHeader.tsx:10:3)
    at div
    at AccountPage (/Users/tunbee27/Documents/Tako-san-ui-rebuild/src/web/components/common/AccountPage.tsx:5:3)
    at NotificationsPage (/Users/tunbee27/Documents/Tako-san-ui-rebuild/src/web/pages/NotificationsPage.tsx:26:64)
    at Router (/Users/tunbee27/Documents/Tako-san-ui-rebuild/node_modules/.pnpm/react-router@6.30.6_react@18.3.1/node_modules/react-router/dist/umd/react-router.development.js:1203:17)
    at MemoryRouter (/Users/tunbee27/Documents/Tako-san-ui-rebuild/node_modules/.pnpm/react-router@6.30.6_react@18.3.1/node_modules/react-router/dist/umd/react-router.development.js:1097:7)
    at QueryClientProvider (file:///Users/tunbee27/Documents/Tako-san-ui-rebuild/node_modules/.pnpm/@tanstack+react-query@5.102.8_react@18.3.1/node_modules/@tanstack/react-query/build/modern/QueryClientProvider.js:12:32)
Warning: useLayoutEffect does nothing on the server, because its effect cannot be encoded into the server renderer's output format. This will lead to a mismatch between the initial, non-hydrated UI and the intended UI. To avoid this, useLayoutEffect should only be used in components that render exclusively on the client. See https://reactjs.org/link/uselayouteffect-ssr for common fixes.
    at LinkWithRef (/Users/tunbee27/Documents/Tako-san-ui-rebuild/node_modules/.pnpm/react-router-dom@6.30.6_react-dom@18.3.1_react@18.3.1__react@18.3.1/node_modules/react-router-dom/dist/umd/react-router-dom.development.js:807:9)
    at div
    at header
    at KitchenHeader (/Users/tunbee27/Documents/Tako-san-ui-rebuild/src/web/components/common/KitchenHeader.tsx:10:3)
    at div
    at AccountPage (/Users/tunbee27/Documents/Tako-san-ui-rebuild/src/web/components/common/AccountPage.tsx:5:3)
    at NotificationsPage (/Users/tunbee27/Documents/Tako-san-ui-rebuild/src/web/pages/NotificationsPage.tsx:26:64)
    at Router (/Users/tunbee27/Documents/Tako-san-ui-rebuild/node_modules/.pnpm/react-router@6.30.6_react@18.3.1/node_modules/react-router/dist/umd/react-router.development.js:1203:17)
    at MemoryRouter (/Users/tunbee27/Documents/Tako-san-ui-rebuild/node_modules/.pnpm/react-router@6.30.6_react@18.3.1/node_modules/react-router/dist/umd/react-router.development.js:1097:7)
    at QueryClientProvider (file:///Users/tunbee27/Documents/Tako-san-ui-rebuild/node_modules/.pnpm/@tanstack+react-query@5.102.8_react@18.3.1/node_modules/@tanstack/react-query/build/modern/QueryClientProvider.js:12:32)
Warning: useLayoutEffect does nothing on the server, because its effect cannot be encoded into the server renderer's output format. This will lead to a mismatch between the initial, non-hydrated UI and the intended UI. To avoid this, useLayoutEffect should only be used in components that render exclusively on the client. See https://reactjs.org/link/uselayouteffect-ssr for common fixes.
    at LinkWithRef (/Users/tunbee27/Documents/Tako-san-ui-rebuild/node_modules/.pnpm/react-router-dom@6.30.6_react-dom@18.3.1_react@18.3.1__react@18.3.1/node_modules/react-router-dom/dist/umd/react-router-dom.development.js:807:9)
    at div
    at header
    at KitchenHeader (/Users/tunbee27/Documents/Tako-san-ui-rebuild/src/web/components/common/KitchenHeader.tsx:10:3)
    at div
    at AccountPage (/Users/tunbee27/Documents/Tako-san-ui-rebuild/src/web/components/common/AccountPage.tsx:5:3)
    at NotificationsPage (/Users/tunbee27/Documents/Tako-san-ui-rebuild/src/web/pages/NotificationsPage.tsx:26:64)
    at Router (/Users/tunbee27/Documents/Tako-san-ui-rebuild/node_modules/.pnpm/react-router@6.30.6_react@18.3.1/node_modules/react-router/dist/umd/react-router.development.js:1203:17)
    at MemoryRouter (/Users/tunbee27/Documents/Tako-san-ui-rebuild/node_modules/.pnpm/react-router@6.30.6_react@18.3.1/node_modules/react-router/dist/umd/react-router.development.js:1097:7)
    at QueryClientProvider (file:///Users/tunbee27/Documents/Tako-san-ui-rebuild/node_modules/.pnpm/@tanstack+react-query@5.102.8_react@18.3.1/node_modules/@tanstack/react-query/build/modern/QueryClientProvider.js:12:32)
Warning: useLayoutEffect does nothing on the server, because its effect cannot be encoded into the server renderer's output format. This will lead to a mismatch between the initial, non-hydrated UI and the intended UI. To avoid this, useLayoutEffect should only be used in components that render exclusively on the client. See https://reactjs.org/link/uselayouteffect-ssr for common fixes.
    at LinkWithRef (/Users/tunbee27/Documents/Tako-san-ui-rebuild/node_modules/.pnpm/react-router-dom@6.30.6_react-dom@18.3.1_react@18.3.1__react@18.3.1/node_modules/react-router-dom/dist/umd/react-router-dom.development.js:807:9)
    at div
    at header
    at KitchenHeader (/Users/tunbee27/Documents/Tako-san-ui-rebuild/src/web/components/common/KitchenHeader.tsx:10:3)
    at div
    at AccountPage (/Users/tunbee27/Documents/Tako-san-ui-rebuild/src/web/components/common/AccountPage.tsx:5:3)
    at NotificationsPage (/Users/tunbee27/Documents/Tako-san-ui-rebuild/src/web/pages/NotificationsPage.tsx:26:64)
    at Router (/Users/tunbee27/Documents/Tako-san-ui-rebuild/node_modules/.pnpm/react-router@6.30.6_react@18.3.1/node_modules/react-router/dist/umd/react-router.development.js:1203:17)
    at MemoryRouter (/Users/tunbee27/Documents/Tako-san-ui-rebuild/node_modules/.pnpm/react-router@6.30.6_react@18.3.1/node_modules/react-router/dist/umd/react-router.development.js:1097:7)
    at QueryClientProvider (file:///Users/tunbee27/Documents/Tako-san-ui-rebuild/node_modules/.pnpm/@tanstack+react-query@5.102.8_react@18.3.1/node_modules/@tanstack/react-query/build/modern/QueryClientProvider.js:12:32)
Warning: useLayoutEffect does nothing on the server, because its effect cannot be encoded into the server renderer's output format. This will lead to a mismatch between the initial, non-hydrated UI and the intended UI. To avoid this, useLayoutEffect should only be used in components that render exclusively on the client. See https://reactjs.org/link/uselayouteffect-ssr for common fixes.
    at LinkWithRef (/Users/tunbee27/Documents/Tako-san-ui-rebuild/node_modules/.pnpm/react-router-dom@6.30.6_react-dom@18.3.1_react@18.3.1__react@18.3.1/node_modules/react-router-dom/dist/umd/react-router-dom.development.js:807:9)
    at KitchenScanLink (/Users/tunbee27/Documents/Tako-san-ui-rebuild/src/web/design-system/navigation.tsx:450:28)
    at header
    at KitchenHeader (/Users/tunbee27/Documents/Tako-san-ui-rebuild/src/web/components/common/KitchenHeader.tsx:10:3)
    at div
    at AccountPage (/Users/tunbee27/Documents/Tako-san-ui-rebuild/src/web/components/common/AccountPage.tsx:5:3)
    at NotificationsPage (/Users/tunbee27/Documents/Tako-san-ui-rebuild/src/web/pages/NotificationsPage.tsx:26:64)
    at Router (/Users/tunbee27/Documents/Tako-san-ui-rebuild/node_modules/.pnpm/react-router@6.30.6_react@18.3.1/node_modules/react-router/dist/umd/react-router.development.js:1203:17)
    at MemoryRouter (/Users/tunbee27/Documents/Tako-san-ui-rebuild/node_modules/.pnpm/react-router@6.30.6_react@18.3.1/node_modules/react-router/dist/umd/react-router.development.js:1097:7)
    at QueryClientProvider (file:///Users/tunbee27/Documents/Tako-san-ui-rebuild/node_modules/.pnpm/@tanstack+react-query@5.102.8_react@18.3.1/node_modules/@tanstack/react-query/build/modern/QueryClientProvider.js:12:32)
Warning: useLayoutEffect does nothing on the server, because its effect cannot be encoded into the server renderer's output format. This will lead to a mismatch between the initial, non-hydrated UI and the intended UI. To avoid this, useLayoutEffect should only be used in components that render exclusively on the client. See https://reactjs.org/link/uselayouteffect-ssr for common fixes.
    at LinkWithRef (/Users/tunbee27/Documents/Tako-san-ui-rebuild/node_modules/.pnpm/react-router-dom@6.30.6_react-dom@18.3.1_react@18.3.1__react@18.3.1/node_modules/react-router-dom/dist/umd/react-router-dom.development.js:807:9)
    at div
    at div
    at div
    at div
    at AccountPage (/Users/tunbee27/Documents/Tako-san-ui-rebuild/src/web/components/common/AccountPage.tsx:5:3)
    at NotificationsPage (/Users/tunbee27/Documents/Tako-san-ui-rebuild/src/web/pages/NotificationsPage.tsx:26:64)
    at Router (/Users/tunbee27/Documents/Tako-san-ui-rebuild/node_modules/.pnpm/react-router@6.30.6_react@18.3.1/node_modules/react-router/dist/umd/react-router.development.js:1203:17)
    at MemoryRouter (/Users/tunbee27/Documents/Tako-san-ui-rebuild/node_modules/.pnpm/react-router@6.30.6_react@18.3.1/node_modules/react-router/dist/umd/react-router.development.js:1097:7)
    at QueryClientProvider (file:///Users/tunbee27/Documents/Tako-san-ui-rebuild/node_modules/.pnpm/@tanstack+react-query@5.102.8_react@18.3.1/node_modules/@tanstack/react-query/build/modern/QueryClientProvider.js:12:32)

stderr | tests/integration/frontend-ui-integration.test.tsx > notification honesty > surfaces notification errors rather than pretending the list is empty
Warning: useLayoutEffect does nothing on the server, because its effect cannot be encoded into the server renderer's output format. This will lead to a mismatch between the initial, non-hydrated UI and the intended UI. To avoid this, useLayoutEffect should only be used in components that render exclusively on the client. See https://reactjs.org/link/uselayouteffect-ssr for common fixes.
    at MemoryRouter (/Users/tunbee27/Documents/Tako-san-ui-rebuild/node_modules/.pnpm/react-router@6.30.6_react@18.3.1/node_modules/react-router/dist/umd/react-router.development.js:1097:7)
    at QueryClientProvider (file:///Users/tunbee27/Documents/Tako-san-ui-rebuild/node_modules/.pnpm/@tanstack+react-query@5.102.8_react@18.3.1/node_modules/@tanstack/react-query/build/modern/QueryClientProvider.js:12:32)
Warning: useLayoutEffect does nothing on the server, because its effect cannot be encoded into the server renderer's output format. This will lead to a mismatch between the initial, non-hydrated UI and the intended UI. To avoid this, useLayoutEffect should only be used in components that render exclusively on the client. See https://reactjs.org/link/uselayouteffect-ssr for common fixes.
    at LinkWithRef (/Users/tunbee27/Documents/Tako-san-ui-rebuild/node_modules/.pnpm/react-router-dom@6.30.6_react-dom@18.3.1_react@18.3.1__react@18.3.1/node_modules/react-router-dom/dist/umd/react-router-dom.development.js:807:9)
    at div
    at header
    at KitchenHeader (/Users/tunbee27/Documents/Tako-san-ui-rebuild/src/web/components/common/KitchenHeader.tsx:10:3)
    at div
    at AccountPage (/Users/tunbee27/Documents/Tako-san-ui-rebuild/src/web/components/common/AccountPage.tsx:5:3)
    at NotificationsPage (/Users/tunbee27/Documents/Tako-san-ui-rebuild/src/web/pages/NotificationsPage.tsx:26:64)
    at Router (/Users/tunbee27/Documents/Tako-san-ui-rebuild/node_modules/.pnpm/react-router@6.30.6_react@18.3.1/node_modules/react-router/dist/umd/react-router.development.js:1203:17)
    at MemoryRouter (/Users/tunbee27/Documents/Tako-san-ui-rebuild/node_modules/.pnpm/react-router@6.30.6_react@18.3.1/node_modules/react-router/dist/umd/react-router.development.js:1097:7)
    at QueryClientProvider (file:///Users/tunbee27/Documents/Tako-san-ui-rebuild/node_modules/.pnpm/@tanstack+react-query@5.102.8_react@18.3.1/node_modules/@tanstack/react-query/build/modern/QueryClientProvider.js:12:32)
Warning: useLayoutEffect does nothing on the server, because its effect cannot be encoded into the server renderer's output format. This will lead to a mismatch between the initial, non-hydrated UI and the intended UI. To avoid this, useLayoutEffect should only be used in components that render exclusively on the client. See https://reactjs.org/link/uselayouteffect-ssr for common fixes.
    at LinkWithRef (/Users/tunbee27/Documents/Tako-san-ui-rebuild/node_modules/.pnpm/react-router-dom@6.30.6_react-dom@18.3.1_react@18.3.1__react@18.3.1/node_modules/react-router-dom/dist/umd/react-router-dom.development.js:807:9)
    at div
    at header
    at KitchenHeader (/Users/tunbee27/Documents/Tako-san-ui-rebuild/src/web/components/common/KitchenHeader.tsx:10:3)
    at div
    at AccountPage (/Users/tunbee27/Documents/Tako-san-ui-rebuild/src/web/components/common/AccountPage.tsx:5:3)
    at NotificationsPage (/Users/tunbee27/Documents/Tako-san-ui-rebuild/src/web/pages/NotificationsPage.tsx:26:64)
    at Router (/Users/tunbee27/Documents/Tako-san-ui-rebuild/node_modules/.pnpm/react-router@6.30.6_react@18.3.1/node_modules/react-router/dist/umd/react-router.development.js:1203:17)
    at MemoryRouter (/Users/tunbee27/Documents/Tako-san-ui-rebuild/node_modules/.pnpm/react-router@6.30.6_react@18.3.1/node_modules/react-router/dist/umd/react-router.development.js:1097:7)
    at QueryClientProvider (file:///Users/tunbee27/Documents/Tako-san-ui-rebuild/node_modules/.pnpm/@tanstack+react-query@5.102.8_react@18.3.1/node_modules/@tanstack/react-query/build/modern/QueryClientProvider.js:12:32)
Warning: useLayoutEffect does nothing on the server, because its effect cannot be encoded into the server renderer's output format. This will lead to a mismatch between the initial, non-hydrated UI and the intended UI. To avoid this, useLayoutEffect should only be used in components that render exclusively on the client. See https://reactjs.org/link/uselayouteffect-ssr for common fixes.
    at LinkWithRef (/Users/tunbee27/Documents/Tako-san-ui-rebuild/node_modules/.pnpm/react-router-dom@6.30.6_react-dom@18.3.1_react@18.3.1__react@18.3.1/node_modules/react-router-dom/dist/umd/react-router-dom.development.js:807:9)
    at div
    at header
    at KitchenHeader (/Users/tunbee27/Documents/Tako-san-ui-rebuild/src/web/components/common/KitchenHeader.tsx:10:3)
    at div
    at AccountPage (/Users/tunbee27/Documents/Tako-san-ui-rebuild/src/web/components/common/AccountPage.tsx:5:3)
    at NotificationsPage (/Users/tunbee27/Documents/Tako-san-ui-rebuild/src/web/pages/NotificationsPage.tsx:26:64)
    at Router (/Users/tunbee27/Documents/Tako-san-ui-rebuild/node_modules/.pnpm/react-router@6.30.6_react@18.3.1/node_modules/react-router/dist/umd/react-router.development.js:1203:17)
    at MemoryRouter (/Users/tunbee27/Documents/Tako-san-ui-rebuild/node_modules/.pnpm/react-router@6.30.6_react@18.3.1/node_modules/react-router/dist/umd/react-router.development.js:1097:7)
    at QueryClientProvider (file:///Users/tunbee27/Documents/Tako-san-ui-rebuild/node_modules/.pnpm/@tanstack+react-query@5.102.8_react@18.3.1/node_modules/@tanstack/react-query/build/modern/QueryClientProvider.js:12:32)
Warning: useLayoutEffect does nothing on the server, because its effect cannot be encoded into the server renderer's output format. This will lead to a mismatch between the initial, non-hydrated UI and the intended UI. To avoid this, useLayoutEffect should only be used in components that render exclusively on the client. See https://reactjs.org/link/uselayouteffect-ssr for common fixes.
    at LinkWithRef (/Users/tunbee27/Documents/Tako-san-ui-rebuild/node_modules/.pnpm/react-router-dom@6.30.6_react-dom@18.3.1_react@18.3.1__react@18.3.1/node_modules/react-router-dom/dist/umd/react-router-dom.development.js:807:9)
    at div
    at header
    at KitchenHeader (/Users/tunbee27/Documents/Tako-san-ui-rebuild/src/web/components/common/KitchenHeader.tsx:10:3)
    at div
    at AccountPage (/Users/tunbee27/Documents/Tako-san-ui-rebuild/src/web/components/common/AccountPage.tsx:5:3)
    at NotificationsPage (/Users/tunbee27/Documents/Tako-san-ui-rebuild/src/web/pages/NotificationsPage.tsx:26:64)
    at Router (/Users/tunbee27/Documents/Tako-san-ui-rebuild/node_modules/.pnpm/react-router@6.30.6_react@18.3.1/node_modules/react-router/dist/umd/react-router.development.js:1203:17)
    at MemoryRouter (/Users/tunbee27/Documents/Tako-san-ui-rebuild/node_modules/.pnpm/react-router@6.30.6_react@18.3.1/node_modules/react-router/dist/umd/react-router.development.js:1097:7)
    at QueryClientProvider (file:///Users/tunbee27/Documents/Tako-san-ui-rebuild/node_modules/.pnpm/@tanstack+react-query@5.102.8_react@18.3.1/node_modules/@tanstack/react-query/build/modern/QueryClientProvider.js:12:32)
Warning: useLayoutEffect does nothing on the server, because its effect cannot be encoded into the server renderer's output format. This will lead to a mismatch between the initial, non-hydrated UI and the intended UI. To avoid this, useLayoutEffect should only be used in components that render exclusively on the client. See https://reactjs.org/link/uselayouteffect-ssr for common fixes.
    at LinkWithRef (/Users/tunbee27/Documents/Tako-san-ui-rebuild/node_modules/.pnpm/react-router-dom@6.30.6_react-dom@18.3.1_react@18.3.1__react@18.3.1/node_modules/react-router-dom/dist/umd/react-router-dom.development.js:807:9)
    at KitchenScanLink (/Users/tunbee27/Documents/Tako-san-ui-rebuild/src/web/design-system/navigation.tsx:450:28)
    at header
    at KitchenHeader (/Users/tunbee27/Documents/Tako-san-ui-rebuild/src/web/components/common/KitchenHeader.tsx:10:3)
    at div
    at AccountPage (/Users/tunbee27/Documents/Tako-san-ui-rebuild/src/web/components/common/AccountPage.tsx:5:3)
    at NotificationsPage (/Users/tunbee27/Documents/Tako-san-ui-rebuild/src/web/pages/NotificationsPage.tsx:26:64)
    at Router (/Users/tunbee27/Documents/Tako-san-ui-rebuild/node_modules/.pnpm/react-router@6.30.6_react@18.3.1/node_modules/react-router/dist/umd/react-router.development.js:1203:17)
    at MemoryRouter (/Users/tunbee27/Documents/Tako-san-ui-rebuild/node_modules/.pnpm/react-router@6.30.6_react@18.3.1/node_modules/react-router/dist/umd/react-router.development.js:1097:7)
    at QueryClientProvider (file:///Users/tunbee27/Documents/Tako-san-ui-rebuild/node_modules/.pnpm/@tanstack+react-query@5.102.8_react@18.3.1/node_modules/@tanstack/react-query/build/modern/QueryClientProvider.js:12:32)
Warning: useLayoutEffect does nothing on the server, because its effect cannot be encoded into the server renderer's output format. This will lead to a mismatch between the initial, non-hydrated UI and the intended UI. To avoid this, useLayoutEffect should only be used in components that render exclusively on the client. See https://reactjs.org/link/uselayouteffect-ssr for common fixes.
    at LinkWithRef (/Users/tunbee27/Documents/Tako-san-ui-rebuild/node_modules/.pnpm/react-router-dom@6.30.6_react-dom@18.3.1_react@18.3.1__react@18.3.1/node_modules/react-router-dom/dist/umd/react-router-dom.development.js:807:9)
    at div
    at div
    at div
    at div
    at AccountPage (/Users/tunbee27/Documents/Tako-san-ui-rebuild/src/web/components/common/AccountPage.tsx:5:3)
    at NotificationsPage (/Users/tunbee27/Documents/Tako-san-ui-rebuild/src/web/pages/NotificationsPage.tsx:26:64)
    at Router (/Users/tunbee27/Documents/Tako-san-ui-rebuild/node_modules/.pnpm/react-router@6.30.6_react@18.3.1/node_modules/react-router/dist/umd/react-router.development.js:1203:17)
    at MemoryRouter (/Users/tunbee27/Documents/Tako-san-ui-rebuild/node_modules/.pnpm/react-router@6.30.6_react@18.3.1/node_modules/react-router/dist/umd/react-router.development.js:1097:7)
    at QueryClientProvider (file:///Users/tunbee27/Documents/Tako-san-ui-rebuild/node_modules/.pnpm/@tanstack+react-query@5.102.8_react@18.3.1/node_modules/@tanstack/react-query/build/modern/QueryClientProvider.js:12:32)

stderr | tests/integration/frontend-ui-integration.test.tsx > Week shopping data honesty > uses the loaded plan estimate in its summary instead of a demo budget
Warning: useLayoutEffect does nothing on the server, because its effect cannot be encoded into the server renderer's output format. This will lead to a mismatch between the initial, non-hydrated UI and the intended UI. To avoid this, useLayoutEffect should only be used in components that render exclusively on the client. See https://reactjs.org/link/uselayouteffect-ssr for common fixes.
    at MemoryRouter (/Users/tunbee27/Documents/Tako-san-ui-rebuild/node_modules/.pnpm/react-router@6.30.6_react@18.3.1/node_modules/react-router/dist/umd/react-router.development.js:1097:7)
    at QueryClientProvider (file:///Users/tunbee27/Documents/Tako-san-ui-rebuild/node_modules/.pnpm/@tanstack+react-query@5.102.8_react@18.3.1/node_modules/@tanstack/react-query/build/modern/QueryClientProvider.js:12:32)
Warning: useLayoutEffect does nothing on the server, because its effect cannot be encoded into the server renderer's output format. This will lead to a mismatch between the initial, non-hydrated UI and the intended UI. To avoid this, useLayoutEffect should only be used in components that render exclusively on the client. See https://reactjs.org/link/uselayouteffect-ssr for common fixes.
    at LinkWithRef (/Users/tunbee27/Documents/Tako-san-ui-rebuild/node_modules/.pnpm/react-router-dom@6.30.6_react-dom@18.3.1_react@18.3.1__react@18.3.1/node_modules/react-router-dom/dist/umd/react-router-dom.development.js:807:9)
    at div
    at header
    at KitchenHeader (/Users/tunbee27/Documents/Tako-san-ui-rebuild/src/web/components/common/KitchenHeader.tsx:10:3)
    at div
    at WeekWorkspace (/Users/tunbee27/Documents/Tako-san-ui-rebuild/src/web/features/week/WeekWorkspace.tsx:8:3)
    at WeekShoppingPage (/Users/tunbee27/Documents/Tako-san-ui-rebuild/src/web/pages/WeekShoppingPage.tsx:17:112)
    at Router (/Users/tunbee27/Documents/Tako-san-ui-rebuild/node_modules/.pnpm/react-router@6.30.6_react@18.3.1/node_modules/react-router/dist/umd/react-router.development.js:1203:17)
    at MemoryRouter (/Users/tunbee27/Documents/Tako-san-ui-rebuild/node_modules/.pnpm/react-router@6.30.6_react@18.3.1/node_modules/react-router/dist/umd/react-router.development.js:1097:7)
    at QueryClientProvider (file:///Users/tunbee27/Documents/Tako-san-ui-rebuild/node_modules/.pnpm/@tanstack+react-query@5.102.8_react@18.3.1/node_modules/@tanstack/react-query/build/modern/QueryClientProvider.js:12:32)
Warning: useLayoutEffect does nothing on the server, because its effect cannot be encoded into the server renderer's output format. This will lead to a mismatch between the initial, non-hydrated UI and the intended UI. To avoid this, useLayoutEffect should only be used in components that render exclusively on the client. See https://reactjs.org/link/uselayouteffect-ssr for common fixes.
    at LinkWithRef (/Users/tunbee27/Documents/Tako-san-ui-rebuild/node_modules/.pnpm/react-router-dom@6.30.6_react-dom@18.3.1_react@18.3.1__react@18.3.1/node_modules/react-router-dom/dist/umd/react-router-dom.development.js:807:9)
    at div
    at header
    at KitchenHeader (/Users/tunbee27/Documents/Tako-san-ui-rebuild/src/web/components/common/KitchenHeader.tsx:10:3)
    at div
    at WeekWorkspace (/Users/tunbee27/Documents/Tako-san-ui-rebuild/src/web/features/week/WeekWorkspace.tsx:8:3)
    at WeekShoppingPage (/Users/tunbee27/Documents/Tako-san-ui-rebuild/src/web/pages/WeekShoppingPage.tsx:17:112)
    at Router (/Users/tunbee27/Documents/Tako-san-ui-rebuild/node_modules/.pnpm/react-router@6.30.6_react@18.3.1/node_modules/react-router/dist/umd/react-router.development.js:1203:17)
    at MemoryRouter (/Users/tunbee27/Documents/Tako-san-ui-rebuild/node_modules/.pnpm/react-router@6.30.6_react@18.3.1/node_modules/react-router/dist/umd/react-router.development.js:1097:7)
    at QueryClientProvider (file:///Users/tunbee27/Documents/Tako-san-ui-rebuild/node_modules/.pnpm/@tanstack+react-query@5.102.8_react@18.3.1/node_modules/@tanstack/react-query/build/modern/QueryClientProvider.js:12:32)
Warning: useLayoutEffect does nothing on the server, because its effect cannot be encoded into the server renderer's output format. This will lead to a mismatch between the initial, non-hydrated UI and the intended UI. To avoid this, useLayoutEffect should only be used in components that render exclusively on the client. See https://reactjs.org/link/uselayouteffect-ssr for common fixes.
    at LinkWithRef (/Users/tunbee27/Documents/Tako-san-ui-rebuild/node_modules/.pnpm/react-router-dom@6.30.6_react-dom@18.3.1_react@18.3.1__react@18.3.1/node_modules/react-router-dom/dist/umd/react-router-dom.development.js:807:9)
    at div
    at header
    at KitchenHeader (/Users/tunbee27/Documents/Tako-san-ui-rebuild/src/web/components/common/KitchenHeader.tsx:10:3)
    at div
    at WeekWorkspace (/Users/tunbee27/Documents/Tako-san-ui-rebuild/src/web/features/week/WeekWorkspace.tsx:8:3)
    at WeekShoppingPage (/Users/tunbee27/Documents/Tako-san-ui-rebuild/src/web/pages/WeekShoppingPage.tsx:17:112)
    at Router (/Users/tunbee27/Documents/Tako-san-ui-rebuild/node_modules/.pnpm/react-router@6.30.6_react@18.3.1/node_modules/react-router/dist/umd/react-router.development.js:1203:17)
    at MemoryRouter (/Users/tunbee27/Documents/Tako-san-ui-rebuild/node_modules/.pnpm/react-router@6.30.6_react@18.3.1/node_modules/react-router/dist/umd/react-router.development.js:1097:7)
    at QueryClientProvider (file:///Users/tunbee27/Documents/Tako-san-ui-rebuild/node_modules/.pnpm/@tanstack+react-query@5.102.8_react@18.3.1/node_modules/@tanstack/react-query/build/modern/QueryClientProvider.js:12:32)
Warning: useLayoutEffect does nothing on the server, because its effect cannot be encoded into the server renderer's output format. This will lead to a mismatch between the initial, non-hydrated UI and the intended UI. To avoid this, useLayoutEffect should only be used in components that render exclusively on the client. See https://reactjs.org/link/uselayouteffect-ssr for common fixes.
    at LinkWithRef (/Users/tunbee27/Documents/Tako-san-ui-rebuild/node_modules/.pnpm/react-router-dom@6.30.6_react-dom@18.3.1_react@18.3.1__react@18.3.1/node_modules/react-router-dom/dist/umd/react-router-dom.development.js:807:9)
    at div
    at header
    at KitchenHeader (/Users/tunbee27/Documents/Tako-san-ui-rebuild/src/web/components/common/KitchenHeader.tsx:10:3)
    at div
    at WeekWorkspace (/Users/tunbee27/Documents/Tako-san-ui-rebuild/src/web/features/week/WeekWorkspace.tsx:8:3)
    at WeekShoppingPage (/Users/tunbee27/Documents/Tako-san-ui-rebuild/src/web/pages/WeekShoppingPage.tsx:17:112)
    at Router (/Users/tunbee27/Documents/Tako-san-ui-rebuild/node_modules/.pnpm/react-router@6.30.6_react@18.3.1/node_modules/react-router/dist/umd/react-router.development.js:1203:17)
    at MemoryRouter (/Users/tunbee27/Documents/Tako-san-ui-rebuild/node_modules/.pnpm/react-router@6.30.6_react@18.3.1/node_modules/react-router/dist/umd/react-router.development.js:1097:7)
    at QueryClientProvider (file:///Users/tunbee27/Documents/Tako-san-ui-rebuild/node_modules/.pnpm/@tanstack+react-query@5.102.8_react@18.3.1/node_modules/@tanstack/react-query/build/modern/QueryClientProvider.js:12:32)
Warning: useLayoutEffect does nothing on the server, because its effect cannot be encoded into the server renderer's output format. This will lead to a mismatch between the initial, non-hydrated UI and the intended UI. To avoid this, useLayoutEffect should only be used in components that render exclusively on the client. See https://reactjs.org/link/uselayouteffect-ssr for common fixes.
    at LinkWithRef (/Users/tunbee27/Documents/Tako-san-ui-rebuild/node_modules/.pnpm/react-router-dom@6.30.6_react-dom@18.3.1_react@18.3.1__react@18.3.1/node_modules/react-router-dom/dist/umd/react-router-dom.development.js:807:9)
    at KitchenScanLink (/Users/tunbee27/Documents/Tako-san-ui-rebuild/src/web/design-system/navigation.tsx:450:28)
    at header
    at KitchenHeader (/Users/tunbee27/Documents/Tako-san-ui-rebuild/src/web/components/common/KitchenHeader.tsx:10:3)
    at div
    at WeekWorkspace (/Users/tunbee27/Documents/Tako-san-ui-rebuild/src/web/features/week/WeekWorkspace.tsx:8:3)
    at WeekShoppingPage (/Users/tunbee27/Documents/Tako-san-ui-rebuild/src/web/pages/WeekShoppingPage.tsx:17:112)
    at Router (/Users/tunbee27/Documents/Tako-san-ui-rebuild/node_modules/.pnpm/react-router@6.30.6_react@18.3.1/node_modules/react-router/dist/umd/react-router.development.js:1203:17)
    at MemoryRouter (/Users/tunbee27/Documents/Tako-san-ui-rebuild/node_modules/.pnpm/react-router@6.30.6_react@18.3.1/node_modules/react-router/dist/umd/react-router.development.js:1097:7)
    at QueryClientProvider (file:///Users/tunbee27/Documents/Tako-san-ui-rebuild/node_modules/.pnpm/@tanstack+react-query@5.102.8_react@18.3.1/node_modules/@tanstack/react-query/build/modern/QueryClientProvider.js:12:32)
Warning: useLayoutEffect does nothing on the server, because its effect cannot be encoded into the server renderer's output format. This will lead to a mismatch between the initial, non-hydrated UI and the intended UI. To avoid this, useLayoutEffect should only be used in components that render exclusively on the client. See https://reactjs.org/link/uselayouteffect-ssr for common fixes.
    at LinkWithRef (/Users/tunbee27/Documents/Tako-san-ui-rebuild/node_modules/.pnpm/react-router-dom@6.30.6_react-dom@18.3.1_react@18.3.1__react@18.3.1/node_modules/react-router-dom/dist/umd/react-router-dom.development.js:807:9)
    at section
    at div
    at div
    at WeekWorkspace (/Users/tunbee27/Documents/Tako-san-ui-rebuild/src/web/features/week/WeekWorkspace.tsx:8:3)
    at WeekShoppingPage (/Users/tunbee27/Documents/Tako-san-ui-rebuild/src/web/pages/WeekShoppingPage.tsx:17:112)
    at Router (/Users/tunbee27/Documents/Tako-san-ui-rebuild/node_modules/.pnpm/react-router@6.30.6_react@18.3.1/node_modules/react-router/dist/umd/react-router.development.js:1203:17)
    at MemoryRouter (/Users/tunbee27/Documents/Tako-san-ui-rebuild/node_modules/.pnpm/react-router@6.30.6_react@18.3.1/node_modules/react-router/dist/umd/react-router.development.js:1097:7)
    at QueryClientProvider (file:///Users/tunbee27/Documents/Tako-san-ui-rebuild/node_modules/.pnpm/@tanstack+react-query@5.102.8_react@18.3.1/node_modules/@tanstack/react-query/build/modern/QueryClientProvider.js:12:32)

 ✓ tests/integration/frontend-ui-integration.test.tsx (34 tests) 1190ms
   ✓ real Home data rendered through the shared QueryClient > renders honest empty states without fake meal, budget, expiry items, progress, or notification badges  396ms
 ✓ tests/integration/inventory-concurrency.test.ts (9 tests) 1261ms
   ✓ T09G controlled concurrency matrix > G2 USE/DISCARD, USE/CORRECT and DISCARD/DISCARD leave one winner and no drift  342ms
stdout | tests/unit/recipe-canary-test-cohort.test.ts > T15C-C — authority router fences and diagnostics > P1 rollback: canary → shadow with cohort secrets retained is a single config change — readiness valid, static + shadow compare, cohort not evaluated
{"event":"recipe_catalog_shadow","catalog_source":"static","catalog_mode":"shadow","status":"compared","catalog_static_count":71,"level":"info","catalog_d1_count":500,"catalog_complete_count":500,"catalog_hydrated_count":500,"catalog_static_only_count":0,"catalog_d1_only_count":429,"catalog_drift_count":0,"catalog_order_drift_count":0,"catalog_hydration_failure_count":0,"catalog_lookup_ms":0,"release_id":"rel-bd00a4f53fcaeee4","release_expected_count":500,"release_readiness":"ready","release_readiness_code":null,"release_reviewed_growth_count":429,"drift_sample":[],"order_drift_sample":[],"hydration_failure_sample":[]}

stdout | tests/unit/recipe-canary-test-cohort.test.ts > T15C-C — authority router fences and diagnostics > d1 mode: retained cohort secrets are inert — no per-household carve-out, every tenant gets the verified D1 snapshot
{"event":"recipe_catalog_shadow","catalog_source":"static","catalog_mode":"shadow","status":"compared","catalog_static_count":71,"level":"info","catalog_d1_count":500,"catalog_complete_count":500,"catalog_hydrated_count":500,"catalog_static_only_count":0,"catalog_d1_only_count":429,"catalog_drift_count":0,"catalog_order_drift_count":0,"catalog_hydration_failure_count":0,"catalog_lookup_ms":0,"release_id":"rel-bd00a4f53fcaeee4","release_expected_count":500,"release_readiness":"ready","release_readiness_code":null,"release_reviewed_growth_count":429,"drift_sample":[],"order_drift_sample":[],"hydration_failure_sample":[]}

 ✓ tests/unit/recipe-canary-test-cohort.test.ts (29 tests) 1224ms
 ✓ tests/integration/recipe-media-catalog.test.ts (24 tests) 1189ms
 ✓ tests/integration/recipe-authority-routing.test.ts (8 tests) 940ms
 ✓ tests/integration/staging-d1-runtime-readiness.test.mjs (9 tests) 1185ms
stderr | tests/integration/t13r-a-evidence-completeness.test.ts > T13R-A P2-A raw category/storage/canonical evidence is retained by every writer > sync fridge and sync receipt persist the ingested mapping as immutable evidence
{"level":"warn","limiter":"rl_scan","reason":"kv-unbound","message":"Rate limiter degraded to isolate-local counters; enforcement is not globally reliable."}

stderr | tests/integration/t13r-a-evidence-completeness.test.ts > T13R-A P2-A raw category/storage/canonical evidence is retained by every writer > sync fridge and sync receipt persist the ingested mapping as immutable evidence
{"level":"warn","limiter":"rl_receipt","reason":"kv-unbound","message":"Rate limiter degraded to isolate-local counters; enforcement is not globally reliable."}

stdout | tests/integration/t13r-a-evidence-completeness.test.ts > T13R-A P2-A raw category/storage/canonical evidence is retained by every writer > async fridge persists the same evidence as the synchronous route
{"event":"scan_terminal","supportId":"4ca34b475372","scanType":"fridge","state":"ready","errorCode":null,"retryable":false,"attempt":1,"maxAttempts":3,"logicalModel":"QWEN_MULTIMODAL","configuredPrimaryModel":"qwen3.8-flash","latencyMs":1}

stdout | tests/integration/t13r-a-evidence-completeness.test.ts > T13R-A P2-A raw category/storage/canonical evidence is retained by every writer > async receipt persists the same evidence as the synchronous route
{"event":"scan_terminal","supportId":"0a7d1d174233","scanType":"receipt","state":"ready","errorCode":null,"retryable":false,"attempt":1,"maxAttempts":3,"logicalModel":"QWEN_OCR","configuredPrimaryModel":"qwen-vl-ocr","latencyMs":0}

 ✓ tests/integration/t13r-a-evidence-completeness.test.ts (9 tests) 1029ms
stderr | tests/unit/t07-ai.test.ts > T07 planner rollout flags > requires the literal true backend flag (true)
{"level":"warn","limiter":"meal-planning-read","reason":"kv-unbound","message":"Rate limiter degraded to isolate-local counters; enforcement is not globally reliable."}

stdout | tests/unit/t07-ai.test.ts > T07 planner rollout flags > enables AI explanation ordering only for the literal true flag (missing)
{"level":"info","event":"meal_planning_result","status":"feasible","conclusion":"feasible","truncated":false,"states":2}

stderr | tests/unit/t07-ai.test.ts > T07 planner rollout flags > enables AI explanation ordering only for the literal true flag (missing)
{"level":"warn","limiter":"planner-compute","reason":"kv-unbound","message":"Rate limiter degraded to isolate-local counters; enforcement is not globally reliable."}
{"level":"warn","limiter":"meal-planning-expensive","reason":"kv-unbound","message":"Rate limiter degraded to isolate-local counters; enforcement is not globally reliable."}

stdout | tests/unit/t07-ai.test.ts > T07 planner rollout flags > enables AI explanation ordering only for the literal true flag (empty)
{"level":"info","event":"meal_planning_result","status":"feasible","conclusion":"feasible","truncated":false,"states":2}

stdout | tests/unit/t07-ai.test.ts > T07 planner rollout flags > enables AI explanation ordering only for the literal true flag (false)
{"level":"info","event":"meal_planning_result","status":"feasible","conclusion":"feasible","truncated":false,"states":2}

stdout | tests/unit/t07-ai.test.ts > T07 planner rollout flags > enables AI explanation ordering only for the literal true flag (invalid)
{"level":"info","event":"meal_planning_result","status":"feasible","conclusion":"feasible","truncated":false,"states":2}

stdout | tests/unit/t07-ai.test.ts > T07 planner rollout flags > enables AI explanation ordering only for the literal true flag (true)
{"level":"info","event":"meal_planning_result","status":"feasible","conclusion":"feasible","truncated":false,"states":2}

 ✓ tests/unit/t07-ai.test.ts (15 tests) 1118ms
stdout | tests/integration/scan-async-quota-lifecycle.test.ts > guest async scan quota lifecycle > consumes one fridge scan only with a ready result
{"event":"scan_terminal","supportId":"a924455adce8","scanType":"fridge","state":"ready","errorCode":null,"retryable":false,"attempt":1,"maxAttempts":3,"logicalModel":"QWEN_MULTIMODAL","configuredPrimaryModel":"qwen3.8-flash","latencyMs":1}

stdout | tests/integration/scan-async-quota-lifecycle.test.ts > guest async scan quota lifecycle > consumes one receipt scan only with a ready result
{"event":"scan_terminal","supportId":"aa81a4f7eb70","scanType":"receipt","state":"ready","errorCode":null,"retryable":false,"attempt":1,"maxAttempts":3,"logicalModel":"QWEN_OCR","configuredPrimaryModel":"qwen-vl-ocr","latencyMs":1}

stdout | tests/integration/scan-async-quota-lifecycle.test.ts > guest async scan quota lifecycle > releases permanent failure and replays it without another charge
{"event":"scan_terminal","supportId":"e093fcc0ba39","scanType":"fridge","state":"failed","errorCode":"MODEL_NOT_FOUND","retryable":false,"attempt":1,"maxAttempts":3,"logicalModel":"QWEN_MULTIMODAL","configuredPrimaryModel":"qwen3.8-flash","latencyMs":1}

stdout | tests/integration/scan-async-quota-lifecycle.test.ts > guest async scan quota lifecycle > reserves during transient failure, consumes on eventual success, and releases on exhaustion
{"event":"scan_terminal","supportId":"e494f1d7988e","scanType":"fridge","state":"ready","errorCode":null,"retryable":false,"attempt":2,"maxAttempts":3,"logicalModel":"QWEN_MULTIMODAL","configuredPrimaryModel":"qwen3.8-flash","latencyMs":0}

stdout | tests/integration/scan-async-quota-lifecycle.test.ts > guest async scan quota lifecycle > reserves during transient failure, consumes on eventual success, and releases on exhaustion
{"event":"scan_terminal","supportId":"5423a60c2c93","scanType":"fridge","state":"failed","errorCode":"REQUEST_TIMEOUT","retryable":false,"attempt":2,"maxAttempts":2,"logicalModel":"QWEN_MULTIMODAL","configuredPrimaryModel":"qwen3.8-flash","latencyMs":0}

stderr | tests/integration/scan-async-quota-lifecycle.test.ts > guest async scan quota lifecycle > reuses the queue intent and reservation after an ambiguous send
Scan queue enqueue failed

stdout | tests/integration/scan-async-quota-lifecycle.test.ts > guest async scan quota lifecycle > reuses the queue intent and reservation after an ambiguous send
{"event":"scan_terminal","supportId":"c00c764c8093","scanType":"fridge","state":"ready","errorCode":null,"retryable":false,"attempt":1,"maxAttempts":3,"logicalModel":"QWEN_MULTIMODAL","configuredPrimaryModel":"qwen3.8-flash","latencyMs":1}

stderr | tests/integration/scan-async-quota-lifecycle.test.ts > guest async scan quota lifecycle > releases on storage failure and rolls back a scan persistence failure
R2 upload failed

stdout | tests/integration/scan-async-quota-lifecycle.test.ts > guest async scan quota lifecycle > does not retry a permanent model error despite a provider retry hint
{"event":"scan_terminal","supportId":"8b92262fdf0e","scanType":"fridge","state":"failed","errorCode":"MODEL_NOT_FOUND","retryable":false,"attempt":1,"maxAttempts":3,"logicalModel":"QWEN_MULTIMODAL","configuredPrimaryModel":"qwen3.8-flash","latencyMs":1}

 ✓ tests/integration/scan-async-quota-lifecycle.test.ts (11 tests) 1104ms
 ✓ tests/integration/inventory-closed-loop.test.ts (9 tests) 1112ms
 ✓ tests/integration/cleanup-schema.test.ts (11 tests) 1002ms
 ✓ tests/unit/synthetic-ocr-score.test.mjs (1 test) 1045ms
   ✓ synthetic OCR scorer > counts incorrect quantity, price, and total separately without altering ground truth  1044ms
 ✓ tests/integration/foundation-hardening.test.ts (13 tests) 949ms
 ❯ tests/unit/staging-d1-catchup-check.test.mjs (32 tests | 1 failed) 98512ms
   ✓ staging historical catch-up prefix isolation > copies 0001 through the requested target with matching SHA-256 and never includes 0039 17ms
   ✓ staging historical catch-up prefix isolation > builds an 0038 prefix through auth onboarding and still excludes 0039 14ms
   ✓ staging historical catch-up prefix isolation > rejects missing, duplicate, modified, future and 0039-leaking prefixes 27ms
   ✓ ephemeral staging D1-only catch-up config > preserves staging D1 identity, points migrations_dir at the prefix, and copies no production resources 5ms
   × ephemeral staging D1-only catch-up config > is readable by Wrangler locally and lists only the prefix through the target 96839ms
     → Test timed out in 5000ms.
If this is a long-running test, pass a timeout value as the last argument or configure it globally with "testTimeout".
   ✓ ephemeral staging D1-only catch-up config > pins the committed staging config and rejects the production D1 ID 14ms
   ✓ one-step transition model > allows only 0033→0034 … 0037→0038 and rejects skips and 0039 0ms
   ✓ one-step transition model > rejects a 0033→0035 or 0034→0036 request at the ledger gate 2ms
   ✓ staging identity and repository owner > accepts the pinned staging D1 and rejects production or changed IDs 0ms
   ✓ staging identity and repository owner > rejects stale repository owners and the wrong GitHub repository id 1ms
   ✓ fresh Time Travel bookmark > records the historical bookmark only as metadata and rejects reused or other-run bookmarks 1ms
   ✓ 0033 baseline and historical certification > certifies the exact local 0033 recipe set and rejects count/ID/slug drift 127ms
   ✓ 0033 baseline and historical certification > certifies 0034–0038 locally against the historical T14F catalog, one step at a time 227ms
   ✓ 0033 baseline and historical certification > rejects pilot and scale ID/slug collisions before apply 1ms
   ✓ catch-up plan and main-moved / ledger-changed gates > accepts exactly one pending historical migration and rejects 0039 leakage 0ms
   ✓ catch-up plan and main-moved / ledger-changed gates > fails closed when main moved or the ledger changed between preflight and apply 18ms
   ✓ candidate SHA and hosted CI gates > requires the catch-up ref to equal current origin/main  741ms
   ✓ GitHub Actions catch-up workflow > is manual, staging-only, one migration per run, and never applies 0039 4ms
   ✓ GitHub Actions catch-up workflow > does not weaken the existing 0039 staging migration workflow 2ms
   ✓ recheck CI and ledger races > rejects unsuccessful exact-main CI and a ledger that changed after preflight 62ms
   ✓ hostile pre-state checkpoint drift (stops before mutation) > K: exact 0034–0037 checkpoints pass the full pre-state contract 22ms
   ✓ hostile pre-state checkpoint drift (stops before mutation) > A/B: 0034 with exact count and IDs but a runtime_order gap or missing runtime field 4ms
   ✓ hostile pre-state checkpoint drift (stops before mutation) > C/D: 0035 with exact IDs but 70 pending media rows or a missing media index 9ms
   ✓ hostile pre-state checkpoint drift (stops before mutation) > E/F: 0036 with exact IDs but runtime_order max=101, or tampered pilot batch provenance/marker 16ms
   ✓ hostile pre-state checkpoint drift (stops before mutation) > G/H/I: 0037 with 500 exact IDs but 499 runtime fields, a ready media row, or a moved ordered ID 39ms
   ✓ hostile pre-state checkpoint drift (stops before mutation) > checker refuses to make 0036 eligible when ledger=0035 and IDs are exact but the media seed drifted 5ms
   ✓ hostile pre-state checkpoint drift (stops before mutation) > J: certify-only mode certifies the already-applied target exactly and rejects checkpoint drift 11ms
   ✓ hostile pre-state checkpoint drift (stops before mutation) > requires onboarding evidence for an 0038 checkpoint and media evidence from 0035 on 11ms
   ✓ apply gate immediately before mutation > passes only with a certified pre-state, rechecked ledger/plan and a bookmark captured after recheck 2ms
   ✓ apply gate immediately before mutation > is wired into the apply step before any wrangler migrations apply 1ms
   ✓ fail-closed run() commands > refuses gate when the dispatch is not main 1ms
   ✓ fail-closed run() commands > refuses identity when the receipt database is production 1ms
 ✓ tests/integration/inventory-reconciliation-composition.test.ts (19 tests) 940ms
 ✓ tests/integration/recipe-personalization.test.ts (7 tests) 931ms
   ✓ T03 ranking personalization persistence > fails closed for D1 batch failures and malformed persisted preference data without touching cooked or inventory state  367ms
 ✓ tests/integration/t13b-browser-tooling.test.mjs (3 tests) 883ms
   ✓ isolated browser bootstrap > runs the real Playwright reporter lifecycle without HTML, retaining sanitized failure evidence  881ms
stdout | tests/integration/t13r-a-async-evidence.test.ts > T13R-A P1-1 async scan ingestion retains T13 source evidence > async fridge persists raw evidence for confidence 0
{"event":"scan_terminal","supportId":"64b7b3cdae77","scanType":"fridge","state":"ready","errorCode":null,"retryable":false,"attempt":1,"maxAttempts":3,"logicalModel":"QWEN_MULTIMODAL","configuredPrimaryModel":"qwen3.8-flash","latencyMs":3}

stderr | tests/integration/shopping-command-race.test.ts > shopping first-claim races (real SQLite HTTP) > legacy Week compatibility > replays the completed winner when an expired prepared lease resumes
{"level":"warn","limiter":"rl_week_w","reason":"kv-unbound","message":"Rate limiter degraded to isolate-local counters; enforcement is not globally reliable."}

stdout | tests/integration/t13r-a-async-evidence.test.ts > T13R-A P1-1 async scan ingestion retains T13 source evidence > async fridge persists raw evidence for confidence 0.11
{"event":"scan_terminal","supportId":"64b7b3cdae77","scanType":"fridge","state":"ready","errorCode":null,"retryable":false,"attempt":1,"maxAttempts":3,"logicalModel":"QWEN_MULTIMODAL","configuredPrimaryModel":"qwen3.8-flash","latencyMs":1}

stdout | tests/integration/t13r-a-async-evidence.test.ts > T13R-A P1-1 async scan ingestion retains T13 source evidence > async fridge persists raw evidence for confidence 0.9
{"event":"scan_terminal","supportId":"64b7b3cdae77","scanType":"fridge","state":"ready","errorCode":null,"retryable":false,"attempt":1,"maxAttempts":3,"logicalModel":"QWEN_MULTIMODAL","configuredPrimaryModel":"qwen3.8-flash","latencyMs":0}

stdout | tests/integration/t13r-a-async-evidence.test.ts > T13R-A P1-1 async scan ingestion retains T13 source evidence > async fridge persists raw evidence for confidence missing
{"event":"scan_terminal","supportId":"64b7b3cdae77","scanType":"fridge","state":"ready","errorCode":null,"retryable":false,"attempt":1,"maxAttempts":3,"logicalModel":"QWEN_MULTIMODAL","configuredPrimaryModel":"qwen3.8-flash","latencyMs":1}

stdout | tests/integration/t13r-a-async-evidence.test.ts > T13R-A P1-1 async scan ingestion retains T13 source evidence > async receipt persists raw evidence for confidence 0
{"event":"scan_terminal","supportId":"64b7b3cdae77","scanType":"receipt","state":"ready","errorCode":null,"retryable":false,"attempt":1,"maxAttempts":3,"logicalModel":"QWEN_OCR","configuredPrimaryModel":"qwen-vl-ocr","latencyMs":0}

stdout | tests/integration/t13r-a-async-evidence.test.ts > T13R-A P1-1 async scan ingestion retains T13 source evidence > async receipt persists raw evidence for confidence 0.11
{"event":"scan_terminal","supportId":"64b7b3cdae77","scanType":"receipt","state":"ready","errorCode":null,"retryable":false,"attempt":1,"maxAttempts":3,"logicalModel":"QWEN_OCR","configuredPrimaryModel":"qwen-vl-ocr","latencyMs":1}

stdout | tests/integration/t13r-a-async-evidence.test.ts > T13R-A P1-1 async scan ingestion retains T13 source evidence > async receipt persists raw evidence for confidence 0.9
{"event":"scan_terminal","supportId":"64b7b3cdae77","scanType":"receipt","state":"ready","errorCode":null,"retryable":false,"attempt":1,"maxAttempts":3,"logicalModel":"QWEN_OCR","configuredPrimaryModel":"qwen-vl-ocr","latencyMs":0}

stdout | tests/integration/t13r-a-async-evidence.test.ts > T13R-A P1-1 async scan ingestion retains T13 source evidence > async receipt persists raw evidence for confidence missing
{"event":"scan_terminal","supportId":"64b7b3cdae77","scanType":"receipt","state":"ready","errorCode":null,"retryable":false,"attempt":1,"maxAttempts":3,"logicalModel":"QWEN_OCR","configuredPrimaryModel":"qwen-vl-ocr","latencyMs":0}

stdout | tests/integration/t13r-a-async-evidence.test.ts > T13R-A P1-1 async scan ingestion retains T13 source evidence > a receipt line without confidence is a valid unknown-confidence line, not a persistence failure
{"event":"scan_terminal","supportId":"64b7b3cdae77","scanType":"receipt","state":"ready","errorCode":null,"retryable":false,"attempt":1,"maxAttempts":3,"logicalModel":"QWEN_OCR","configuredPrimaryModel":"qwen-vl-ocr","latencyMs":1}

 ✓ tests/integration/t13r-a-async-evidence.test.ts (9 tests) 822ms
 ✓ tests/integration/shopping-command-race.test.ts (8 tests) 845ms
 ✓ tests/integration/recipe-foundation.test.ts (9 tests) 775ms
 ✓ tests/unit/t21rc-row-reconciliation.test.mjs (57 tests) 813ms
   ✓ T21R-C offline occurrence reconciliation > accounts all 500 recipes and 2702 V1 ingredient occurrences from the approved local catalog  560ms
stdout | tests/integration/t07-persistence.test.ts > T07 generated-plan persistence concurrency > allows only one same-revision swap winner and only one swap/regenerate winner
{"level":"info","event":"meal_planning_result","status":"feasible","conclusion":"feasible","truncated":false,"states":7}

stdout | tests/integration/t07-persistence.test.ts > T07 generated-plan persistence concurrency > allows only one same-revision swap winner and only one swap/regenerate winner
{"level":"info","event":"meal_planning_result","status":"feasible","conclusion":"feasible","truncated":false,"states":4}

stdout | tests/integration/t07-persistence.test.ts > T07 generated-plan persistence concurrency > allows only one same-revision swap winner and only one swap/regenerate winner
{"level":"info","event":"meal_planning_result","status":"feasible","conclusion":"feasible","truncated":false,"states":4}

stdout | tests/integration/t07-persistence.test.ts > T07 generated-plan persistence concurrency > allows only one same-revision swap winner and only one swap/regenerate winner
{"level":"info","event":"meal_planning_result","status":"feasible","conclusion":"feasible","truncated":false,"states":7}

stdout | tests/integration/t07-persistence.test.ts > T07 generated-plan persistence concurrency > allows only one same-revision swap winner and only one swap/regenerate winner
{"level":"info","event":"meal_planning_result","status":"feasible","conclusion":"feasible","truncated":false,"states":4}

stdout | tests/integration/t07-persistence.test.ts > T07 generated-plan persistence concurrency > allows only one same-revision swap winner and only one swap/regenerate winner
{"level":"info","event":"meal_planning_result","status":"feasible","conclusion":"feasible","truncated":false,"states":7}

stdout | tests/integration/t07-persistence.test.ts > T07 generated-plan persistence concurrency > deduplicates concurrent creation writes while documenting duplicate initial compute
{"level":"info","event":"meal_planning_result","status":"feasible","conclusion":"feasible","truncated":false,"states":7}

stdout | tests/integration/t07-persistence.test.ts > T07 generated-plan persistence concurrency > deduplicates concurrent creation writes while documenting duplicate initial compute
{"level":"info","event":"meal_planning_result","status":"feasible","conclusion":"feasible","truncated":false,"states":7}

stdout | tests/integration/t07-persistence.test.ts > T07 generated-plan persistence concurrency > deduplicates concurrent creation writes while documenting duplicate initial compute
{"level":"info","event":"meal_planning_result","status":"feasible","conclusion":"feasible","truncated":false,"states":7}

stdout | tests/integration/t07-persistence.test.ts > T07 generated-plan persistence concurrency > deduplicates concurrent creation writes while documenting duplicate initial compute
{"level":"info","event":"meal_planning_result","status":"feasible","conclusion":"feasible","truncated":false,"states":7}

stdout | tests/integration/t07-persistence.test.ts > T07 generated-plan persistence concurrency > fences feedback by plan revision while retaining exact retry identity
{"level":"info","event":"meal_planning_result","status":"feasible","conclusion":"feasible","truncated":false,"states":7}

stdout | tests/integration/t07-persistence.test.ts > T07 generated-plan persistence concurrency > fences feedback by plan revision while retaining exact retry identity
{"level":"info","event":"meal_planning_result","status":"feasible","conclusion":"feasible","truncated":false,"states":7}

stdout | tests/integration/t07-persistence.test.ts > T07 generated-plan persistence concurrency > rejects feedback when regeneration commits after its read but before its guarded insert
{"level":"info","event":"meal_planning_result","status":"feasible","conclusion":"feasible","truncated":false,"states":7}

stdout | tests/integration/t07-persistence.test.ts > T07 generated-plan persistence concurrency > rejects feedback when regeneration commits after its read but before its guarded insert
{"level":"info","event":"meal_planning_result","status":"feasible","conclusion":"feasible","truncated":false,"states":7}

stdout | tests/integration/t07-persistence.test.ts > T07 generated-plan persistence concurrency > rejects a shopping result when regeneration makes the source revision stale
{"level":"info","event":"meal_planning_result","status":"feasible","conclusion":"feasible","truncated":false,"states":7}

stdout | tests/integration/t07-persistence.test.ts > T07 generated-plan persistence concurrency > rejects a shopping result when regeneration makes the source revision stale
{"level":"info","event":"meal_planning_result","status":"feasible","conclusion":"feasible","truncated":false,"states":7}

 ✓ tests/integration/t07-persistence.test.ts (6 tests) 744ms
 ✓ tests/unit/t20-staging-fixtures.test.mjs (27 tests) 739ms
 ✓ tests/integration/d1-schema-gate.test.ts (9 tests) 690ms
 ✓ tests/integration/recipe-media-schema.test.ts (13 tests) 673ms
 ✓ tests/integration/recipe-d1-parity.test.ts (12 tests) 662ms
 ✓ tests/integration/meal-planning-persistence.test.ts (6 tests) 643ms
stdout | tests/integration/t13b-preview-fixtures.test.mjs > T13B isolated browser evidence fixtures > keeps all browser controls out of the production worker
{"level":"info","requestId":"3480767f-c75c-44bc-bc30-9c2f56b3b855","method":"POST","path":"/__preview/t13-scans","status":404,"durationMs":2,"environment":"production"}

stdout | tests/integration/t13b-preview-fixtures.test.mjs > T13B isolated browser evidence fixtures > keeps all browser controls out of the production worker
{"level":"info","requestId":"297bf096-f161-495c-90db-d8ffb3c267c9","method":"POST","path":"/__preview/t13-scenarios","status":404,"durationMs":0,"environment":"production"}

stdout | tests/integration/t13b-preview-fixtures.test.mjs > T13B isolated browser evidence fixtures > keeps all browser controls out of the production worker
{"level":"info","requestId":"ed98122e-9712-448e-9e36-d7eb3121485d","method":"POST","path":"/__preview/t13-state","status":404,"durationMs":1,"environment":"production"}

stdout | tests/integration/t13b-preview-fixtures.test.mjs > T13B isolated browser evidence fixtures > keeps all browser controls out of the production worker
{"level":"info","requestId":"c7131545-6809-401a-88c1-4c1d3688e339","method":"POST","path":"/__preview/t13-operator-requests","status":404,"durationMs":0,"environment":"production"}

stdout | tests/integration/t13b-preview-fixtures.test.mjs > T13B isolated browser evidence fixtures > keeps all browser controls out of the production worker
{"level":"info","requestId":"6d4c0a5e-98f0-4945-9a56-c2b2658382c9","method":"POST","path":"/__preview/t13-reconciliation","status":404,"durationMs":0,"environment":"production"}

 ✓ tests/integration/inventory-closed-loop-routes.test.ts (5 tests) 606ms
 ✓ tests/integration/t13b-preview-fixtures.test.mjs (7 tests) 611ms
 ✓ tests/integration/inventory-observation-concurrency.test.ts (4 tests) 595ms
 ✓ tests/unit/t21rc2-schema-diagnostic.test.mjs (35 tests) 555ms
   ✓ T21RC2 real classify CLI schema-failure boundary > prints and receipts only a safe diagnostic for a synthetic forced schema failure  432ms
 ✓ tests/integration/ranking-nutrition.test.ts (6 tests) 570ms
 ✓ tests/unit/t21rb-v1-semantic.test.mjs (11 tests) 524ms
 ✓ tests/integration/recipe-candidates.test.ts (3 tests) 528ms
stdout | tests/integration/recipe-canary-test-cohort-http.test.ts > T15C-C — authorized test cohort over HTTP; request input has no influence > P1 rollback over HTTP: canary → shadow/static with cohort secrets retained serves static 71 to include, exclude and ordinary households; no D1 read, no config diagnostic, no secret cleanup
{"event":"recipe_catalog_shadow","catalog_source":"static","catalog_mode":"shadow","status":"compared","catalog_static_count":71,"level":"info","catalog_d1_count":71,"catalog_complete_count":71,"catalog_hydrated_count":71,"catalog_static_only_count":0,"catalog_d1_only_count":0,"catalog_drift_count":0,"catalog_order_drift_count":0,"catalog_hydration_failure_count":0,"catalog_lookup_ms":27,"release_id":"rel-1a047444a3632771","release_expected_count":71,"release_readiness":"ready","release_readiness_code":null,"release_reviewed_growth_count":0,"drift_sample":[],"order_drift_sample":[],"hydration_failure_sample":[]}

stdout | tests/integration/scan-queue-retry-policy.test.ts > scan queue provider retry policy > fails a model-access error immediately instead of burning all queue attempts
{"event":"scan_terminal","supportId":"091436fc2dc8","scanType":"fridge","state":"failed","errorCode":"MODEL_NOT_FOUND","retryable":false,"attempt":1,"maxAttempts":3,"logicalModel":"QWEN_MULTIMODAL","configuredPrimaryModel":"qwen3.8-flash","latencyMs":3}

 ✓ tests/integration/recipe-canary-test-cohort-http.test.ts (6 tests) 500ms
stdout | tests/integration/scan-queue-retry-policy.test.ts > scan queue provider retry policy > does not write an untrusted provider canonical id into the ingredient FK
{"event":"scan_terminal","supportId":"091436fc2dc8","scanType":"fridge","state":"ready","errorCode":null,"retryable":false,"attempt":1,"maxAttempts":3,"logicalModel":"QWEN_MULTIMODAL","configuredPrimaryModel":"qwen3.8-flash","latencyMs":1}

stdout | tests/integration/scan-queue-retry-policy.test.ts > scan queue provider retry policy > keeps a catalog-valid provider canonical id when the raw label is unknown
{"event":"scan_terminal","supportId":"091436fc2dc8","scanType":"fridge","state":"ready","errorCode":null,"retryable":false,"attempt":1,"maxAttempts":3,"logicalModel":"QWEN_MULTIMODAL","configuredPrimaryModel":"qwen3.8-flash","latencyMs":1}

 ✓ tests/integration/scan-queue-retry-policy.test.ts (5 tests) 465ms
 ✓ tests/unit/recipe-import-provenance.test.ts (11 tests) 445ms
 ✓ tests/unit/production-catalog-v2-lineage.test.mjs (27 tests) 481ms
   ✓ production catalog V2 semantic lineage > runs the CLI against the real V2 package and writes only sanitized aggregates  335ms
stdout | tests/integration/production-integration-scan-flow.test.ts > production Qwen queue to T13 inventory authority > preserves a real Qwen result through queue, confirmation and idempotent replay
{"level":"info","event":"ai_usage","task":"receipt_ocr","provider":"qwen","logicalModel":"QWEN_OCR","physicalModel":"qwen-vl-ocr","promptId":"receipt-ocr","promptVersion":"1","inputTokens":12,"outputTokens":68,"cachedInputTokens":0,"estimatedCostUsd":0.000011720000000000001,"pricingVersion":"estimate-2026-09-sg-low-context","latencyMs":2,"attempt":1,"status":"success"}

stdout | tests/integration/production-integration-scan-flow.test.ts > production Qwen queue to T13 inventory authority > preserves a real Qwen result through queue, confirmation and idempotent replay
{"event":"scan_terminal","supportId":"a891736b777e","scanType":"receipt","state":"ready","errorCode":null,"retryable":false,"attempt":1,"maxAttempts":3,"logicalModel":"QWEN_OCR","configuredPrimaryModel":"qwen-vl-ocr","latencyMs":6}

stdout | tests/integration/production-integration-scan-flow.test.ts > production Qwen queue to T13 inventory authority > keeps unknown confidence and fridge provenance through the real Qwen queue path
{"level":"info","event":"ai_usage","task":"fridge_image_analysis","provider":"qwen","logicalModel":"QWEN_MULTIMODAL","physicalModel":"qwen3.8-flash","promptId":"fridge-image-analysis","promptVersion":"1","inputTokens":12,"outputTokens":35,"cachedInputTokens":0,"estimatedCostUsd":0.00001825,"pricingVersion":"estimate-2026-09-sg-low-context","latencyMs":1,"attempt":1,"status":"success"}

stdout | tests/integration/production-integration-scan-flow.test.ts > production Qwen queue to T13 inventory authority > keeps unknown confidence and fridge provenance through the real Qwen queue path
{"event":"scan_terminal","supportId":"1c083ef3bbdf","scanType":"fridge","state":"ready","errorCode":null,"retryable":false,"attempt":1,"maxAttempts":3,"logicalModel":"QWEN_MULTIMODAL","configuredPrimaryModel":"qwen3.8-flash","latencyMs":1}

stdout | tests/integration/production-integration-scan-flow.test.ts > production Qwen queue to T13 inventory authority > persists real Qwen zero confidence without fabricating evidence
{"level":"info","event":"ai_usage","task":"fridge_image_analysis","provider":"qwen","logicalModel":"QWEN_MULTIMODAL","physicalModel":"qwen3.8-flash","promptId":"fridge-image-analysis","promptVersion":"1","inputTokens":12,"outputTokens":39,"cachedInputTokens":0,"estimatedCostUsd":0.00002013,"pricingVersion":"estimate-2026-09-sg-low-context","latencyMs":1,"attempt":1,"status":"success"}

stdout | tests/integration/production-integration-scan-flow.test.ts > production Qwen queue to T13 inventory authority > persists real Qwen zero confidence without fabricating evidence
{"event":"scan_terminal","supportId":"1fc1e7b8ece3","scanType":"fridge","state":"ready","errorCode":null,"retryable":false,"attempt":1,"maxAttempts":3,"logicalModel":"QWEN_MULTIMODAL","configuredPrimaryModel":"qwen3.8-flash","latencyMs":1}

stdout | tests/integration/production-integration-scan-flow.test.ts > production Qwen queue to T13 inventory authority > persists real Qwen low confidence without fabricating evidence
{"level":"info","event":"ai_usage","task":"fridge_image_analysis","provider":"qwen","logicalModel":"QWEN_MULTIMODAL","physicalModel":"qwen3.8-flash","promptId":"fridge-image-analysis","promptVersion":"1","inputTokens":12,"outputTokens":39,"cachedInputTokens":0,"estimatedCostUsd":0.00002013,"pricingVersion":"estimate-2026-09-sg-low-context","latencyMs":0,"attempt":1,"status":"success"}

stdout | tests/integration/production-integration-scan-flow.test.ts > production Qwen queue to T13 inventory authority > persists real Qwen low confidence without fabricating evidence
{"event":"scan_terminal","supportId":"6d048a424198","scanType":"fridge","state":"ready","errorCode":null,"retryable":false,"attempt":1,"maxAttempts":3,"logicalModel":"QWEN_MULTIMODAL","configuredPrimaryModel":"qwen3.8-flash","latencyMs":1}

 ✓ tests/integration/production-integration-scan-flow.test.ts (4 tests) 431ms
 ✓ tests/unit/recipe-import-factory.test.ts (16 tests) 412ms
 ✓ tests/integration/meal-planning-snapshot.test.ts (5 tests) 426ms
 ✓ tests/integration/scan-quota-reconciliation.test.ts (4 tests) 362ms
stdout | tests/integration/t07-rate-limit.test.ts > T07 authenticated planner aggregate compute budget > shares a ten-request budget across plan IDs/actions (primary KV: true)
{"level":"info","event":"meal_planning_result","status":"feasible","conclusion":"feasible","truncated":false,"states":2}

stdout | tests/integration/t07-rate-limit.test.ts > T07 authenticated planner aggregate compute budget > shares a ten-request budget across plan IDs/actions (primary KV: true)
{"level":"info","event":"meal_planning_result","status":"feasible","conclusion":"feasible","truncated":false,"states":2}

stdout | tests/integration/t07-rate-limit.test.ts > T07 authenticated planner aggregate compute budget > shares a ten-request budget across plan IDs/actions (primary KV: true)
{"level":"info","event":"meal_planning_result","status":"feasible","conclusion":"feasible","truncated":false,"states":2}

stdout | tests/integration/t07-rate-limit.test.ts > T07 authenticated planner aggregate compute budget > shares a ten-request budget across plan IDs/actions (primary KV: true)
{"level":"info","event":"meal_planning_result","status":"feasible","conclusion":"feasible","truncated":false,"states":2}

stdout | tests/integration/t07-rate-limit.test.ts > T07 authenticated planner aggregate compute budget > shares a ten-request budget across plan IDs/actions (primary KV: true)
{"level":"info","event":"meal_planning_result","status":"feasible","conclusion":"feasible","truncated":false,"states":2}

stdout | tests/integration/t07-rate-limit.test.ts > T07 authenticated planner aggregate compute budget > shares a ten-request budget across plan IDs/actions (primary KV: true)
{"level":"info","event":"meal_planning_result","status":"feasible","conclusion":"feasible","truncated":false,"states":2}

stdout | tests/integration/t07-rate-limit.test.ts > T07 authenticated planner aggregate compute budget > shares a ten-request budget across plan IDs/actions (primary KV: true)
{"level":"info","event":"meal_planning_result","status":"feasible","conclusion":"feasible","truncated":false,"states":2}

stdout | tests/integration/t07-rate-limit.test.ts > T07 authenticated planner aggregate compute budget > shares a ten-request budget across plan IDs/actions (primary KV: true)
{"level":"info","event":"meal_planning_result","status":"feasible","conclusion":"feasible","truncated":false,"states":2}

stdout | tests/integration/t07-rate-limit.test.ts > T07 authenticated planner aggregate compute budget > shares a ten-request budget across plan IDs/actions (primary KV: true)
{"level":"info","event":"meal_planning_result","status":"feasible","conclusion":"feasible","truncated":false,"states":2}

stdout | tests/integration/t07-rate-limit.test.ts > T07 authenticated planner aggregate compute budget > shares a ten-request budget across plan IDs/actions (primary KV: true)
{"level":"info","event":"meal_planning_result","status":"feasible","conclusion":"feasible","truncated":false,"states":2}

stdout | tests/integration/t07-rate-limit.test.ts > T07 authenticated planner aggregate compute budget > shares a ten-request budget across plan IDs/actions (primary KV: true)
{"level":"info","event":"meal_planning_result","status":"feasible","conclusion":"feasible","truncated":false,"states":2}

stderr | tests/integration/t07-rate-limit.test.ts > T07 authenticated planner aggregate compute budget > shares a ten-request budget across plan IDs/actions (primary KV: false)
{"level":"warn","limiter":"planner-compute","reason":"kv-unbound","message":"Rate limiter degraded to isolate-local counters; enforcement is not globally reliable."}
{"level":"warn","limiter":"meal-planning-expensive","reason":"kv-unbound","message":"Rate limiter degraded to isolate-local counters; enforcement is not globally reliable."}

 ✓ tests/unit/d1-readonly-query.test.mjs (20 tests) 358ms
   ✓ read-only production D1 query proofs > queries the remote API and preserves one complete result per generated statement  344ms
stdout | tests/integration/t07-rate-limit.test.ts > T07 authenticated planner aggregate compute budget > shares a ten-request budget across plan IDs/actions (primary KV: false)
{"level":"info","event":"meal_planning_result","status":"feasible","conclusion":"feasible","truncated":false,"states":2}

stdout | tests/integration/t07-rate-limit.test.ts > T07 authenticated planner aggregate compute budget > shares a ten-request budget across plan IDs/actions (primary KV: false)
{"level":"info","event":"meal_planning_result","status":"feasible","conclusion":"feasible","truncated":false,"states":2}

stdout | tests/integration/t07-rate-limit.test.ts > T07 authenticated planner aggregate compute budget > shares a ten-request budget across plan IDs/actions (primary KV: false)
{"level":"info","event":"meal_planning_result","status":"feasible","conclusion":"feasible","truncated":false,"states":2}

stdout | tests/integration/t07-rate-limit.test.ts > T07 authenticated planner aggregate compute budget > shares a ten-request budget across plan IDs/actions (primary KV: false)
{"level":"info","event":"meal_planning_result","status":"feasible","conclusion":"feasible","truncated":false,"states":2}

stdout | tests/integration/t07-rate-limit.test.ts > T07 authenticated planner aggregate compute budget > shares a ten-request budget across plan IDs/actions (primary KV: false)
{"level":"info","event":"meal_planning_result","status":"feasible","conclusion":"feasible","truncated":false,"states":2}

stdout | tests/integration/t07-rate-limit.test.ts > T07 authenticated planner aggregate compute budget > shares a ten-request budget across plan IDs/actions (primary KV: false)
{"level":"info","event":"meal_planning_result","status":"feasible","conclusion":"feasible","truncated":false,"states":2}

stdout | tests/integration/t07-rate-limit.test.ts > T07 authenticated planner aggregate compute budget > shares a ten-request budget across plan IDs/actions (primary KV: false)
{"level":"info","event":"meal_planning_result","status":"feasible","conclusion":"feasible","truncated":false,"states":2}

stdout | tests/integration/t07-rate-limit.test.ts > T07 authenticated planner aggregate compute budget > shares a ten-request budget across plan IDs/actions (primary KV: false)
{"level":"info","event":"meal_planning_result","status":"feasible","conclusion":"feasible","truncated":false,"states":2}

stdout | tests/integration/t07-rate-limit.test.ts > T07 authenticated planner aggregate compute budget > shares a ten-request budget across plan IDs/actions (primary KV: false)
{"level":"info","event":"meal_planning_result","status":"feasible","conclusion":"feasible","truncated":false,"states":2}

stdout | tests/integration/t07-rate-limit.test.ts > T07 authenticated planner aggregate compute budget > shares a ten-request budget across plan IDs/actions (primary KV: false)
{"level":"info","event":"meal_planning_result","status":"feasible","conclusion":"feasible","truncated":false,"states":2}

stderr | tests/integration/t07-rate-limit.test.ts > T07 authenticated planner aggregate compute budget > shares a ten-request budget across plan IDs/actions (primary KV: false)
{"level":"warn","limiter":"meal-planning-read","reason":"kv-unbound","message":"Rate limiter degraded to isolate-local counters; enforcement is not globally reliable."}

stderr | tests/integration/t07-rate-limit.test.ts > T07 authenticated planner aggregate compute budget > shares a ten-request budget across plan IDs/actions (primary KV: false)
{"level":"warn","limiter":"meal-planning-feedback","reason":"kv-unbound","message":"Rate limiter degraded to isolate-local counters; enforcement is not globally reliable."}

stdout | tests/integration/t07-rate-limit.test.ts > T07 authenticated planner aggregate compute budget > shares a ten-request budget across plan IDs/actions (primary KV: false)
{"level":"info","event":"meal_planning_result","status":"feasible","conclusion":"feasible","truncated":false,"states":2}

 ✓ tests/integration/t07-rate-limit.test.ts (2 tests) 353ms
stderr | tests/integration/week-core-flow.test.ts > Week core HTTP flow (in-memory D1) > creates, reads, regenerates, and swaps a plan while preserving relational state
{"level":"warn","limiter":"rl_week_w","reason":"kv-unbound","message":"Rate limiter degraded to isolate-local counters; enforcement is not globally reliable."}

stderr | tests/integration/week-core-flow.test.ts > Week core HTTP flow (in-memory D1) > creates, reads, regenerates, and swaps a plan while preserving relational state
{"level":"warn","limiter":"rl_gen","reason":"kv-unbound","message":"Rate limiter degraded to isolate-local counters; enforcement is not globally reliable."}

stderr | tests/integration/week-core-flow.test.ts > Week core HTTP flow (in-memory D1) > creates, reads, regenerates, and swaps a plan while preserving relational state
{"level":"warn","limiter":"rl_swap","reason":"kv-unbound","message":"Rate limiter degraded to isolate-local counters; enforcement is not globally reliable."}

 ✓ tests/unit/recipe-refresh-v2.test.ts (18 tests) 332ms
   ✓ committed Recipe Content Refresh V2 package > contains the independently audited 500-recipe corpus and reproduces the runtime fingerprint  308ms
 ✓ tests/integration/week-core-flow.test.ts (3 tests) 347ms
 ✓ tests/unit/weekly-planner.test.ts (25 tests) 302ms
 ✓ tests/unit/production-catalog-lineage.test.mjs (8 tests) 320ms
 ✓ tests/unit/ui07-brand-exports.test.mjs (5 tests) 291ms
 ✓ tests/unit/t21rc2t-production-receipt.test.mjs (9 tests) 300ms
 ✓ tests/unit/scan-route-errors.test.ts (3 tests) 286ms
 ✓ tests/unit/production-catalog-recovery-approval.test.mjs (13 tests) 281ms
 ✓ tests/integration/recipe-catalog-safety.test.ts (6 tests) 273ms
 ✓ tests/integration/shopping-optimizer.test.ts (3 tests) 211ms
 ✓ tests/unit/runtime-ingredient-v2.test.ts (13 tests) 212ms
 ✓ tests/unit/t21rc2t-privacy.test.mjs (37 tests) 213ms
 ✓ tests/integration/recipe-catalog.test.ts (7 tests) 215ms
 ✓ tests/integration/weekly-planner.test.ts (2 tests) 203ms
 ✓ tests/unit/frontend-services.test.ts (17 tests) 179ms
 ✓ tests/unit/t20-composer-candidates.test.ts (3 tests) 167ms
 ✓ tests/unit/inventory-adoption.test.ts (70 tests) 121ms
 ✓ tests/unit/takosan-brand.test.tsx (19 tests) 124ms
 ✓ tests/unit/ui04-scan-offline.test.ts (10 tests) 125ms
 ✓ tests/unit/inventory-lot-commands.test.ts (202 tests) 116ms
 ✓ tests/unit/shopping-optimizer.test.ts (56 tests) 106ms
stderr | tests/integration/scan-async-canary.test.ts > Fridge scan async canary (in-memory D1) > returns 202, persists a pending scan, and enqueues a tenant-scoped job
{"level":"warn","limiter":"rl_scan","reason":"kv-unbound","message":"Rate limiter degraded to isolate-local counters; enforcement is not globally reliable."}

 ✓ tests/integration/scan-async-canary.test.ts (1 test) 103ms
 ✓ tests/unit/production-catalog-static-pin.test.mjs (51 tests) 105ms
stderr | tests/unit/sync.test.ts > offline outbox and scan persistence contract > keeps guest outbox and scope unchanged when inventory transfer is deferred
Backend verify OTP failed: ApiError: HTTP 409: {"error":"Inventory transfer deferred","code":"INVENTORY_TRANSFER_DEFERRED"}
    at fetchJson (/Users/tunbee27/Documents/Tako-san-ui-rebuild/src/web/services/http.ts:125:11)
    at Object.verifyOtp (/Users/tunbee27/Documents/Tako-san-ui-rebuild/src/web/services/auth.ts:159:22)
    at /Users/tunbee27/Documents/Tako-san-ui-rebuild/tests/unit/sync.test.ts:300:5
    at file:///Users/tunbee27/Documents/Tako-san-ui-rebuild/node_modules/.pnpm/@vitest+runner@3.2.7/node_modules/@vitest/runner/dist/chunk-hooks.js:752:20 {
  kind: 'http',
  status: 409,
  retryable: undefined,
  requestId: undefined,
  payload: {
    error: 'Inventory transfer deferred',
    code: 'INVENTORY_TRANSFER_DEFERRED'
  }
}

 ✓ tests/unit/sync.test.ts (20 tests) 92ms
 ✓ tests/unit/shopping-catalog.test.ts (61 tests) 68ms
 ✓ tests/integration/production-migration-bridge.test.ts (2 tests) 63ms
 ✓ tests/unit/auth.test.ts (19 tests) 66ms
 ✓ tests/unit/staging-d1-runtime-readiness-check.test.mjs (22 tests) 69ms
 ✓ tests/unit/recipe-seed-readonly.test.ts (5 tests) 63ms
 ✓ tests/unit/recipe-ranking.test.ts (63 tests) 50ms
 ✓ tests/unit/production-catalog-import-output.test.mjs (106 tests) 54ms
 ✓ tests/unit/production-cloudflare-credential-diagnostics.test.mjs (70 tests) 49ms
 ✓ tests/unit/planner-contract.test.ts (22 tests) 46ms
 ✓ tests/unit/wait-for-deployed-assets.test.mjs (44 tests) 47ms
 ✓ tests/unit/recipe-candidates.test.ts (43 tests) 45ms
 ✓ tests/unit/t20-meal-composition.test.ts (17 tests) 44ms
stderr | tests/unit/command-route-integrity.test.ts > inventory command integrity > requires a PATCH version instead of accepting blind writes
{"level":"warn","limiter":"rl_inv_w","reason":"kv-unbound","message":"Rate limiter degraded to isolate-local counters; enforcement is not globally reliable."}

stderr | tests/unit/command-route-integrity.test.ts > shopping-list command integrity > does not report success when PATCH loses the affected-row guard
{"level":"warn","limiter":"rl_shop_w","reason":"kv-unbound","message":"Rate limiter degraded to isolate-local counters; enforcement is not globally reliable."}

 ✓ tests/unit/command-route-integrity.test.ts (14 tests) 43ms
 ✓ tests/unit/recipe-catalog-authority.test.ts (6 tests) 52ms
 ✓ tests/unit/recipe-families.test.ts (14 tests) 38ms
 ✓ tests/unit/t21rc4-identity-workflow.test.mjs (25 tests) 38ms
 ✓ tests/unit/t07-domain-integrity.test.ts (6 tests) 37ms
 ✓ tests/unit/d1-temporal-forensics.test.mjs (39 tests) 34ms
 ✓ tests/unit/shopping-hardening.test.ts (17 tests) 37ms
 ✓ tests/unit/t20-composition-safety.test.ts (13 tests) 34ms
 ✓ tests/unit/planner-presentation.test.ts (62 tests) 33ms
 ✓ tests/unit/t21rc2t-production-capture.test.mjs (14 tests) 32ms
 ✓ tests/unit/t20-composition-shopping.test.ts (8 tests) 29ms
 ✓ tests/unit/runtime-recipe-contract.test.ts (5 tests) 30ms
stderr | tests/unit/health.test.ts > health endpoints > readiness never leaks secret values
{"level":"error","code":"CONFIG_INVALID","issues":["CONFIG_TURNSTILE_MISSING_SITE_KEY"],"message":"Production configuration gate rejected the deployment."}

stderr | tests/unit/health.test.ts > health endpoints > production gate fails closed with sanitized diagnostics on dangerous configuration
{"level":"error","code":"CONFIG_INVALID","issues":["CONFIG_PRODUCTION_APP_URL","CONFIG_MOCK_MODE_IN_PRODUCTION","CONFIG_BINDING_DB_MISSING","CONFIG_BINDING_CACHE_MISSING","CONFIG_JWT_SECRET_MISSING","CONFIG_OTP_HASH_SECRET_MISSING","CONFIG_QUEUE_BINDING_MISSING","CONFIG_TURNSTILE_MISSING_SECRET","CONFIG_TURNSTILE_MISSING_SITE_KEY"],"message":"Production configuration gate rejected the deployment."}

stderr | tests/unit/health.test.ts > health endpoints > readiness fails closed for unusable auth configuration {}
{"level":"error","code":"CONFIG_INVALID","issues":["CONFIG_OTP_HASH_SECRET_MISSING","CONFIG_TURNSTILE_MISSING_SECRET","CONFIG_TURNSTILE_MISSING_SITE_KEY"],"message":"Production configuration gate rejected the deployment."}

stderr | tests/unit/health.test.ts > health endpoints > readiness fails closed for unusable auth configuration {}
{"level":"error","code":"CONFIG_INVALID","issues":["CONFIG_PRODUCTION_APP_URL","CONFIG_TURNSTILE_MISSING_SECRET","CONFIG_TURNSTILE_MISSING_SITE_KEY"],"message":"Production configuration gate rejected the deployment."}

stderr | tests/unit/health.test.ts > health endpoints > readiness fails closed for unusable auth configuration {"APP_URL":"https://"}
{"level":"error","code":"CONFIG_INVALID","issues":["CONFIG_PRODUCTION_APP_URL","CONFIG_TURNSTILE_MISSING_SECRET","CONFIG_TURNSTILE_MISSING_SITE_KEY"],"message":"Production configuration gate rejected the deployment."}

stderr | tests/unit/health.test.ts > health endpoints > fails production readiness when Qwen is missing even if a native AI binding exists
{"level":"error","code":"CONFIG_INVALID","issues":["CONFIG_QWEN_API_KEY_MISSING"],"message":"Production configuration gate rejected the deployment."}

stderr | tests/unit/health.test.ts > health endpoints > fails production readiness when async scan image storage is missing
{"level":"error","code":"CONFIG_INVALID","issues":["CONFIG_SCAN_IMAGE_STORAGE_MISSING"],"message":"Production configuration gate rejected the deployment."}

 ✓ tests/unit/health.test.ts (15 tests) 27ms
 ✓ tests/unit/ui11-navigation.test.tsx (29 tests) 25ms
 ✓ tests/unit/cloudflare-worker-rollback.test.mjs (10 tests) 28ms
 ✓ tests/unit/t21rc2-workflow.test.mjs (21 tests) 28ms
 ✓ tests/unit/ai-runtime-governance.test.ts (21 tests) 27ms
 ✓ tests/unit/inventory-truth.test.ts (76 tests) 24ms
 ✓ tests/unit/ui02-presentation.test.ts (47 tests) 22ms
 ✓ tests/unit/staging-d1-migration-check.test.mjs (6 tests) 22ms
 ✓ tests/unit/ui07-brand-shell.test.tsx (15 tests) 22ms
stderr | tests/unit/ai-provider-recovery.test.ts > vision provider recovery contract > marks a missing Groq model as permanent and preserves the typed error through the router
{"level":"warn","event":"ai_provider_failed","provider":"groq","model":"qwen/qwen3.6-27b","code":"MODEL_NOT_FOUND","retryable":false}

 ✓ tests/unit/meal-shopping-dto.test.ts (3 tests) 21ms
stderr | tests/unit/ai-provider-recovery.test.ts > vision provider recovery contract > does not activate legacy or future providers from stored keys alone
{"level":"warn","event":"ai_provider_failed","provider":"qwen","model":"qwen3.7-flash","code":"AUTHENTICATION_FAILED","retryable":false}

stderr | tests/unit/ai-provider-recovery.test.ts > vision provider recovery contract > falls through from a failed Qwen ranking request to the explicitly enabled DeepSeek fallback
{"level":"warn","event":"ai_recipe_rank_failed","provider":"qwen"}

 ✓ tests/unit/ai-provider-recovery.test.ts (23 tests) 21ms
 ✓ tests/unit/vietnamese-recipe-bank.test.ts (6 tests) 19ms
 ✓ tests/unit/week-route-serialization.test.ts (6 tests) 20ms
stderr | tests/unit/ai-router.test.ts > AI Router & Schema Verification > applies the quality gate before accepting provider output
{"level":"warn","event":"ai_provider_failed","provider":"groq","model":"qwen/qwen3.6-27b","code":"AI_SCAN_NO_USABLE_ITEMS","retryable":false}

stderr | tests/unit/ai-router.test.ts > AI Router & Schema Verification > applies the quality gate before accepting receipt provider output
{"level":"warn","event":"ai_receipt_provider_failed","provider":"groq","model":"qwen/qwen3.6-27b","code":"AI_SCAN_NO_USABLE_ITEMS","retryable":false}

 ✓ tests/unit/ai-router.test.ts (16 tests) 18ms
 ✓ tests/unit/scan-privacy.test.tsx (11 tests) 18ms
stdout | tests/integration/worker-cors.test.mjs > allows both request-owner headers through the Worker CORS preflight
[req] OPTIONS /api/v1/inventory 204 1ms 2160e90d-e591-453e-ab26-661217975667

stdout | tests/integration/worker-cors.test.mjs > CORS and CSRF agree: production / https://app.example.com => true
{"level":"info","requestId":"c447dbbb-1226-4d4c-8ff5-b5a66dcdb5a2","method":"OPTIONS","path":"/api/v1/inventory","status":204,"durationMs":0,"environment":"production"}

stdout | tests/integration/worker-cors.test.mjs > CORS and CSRF agree: production / https://app.example.com.evil.test => false
{"level":"info","requestId":"92c27765-a91f-4237-a712-e3ad560fd851","method":"OPTIONS","path":"/api/v1/inventory","status":204,"durationMs":0,"environment":"production"}

stdout | tests/integration/worker-cors.test.mjs > CORS and CSRF agree: production / https://evil-app.example.com => false
{"level":"info","requestId":"eb333b6f-40b7-4b45-99b3-4bda4467554e","method":"OPTIONS","path":"/api/v1/inventory","status":204,"durationMs":1,"environment":"production"}

stdout | tests/integration/worker-cors.test.mjs > CORS and CSRF agree: production / https://app.example.com@evil.test => false
{"level":"info","requestId":"2fbd250d-eddf-42ba-b116-8dc1bf7ab429","method":"OPTIONS","path":"/api/v1/inventory","status":204,"durationMs":0,"environment":"production"}

stdout | tests/integration/worker-cors.test.mjs > CORS and CSRF agree: production / https://app.example.com/path => false
{"level":"info","requestId":"ab81bbcc-de01-4b8e-9e14-54399e97a6ce","method":"OPTIONS","path":"/api/v1/inventory","status":204,"durationMs":0,"environment":"production"}

stdout | tests/integration/worker-cors.test.mjs > CORS and CSRF agree: production / http://localhost:5173 => false
{"level":"info","requestId":"196226c6-7c1e-464c-9068-e17ec0b2d225","method":"OPTIONS","path":"/api/v1/inventory","status":204,"durationMs":0,"environment":"production"}

stdout | tests/integration/worker-cors.test.mjs > CORS and CSRF agree: production / https://random.example.com => false
{"level":"info","requestId":"c36f5e6f-750e-4996-8cfe-2a80433b2dcf","method":"OPTIONS","path":"/api/v1/inventory","status":204,"durationMs":0,"environment":"production"}

stdout | tests/integration/worker-cors.test.mjs > CORS and CSRF agree: production / https://frigo.tungjpstore.net => false
{"level":"info","requestId":"8d307afc-f6df-4239-8d77-05d07658cddc","method":"OPTIONS","path":"/api/v1/inventory","status":204,"durationMs":0,"environment":"production"}

stdout | tests/integration/worker-cors.test.mjs > CORS and CSRF agree: production / null => false
{"level":"info","requestId":"517765de-3334-40fd-beb6-a76b5764a936","method":"OPTIONS","path":"/api/v1/inventory","status":204,"durationMs":0,"environment":"production"}

stdout | tests/integration/worker-cors.test.mjs > CORS and CSRF agree: development / http://localhost:5173 => true
[req] OPTIONS /api/v1/inventory 204 0ms 2c8a6213-3afb-446a-99cf-46f80faf57d8

stdout | tests/integration/worker-cors.test.mjs > CORS and CSRF agree: development / http://127.0.0.1:8787 => true
[req] OPTIONS /api/v1/inventory 204 0ms a4c2ab0a-0084-4faf-8693-fae8f2fb2d9f

stdout | tests/integration/worker-cors.test.mjs > CORS and CSRF agree: development / https://random.example.com => false
[req] OPTIONS /api/v1/inventory 204 0ms f6215a4a-b934-4b4c-b981-4ac0f5cee755

stdout | tests/integration/worker-cors.test.mjs > CORS and CSRF agree: staging / http://localhost:5173 => false
[req] OPTIONS /api/v1/inventory 204 0ms bcb9fc27-e055-46cd-bcc6-f6db68945626

stdout | tests/integration/worker-cors.test.mjs > exposes the request ID to the trusted separate frontend
{"level":"info","requestId":"frontend_test_123","method":"GET","path":"/api/v1/health","status":200,"durationMs":2,"environment":"production"}

stdout | tests/integration/worker-cors.test.mjs > does not emit a wildcard when the request has no Origin
{"level":"info","requestId":"af88beed-60b9-46c9-a9de-9a7647114cac","method":"GET","path":"/api/v1/health","status":200,"durationMs":1,"environment":"production"}

stdout | tests/integration/worker-cors.test.mjs > allows Google GIS popup handshakes on the SPA without weakening API isolation
{"level":"info","requestId":"61f2b0ff-7fda-4b48-a692-4da15950d4c6","method":"GET","path":"/auth","status":200,"durationMs":0,"environment":"production"}

stdout | tests/integration/worker-cors.test.mjs > allows Google GIS popup handshakes on the SPA without weakening API isolation
{"level":"info","requestId":"a93f6881-4514-4456-a13f-7311cc475e44","method":"GET","path":"/api/v1/health","status":200,"durationMs":0,"environment":"production"}

 ✓ tests/integration/worker-cors.test.mjs (17 tests) 17ms
 ✓ tests/unit/ui08-route-scope.test.tsx (20 tests) 18ms
 ✓ tests/unit/meal-planning-client.test.ts (24 tests) 18ms
 ✓ tests/unit/t21rc4-identity-approval.test.mjs (14 tests) 18ms
 ✓ tests/unit/ingredient-availability.test.ts (29 tests) 18ms
 ✓ tests/unit/week-planner.test.ts (15 tests) 18ms
 ✓ tests/unit/shopping-plan-snapshot.test.ts (3 tests) 18ms
 ✓ tests/unit/ingredient-images.test.ts (7 tests) 16ms
 ✓ tests/unit/inventory-fefo.test.ts (20 tests) 15ms
 ✓ tests/unit/scan-error-presentation.test.ts (4 tests) 16ms
 ✓ tests/unit/planner-inventory.test.ts (10 tests) 15ms
 ✓ tests/unit/ai-vision-repair-prompt.test.ts (7 tests) 13ms
 ✓ tests/unit/account-gates.test.tsx (3 tests) 15ms
 ✓ tests/unit/ai-scan-failure-diagnostics.test.ts (7 tests) 16ms
stderr | tests/unit/groq-provider.test.ts > GroqProvider > uses Groq before Workers AI and falls back when Groq fails
{"level":"warn","event":"ai_provider_failed","provider":"groq","model":"qwen/qwen3.6-27b","code":"UPSTREAM_ERROR","retryable":true}

 ✓ tests/unit/groq-provider.test.ts (8 tests) 14ms
 ✓ tests/unit/qwen-provider.test.ts (14 tests) 15ms
 ✓ tests/unit/t13-receipt-vision-truth.test.ts (41 tests) 13ms
 ✓ tests/unit/inventory-observations.test.ts (33 tests) 15ms
 ✓ tests/unit/week-reconciliation.test.ts (5 tests) 13ms
 ✓ tests/unit/domain-foundation.test.ts (25 tests) 14ms
 ✓ tests/unit/inventory-idempotency.test.ts (4 tests) 12ms
 ✓ tests/unit/wait-for-deployed-release.test.mjs (29 tests) 11ms
 ✓ tests/unit/recipe-engine.test.ts (4 tests) 13ms
 ✓ tests/unit/meal-planning-explanation.test.ts (18 tests) 13ms
stderr | tests/unit/email-privacy.test.ts > transactional email provider routing > classifies Resend HTTP 429 as rate limited
{"event":"email_delivery_failed","provider":"resend","category":"rate_limited"}

stderr | tests/unit/email-privacy.test.ts > transactional email provider routing > distinguishes a Resend daily quota rejection from request-rate limiting
{"event":"email_delivery_failed","provider":"resend","category":"daily_limit"}

stderr | tests/unit/email-privacy.test.ts > transactional email provider routing > classifies Resend sender verification failures without exposing its response
{"event":"email_delivery_failed","provider":"resend","category":"sender_not_verified"}

stderr | tests/unit/email-privacy.test.ts > transactional email provider routing > classifies Resend network and timeout failures as provider unavailable
{"event":"email_delivery_failed","provider":"resend","category":"provider_unavailable"}

stderr | tests/unit/email-privacy.test.ts > transactional email provider routing > reports not configured when neither provider is available
{"event":"email_delivery_failed","provider":"none","category":"not_configured"}

stderr | tests/unit/email-privacy.test.ts > does not retain provider response bodies in delivery diagnostics
{"event":"email_delivery_failed","provider":"resend","category":"provider_unavailable"}

stderr | tests/unit/email-privacy.test.ts > does not retain network exception details in delivery diagnostics
{"event":"email_delivery_failed","provider":"resend","category":"provider_unavailable"}

 ✓ tests/unit/email-privacy.test.ts (16 tests) 11ms
 ✓ tests/unit/planner-nutrition.test.ts (14 tests) 9ms
 ✓ tests/unit/canonical-ocr-normalization.test.ts (9 tests) 9ms
 ✓ tests/unit/config-validation.test.ts (49 tests) 9ms
stderr | tests/unit/rate-limit.test.ts > rate limiter failure behavior > degrades explicitly (not silently) when KV fails in best-effort mode
{"level":"warn","limiter":"rl_t2","reason":"kv-error","message":"Rate limiter degraded to isolate-local counters; enforcement is not globally reliable."}

stderr | tests/unit/rate-limit.test.ts > rate limiter failure behavior > fails closed in production for critical limiters when the primary limiter fails
{"level":"warn","limiter":"rl_t3","reason":"kv-error","message":"Rate limiter failed closed in production."}

stderr | tests/unit/rate-limit.test.ts > rate limiter failure behavior > keeps best-effort behavior in non-production even with fail-closed enforcement
{"level":"warn","limiter":"rl_t4","reason":"kv-error","message":"Rate limiter degraded to isolate-local counters; enforcement is not globally reliable."}

stderr | tests/unit/rate-limit.test.ts > rate limiter failure behavior > marks an unbound KV namespace as degraded instead of implying global enforcement
{"level":"warn","limiter":"rl_t5","reason":"kv-unbound","message":"Rate limiter degraded to isolate-local counters; enforcement is not globally reliable."}

 ✓ tests/unit/rate-limit.test.ts (5 tests) 9ms
 ✓ tests/unit/ui09-route-scope.test.tsx (14 tests) 9ms
 ✓ tests/unit/recipe-seed-output-policy.test.mjs (29 tests) 8ms
 ✓ tests/unit/production-d1-diagnostics.test.mjs (7 tests) 8ms
stderr | tests/unit/turnstile.test.ts > Turnstile verification > fails closed on provider rejection/malformed responses
{"event":"turnstile_verification_failed"}

 ✓ tests/unit/turnstile.test.ts (14 tests) 8ms
 ✓ tests/unit/t07-rate-limit.test.ts (2 tests) 8ms
 ✓ tests/unit/shopping-search.test.ts (16 tests) 8ms
 ✓ tests/unit/receipt-scan.test.ts (4 tests) 7ms
 ✓ tests/unit/planner-reason-coverage.test.ts (6 tests) 7ms
 ✓ tests/unit/ui-rebuild-availability.test.ts (6 tests) 6ms
 ✓ tests/unit/t21rc2t-workflow-safety.test.mjs (6 tests) 6ms
 ✓ tests/unit/cleanup.test.ts (8 tests) 6ms
 ✓ tests/unit/scan-queue.test.ts (21 tests) 6ms
 ✓ tests/unit/t21rb-v1-production.test.mjs (5 tests) 6ms
 ✓ tests/unit/cooking-store.test.ts (2 tests) 4ms
 ✓ tests/unit/ingredient-authority-v2.test.ts (4 tests) 5ms
 ✓ tests/unit/scan-request-correlation.test.ts (1 test) 4ms
 ✓ tests/unit/scans.test.ts (5 tests) 4ms
 ✓ tests/unit/logout-dialog.test.tsx (1 test) 4ms
 ✓ tests/unit/ai-golden-dataset.test.ts (3 tests) 4ms
 ✓ tests/unit/quantity.test.ts (11 tests) 4ms
 ✓ tests/unit/query-client.test.ts (11 tests) 3ms
 ✓ tests/unit/week-shopping-route-policy.test.ts (6 tests) 3ms
 ✓ tests/unit/csp.test.ts (5 tests) 3ms
 ✓ tests/unit/cooking-route-allocation.test.ts (3 tests) 2ms
 ✓ tests/unit/logout-ux.test.ts (2 tests) 2ms
 ✓ tests/unit/production-d1-migration-runtime-proof.test.mjs (1 test) 1ms
stderr | tests/unit/t20-meal-composer-ui.test.tsx > T20 Meal composer UI > renders components with accessible role labels and lock state; lock is a server mutation at the current revision
⚠️ React Router Future Flag Warning: React Router will begin wrapping state updates in `React.startTransition` in v7. You can use the `v7_startTransition` future flag to opt-in early. For more information, see https://reactrouter.com/v6/upgrading/future#v7_starttransition.
⚠️ React Router Future Flag Warning: Relative route resolution within Splat routes is changing in v7. You can use the `v7_relativeSplatPath` future flag to opt-in early. For more information, see https://reactrouter.com/v6/upgrading/future#v7_relativesplatpath.

stderr | tests/unit/auth-verify-route.test.tsx > screen 03 — /auth/verify route > does not let a delayed unverified-login response attach to a replacement session
Backend login failed: ApiError: Phiên làm việc đã thay đổi. Vui lòng đăng nhập lại.
    at assertCurrent (/Users/tunbee27/Documents/Tako-san-ui-rebuild/src/web/services/http.ts:61:29)
    at fetchJson (/Users/tunbee27/Documents/Tako-san-ui-rebuild/src/web/services/http.ts:112:3)
    at Object.login (/Users/tunbee27/Documents/Tako-san-ui-rebuild/src/web/services/auth.ts:225:14)
    at handleLogin (/Users/tunbee27/Documents/Tako-san-ui-rebuild/src/web/pages/AuthPage.tsx:360:19) {
  kind: 'auth',
  status: undefined,
  retryable: undefined,
  requestId: undefined,
  payload: null
}

stderr | tests/unit/auth-verify-route.test.tsx > screen 03 — /auth/verify route > does not let a delayed login response navigate after the auth route is abandoned
Backend login failed: ApiError: HTTP 401: {"error":"Account verification required","requireOtp":true,"otpDelivered":true}
    at fetchJson (/Users/tunbee27/Documents/Tako-san-ui-rebuild/src/web/services/http.ts:120:13)
    at Object.login (/Users/tunbee27/Documents/Tako-san-ui-rebuild/src/web/services/auth.ts:225:14)
    at handleLogin (/Users/tunbee27/Documents/Tako-san-ui-rebuild/src/web/pages/AuthPage.tsx:360:19) {
  kind: 'auth',
  status: 401,
  retryable: undefined,
  requestId: undefined,
  payload: {
    error: 'Account verification required',
    requireOtp: true,
    otpDelivered: true
  }
}

stderr | tests/unit/auth-verify-route.test.tsx > screen 03 — /auth/verify route > invalid verification failure stays server-authoritative on /auth/verify
Backend verify OTP failed: ApiError: HTTP 400: {"error":"Mã OTP không chính xác hoặc đã được sử dụng"}
    at fetchJson (/Users/tunbee27/Documents/Tako-san-ui-rebuild/src/web/services/http.ts:125:11)
    at Object.verifyOtp (/Users/tunbee27/Documents/Tako-san-ui-rebuild/src/web/services/auth.ts:159:22)
    at submitOtpVerification (/Users/tunbee27/Documents/Tako-san-ui-rebuild/src/web/pages/AuthPage.tsx:512:19)
    at handleVerifyOtp (/Users/tunbee27/Documents/Tako-san-ui-rebuild/src/web/pages/AuthPage.tsx:560:5) {
  kind: 'http',
  status: 400,
  retryable: undefined,
  requestId: undefined,
  payload: { error: 'Mã OTP không chính xác hoặc đã được sử dụng' }
}

stderr | tests/unit/auth-verify-route.test.tsx > screen 03 — /auth/verify route > expired verification failure stays server-authoritative on /auth/verify
Backend verify OTP failed: ApiError: HTTP 400: {"error":"Mã OTP đã hết hạn. Vui lòng bấm gửi lại mã mới."}
    at fetchJson (/Users/tunbee27/Documents/Tako-san-ui-rebuild/src/web/services/http.ts:125:11)
    at Object.verifyOtp (/Users/tunbee27/Documents/Tako-san-ui-rebuild/src/web/services/auth.ts:159:22)
    at submitOtpVerification (/Users/tunbee27/Documents/Tako-san-ui-rebuild/src/web/pages/AuthPage.tsx:512:19)
    at handleVerifyOtp (/Users/tunbee27/Documents/Tako-san-ui-rebuild/src/web/pages/AuthPage.tsx:560:5) {
  kind: 'http',
  status: 400,
  retryable: undefined,
  requestId: undefined,
  payload: { error: 'Mã OTP đã hết hạn. Vui lòng bấm gửi lại mã mới.' }
}

stderr | tests/unit/auth-verify-route.test.tsx > screen 03 — /auth/verify route > rate-limited verification failure stays server-authoritative on /auth/verify
Backend verify OTP failed: ApiError: HTTP 429: {"error":"Bạn đã thử quá nhiều lần. Vui lòng chờ rồi thử lại."}
    at fetchJson (/Users/tunbee27/Documents/Tako-san-ui-rebuild/src/web/services/http.ts:125:11)
    at Object.verifyOtp (/Users/tunbee27/Documents/Tako-san-ui-rebuild/src/web/services/auth.ts:159:22)
    at submitOtpVerification (/Users/tunbee27/Documents/Tako-san-ui-rebuild/src/web/pages/AuthPage.tsx:512:19)
    at handleVerifyOtp (/Users/tunbee27/Documents/Tako-san-ui-rebuild/src/web/pages/AuthPage.tsx:560:5) {
  kind: 'http',
  status: 429,
  retryable: undefined,
  requestId: undefined,
  payload: { error: 'Bạn đã thử quá nhiều lần. Vui lòng chờ rồi thử lại.' }
}

stderr | tests/unit/auth-verify-route.test.tsx > screen 03 — /auth/verify route > reports an offline verification without consuming context or establishing a local session
Backend verify OTP failed: ApiError: Không có kết nối mạng khi gọi /auth/verify-otp
    at fetchJson (/Users/tunbee27/Documents/Tako-san-ui-rebuild/src/web/services/http.ts:109:11)
    at Object.verifyOtp (/Users/tunbee27/Documents/Tako-san-ui-rebuild/src/web/services/auth.ts:159:22)
    at submitOtpVerification (/Users/tunbee27/Documents/Tako-san-ui-rebuild/src/web/pages/AuthPage.tsx:512:19)
    at handleVerifyOtp (/Users/tunbee27/Documents/Tako-san-ui-rebuild/src/web/pages/AuthPage.tsx:560:5) {
  kind: 'offline',
  status: undefined,
  retryable: true,
  requestId: undefined,
  payload: null
}

stderr | tests/unit/auth-verify-route.test.tsx > screen 03 — /auth/verify route > ignores a delayed resend after session-change
Backend resend OTP failed: ApiError: Phiên làm việc đã thay đổi. Vui lòng đăng nhập lại.
    at assertCurrent (/Users/tunbee27/Documents/Tako-san-ui-rebuild/src/web/services/http.ts:61:29)
    at fetchJson (/Users/tunbee27/Documents/Tako-san-ui-rebuild/src/web/services/http.ts:112:3)
    at Object.resendOtp (/Users/tunbee27/Documents/Tako-san-ui-rebuild/src/web/services/auth.ts:204:14)
    at handleResendOtp (/Users/tunbee27/Documents/Tako-san-ui-rebuild/src/web/pages/AuthPage.tsx:580:19) {
  kind: 'auth',
  status: undefined,
  retryable: undefined,
  requestId: undefined,
  payload: null
}

stderr | tests/unit/auth-verify-route.test.tsx > screen 03 — /auth/verify route > ignores a delayed resend after logout
Backend resend OTP failed: ApiError: Phiên làm việc đã thay đổi. Vui lòng đăng nhập lại.
    at assertCurrent (/Users/tunbee27/Documents/Tako-san-ui-rebuild/src/web/services/http.ts:61:29)
    at fetchJson (/Users/tunbee27/Documents/Tako-san-ui-rebuild/src/web/services/http.ts:112:3)
    at Object.resendOtp (/Users/tunbee27/Documents/Tako-san-ui-rebuild/src/web/services/auth.ts:204:14)
    at handleResendOtp (/Users/tunbee27/Documents/Tako-san-ui-rebuild/src/web/pages/AuthPage.tsx:580:19) {
  kind: 'auth',
  status: undefined,
  retryable: undefined,
  requestId: undefined,
  payload: null
}

stderr | tests/unit/auth-verify-route.test.tsx > screen 03 — /auth/verify route > OTP_DELIVERY_UNAVAILABLE on register still reaches /auth/verify honestly: error shown, no cooldown, context marked undelivered
Backend register failed: ApiError: HTTP 503: {"error":"Email OTP chưa gửi được.","code":"OTP_DELIVERY_UNAVAILABLE","accountCreated":true}
    at fetchJson (/Users/tunbee27/Documents/Tako-san-ui-rebuild/src/web/services/http.ts:125:11)
    at Object.register (/Users/tunbee27/Documents/Tako-san-ui-rebuild/src/web/services/auth.ts:134:14)
    at handleRegister (/Users/tunbee27/Documents/Tako-san-ui-rebuild/src/web/pages/AuthPage.tsx:418:19) {
  kind: 'http',
  status: 503,
  retryable: undefined,
  requestId: undefined,
  payload: {
    error: 'Email OTP chưa gửi được.',
    code: 'OTP_DELIVERY_UNAVAILABLE',
    accountCreated: true
  }
}

stderr | tests/unit/auth-verify-route.test.tsx > screen 03 — /auth/verify route > a failed resend surfaces the server error and leaves resend available
Backend register failed: ApiError: HTTP 503: {"error":"Email OTP chưa gửi được.","code":"OTP_DELIVERY_UNAVAILABLE","accountCreated":true}
    at fetchJson (/Users/tunbee27/Documents/Tako-san-ui-rebuild/src/web/services/http.ts:125:11)
    at Object.register (/Users/tunbee27/Documents/Tako-san-ui-rebuild/src/web/services/auth.ts:134:14)
    at handleRegister (/Users/tunbee27/Documents/Tako-san-ui-rebuild/src/web/pages/AuthPage.tsx:418:19) {
  kind: 'http',
  status: 503,
  retryable: undefined,
  requestId: undefined,
  payload: {
    error: 'Email OTP chưa gửi được.',
    code: 'OTP_DELIVERY_UNAVAILABLE',
    accountCreated: true
  }
}

stderr | tests/unit/auth-verify-route.test.tsx > screen 03 — /auth/verify route > a failed resend surfaces the server error and leaves resend available
Backend resend OTP failed: ApiError: HTTP 429: {"error":"Vui lòng chờ trước khi gửi lại mã."}
    at fetchJson (/Users/tunbee27/Documents/Tako-san-ui-rebuild/src/web/services/http.ts:125:11)
    at Object.resendOtp (/Users/tunbee27/Documents/Tako-san-ui-rebuild/src/web/services/auth.ts:204:14)
    at handleResendOtp (/Users/tunbee27/Documents/Tako-san-ui-rebuild/src/web/pages/AuthPage.tsx:580:19) {
  kind: 'http',
  status: 429,
  retryable: undefined,
  requestId: undefined,
  payload: { error: 'Vui lòng chờ trước khi gửi lại mã.' }
}

stderr | tests/unit/auth-verify-route.test.tsx > screen 03 — /auth/verify route > invalidates stale delivery and expiry claims when the server cannot deliver a replacement
Backend resend OTP failed: ApiError: HTTP 503: {"error":"Email OTP chưa gửi được.","code":"OTP_DELIVERY_UNAVAILABLE"}
    at fetchJson (/Users/tunbee27/Documents/Tako-san-ui-rebuild/src/web/services/http.ts:125:11)
    at Object.resendOtp (/Users/tunbee27/Documents/Tako-san-ui-rebuild/src/web/services/auth.ts:204:14)
    at handleResendOtp (/Users/tunbee27/Documents/Tako-san-ui-rebuild/src/web/pages/AuthPage.tsx:580:19) {
  kind: 'http',
  status: 503,
  retryable: undefined,
  requestId: undefined,
  payload: {
    error: 'Email OTP chưa gửi được.',
    code: 'OTP_DELIVERY_UNAVAILABLE'
  }
}

stderr | tests/unit/auth-verify-route.test.tsx > screen 03 — /auth/verify route > reports an offline resend without fabricating delivery or expiry metadata
Backend resend OTP failed: ApiError: Không có kết nối mạng khi gọi /auth/resend-otp
    at fetchJson (/Users/tunbee27/Documents/Tako-san-ui-rebuild/src/web/services/http.ts:109:11)
    at Object.resendOtp (/Users/tunbee27/Documents/Tako-san-ui-rebuild/src/web/services/auth.ts:204:14)
    at handleResendOtp (/Users/tunbee27/Documents/Tako-san-ui-rebuild/src/web/pages/AuthPage.tsx:580:19) {
  kind: 'offline',
  status: undefined,
  retryable: true,
  requestId: undefined,
  payload: null
}

 ✓ tests/unit/auth-verify-route.test.tsx (39 tests) 2141ms
   ✓ screen 03 — /auth/verify route > refresh of /auth/verify restores the verification (email, cooldown) from the tab-scoped context and completes with the server  542ms
 ✓ tests/unit/t20-meal-composer-ui.test.tsx (23 tests) 2962ms
   ✓ T20 Meal composer UI > never exposes stale rows from a previous filter or a late load-more response  798ms
   ✓ T20 Meal composer UI > picker cuisine filter is a labelled control combined with search and role on the server query  529ms
   ✓ T20 Meal composer UI > an empty filtered picker result explains the filters and can clear them  781ms
stderr | tests/unit/auth-guest-transfer-deferred.test.tsx > D3 guest → email registration with deferred inventory transfer > B+D. the first guest attempt sends the transfer field; the 409 deferral is shown as an explicit choice, not as a wrong OTP, and the guest session is untouched
Backend verify OTP failed: ApiError: HTTP 409: {"error":"Chưa hỗ trợ chuyển dữ liệu từ hộ khách một cách an toàn. Hàng tồn kho vẫn được giữ nguyên trong hộ khách; tài khoản chưa được kích hoạt và mã OTP chưa được sử dụng.","code":"INVENTORY_TRANSFER_DEFERRED"}
    at fetchJson (/Users/tunbee27/Documents/Tako-san-ui-rebuild/src/web/services/http.ts:125:11)
    at Object.verifyOtp (/Users/tunbee27/Documents/Tako-san-ui-rebuild/src/web/services/auth.ts:159:22)
    at submitOtpVerification (/Users/tunbee27/Documents/Tako-san-ui-rebuild/src/web/pages/AuthPage.tsx:512:19)
    at handleVerifyOtp (/Users/tunbee27/Documents/Tako-san-ui-rebuild/src/web/pages/AuthPage.tsx:560:5) {
  kind: 'http',
  status: 409,
  retryable: undefined,
  requestId: undefined,
  payload: {
    error: 'Chưa hỗ trợ chuyển dữ liệu từ hộ khách một cách an toàn. Hàng tồn kho vẫn được giữ nguyên trong hộ khách; tài khoản chưa được kích hoạt và mã OTP chưa được sử dụng.',
    code: 'INVENTORY_TRANSFER_DEFERRED'
  }
}

 ✓ tests/unit/planner-hook.test.tsx (48 tests) 1449ms
stderr | tests/unit/auth-guest-transfer-deferred.test.tsx > D3 guest → email registration with deferred inventory transfer > C+F. continuing without transfer retries the same OTP without migrateFromHouseholdId and only then establishes the account session
Backend verify OTP failed: ApiError: HTTP 409: {"error":"Chưa hỗ trợ chuyển dữ liệu từ hộ khách một cách an toàn. Hàng tồn kho vẫn được giữ nguyên trong hộ khách; tài khoản chưa được kích hoạt và mã OTP chưa được sử dụng.","code":"INVENTORY_TRANSFER_DEFERRED"}
    at fetchJson (/Users/tunbee27/Documents/Tako-san-ui-rebuild/src/web/services/http.ts:125:11)
    at Object.verifyOtp (/Users/tunbee27/Documents/Tako-san-ui-rebuild/src/web/services/auth.ts:159:22)
    at submitOtpVerification (/Users/tunbee27/Documents/Tako-san-ui-rebuild/src/web/pages/AuthPage.tsx:512:19)
    at handleVerifyOtp (/Users/tunbee27/Documents/Tako-san-ui-rebuild/src/web/pages/AuthPage.tsx:560:5) {
  kind: 'http',
  status: 409,
  retryable: undefined,
  requestId: undefined,
  payload: {
    error: 'Chưa hỗ trợ chuyển dữ liệu từ hộ khách một cách an toàn. Hàng tồn kho vẫn được giữ nguyên trong hộ khách; tài khoản chưa được kích hoạt và mã OTP chưa được sử dụng.',
    code: 'INVENTORY_TRANSFER_DEFERRED'
  }
}

stderr | tests/unit/auth-guest-transfer-deferred.test.tsx > D3 guest → email registration with deferred inventory transfer > E. a failed continue-without-transfer retry leaves the guest session intact and never half-authenticates
Backend verify OTP failed: ApiError: HTTP 409: {"error":"Chưa hỗ trợ chuyển dữ liệu từ hộ khách một cách an toàn. Hàng tồn kho vẫn được giữ nguyên trong hộ khách; tài khoản chưa được kích hoạt và mã OTP chưa được sử dụng.","code":"INVENTORY_TRANSFER_DEFERRED"}
    at fetchJson (/Users/tunbee27/Documents/Tako-san-ui-rebuild/src/web/services/http.ts:125:11)
    at Object.verifyOtp (/Users/tunbee27/Documents/Tako-san-ui-rebuild/src/web/services/auth.ts:159:22)
    at submitOtpVerification (/Users/tunbee27/Documents/Tako-san-ui-rebuild/src/web/pages/AuthPage.tsx:512:19)
    at handleVerifyOtp (/Users/tunbee27/Documents/Tako-san-ui-rebuild/src/web/pages/AuthPage.tsx:560:5) {
  kind: 'http',
  status: 409,
  retryable: undefined,
  requestId: undefined,
  payload: {
    error: 'Chưa hỗ trợ chuyển dữ liệu từ hộ khách một cách an toàn. Hàng tồn kho vẫn được giữ nguyên trong hộ khách; tài khoản chưa được kích hoạt và mã OTP chưa được sử dụng.',
    code: 'INVENTORY_TRANSFER_DEFERRED'
  }
}

stderr | tests/unit/auth-guest-transfer-deferred.test.tsx > D3 guest → email registration with deferred inventory transfer > E. a failed continue-without-transfer retry leaves the guest session intact and never half-authenticates
Backend verify OTP failed: ApiError: HTTP 400: {"error":"Mã OTP đã hết hạn. Vui lòng bấm gửi lại mã mới."}
    at fetchJson (/Users/tunbee27/Documents/Tako-san-ui-rebuild/src/web/services/http.ts:125:11)
    at Object.verifyOtp (/Users/tunbee27/Documents/Tako-san-ui-rebuild/src/web/services/auth.ts:159:22)
    at submitOtpVerification (/Users/tunbee27/Documents/Tako-san-ui-rebuild/src/web/pages/AuthPage.tsx:512:19)
    at handleContinueWithoutTransfer (/Users/tunbee27/Documents/Tako-san-ui-rebuild/src/web/pages/AuthPage.tsx:566:5) {
  kind: 'http',
  status: 400,
  retryable: undefined,
  requestId: undefined,
  payload: { error: 'Mã OTP đã hết hạn. Vui lòng bấm gửi lại mã mới.' }
}

stderr | tests/unit/auth-guest-transfer-deferred.test.tsx > D3 guest → email registration with deferred inventory transfer > keeps unrelated OTP failures on the normal error path (no deferral state)
Backend verify OTP failed: ApiError: HTTP 400: {"error":"Mã OTP không chính xác hoặc đã được sử dụng"}
    at fetchJson (/Users/tunbee27/Documents/Tako-san-ui-rebuild/src/web/services/http.ts:125:11)
    at Object.verifyOtp (/Users/tunbee27/Documents/Tako-san-ui-rebuild/src/web/services/auth.ts:159:22)
    at submitOtpVerification (/Users/tunbee27/Documents/Tako-san-ui-rebuild/src/web/pages/AuthPage.tsx:512:19)
    at handleVerifyOtp (/Users/tunbee27/Documents/Tako-san-ui-rebuild/src/web/pages/AuthPage.tsx:560:5) {
  kind: 'http',
  status: 400,
  retryable: undefined,
  requestId: undefined,
  payload: { error: 'Mã OTP không chính xác hoặc đã được sử dụng' }
}

 ✓ tests/unit/auth-guest-transfer-deferred.test.tsx (6 tests) 1446ms
   ✓ D3 guest → email registration with deferred inventory transfer > A. a non-guest registration verifies the OTP once, without any transfer field, and opens the account session  621ms
   ✓ D3 guest → email registration with deferred inventory transfer > C+F. continuing without transfer retries the same OTP without migrateFromHouseholdId and only then establishes the account session  580ms
stderr | tests/unit/t13b-inventory-detail.test.tsx > T13B ingredient detail expiry truth > UNKNOWN never shows Tươi ngon despite the compatibility freshness field saying fresh
⚠️ React Router Future Flag Warning: React Router will begin wrapping state updates in `React.startTransition` in v7. You can use the `v7_startTransition` future flag to opt-in early. For more information, see https://reactrouter.com/v6/upgrading/future#v7_starttransition.
⚠️ React Router Future Flag Warning: Relative route resolution within Splat routes is changing in v7. You can use the `v7_relativeSplatPath` future flag to opt-in early. For more information, see https://reactrouter.com/v6/upgrading/future#v7_relativesplatpath.

 ✓ tests/unit/t13b-inventory-detail.test.tsx (25 tests) 1082ms
 ✓ tests/unit/ui02-surfaces.test.tsx (17 tests) 875ms
   ✓ Discovery mounted URL interactions > deep-linked search reaches later ingredients and reset restores all results/focus  305ms
 ✓ tests/integration/t13b-review-roundtrip.test.tsx (4 tests) 664ms
 ✓ tests/unit/t13r-a-lot-draft-ownership.test.tsx (7 tests) 537ms
 ✓ tests/unit/t13b-receipt-review.test.tsx (43 tests) 425ms
 ✓ tests/unit/t13b-fridge-review.test.tsx (35 tests) 459ms
 ✓ tests/unit/t07-planner-ui.test.tsx (12 tests) 389ms
 ✓ tests/unit/t13b-fridge-hardening.test.tsx (26 tests) 371ms
 ✓ tests/unit/receipt-review-polling.test.tsx (3 tests) 120ms
 ✓ tests/unit/ui11-shell-measurement.test.tsx (3 tests) 319ms
stderr | tests/unit/ui10-week-routes.test.tsx > planner on preserves /week → /planner
⚠️ React Router Future Flag Warning: React Router will begin wrapping state updates in `React.startTransition` in v7. You can use the `v7_startTransition` future flag to opt-in early. For more information, see https://reactrouter.com/v6/upgrading/future#v7_starttransition.
⚠️ React Router Future Flag Warning: Relative route resolution within Splat routes is changing in v7. You can use the `v7_relativeSplatPath` future flag to opt-in early. For more information, see https://reactrouter.com/v6/upgrading/future#v7_relativesplatpath.

 ✓ tests/unit/ui-rebuild-surfaces.test.tsx (7 tests) 240ms
 ✓ tests/unit/ui10-week-routes.test.tsx (14 tests) 220ms
stderr | tests/unit/ui09-stock-detail.test.tsx > UI09 detail interaction and honest state > keeps loading while the compatibility fallback is pending instead of claiming absence
⚠️ React Router Future Flag Warning: React Router will begin wrapping state updates in `React.startTransition` in v7. You can use the `v7_startTransition` future flag to opt-in early. For more information, see https://reactrouter.com/v6/upgrading/future#v7_starttransition.
⚠️ React Router Future Flag Warning: Relative route resolution within Splat routes is changing in v7. You can use the `v7_relativeSplatPath` future flag to opt-in early. For more information, see https://reactrouter.com/v6/upgrading/future#v7_relativesplatpath.

stderr | tests/unit/ui10-week-presentation.test.tsx > UI10 truthful setup and generation > retains choices on back and submits four real stages only after explicit generation
⚠️ React Router Future Flag Warning: React Router will begin wrapping state updates in `React.startTransition` in v7. You can use the `v7_startTransition` future flag to opt-in early. For more information, see https://reactrouter.com/v6/upgrading/future#v7_starttransition.
⚠️ React Router Future Flag Warning: Relative route resolution within Splat routes is changing in v7. You can use the `v7_relativeSplatPath` future flag to opt-in early. For more information, see https://reactrouter.com/v6/upgrading/future#v7_relativesplatpath.

 ✓ tests/unit/ui09-stock-detail.test.tsx (5 tests) 204ms
 ✓ tests/unit/ui10-week-presentation.test.tsx (18 tests) 210ms
stderr | tests/unit/ui08-onboarding-navigation.test.tsx > UI08 completion intent through actual App guards > today reaches its chosen destination after server confirmation
⚠️ React Router Future Flag Warning: React Router will begin wrapping state updates in `React.startTransition` in v7. You can use the `v7_startTransition` future flag to opt-in early. For more information, see https://reactrouter.com/v6/upgrading/future#v7_starttransition.
⚠️ React Router Future Flag Warning: Relative route resolution within Splat routes is changing in v7. You can use the `v7_relativeSplatPath` future flag to opt-in early. For more information, see https://reactrouter.com/v6/upgrading/future#v7_relativesplatpath.

 ✓ tests/unit/t13r-b-inventory-conflict.test.tsx (4 tests) 198ms
 ✓ tests/unit/ui08-onboarding-navigation.test.tsx (6 tests) 200ms
stderr | tests/unit/onboarding-contract.test.tsx > screens 04-06 — onboarding contract > screen 04 owns only household size and exposes native single-select state
⚠️ React Router Future Flag Warning: React Router will begin wrapping state updates in `React.startTransition` in v7. You can use the `v7_startTransition` future flag to opt-in early. For more information, see https://reactrouter.com/v6/upgrading/future#v7_starttransition.
⚠️ React Router Future Flag Warning: Relative route resolution within Splat routes is changing in v7. You can use the `v7_relativeSplatPath` future flag to opt-in early. For more information, see https://reactrouter.com/v6/upgrading/future#v7_relativesplatpath.

 ✓ tests/unit/onboarding-contract.test.tsx (20 tests) 180ms
 ✓ tests/unit/ui08-account.test.tsx (11 tests) 192ms
stderr | tests/unit/payment-checkout.test.tsx > server-authoritative payment checkout > renders arbitrary server prices and uses the selected plan without a client amount
⚠️ React Router Future Flag Warning: React Router will begin wrapping state updates in `React.startTransition` in v7. You can use the `v7_startTransition` future flag to opt-in early. For more information, see https://reactrouter.com/v6/upgrading/future#v7_starttransition.
⚠️ React Router Future Flag Warning: Relative route resolution within Splat routes is changing in v7. You can use the `v7_relativeSplatPath` future flag to opt-in early. For more information, see https://reactrouter.com/v6/upgrading/future#v7_relativesplatpath.

 ✓ tests/unit/t13r-a-receipt-ownership.test.tsx (6 tests) 150ms
 ✓ tests/unit/payment-checkout.test.tsx (19 tests) 163ms
stderr | tests/unit/ui09-reconciliation.test.tsx > UI09 reconciliation preserves server authority > echoes the existing PROPOSE_CORRECTION proposals and version without inventing stock
⚠️ React Router Future Flag Warning: React Router will begin wrapping state updates in `React.startTransition` in v7. You can use the `v7_startTransition` future flag to opt-in early. For more information, see https://reactrouter.com/v6/upgrading/future#v7_starttransition.
⚠️ React Router Future Flag Warning: Relative route resolution within Splat routes is changing in v7. You can use the `v7_relativeSplatPath` future flag to opt-in early. For more information, see https://reactrouter.com/v6/upgrading/future#v7_relativesplatpath.

 ✓ tests/unit/ui09-reconciliation.test.tsx (4 tests) 110ms
 ✓ tests/unit/planner-ui.test.tsx (58 tests) 89ms
stderr | tests/unit/scan-ui-quota.test.tsx > scan quota UI > does not advance server processing stages just because time passes
⚠️ React Router Future Flag Warning: React Router will begin wrapping state updates in `React.startTransition` in v7. You can use the `v7_startTransition` future flag to opt-in early. For more information, see https://reactrouter.com/v6/upgrading/future#v7_starttransition.
⚠️ React Router Future Flag Warning: Relative route resolution within Splat routes is changing in v7. You can use the `v7_relativeSplatPath` future flag to opt-in early. For more information, see https://reactrouter.com/v6/upgrading/future#v7_relativesplatpath.

 ✓ tests/unit/scan-ui-quota.test.tsx (4 tests) 70ms
stderr | tests/unit/auth-resend-turnstile.test.tsx > registration-only Turnstile lifecycle > challenges once during registration and resends OTP without another widget
⚠️ React Router Future Flag Warning: React Router will begin wrapping state updates in `React.startTransition` in v7. You can use the `v7_startTransition` future flag to opt-in early. For more information, see https://reactrouter.com/v6/upgrading/future#v7_starttransition.
⚠️ React Router Future Flag Warning: Relative route resolution within Splat routes is changing in v7. You can use the `v7_relativeSplatPath` future flag to opt-in early. For more information, see https://reactrouter.com/v6/upgrading/future#v7_relativesplatpath.

stderr | tests/unit/auth-resend-turnstile.test.tsx > registration-only Turnstile lifecycle > challenges once during registration and resends OTP without another widget
Backend register failed: ApiError: HTTP 503: {"error":"Email OTP chưa gửi được.","code":"OTP_DELIVERY_UNAVAILABLE","accountCreated":true}
    at fetchJson (/Users/tunbee27/Documents/Tako-san-ui-rebuild/src/web/services/http.ts:125:11)
    at Object.register (/Users/tunbee27/Documents/Tako-san-ui-rebuild/src/web/services/auth.ts:134:14)
    at handleRegister (/Users/tunbee27/Documents/Tako-san-ui-rebuild/src/web/pages/AuthPage.tsx:418:19) {
  kind: 'http',
  status: 503,
  retryable: undefined,
  requestId: undefined,
  payload: {
    error: 'Email OTP chưa gửi được.',
    code: 'OTP_DELIVERY_UNAVAILABLE',
    accountCreated: true
  }
}

 ✓ tests/unit/auth-resend-turnstile.test.tsx (2 tests) 91ms
stderr | tests/unit/t18c-keyboard-controls.test.tsx > Week PLANNED card exposes only actionable native controls
⚠️ React Router Future Flag Warning: React Router will begin wrapping state updates in `React.startTransition` in v7. You can use the `v7_startTransition` future flag to opt-in early. For more information, see https://reactrouter.com/v6/upgrading/future#v7_starttransition.
⚠️ React Router Future Flag Warning: Relative route resolution within Splat routes is changing in v7. You can use the `v7_relativeSplatPath` future flag to opt-in early. For more information, see https://reactrouter.com/v6/upgrading/future#v7_relativesplatpath.

 ✓ tests/unit/t18c-keyboard-controls.test.tsx (5 tests) 72ms
stderr | tests/unit/auth-google-credential.test.tsx > Google authentication entry point > renders only the real GIS entry point and never offers a credential-less fallback
⚠️ React Router Future Flag Warning: React Router will begin wrapping state updates in `React.startTransition` in v7. You can use the `v7_startTransition` future flag to opt-in early. For more information, see https://reactrouter.com/v6/upgrading/future#v7_starttransition.
⚠️ React Router Future Flag Warning: Relative route resolution within Splat routes is changing in v7. You can use the `v7_relativeSplatPath` future flag to opt-in early. For more information, see https://reactrouter.com/v6/upgrading/future#v7_relativesplatpath.

 ✓ tests/unit/auth-google-credential.test.tsx (2 tests) 62ms
stderr | tests/unit/ui09-system-states.test.tsx > UI09 system presentation preserves session gates > withholds children while verifying and renders one branded busy heading
⚠️ React Router Future Flag Warning: React Router will begin wrapping state updates in `React.startTransition` in v7. You can use the `v7_startTransition` future flag to opt-in early. For more information, see https://reactrouter.com/v6/upgrading/future#v7_starttransition.
⚠️ React Router Future Flag Warning: Relative route resolution within Splat routes is changing in v7. You can use the `v7_relativeSplatPath` future flag to opt-in early. For more information, see https://reactrouter.com/v6/upgrading/future#v7_relativesplatpath.

 ✓ tests/unit/ui09-system-states.test.tsx (4 tests) 48ms
 ✓ tests/unit/ui03-discovery.test.ts (14 tests) 55ms
 ✓ tests/unit/ui05-cooking-state.test.ts (14 tests) 31ms
stderr | tests/unit/auth-funnel-ui.test.tsx > auth funnel UI > honors the registration query parameter on first render
⚠️ React Router Future Flag Warning: React Router will begin wrapping state updates in `React.startTransition` in v7. You can use the `v7_startTransition` future flag to opt-in early. For more information, see https://reactrouter.com/v6/upgrading/future#v7_starttransition.
⚠️ React Router Future Flag Warning: Relative route resolution within Splat routes is changing in v7. You can use the `v7_relativeSplatPath` future flag to opt-in early. For more information, see https://reactrouter.com/v6/upgrading/future#v7_relativesplatpath.

 ✓ tests/unit/auth-funnel-ui.test.tsx (2 tests) 45ms
 ✓ tests/unit/scan-processing-state.test.tsx (2 tests) 27ms
stderr | tests/unit/ui06-planner-lifecycle.test.tsx > ignores late generation after a pathname change and allows the new workspace to operate
⚠️ React Router Future Flag Warning: React Router will begin wrapping state updates in `React.startTransition` in v7. You can use the `v7_startTransition` future flag to opt-in early. For more information, see https://reactrouter.com/v6/upgrading/future#v7_starttransition.
⚠️ React Router Future Flag Warning: Relative route resolution within Splat routes is changing in v7. You can use the `v7_relativeSplatPath` future flag to opt-in early. For more information, see https://reactrouter.com/v6/upgrading/future#v7_relativesplatpath.

 ✓ tests/unit/ui06-planner-lifecycle.test.tsx (2 tests) 37ms
 ✓ tests/unit/ui04-camera-lifecycle.test.tsx (2 tests) 30ms
 ✓ tests/unit/t13-inventory-ux.test.tsx (37 tests) 25ms
 ✓ tests/unit/billing-service.test.ts (14 tests) 15ms
 ✓ tests/unit/ui-rebuild-cooking.test.ts (7 tests) 15ms
 ✓ tests/unit/ui06-shopping.test.ts (9 tests) 14ms
 ✓ tests/unit/recipe-media-presentation.test.ts (8 tests) 9ms
stderr | tests/unit/ui05-cooking-voice.test.ts > non-permission no-speech events preserve listening and real errors stop auto-restart
Speech recognition event: not-allowed

 ✓ tests/unit/ui05-cooking-voice.test.ts (5 tests) 5ms
 ✓ tests/unit/voice-chef-a11y.test.ts (3 tests) 4ms

⎯⎯⎯⎯⎯⎯⎯ Failed Tests 1 ⎯⎯⎯⎯⎯⎯⎯

 FAIL  tests/unit/staging-d1-catchup-check.test.mjs > ephemeral staging D1-only catch-up config > is readable by Wrangler locally and lists only the prefix through the target
Error: Test timed out in 5000ms.
If this is a long-running test, pass a timeout value as the last argument or configure it globally with "testTimeout".
 ❯ tests/unit/staging-d1-catchup-check.test.mjs:169:5
    167|   });
    168|
    169|   it('is readable by Wrangler locally and lists only the prefix throug…
       |     ^
    170|     const dir = temporary();
    171|     const migrationsDir = path.join(dir, 'migrations');

⎯⎯⎯⎯⎯⎯⎯⎯⎯⎯⎯⎯⎯⎯⎯⎯⎯⎯⎯⎯⎯⎯⎯⎯[1/1]⎯


 Test Files  1 failed | 284 passed (285)
      Tests  1 failed | 6684 passed (6685)
   Start at  23:38:23
   Duration  389.92s (transform 4.24s, setup 1.11s, collect 36.71s, tests 674.78s, environment 9.31s, prepare 10.49s)

 ELIFECYCLE  Test failed. See above for more details.
 ELIFECYCLE  Command failed with exit code 1.
