
> frigo@0.1.0 check /Users/tunbee27/Documents/Tako-san-ui-rebuild
> bash scripts/deploy-check.sh

=== Frigo Pre-Deployment Verification ===
1. Checking TypeScript Types...

> frigo@0.1.0 typecheck /Users/tunbee27/Documents/Tako-san-ui-rebuild
> tsc -p tsconfig.json --noEmit && tsc -p tsconfig.worker.json --noEmit

2. Running ESLint...

> frigo@0.1.0 lint /Users/tunbee27/Documents/Tako-san-ui-rebuild
> eslint .

3. Running Vitest Suite...

> frigo@0.1.0 test /Users/tunbee27/Documents/Tako-san-ui-rebuild
> vitest run


 RUN  v3.2.7 /Users/tunbee27/Documents/Tako-san-ui-rebuild

 ✓ tests/integration/inventory-lot-authority.test.ts (306 tests) 42087ms
   ✓ T09D exhaustive validated intent fingerprints > conflicts on 'USE.expectedVersion' without rewriting any stock or evidence  363ms
 ✓ tests/unit/production-catalog-import-inspection.test.mjs (163 tests) 44230ms
   ✓ fixed production import incident SELECT-only inspection > observes an exact applied marker and shape-safe archive/target/live counts without certifying a release  425ms
   ✓ fixed production import incident SELECT-only inspection > rejects an extra recovery-prefix object despite the complete 58 known objects  403ms
   ✓ fixed production import incident SELECT-only inspection > rejects modified evidence-trigger SQL even with exact object names and types  409ms
   ✓ fixed production import incident SELECT-only inspection > does not trust an applied status row with a different source identity  408ms
   ✓ current recovery SELECT-only guarded preflight > blocks an unknown uppercase trigger parent in the compiler-derived schema guard  315ms
   ✓ sealed latest V2 import incident SELECT-only inspection > queries only application FKs with the real SQLite authorizer rejecting reserved names  405ms
   ✓ sealed latest V2 import incident SELECT-only inspection > still scans an unknown application table and reports its incoming uppercase catalog FK  401ms
   ✓ sealed latest V2 import incident SELECT-only inspection > blocks unknown table before any schema PRAGMA  394ms
   ✓ sealed latest V2 import incident SELECT-only inspection > blocks case-variant reserved view before any schema PRAGMA  390ms
   ✓ sealed latest V2 import incident SELECT-only inspection > blocks malformed documented table before any schema PRAGMA  389ms
   ✓ sealed latest V2 import incident SELECT-only inspection > blocks attached reserved index before any schema PRAGMA  390ms
   ✓ sealed latest V2 import incident SELECT-only inspection > observes exact applied V2 evidence and target counts despite the expected old-catalog bound mismatch  405ms
   ✓ sealed latest V2 import incident SELECT-only inspection > observes a real complete rollback with the optional canonical 59th guard object  606ms
   ✓ sealed latest V2 import incident SELECT-only inspection > does not trust an applied marker with a changed repair ID or digest  405ms
   ✓ sealed latest V2 import incident SELECT-only inspection > does not claim applied observation when live target counts drift  409ms
   ✓ sealed latest V2 import incident SELECT-only inspection > rejects a compatible-shape rollback guard with different DDL  615ms
   ✓ sealed latest V2 import incident SELECT-only inspection > rejects incomplete rollback guard rows despite an exact rolled-back marker  605ms
   ✓ sealed latest V2 import incident SELECT-only inspection > keeps final observation blocked when namespace read is not primary  404ms
   ✓ sealed latest V2 import incident SELECT-only inspection > keeps final observation blocked when schema read is not primary  404ms
   ✓ sealed latest V2 import incident SELECT-only inspection > keeps final observation blocked when aggregate read is not primary  408ms
   ✓ sealed latest V2 import incident SELECT-only inspection > keeps final observation blocked when status read is not primary  406ms
   ✓ sealed latest V2 import incident SELECT-only inspection > sanitizes auth-scope errors from a latest aggregate and blocks final observation  404ms
   ✓ sealed fixed V2 import incident 37536969564 SELECT-only inspection > observes complete applied evidence with a marker unique to this run  405ms
   ✓ sealed fixed V2 import incident 37536969564 SELECT-only inspection > observes real rollback evidence and all canonical rollback guard rows  610ms
   ✓ sealed fixed V2 import incident 37536969564 SELECT-only inspection > rejects substituted status identity even when all applied objects exist  404ms
   ✓ sealed fixed V2 import incident 37536969564 SELECT-only inspection > blocks applied count drift  408ms
   ✓ sealed fixed V2 import incident 37536969564 SELECT-only inspection > blocks incomplete rollback evidence  607ms
   ✓ sealed fixed V2 import incident 37536969564 SELECT-only inspection > uses the approved reserved inventory before scanning application FK metadata  400ms
   ✓ sealed fixed V2 import incident 37536969564 SELECT-only inspection > blocks unknown reserved table before any schema PRAGMA, as confirmed by a real authorizer  391ms
   ✓ sealed fixed V2 import incident 37536969564 SELECT-only inspection > blocks case-variant reserved view before any schema PRAGMA, as confirmed by a real authorizer  393ms
   ✓ sealed fixed V2 import incident 37536969564 SELECT-only inspection > blocks malformed reserved table before any schema PRAGMA, as confirmed by a real authorizer  389ms
   ✓ sealed fixed V2 import incident 37536969564 SELECT-only inspection > blocks reserved index before any schema PRAGMA, as confirmed by a real authorizer  394ms
   ✓ sealed fixed V2 import incident 37536969564 SELECT-only inspection > requires strict primary metadata for each namespace read  409ms
   ✓ sealed fixed V2 import incident 37536969564 SELECT-only inspection > requires strict primary metadata for each schema read  409ms
   ✓ sealed fixed V2 import incident 37536969564 SELECT-only inspection > requires strict primary metadata for each aggregate read  404ms
   ✓ sealed fixed V2 import incident 37536969564 SELECT-only inspection > requires strict primary metadata for each status read  425ms
 ✓ tests/unit/production-catalog-preflight-diagnostics.test.mjs (45 tests) 31137ms
   ✓ production catalog preflight diagnostics using the real 0038 catalog > proves both existing gates at 0038 without applying 0039 or changing database content  900ms
   ✓ production catalog preflight diagnostics using the real 0038 catalog > accepts 500 already-ready heroes while keeping the receipt aggregate-only  832ms
   ✓ production catalog preflight diagnostics using the real 0038 catalog > rejects missing operational aggregate media_total without fallback to the stale policy  836ms
   ✓ production catalog preflight diagnostics using the real 0038 catalog > rejects missing operational aggregate recipes_without_active_hero without fallback to the stale policy  824ms
   ✓ production catalog preflight diagnostics using the real 0038 catalog > rejects missing operational aggregate media_orphan_rows without fallback to the stale policy  784ms
   ✓ production catalog preflight diagnostics using the real 0038 catalog > rejects missing operational aggregate media_duplicate_ready_roles without fallback to the stale policy  805ms
   ✓ production catalog preflight diagnostics using the real 0038 catalog > rejects missing operational aggregate media_invalid_metadata without fallback to the stale policy  808ms
   ✓ production catalog preflight diagnostics using the real 0038 catalog > rejects missing operational aggregate media_invalid_ready_metadata without fallback to the stale policy  781ms
   ✓ production catalog preflight diagnostics using the real 0038 catalog > rejects a missing pending hero even though all recipes hydrate and the runtime fingerprint matches  793ms
   ✓ production catalog preflight diagnostics using the real 0038 catalog > rejects gapped recipe order despite complete hydration and an unchanged ordered runtime payload  850ms
   ✓ production catalog preflight diagnostics using the real 0038 catalog > rejects semantic step drift that leaves ingredient lineage, counts and hydration valid  807ms
   ✓ production catalog preflight diagnostics using the real 0038 catalog > rejects missing ingredient positions and never emits hydration row identifiers  794ms
   ✓ production catalog preflight diagnostics using the real 0038 catalog > rejects changed aggregate and identity snapshots before certifying the catalog  827ms
   ✓ production catalog preflight diagnostics using the real 0038 catalog > rejects changed runtime reads even if each read individually remains hydratable  791ms
   ✓ production catalog preflight diagnostics using the real 0038 catalog > blocks ledger advancement and does not evaluate either catalog gate  755ms
   ✓ production catalog preflight diagnostics using the real 0038 catalog > blocks missing historical migration and does not evaluate either catalog gate  734ms
   ✓ production catalog preflight diagnostics using the real 0038 catalog > blocks duplicate migration and does not evaluate either catalog gate  717ms
   ✓ production catalog preflight diagnostics using the real 0038 catalog > blocks unexpected migration and does not evaluate either catalog gate  779ms
   ✓ production catalog preflight diagnostics using the real 0038 catalog > rejects an unchanged 0039 ledger because this diagnostic is scoped to the pre-migration 0038 state  770ms
   ✓ production catalog preflight diagnostics using the real 0038 catalog > retains a sanitized blocked receipt for catalog missing  798ms
   ✓ production catalog preflight diagnostics using the real 0038 catalog > retains a sanitized blocked receipt for catalog statement missing  780ms
   ✓ production catalog preflight diagnostics using the real 0038 catalog > retains a sanitized blocked receipt for catalog failed statement  806ms
   ✓ production catalog preflight diagnostics using the real 0038 catalog > retains a sanitized blocked receipt for multiple aggregate rows  791ms
   ✓ production catalog preflight diagnostics using the real 0038 catalog > retains a sanitized blocked receipt for runtime missing  736ms
   ✓ production catalog preflight diagnostics using the real 0038 catalog > retains a sanitized blocked receipt for runtime statement missing  754ms
   ✓ production catalog preflight diagnostics using the real 0038 catalog > retains a sanitized blocked receipt for runtime failed statement  788ms
   ✓ production catalog preflight diagnostics using the real 0038 catalog > rejects a malformed known aggregate value 0 without coercing it  776ms
   ✓ production catalog preflight diagnostics using the real 0038 catalog > rejects a malformed known aggregate value 9007199254740992 without coercing it  833ms
   ✓ production catalog preflight diagnostics using the real 0038 catalog > rejects a malformed known aggregate value NaN without coercing it  821ms
   ✓ production catalog preflight diagnostics using the real 0038 catalog > rejects a malformed known aggregate value Infinity without coercing it  838ms
   ✓ production catalog preflight diagnostics using the real 0038 catalog > retains null order extrema while rejecting an empty runtime order range  791ms
   ✓ production catalog preflight diagnostics using the real 0038 catalog > retains negative order bounds as evidence while rejecting the invalid recipe order range  808ms
   ✓ production catalog preflight diagnostics using the real 0038 catalog > rejects negative count fields instead of exposing an impossible aggregate  803ms
   ✓ production catalog preflight diagnostics using the real 0038 catalog > rejects unreviewed migration tip before issuing a receipt  784ms
   ✓ production catalog preflight diagnostics using the real 0038 catalog > rejects migration content hash drift before issuing a receipt  786ms
   ✓ production catalog preflight diagnostics using the real 0038 catalog > drops unknown row, provider and manifest fields from a successful diagnostic receipt  848ms
   ✓ production catalog preflight diagnostics using the real 0038 catalog > ignores provider timing metadata when comparing otherwise identical read snapshots  819ms
   ✓ production catalog preflight diagnostics using the real 0038 catalog > keeps provider or pipeline exception messages out of blocked receipts  786ms
 ✓ tests/unit/t21rc2-production-approval.test.mjs (148 tests) 34102ms
   ✓ T21R-C2 reviewed execution closure (real Git objects) > allows the protected merge and later unrelated docs commit with its own exact-main CI  421ms
   ✓ T21R-C2 reviewed execution closure (real Git objects) > rejects unreviewed changes to .github/workflows/production-d1-t21rc-row-reconciliation.yml despite ancestry and green exact-main CI  366ms
   ✓ T21R-C2 reviewed execution closure (real Git objects) > rejects unreviewed changes to scripts/t21rc2-production-approval.mjs despite ancestry and green exact-main CI  355ms
   ✓ T21R-C2 reviewed execution closure (real Git objects) > rejects unreviewed changes to scripts/t21rc2-production-capture.mjs despite ancestry and green exact-main CI  366ms
   ✓ T21R-C2 reviewed execution closure (real Git objects) > rejects unreviewed changes to scripts/t21rc2-production-files.mjs despite ancestry and green exact-main CI  383ms
   ✓ T21R-C2 reviewed execution closure (real Git objects) > rejects unreviewed changes to scripts/t21rc2-production-receipt.mjs despite ancestry and green exact-main CI  387ms
   ✓ T21R-C2 reviewed execution closure (real Git objects) > rejects unreviewed changes to scripts/t21rc-row-reconciliation.mjs despite ancestry and green exact-main CI  363ms
   ✓ T21R-C2 reviewed execution closure (real Git objects) > rejects unreviewed changes to scripts/t21r-v1-authority.mjs despite ancestry and green exact-main CI  369ms
   ✓ T21R-C2 reviewed execution closure (real Git objects) > rejects unreviewed changes to scripts/release-check.mjs despite ancestry and green exact-main CI  373ms
   ✓ T21R-C2 reviewed execution closure (real Git objects) > rejects unreviewed changes to scripts/d1-migration-check.mjs despite ancestry and green exact-main CI  359ms
   ✓ T21R-C2 reviewed execution closure (real Git objects) > rejects unreviewed changes to docs/ai/recipe-catalog/T21RC_ROW_RECONCILIATION_SCHEMA.json despite ancestry and green exact-main CI  360ms
   ✓ T21R-C2 reviewed execution closure (real Git objects) > rejects unreviewed changes to docs/ai/recipe-catalog/T21RA_RUNTIME_CANONICAL_TARGET.json despite ancestry and green exact-main CI  369ms
   ✓ T21R-C2 reviewed execution closure (real Git objects) > rejects unreviewed changes to wrangler.jsonc despite ancestry and green exact-main CI  337ms
   ✓ T21R-C2 reviewed execution closure (real Git objects) > rejects unreviewed changes to package.json despite ancestry and green exact-main CI  353ms
   ✓ T21R-C2 reviewed execution closure (real Git objects) > rejects unreviewed changes to pnpm-lock.yaml despite ancestry and green exact-main CI  353ms
   ✓ T21R-C2 reviewed execution closure (real Git objects) > rejects unreviewed changes to .github/workflows/ci.yml despite ancestry and green exact-main CI  366ms
   ✓ T21R-C2 reviewed execution closure (real Git objects) > rejects unreviewed changes to scripts/t21rb-v1-semantic.mjs despite ancestry and green exact-main CI  358ms
   ✓ T21R-C2 reviewed execution closure (real Git objects) > rejects unreviewed changes to vite.config.ts despite ancestry and green exact-main CI  368ms
   ✓ T21R-C2 reviewed execution closure (real Git objects) > rejects unreviewed changes to tsconfig.json despite ancestry and green exact-main CI  356ms
   ✓ T21R-C2 reviewed execution closure (real Git objects) > rejects unreviewed changes to data/recipe-import/approved-batches.json despite ancestry and green exact-main CI  351ms
   ✓ T21R-C2 reviewed execution closure (real Git objects) > rejects unreviewed changes to data/recipe-import/t14f/pilot-30.jsonl despite ancestry and green exact-main CI  362ms
   ✓ T21R-C2 reviewed execution closure (real Git objects) > rejects unreviewed changes to data/recipe-import/t14f/scale-399.jsonl despite ancestry and green exact-main CI  340ms
   ✓ T21R-C2 reviewed execution closure (real Git objects) > rejects unreviewed changes to data/recipe-refresh/v2/ingredient-reconciliation.json despite ancestry and green exact-main CI  342ms
   ✓ T21R-C2 reviewed execution closure (real Git objects) > rejects unreviewed changes to packages/recipes/src/import/catalog-release.current.json despite ancestry and green exact-main CI  334ms
   ✓ T21R-C2 reviewed execution closure (real Git objects) > rejects unreviewed changes to migrations despite ancestry and green exact-main CI  357ms
   ✓ T21R-C2 reviewed execution closure (real Git objects) > rejects unreviewed changes to packages/domain/src/availability.ts despite ancestry and green exact-main CI  363ms
   ✓ T21R-C2 reviewed execution closure (real Git objects) > rejects unreviewed changes to packages/domain/src/foundation.ts despite ancestry and green exact-main CI  343ms
   ✓ T21R-C2 reviewed execution closure (real Git objects) > rejects unreviewed changes to packages/domain/src/index.ts despite ancestry and green exact-main CI  341ms
   ✓ T21R-C2 reviewed execution closure (real Git objects) > rejects unreviewed changes to packages/domain/src/inventory-read-authority.ts despite ancestry and green exact-main CI  352ms
   ✓ T21R-C2 reviewed execution closure (real Git objects) > rejects unreviewed changes to packages/domain/src/inventory-truth.ts despite ancestry and green exact-main CI  366ms
   ✓ T21R-C2 reviewed execution closure (real Git objects) > rejects unreviewed changes to packages/domain/src/meal-planning-api.ts despite ancestry and green exact-main CI  366ms
   ✓ T21R-C2 reviewed execution closure (real Git objects) > rejects unreviewed changes to packages/domain/src/meal-shopping-api.ts despite ancestry and green exact-main CI  378ms
   ✓ T21R-C2 reviewed execution closure (real Git objects) > rejects unreviewed changes to packages/domain/src/quantity.ts despite ancestry and green exact-main CI  372ms
   ✓ T21R-C2 reviewed execution closure (real Git objects) > rejects unreviewed changes to packages/domain/src/units.ts despite ancestry and green exact-main CI  362ms
   ✓ T21R-C2 reviewed execution closure (real Git objects) > rejects unreviewed changes to packages/domain/src/week/index.ts despite ancestry and green exact-main CI  370ms
   ✓ T21R-C2 reviewed execution closure (real Git objects) > rejects unreviewed changes to packages/domain/src/week/leftover.ts despite ancestry and green exact-main CI  337ms
   ✓ T21R-C2 reviewed execution closure (real Git objects) > rejects unreviewed changes to packages/domain/src/week/packages.ts despite ancestry and green exact-main CI  364ms
   ✓ T21R-C2 reviewed execution closure (real Git objects) > rejects unreviewed changes to packages/domain/src/week/planner.ts despite ancestry and green exact-main CI  351ms
   ✓ T21R-C2 reviewed execution closure (real Git objects) > rejects unreviewed changes to packages/domain/src/week/portion.ts despite ancestry and green exact-main CI  342ms
   ✓ T21R-C2 reviewed execution closure (real Git objects) > rejects unreviewed changes to packages/domain/src/week/pricing.ts despite ancestry and green exact-main CI  334ms
   ✓ T21R-C2 reviewed execution closure (real Git objects) > rejects unreviewed changes to packages/domain/src/week/score.ts despite ancestry and green exact-main CI  332ms
   ✓ T21R-C2 reviewed execution closure (real Git objects) > rejects unreviewed changes to packages/domain/src/week/shopping.ts despite ancestry and green exact-main CI  341ms
   ✓ T21R-C2 reviewed execution closure (real Git objects) > rejects unreviewed changes to packages/domain/src/week/types.ts despite ancestry and green exact-main CI  352ms
   ✓ T21R-C2 reviewed execution closure (real Git objects) > rejects unreviewed changes to packages/domain/src/week/utilization.ts despite ancestry and green exact-main CI  368ms
   ✓ T21R-C2 reviewed execution closure (real Git objects) > rejects unreviewed changes to packages/recipes/src/catalog-fingerprint.ts despite ancestry and green exact-main CI  353ms
   ✓ T21R-C2 reviewed execution closure (real Git objects) > rejects unreviewed changes to packages/recipes/src/data.ts despite ancestry and green exact-main CI  354ms
   ✓ T21R-C2 reviewed execution closure (real Git objects) > rejects unreviewed changes to packages/recipes/src/import/compiler.ts despite ancestry and green exact-main CI  345ms
   ✓ T21R-C2 reviewed execution closure (real Git objects) > rejects unreviewed changes to packages/recipes/src/import/duplicates.ts despite ancestry and green exact-main CI  379ms
   ✓ T21R-C2 reviewed execution closure (real Git objects) > rejects unreviewed changes to packages/recipes/src/import/identity.ts despite ancestry and green exact-main CI  360ms
   ✓ T21R-C2 reviewed execution closure (real Git objects) > rejects unreviewed changes to packages/recipes/src/import/ingredients.ts despite ancestry and green exact-main CI  341ms
   ✓ T21R-C2 reviewed execution closure (real Git objects) > rejects unreviewed changes to packages/recipes/src/import/index.ts despite ancestry and green exact-main CI  349ms
   ✓ T21R-C2 reviewed execution closure (real Git objects) > rejects unreviewed changes to packages/recipes/src/import/normalize.ts despite ancestry and green exact-main CI  372ms
   ✓ T21R-C2 reviewed execution closure (real Git objects) > rejects unreviewed changes to packages/recipes/src/import/parse.ts despite ancestry and green exact-main CI  355ms
   ✓ T21R-C2 reviewed execution closure (real Git objects) > rejects unreviewed changes to packages/recipes/src/import/release-manifest.ts despite ancestry and green exact-main CI  364ms
   ✓ T21R-C2 reviewed execution closure (real Git objects) > rejects unreviewed changes to packages/recipes/src/import/schema.ts despite ancestry and green exact-main CI  346ms
   ✓ T21R-C2 reviewed execution closure (real Git objects) > rejects unreviewed changes to packages/recipes/src/import/sql-render.ts despite ancestry and green exact-main CI  337ms
   ✓ T21R-C2 reviewed execution closure (real Git objects) > rejects unreviewed changes to packages/recipes/src/import/types.ts despite ancestry and green exact-main CI  344ms
   ✓ T21R-C2 reviewed execution closure (real Git objects) > rejects unreviewed changes to packages/recipes/src/runtime-recipe.ts despite ancestry and green exact-main CI  352ms
   ✓ T21R-C2 reviewed execution closure (real Git objects) > rejects unreviewed changes to packages/recipes/src/seed-render.ts despite ancestry and green exact-main CI  346ms
   ✓ T21R-C2 reviewed execution closure (real Git objects) > rejects unreviewed changes to packages/recipes/src/vietnamese-bank.ts despite ancestry and green exact-main CI  361ms
   ✓ T21R-C2 reviewed execution closure (real Git objects) > rejects unreviewed changes to packages/recipes/src/vietnamese-images.ts despite ancestry and green exact-main CI  360ms
   ✓ T21R-C2 reviewed execution closure (real Git objects) > rejects unreviewed changes to .npmrc despite ancestry and green exact-main CI  328ms
   ✓ T21R-C2 reviewed execution closure (real Git objects) > rejects unreviewed changes to .pnpmfile.cjs despite ancestry and green exact-main CI  329ms
   ✓ T21R-C2 reviewed execution closure (real Git objects) > rejects unreviewed changes to pnpm-workspace.yaml despite ancestry and green exact-main CI  352ms
   ✓ T21R-C2 reviewed execution closure (real Git objects) > rejects unreviewed changes to .gitattributes despite ancestry and green exact-main CI  365ms
   ✓ T21R-C2 reviewed execution closure (real Git objects) > rejects unreviewed changes to vite.config.js despite ancestry and green exact-main CI  379ms
   ✓ T21R-C2 reviewed execution closure (real Git objects) > rejects unreviewed changes to vite.config.mjs despite ancestry and green exact-main CI  375ms
   ✓ T21R-C2 reviewed execution closure (real Git objects) > rejects unreviewed changes to vite.config.cjs despite ancestry and green exact-main CI  381ms
   ✓ T21R-C2 reviewed execution closure (real Git objects) > rejects unreviewed changes to vite.config.mts despite ancestry and green exact-main CI  393ms
   ✓ T21R-C2 reviewed execution closure (real Git objects) > rejects unreviewed changes to vite.config.cts despite ancestry and green exact-main CI  365ms
   ✓ T21R-C2 reviewed execution closure (real Git objects) > rejects unreviewed changes to .env despite ancestry and green exact-main CI  360ms
   ✓ T21R-C2 reviewed execution closure (real Git objects) > rejects unreviewed changes to .env.local despite ancestry and green exact-main CI  337ms
   ✓ T21R-C2 reviewed execution closure (real Git objects) > rejects unreviewed changes to .env.development despite ancestry and green exact-main CI  350ms
   ✓ T21R-C2 reviewed execution closure (real Git objects) > rejects unreviewed changes to .env.development.local despite ancestry and green exact-main CI  344ms
   ✓ T21R-C2 reviewed execution closure (real Git objects) > allows an absent optional config but rejects introducing an unreviewed auto-loaded config  333ms
   ✓ T21R-C2 reviewed execution closure (real Git objects) > blocks the gate before production approval and before emitting a candidate output  318ms
   ✓ T21R-C2 reviewed execution closure (real Git objects) > blocks capture reauthorization before any Cloudflare subprocess when reviewed bytes changed  442ms
   ✓ T21R-C2 reviewed execution closure (real Git objects) > rechecks byte binding again before producing final authorization for aggregate publication  421ms
   ✓ runner-local approval CLI lifecycle > writes only candidate_sha for gate and keeps authorization private to approve/recheck  498ms
   ✓ runner-local approval CLI lifecycle > blocks recheck if review history is skipped  302ms
   ✓ runner-local approval CLI lifecycle > blocks recheck when environment reviewer policy changes  319ms
   ✓ runner-local approval CLI lifecycle > detects admin-bypass availability changes through the policy digest  333ms
 ✓ tests/integration/inventory-event-authority.test.ts (205 tests) 25053ms
 ✓ tests/unit/production-catalog-recovery-runner.test.mjs (75 tests) 30111ms
   ✓ bounded production recovery orchestration > pins static and captures a bookmark before one import, then certifies real V1 hydration  735ms
   ✓ bounded production recovery orchestration > accepts the last integer below the 100 MiB bound  722ms
   ✓ bounded production recovery orchestration > rejects D1 routing becoming active after the bookmark, before import  438ms
   ✓ bounded production recovery orchestration > restores the catalog archive if independent verification fails and keeps static routing  843ms
   ✓ bounded production recovery orchestration > records an unknown outcome when import committed but the provider response was lost  641ms
   ✓ bounded production recovery orchestration > inspects the exact failed import twice between identical static pin and ledger proofs  380ms
   ✓ bounded production recovery orchestration > executes the real compiler-derived helper through the readonly runner without changing catalog rows  432ms
   ✓ bounded production recovery orchestration > loads the latest failed batch from its fixed historical source and repeats its inspection  324ms
   ✓ bounded production recovery orchestration > loads the third incident from immutable a8fa and saves two stable SELECT-only observations  325ms
   ✓ bounded production recovery orchestration > rejects stale main or approval at the final authorization check  378ms
   ✓ bounded production recovery orchestration > rejects a changed final Worker pin after readonly inspection  378ms
   ✓ bounded production recovery orchestration > stops new recovery when old catalog no longer matches  313ms
   ✓ bounded production recovery orchestration > stops a new recovery when inspection observes latest applied marker  317ms
   ✓ bounded production recovery orchestration > blocks a new import before pin/bookmark when the third incident has objects  402ms
   ✓ bounded production recovery orchestration > blocks a new import before pin/bookmark when the third incident has applied marker  383ms
   ✓ bounded production recovery orchestration > blocks a new import before pin/bookmark when the third incident has rolled-back marker  386ms
   ✓ bounded production recovery orchestration > blocks a new import before pin/bookmark when the third incident has primary unavailable  389ms
   ✓ bounded production recovery orchestration > blocks a new import before pin/bookmark when the third incident has failed read  408ms
   ✓ bounded production recovery orchestration > blocks a new import before pin/bookmark when the third incident has non-primary read  429ms
   ✓ bounded production recovery orchestration > blocks a new import before pin/bookmark when the third incident has missing guard evidence  393ms
   ✓ bounded production recovery orchestration > blocks a new import before pin/bookmark when the third incident has guard mismatch  389ms
   ✓ bounded production recovery orchestration > blocks new recovery when third-incident captures drift and retains unknown terminal state  389ms
   ✓ bounded production recovery orchestration > protects populated child references with an uppercase SQLite target name  491ms
   ✓ bounded production recovery orchestration > detects an added trigger attached to an uppercase catalog table name  384ms
   ✓ bounded production recovery orchestration > rejects an unknown D1 internal object before any pin or import  311ms
   ✓ bounded production recovery orchestration > retains detection of incoming recipe references from an unknown application table  387ms
   ✓ bounded production recovery orchestration > rejects corrected preflight without strict primary metadata: false  430ms
   ✓ bounded production recovery orchestration > rejects corrected preflight without strict primary metadata: undefined  429ms
   ✓ bounded production recovery orchestration > rejects changing corrected preflights before any mutation  430ms
   ✓ bounded production recovery orchestration > rechecks the original Worker immediately before pinning  434ms
   ✓ bounded production recovery orchestration > rechecks main and normal approval after the corrected preflight  427ms
   ✓ bounded production recovery orchestration > records only numeric provider codes and bounded exit status on file import failure  433ms
   ✓ bounded production recovery orchestration > certifies a successful import despite pinned Wrangler cached progress on stdout  737ms
   ✓ bounded production recovery orchestration > certifies a successful import despite pinned Wrangler uploaded progress on stdout  706ms
   ✓ bounded production recovery orchestration > confirms guarded archive rollback with vendor progress after independent certification fails  877ms
   ✓ bounded production recovery orchestration > does not claim success or rollback on an unproved file response: malformed json  658ms
   ✓ bounded production recovery orchestration > does not claim success or rollback on an unproved file response: []  640ms
   ✓ bounded production recovery orchestration > does not claim success or rollback on an unproved file response: [{"success":false}]  641ms
   ✓ bounded production recovery orchestration > keeps a timed-out import outcome unknown without inventing an exit status  433ms
   ✓ bounded production recovery orchestration > rejects changing corrected preflight observations in read-only inspect mode  384ms
 ✓ tests/integration/inventory-fefo.test.ts (34 tests) 19785ms
   ✓ T09E multi-effect FEFO authority > enforces the 32-effect boundary before partial writes  565ms
   ✓ T09E multi-effect FEFO authority > enforces the 33-effect boundary before partial writes  330ms
   ✓ T09E multi-effect FEFO authority > permits a 1,000-lot FEFO snapshot and rejects the 1,001st lot before allocation  14907ms
 ✓ tests/integration/t20-legacy-family-and-safety.test.ts (15 tests) 17157ms
   ✓ T20 Manual enforces the same T03 hard contract as Auto > reviewed dietary tag required (safety unknown): Auto adds nothing and Manual cannot persist the dish  1426ms
   ✓ T20 Manual enforces the same T03 hard contract as Auto > allergen requested (safety unknown): Auto adds nothing and Manual cannot persist the dish  1427ms
   ✓ T20 Manual enforces the same T03 hard contract as Auto > hard nutrition target without reviewed nutrition: Auto adds nothing and Manual cannot persist the dish  1158ms
   ✓ T20 Manual enforces the same T03 hard contract as Auto > rejects a substitution that becomes forbidden after an earlier component consumes direct stock  930ms
   ✓ T20 Manual enforces the same T03 hard contract as Auto > rejects a swap that makes an existing downstream dish fall back to forbidden shrimp  1033ms
   ✓ T20 Manual enforces the same T03 hard contract as Auto > rejects an upstream-slot swap that makes a later slot use forbidden shrimp  1365ms
   ✓ T20 Manual enforces the same T03 hard contract as Auto > does not rejudge a later dish when an earlier edit changes unrelated inventory  1177ms
   ✓ T20 Manual enforces the same T03 hard contract as Auto > does not rejudge a later dish for stock quantity changes that leave its safety facts unchanged  1034ms
   ✓ T20 Manual enforces the same T03 hard contract as Auto > PATCH reorder rejects an unsafe inventory-prefix change  1033ms
   ✓ T20 Manual enforces the same T03 hard contract as Auto > PUT replace rejects an unsafe inventory-prefix change  1035ms
   ✓ T20 Manual enforces the same T03 hard contract as Auto > allows a safe reorder of existing components after a stable inventory prefix  818ms
   ✓ T20 Manual enforces the same T03 hard contract as Auto > does not rejudge a stable prefix when only later components move  889ms
   ✓ T20 Manual enforces the same T03 hard contract as Auto > hard max time: a dish over (or without) a known total time is rejected; the existing V1 anchor may stay  619ms
   ✓ T20 V1 family-variant meals > refuses a Manual swap that makes a later legacy-family variant substitute forbidden shrimp  1442ms
   ✓ T20 V1 family-variant meals > keeps V1 swap, refuses composition, and stays in composed-plan shopping (single projection)  1768ms
 ✓ tests/unit/recipe-catalog-recovery.test.mjs (48 tests) 16297ms
   ✓ offline certified V1 recovery compiler > restores all 500 certified recipes from 6720 unreviewed lines and keeps a lossless immutable archive  485ms
   ✓ offline certified V1 recovery compiler > preserves the approved internal table during complete restore and rollback: documented spelling  660ms
   ✓ offline certified V1 recovery compiler > preserves the approved internal table during complete restore and rollback: ASCII whitespace and keyword case  646ms
   ✓ offline certified V1 recovery compiler > preserves the approved internal table during complete restore and rollback: long whitespace runs  651ms
   ✓ offline certified V1 recovery compiler > reproduces the original D1 authorization failure and visits every application table with the corrected restore and rollback  1063ms
   ✓ offline certified V1 recovery compiler > keeps unknown application foreign keys to recipe_ingredients visible under the same D1 authorization policy  374ms
   ✓ offline certified V1 recovery compiler > keeps unknown application foreign keys to RECIPE_INGREDIENTS visible under the same D1 authorization policy  381ms
   ✓ offline certified V1 recovery compiler > stops unknown protected objects before FK calls with the D1 authorizer enabled  372ms
   ✓ offline certified V1 recovery compiler > clears versioned enrichment so shared ingredient profiles and stale versions cannot authorize nutrition  319ms
   ✓ offline certified V1 recovery compiler > rolls every archive and catalog change back when a later statement fails  407ms
   ✓ offline certified V1 recovery compiler > restores the complete original archive atomically without changing shared profiles  660ms
   ✓ offline certified V1 recovery compiler > refuses rollback after an unknown reserved object appears and keeps the applied catalog and archive intact  442ms
   ✓ offline certified V1 recovery compiler > refuses rollback after a catalog edit and preserves that edit  395ms
   ✓ offline certified V1 recovery compiler > handles a live slug permutation through temporary unique slugs and reverses it exactly  599ms
   ✓ offline certified V1 recovery compiler > refuses a repeat restore and keeps the first successful archive intact  439ms
 ✓ tests/integration/inventory-lot-commands.test.ts (146 tests) 14662ms
 ✓ tests/unit/recipe-import-output-policy.test.mjs (25 tests) 14084ms
   ✓ recipe-import CLI (real script, git-ignored artifact directory) > validate / compile / verify / check succeed on the fixture and never touch migrations/ or recipe source  8820ms
   ✓ recipe-import CLI (real script, git-ignored artifact directory) > a failing batch exits non-zero, writes diagnostics only (no migration.sql); traversal and symlink outputs are refused before any write  5254ms
 ✓ tests/integration/t20-meal-composition-flows.test.ts (16 tests) 12631ms
   ✓ T20 assisted composition > "complete" proposes without mutating, retains every existing component, and applies only on explicit accept  989ms
   ✓ T20 assisted composition > a forged or stale proposal ID is rejected and nothing changes  631ms
   ✓ T20 auto composition > keeps locked components identical, replaces only unlocked ones, is deterministic and explainable  1212ms
   ✓ T20 auto composition > respects household hard restrictions in Auto and rejects them in Manual  722ms
   ✓ T20 optimistic concurrency and idempotency > competing add/add and swap/swap: exactly one wins, the stale one is a typed conflict  911ms
   ✓ T20 optimistic concurrency and idempotency > competing add/remove: either winner is valid and the final composition reflects only the winner  741ms
   ✓ T20 optimistic concurrency and idempotency > competing lock/regenerate on a composed slot: the loser is a typed conflict and is not applied  1142ms
   ✓ T20 optimistic concurrency and idempotency > competing manual-save/auto-apply: the final composition is exactly the winner's  1177ms
   ✓ T20 optimistic concurrency and idempotency > a retried add (same revision) never duplicates a component  881ms
   ✓ T20 security > cross-household plan/component access fails without leaking existence or writing  386ms
   ✓ T20 security > clients cannot inject authority, household, provenance, role source, confidence, inventory, prices, weights or lock bypass  796ms
   ✓ T20 × T19 recipe authority > d1: a D1-only recipe added to a meal resolves in Recipe API detail, cooking and shopping  786ms
   ✓ T20 × T19 recipe authority > an invisible D1-only edit does not stale a static plan (historical T19 stale-plan regression)  311ms
   ✓ T20 × T19 recipe authority > an authority source change is a typed revalidation for composition edits and generation  501ms
   ✓ T20 V1 operations on composed plans > V1 swap on a composed slot is a typed 409; regenerate preserves locked components and replaces unlocked ones  1150ms
stderr | tests/integration/t20-meal-composition-stale-read.test.ts > T20 torn-read revision classification > stale PATCH on a concurrently added slot is a revision conflict
{"level":"warn","limiter":"planner-compute","reason":"kv-unbound","message":"Rate limiter degraded to isolate-local counters; enforcement is not globally reliable."}
{"level":"warn","limiter":"meal-planning-expensive","reason":"kv-unbound","message":"Rate limiter degraded to isolate-local counters; enforcement is not globally reliable."}

stderr | tests/integration/t20-meal-composition-stale-read.test.ts > T20 torn-read revision classification > stale PATCH on a concurrently added slot is a revision conflict
{"level":"warn","limiter":"meal-composition-write","reason":"kv-unbound","message":"Rate limiter degraded to isolate-local counters; enforcement is not globally reliable."}

stderr | tests/integration/t20-meal-composition-stale-read.test.ts > T20 torn-read revision classification > stale PATCH on a concurrently added slot is a revision conflict
{"level":"warn","limiter":"meal-planning-read","reason":"kv-unbound","message":"Rate limiter degraded to isolate-local counters; enforcement is not globally reliable."}

 ✓ tests/integration/t20-meal-composition-stale-read.test.ts (9 tests) 10428ms
   ✓ T20 torn-read revision classification > stale PATCH on a concurrently added slot is a revision conflict  1335ms
   ✓ T20 torn-read revision classification > stale AUTO on a concurrently added slot is a revision conflict  1212ms
   ✓ T20 torn-read revision classification > stale PATCH after regenerate returns 409 even when the edited component was replaced  1250ms
   ✓ T20 torn-read revision classification > stale DELETE after a concurrent DELETE does not erase the winner  1247ms
   ✓ T20 torn-read revision classification > stale swap after a concurrent removal returns a revision conflict, not component missing  1091ms
   ✓ T20 torn-read revision classification > stale replace/save cannot overwrite the winning mutation  1034ms
   ✓ T20 torn-read revision classification > stale Auto apply returns a revision conflict before checking its option ID  1267ms
   ✓ T20 torn-read revision classification > a genuinely absent component at the current revision stays 404; an absent slot stays SLOT_NOT_FOUND  776ms
   ✓ T20 torn-read revision classification > a nonexistent slot wins over stale revision without weakening existing-slot revision checks  1214ms
 ✓ tests/integration/t19-recipe-authority-split.test.ts (11 tests) 10992ms
   ✓ T19 — planner universe must equal Recipe API universe under every authority mode > static: generated plan, alternatives and swap only expose recipes the Recipe API and cooking resolve  653ms
   ✓ T19 — planner universe must equal Recipe API universe under every authority mode > shadow: generated plan, alternatives and swap only expose recipes the Recipe API and cooking resolve  644ms
   ✓ T19 — planner universe must equal Recipe API universe under every authority mode > canary (outside cohort): generated plan, alternatives and swap only expose recipes the Recipe API and cooking resolve  571ms
   ✓ T19 — planner universe must equal Recipe API universe under every authority mode > canary (inside cohort): generated plan, alternatives and swap only expose recipes the Recipe API and cooking resolve  2108ms
   ✓ T19 — planner universe must equal Recipe API universe under every authority mode > d1: generated plan, alternatives and swap only expose recipes the Recipe API and cooking resolve  2267ms
   ✓ T19 — planner universe must equal Recipe API universe under every authority mode > static: the planned universe is exactly the legacy 71 and a static plan is not staled by an invisible D1-only change  548ms
   ✓ T19 — planner universe must equal Recipe API universe under every authority mode > d1 readiness failure: Recipe API and Planner fall back to static TOGETHER (no split authority)  1484ms
   ✓ T19 — planner universe must equal Recipe API universe under every authority mode > d1 catalog read failure: Recipe API and Planner both serve the static fallback without a 500  537ms
   ✓ T19 — planner universe must equal Recipe API universe under every authority mode > security: no request parameter, header or body field can choose the recipe authority  557ms
   ✓ T19 — planner universe must equal Recipe API universe under every authority mode > d1: shopping and cooking accept a D1-only recipe the planner chose  1523ms
stderr | tests/integration/auth-hardening.test.ts > cookie authentication and production CSRF > issues a production HttpOnly opaque cookie, persists only its hash, and authenticates against D1
{"level":"warn","limiter":"rl_auth","reason":"kv-unbound","message":"Rate limiter degraded to isolate-local counters; enforcement is not globally reliable."}

stderr | tests/integration/auth-hardening.test.ts > expected-owner fencing across cookie changes > rejects an A replay when /me authenticates A but another tab installs B cookie before the mutation, retaining the owned outbox
{"level":"warn","limiter":"rl_inv_w","reason":"kv-unbound","message":"Rate limiter degraded to isolate-local counters; enforcement is not globally reliable."}

stderr | tests/integration/auth-hardening.test.ts > D1-authoritative OTP verification > fails registration honestly and invalidates the challenge when no provider accepts the OTP
{"event":"otp_delivery_failed","provider":"workers-email","category":"sender_not_verified","purpose":"register","environment":"production"}

stderr | tests/integration/auth-hardening.test.ts > D1-authoritative OTP verification > recovers from initial registration delivery failure through a secured resend
{"event":"otp_delivery_failed","provider":"workers-email","category":"provider_unavailable","purpose":"register","environment":"production"}

stderr | tests/integration/auth-hardening.test.ts > D1-authoritative OTP verification > fails resend honestly and leaves the newly generated challenge unusable
{"event":"otp_delivery_failed","provider":"workers-email","category":"provider_unavailable","purpose":"register","environment":"production"}

stderr | tests/integration/auth-hardening.test.ts > D1-authoritative OTP verification > keeps resend available when the optional KV cooldown store is unavailable
{"level":"warn","limiter":"rl_auth","reason":"kv-error","message":"Rate limiter degraded to isolate-local counters; enforcement is not globally reliable."}

 ✓ tests/integration/inventory-fefo-schema.test.ts (78 tests) 8717ms
   ✓ T09E SQLite FEFO authority guards > accepts a captured synthetic FEFO batch only with authoritative adoption evidence  315ms
 ✓ tests/integration/auth-hardening.test.ts (92 tests) 9512ms
stderr | tests/integration/inventory-adoption-operator.test.ts > AC13 actual operator CLI → authenticated Hono → SQLite adoption > adopts one legacy household, preserves all stock and safely replays through the executable
{"level":"warn","limiter":"rl_inv_w","reason":"kv-unbound","message":"Rate limiter degraded to isolate-local counters; enforcement is not globally reliable."}

stderr | tests/integration/t13-receipt-vision-truth.test.ts > T13B-A receipt lot truth and authoritative correction evidence > preserves the entire manual lot, creates a receipt purchase lot, and reads total 5 through T11
{"level":"warn","limiter":"rl_inv_w","reason":"kv-unbound","message":"Rate limiter degraded to isolate-local counters; enforcement is not globally reliable."}

stderr | tests/integration/t13-receipt-vision-truth.test.ts > T13B-A receipt lot truth and authoritative correction evidence > receipt atomic failure recovery > rolls back the entire confirmation when a later stock statement fails
Adopted scan confirmation failed: Error: T13B-A injected late stock failure
    at SqliteD1.execute (/Users/tunbee27/Documents/Tako-san-ui-rebuild/tests/helpers/sqlite-d1.ts:119:33)
    at /Users/tunbee27/Documents/Tako-san-ui-rebuild/tests/helpers/sqlite-d1.ts:97:50
    at Array.map (<anonymous>)
    at SqliteD1.batch (/Users/tunbee27/Documents/Tako-san-ui-rebuild/tests/helpers/sqlite-d1.ts:97:26)
    at confirmAdoptedScan (/Users/tunbee27/Documents/Tako-san-ui-rebuild/src/worker/routes/scans.ts:194:21)
    at dispatch (file:///Users/tunbee27/Documents/Tako-san-ui-rebuild/node_modules/.pnpm/hono@4.13.7/node_modules/hono/dist/compose.js:22:17)
    at tenancyGuard (/Users/tunbee27/Documents/Tako-san-ui-rebuild/src/worker/middleware/tenancy.ts:69:3)
    at dispatch (file:///Users/tunbee27/Documents/Tako-san-ui-rebuild/node_modules/.pnpm/hono@4.13.7/node_modules/hono/dist/compose.js:22:17)
    at authMiddleware (/Users/tunbee27/Documents/Tako-san-ui-rebuild/src/worker/middleware/auth.ts:150:12)
    at dispatch (file:///Users/tunbee27/Documents/Tako-san-ui-rebuild/node_modules/.pnpm/hono@4.13.7/node_modules/hono/dist/compose.js:22:17) {
  code: 'ERR_SQLITE_ERROR',
  errcode: 1811,
  errstr: 'constraint failed'
}

stderr | tests/integration/t13-receipt-vision-truth.test.ts > T13B-A receipt lot truth and authoritative correction evidence > receipt atomic failure recovery > rolls back the entire confirmation when a later observation statement fails
Adopted scan confirmation failed: Error: T13B-A injected late observation failure
    at SqliteD1.execute (/Users/tunbee27/Documents/Tako-san-ui-rebuild/tests/helpers/sqlite-d1.ts:130:30)
    at /Users/tunbee27/Documents/Tako-san-ui-rebuild/tests/helpers/sqlite-d1.ts:97:50
    at Array.map (<anonymous>)
    at SqliteD1.batch (/Users/tunbee27/Documents/Tako-san-ui-rebuild/tests/helpers/sqlite-d1.ts:97:26)
    at confirmAdoptedScan (/Users/tunbee27/Documents/Tako-san-ui-rebuild/src/worker/routes/scans.ts:194:21)
    at dispatch (file:///Users/tunbee27/Documents/Tako-san-ui-rebuild/node_modules/.pnpm/hono@4.13.7/node_modules/hono/dist/compose.js:22:17)
    at tenancyGuard (/Users/tunbee27/Documents/Tako-san-ui-rebuild/src/worker/middleware/tenancy.ts:69:3)
    at dispatch (file:///Users/tunbee27/Documents/Tako-san-ui-rebuild/node_modules/.pnpm/hono@4.13.7/node_modules/hono/dist/compose.js:22:17)
    at authMiddleware (/Users/tunbee27/Documents/Tako-san-ui-rebuild/src/worker/middleware/auth.ts:150:12)
    at dispatch (file:///Users/tunbee27/Documents/Tako-san-ui-rebuild/node_modules/.pnpm/hono@4.13.7/node_modules/hono/dist/compose.js:22:17) {
  code: 'ERR_SQLITE_ERROR',
  errcode: 1811,
  errstr: 'constraint failed'
}

stderr | tests/integration/t13-receipt-vision-truth.test.ts > T13B-A receipt lot truth and authoritative correction evidence > receipt atomic failure recovery > rolls back the entire confirmation when a later status statement fails
Adopted scan confirmation failed: Error: T13B-A injected late status failure
    at SqliteD1.execute (/Users/tunbee27/Documents/Tako-san-ui-rebuild/tests/helpers/sqlite-d1.ts:130:30)
    at /Users/tunbee27/Documents/Tako-san-ui-rebuild/tests/helpers/sqlite-d1.ts:97:50
    at Array.map (<anonymous>)
    at SqliteD1.batch (/Users/tunbee27/Documents/Tako-san-ui-rebuild/tests/helpers/sqlite-d1.ts:97:26)
    at confirmAdoptedScan (/Users/tunbee27/Documents/Tako-san-ui-rebuild/src/worker/routes/scans.ts:194:21)
    at dispatch (file:///Users/tunbee27/Documents/Tako-san-ui-rebuild/node_modules/.pnpm/hono@4.13.7/node_modules/hono/dist/compose.js:22:17)
    at tenancyGuard (/Users/tunbee27/Documents/Tako-san-ui-rebuild/src/worker/middleware/tenancy.ts:69:3)
    at dispatch (file:///Users/tunbee27/Documents/Tako-san-ui-rebuild/node_modules/.pnpm/hono@4.13.7/node_modules/hono/dist/compose.js:22:17)
    at authMiddleware (/Users/tunbee27/Documents/Tako-san-ui-rebuild/src/worker/middleware/auth.ts:150:12)
    at dispatch (file:///Users/tunbee27/Documents/Tako-san-ui-rebuild/node_modules/.pnpm/hono@4.13.7/node_modules/hono/dist/compose.js:22:17) {
  code: 'ERR_SQLITE_ERROR',
  errcode: 1811,
  errstr: 'constraint failed'
}

stderr | tests/integration/t13-receipt-vision-truth.test.ts > T13B-A receipt lot truth and authoritative correction evidence > fridge atomic failure recovery > rolls back the entire confirmation when a later stock statement fails
Adopted scan confirmation failed: Error: T13B-A injected late stock failure
    at SqliteD1.execute (/Users/tunbee27/Documents/Tako-san-ui-rebuild/tests/helpers/sqlite-d1.ts:119:33)
    at /Users/tunbee27/Documents/Tako-san-ui-rebuild/tests/helpers/sqlite-d1.ts:97:50
    at Array.map (<anonymous>)
    at SqliteD1.batch (/Users/tunbee27/Documents/Tako-san-ui-rebuild/tests/helpers/sqlite-d1.ts:97:26)
    at confirmAdoptedScan (/Users/tunbee27/Documents/Tako-san-ui-rebuild/src/worker/routes/scans.ts:194:21)
    at dispatch (file:///Users/tunbee27/Documents/Tako-san-ui-rebuild/node_modules/.pnpm/hono@4.13.7/node_modules/hono/dist/compose.js:22:17)
    at tenancyGuard (/Users/tunbee27/Documents/Tako-san-ui-rebuild/src/worker/middleware/tenancy.ts:69:3)
    at dispatch (file:///Users/tunbee27/Documents/Tako-san-ui-rebuild/node_modules/.pnpm/hono@4.13.7/node_modules/hono/dist/compose.js:22:17)
    at authMiddleware (/Users/tunbee27/Documents/Tako-san-ui-rebuild/src/worker/middleware/auth.ts:150:12)
    at dispatch (file:///Users/tunbee27/Documents/Tako-san-ui-rebuild/node_modules/.pnpm/hono@4.13.7/node_modules/hono/dist/compose.js:22:17) {
  code: 'ERR_SQLITE_ERROR',
  errcode: 1811,
  errstr: 'constraint failed'
}

stderr | tests/integration/t13-receipt-vision-truth.test.ts > T13B-A receipt lot truth and authoritative correction evidence > fridge atomic failure recovery > rolls back the entire confirmation when a later observation statement fails
Adopted scan confirmation failed: Error: T13B-A injected late observation failure
    at SqliteD1.execute (/Users/tunbee27/Documents/Tako-san-ui-rebuild/tests/helpers/sqlite-d1.ts:130:30)
    at /Users/tunbee27/Documents/Tako-san-ui-rebuild/tests/helpers/sqlite-d1.ts:97:50
    at Array.map (<anonymous>)
    at SqliteD1.batch (/Users/tunbee27/Documents/Tako-san-ui-rebuild/tests/helpers/sqlite-d1.ts:97:26)
    at confirmAdoptedScan (/Users/tunbee27/Documents/Tako-san-ui-rebuild/src/worker/routes/scans.ts:194:21)
    at dispatch (file:///Users/tunbee27/Documents/Tako-san-ui-rebuild/node_modules/.pnpm/hono@4.13.7/node_modules/hono/dist/compose.js:22:17)
    at tenancyGuard (/Users/tunbee27/Documents/Tako-san-ui-rebuild/src/worker/middleware/tenancy.ts:69:3)
    at dispatch (file:///Users/tunbee27/Documents/Tako-san-ui-rebuild/node_modules/.pnpm/hono@4.13.7/node_modules/hono/dist/compose.js:22:17)
    at authMiddleware (/Users/tunbee27/Documents/Tako-san-ui-rebuild/src/worker/middleware/auth.ts:150:12)
    at dispatch (file:///Users/tunbee27/Documents/Tako-san-ui-rebuild/node_modules/.pnpm/hono@4.13.7/node_modules/hono/dist/compose.js:22:17) {
  code: 'ERR_SQLITE_ERROR',
  errcode: 1811,
  errstr: 'constraint failed'
}

stderr | tests/integration/t13-receipt-vision-truth.test.ts > T13B-A receipt lot truth and authoritative correction evidence > fridge atomic failure recovery > rolls back the entire confirmation when a later status statement fails
Adopted scan confirmation failed: Error: T13B-A injected late status failure
    at SqliteD1.execute (/Users/tunbee27/Documents/Tako-san-ui-rebuild/tests/helpers/sqlite-d1.ts:130:30)
    at /Users/tunbee27/Documents/Tako-san-ui-rebuild/tests/helpers/sqlite-d1.ts:97:50
    at Array.map (<anonymous>)
    at SqliteD1.batch (/Users/tunbee27/Documents/Tako-san-ui-rebuild/tests/helpers/sqlite-d1.ts:97:26)
    at confirmAdoptedScan (/Users/tunbee27/Documents/Tako-san-ui-rebuild/src/worker/routes/scans.ts:194:21)
    at dispatch (file:///Users/tunbee27/Documents/Tako-san-ui-rebuild/node_modules/.pnpm/hono@4.13.7/node_modules/hono/dist/compose.js:22:17)
    at tenancyGuard (/Users/tunbee27/Documents/Tako-san-ui-rebuild/src/worker/middleware/tenancy.ts:69:3)
    at dispatch (file:///Users/tunbee27/Documents/Tako-san-ui-rebuild/node_modules/.pnpm/hono@4.13.7/node_modules/hono/dist/compose.js:22:17)
    at authMiddleware (/Users/tunbee27/Documents/Tako-san-ui-rebuild/src/worker/middleware/auth.ts:150:12)
    at dispatch (file:///Users/tunbee27/Documents/Tako-san-ui-rebuild/node_modules/.pnpm/hono@4.13.7/node_modules/hono/dist/compose.js:22:17) {
  code: 'ERR_SQLITE_ERROR',
  errcode: 1811,
  errstr: 'constraint failed'
}

stderr | tests/integration/t13-receipt-vision-truth.test.ts > T13 Inventory UX V2 read routes and tenancy > AC8: household B cannot read household A lots, evidence or reconciliation
{"level":"warn","limiter":"rl_inv_truth","reason":"kv-unbound","message":"Rate limiter degraded to isolate-local counters; enforcement is not globally reliable."}

 ✓ tests/integration/inventory-adoption-operator.test.ts (26 tests) 6287ms
   ✓ AC13 actual operator CLI → authenticated Hono → SQLite adoption > adopts one legacy household, preserves all stock and safely replays through the executable  437ms
   ✓ AC13 actual operator CLI → authenticated Hono → SQLite adoption > reports missing terminal evidence, accepts explicit facts, and rejects changed replay intent  716ms
   ✓ AC13 actual operator CLI → authenticated Hono → SQLite adoption > recovers from a lost committed response only by explicitly rerunning the same tool intent  377ms
 ✓ tests/integration/t13-receipt-vision-truth.test.ts (57 tests) 6233ms
 ✓ tests/integration/t20-performance.test.ts (1 test) 6212ms
   ✓ 500-recipe Worker generation/picker stay bounded in SQL, payload and search; generation never writes  6211ms
 ✓ tests/unit/t21rc2t-production-approval.test.mjs (42 tests) 6051ms
   ✓ T21R-C2T independent reviewed-byte closure > rejects changes to C2T-bound bytes and introduction of absent config or generator paths  2139ms
   ✓ T21R-C2T fresh reauthorization and output privacy > rechecks current main, CI and the same approval after Environment approval  333ms
   ✓ T21R-C2T fresh reauthorization and output privacy > rejects changed approval, moved main and changed exact-main CI on recheck  1198ms
stdout | tests/integration/payment-authority.test.ts > server payment authority > returns only the server price catalog to authenticated non-guests
[req] GET /api/v1/billing/plans 200 0ms ba35da89-4bc5-4c5f-88fa-a76b2d8cbca8

stdout | tests/integration/payment-authority.test.ts > server payment authority > rejects guests and unauthenticated callers for plans
[req] GET /api/v1/billing/plans 401 0ms 2d20968d-b4f9-4543-bcd2-4bacec48f931

stdout | tests/integration/payment-authority.test.ts > server payment authority > rejects guests and unauthenticated callers for plans
[req] GET /api/v1/billing/plans 401 0ms c45343c1-6268-42c2-bb6b-dcc89b721a76

stderr | tests/integration/payment-authority.test.ts > server payment authority > rejects malformed plan { plan: 'weekly' } without creating an intent
{"level":"warn","limiter":"rl_payment_create","reason":"kv-unbound","message":"Rate limiter degraded to isolate-local counters; enforcement is not globally reliable."}

stdout | tests/integration/payment-authority.test.ts > server payment authority > rejects malformed plan { plan: 'weekly' } without creating an intent
[req] POST /api/v1/billing/payment-intents 400 0ms d9553f8a-035c-4179-b6f9-1a707a37db95

stdout | tests/integration/payment-authority.test.ts > server payment authority > rejects malformed plan { plan: '' } without creating an intent
[req] POST /api/v1/billing/payment-intents 400 0ms 730e8802-643b-404f-bab4-6c97448b6c4c

stdout | tests/integration/payment-authority.test.ts > server payment authority > rejects malformed plan {} without creating an intent
[req] POST /api/v1/billing/payment-intents 400 0ms 47041435-9bf9-43c3-a956-97a213559942

stdout | tests/integration/payment-authority.test.ts > server payment authority > ignores legacy client amount fields while using the authoritative monthly amount
[req] POST /api/v1/billing/payment-intents 201 0ms 09048aea-a73a-4df3-805f-f22a632eba11

stdout | tests/integration/payment-authority.test.ts > server payment authority > creates annual intent data and signs the exact provider request fields
[req] POST /api/v1/billing/payment-intents 201 0ms d554610a-6702-448a-95b6-dd509f10dcbd

stdout | tests/integration/payment-authority.test.ts > server payment authority > issued payment intent keeps its server-approved amount after catalog price changes: monthly
[req] POST /api/v1/billing/payment-intents 201 0ms cf5996b7-fc70-4fe2-afd3-5cdc02b57872

stdout | tests/integration/payment-authority.test.ts > server payment authority > issued payment intent keeps its server-approved amount after catalog price changes: monthly
[req] GET /api/v1/billing/plans 200 0ms 0dc5e77d-b5c4-4ad5-9c7a-f09ebc04e47f

stdout | tests/integration/payment-authority.test.ts > server payment authority > issued payment intent keeps its server-approved amount after catalog price changes: monthly
[req] GET /api/v1/billing/payment-intents/pay_86cb0ac8-a839-454f-89f7-667510b68c5f 200 0ms c894ddf6-2325-4218-83af-19a95b3e776f

stdout | tests/integration/payment-authority.test.ts > server payment authority > issued payment intent keeps its server-approved amount after catalog price changes: monthly
[req] POST /api/v1/billing/payos/webhook 409 0ms 6abbf399-c1f5-4e9a-8c18-e09ef19191cc

stdout | tests/integration/payment-authority.test.ts > server payment authority > issued payment intent keeps its server-approved amount after catalog price changes: monthly
[req] POST /api/v1/billing/payos/webhook 200 0ms 02b87442-0a47-45d0-9620-5836c6fdb05e

stdout | tests/integration/payment-authority.test.ts > server payment authority > issued payment intent keeps its server-approved amount after catalog price changes: monthly
[req] POST /api/v1/billing/payos/webhook 200 0ms 7840d772-7341-4355-a0fb-d0c16e62566a

stdout | tests/integration/payment-authority.test.ts > server payment authority > issued payment intent keeps its server-approved amount after catalog price changes: monthly
[req] GET /api/v1/billing/payment-intents/pay_86cb0ac8-a839-454f-89f7-667510b68c5f 200 0ms 3c1b9a20-0210-4e52-9330-b3cdfb0ba2c7

stdout | tests/integration/payment-authority.test.ts > server payment authority > issued payment intent keeps its server-approved amount after catalog price changes: monthly
[req] POST /api/v1/billing/payos/webhook 409 0ms c74a75e8-d61a-4036-bcab-a7b0ce9efc45

stdout | tests/integration/payment-authority.test.ts > server payment authority > issued payment intent keeps its server-approved amount after catalog price changes: monthly
[req] POST /api/v1/billing/payment-intents 201 0ms fe900326-80cb-4ed9-ab5c-1b6373d457dd

stdout | tests/integration/payment-authority.test.ts > server payment authority > issued payment intent keeps its server-approved amount after catalog price changes: monthly
[req] POST /api/v1/billing/payos/webhook 409 0ms b93a2f8d-4224-4003-abbf-ab457a4e4077

stdout | tests/integration/payment-authority.test.ts > server payment authority > issued payment intent keeps its server-approved amount after catalog price changes: monthly
[req] POST /api/v1/billing/payos/webhook 200 0ms 3b85744e-6e30-4831-824d-4a0d60949dc4

stdout | tests/integration/payment-authority.test.ts > server payment authority > issued payment intent keeps its server-approved amount after catalog price changes: monthly
[req] POST /api/v1/billing/payos/webhook 409 0ms 3c211f22-7df9-49f9-b62a-5410cf1465f0

stdout | tests/integration/payment-authority.test.ts > server payment authority > issued payment intent keeps its server-approved amount after catalog price changes: annual
[req] POST /api/v1/billing/payment-intents 201 0ms 1c0224de-846e-457e-bb31-57e997f1cb2b

stdout | tests/integration/payment-authority.test.ts > server payment authority > issued payment intent keeps its server-approved amount after catalog price changes: annual
[req] GET /api/v1/billing/plans 200 0ms bd1edb1c-ab19-4d49-8561-c21a6f43465c

stdout | tests/integration/payment-authority.test.ts > server payment authority > issued payment intent keeps its server-approved amount after catalog price changes: annual
[req] GET /api/v1/billing/payment-intents/pay_a1eba9b1-10b8-4d70-8217-94167ff3e8ee 200 0ms a821b1a2-1903-4e45-b823-5709ea85e3ab

stdout | tests/integration/payment-authority.test.ts > server payment authority > issued payment intent keeps its server-approved amount after catalog price changes: annual
[req] POST /api/v1/billing/payos/webhook 409 0ms d84bca7d-50f7-4718-84a0-27c3b28f4750

stdout | tests/integration/payment-authority.test.ts > server payment authority > issued payment intent keeps its server-approved amount after catalog price changes: annual
[req] POST /api/v1/billing/payos/webhook 200 0ms e067bd0e-3a02-4a07-94aa-fd95689338a3

stdout | tests/integration/payment-authority.test.ts > server payment authority > issued payment intent keeps its server-approved amount after catalog price changes: annual
[req] POST /api/v1/billing/payos/webhook 200 0ms 704cdfd9-847b-497c-bfff-c30c11185ad3

stdout | tests/integration/payment-authority.test.ts > server payment authority > issued payment intent keeps its server-approved amount after catalog price changes: annual
[req] GET /api/v1/billing/payment-intents/pay_a1eba9b1-10b8-4d70-8217-94167ff3e8ee 200 0ms 253109d3-10bc-44a1-8468-e281d96b2287

stdout | tests/integration/payment-authority.test.ts > server payment authority > issued payment intent keeps its server-approved amount after catalog price changes: annual
[req] POST /api/v1/billing/payos/webhook 409 0ms 81811056-4118-49a8-8ec4-2a63daace8f3

stdout | tests/integration/payment-authority.test.ts > server payment authority > issued payment intent keeps its server-approved amount after catalog price changes: annual
[req] POST /api/v1/billing/payment-intents 201 0ms 536b2600-b476-457e-acdd-e30c53de7d1f

stdout | tests/integration/payment-authority.test.ts > server payment authority > issued payment intent keeps its server-approved amount after catalog price changes: annual
[req] POST /api/v1/billing/payos/webhook 409 0ms be90ef42-a3e4-4e0c-9490-687768ef126a

stdout | tests/integration/payment-authority.test.ts > server payment authority > issued payment intent keeps its server-approved amount after catalog price changes: annual
[req] POST /api/v1/billing/payos/webhook 200 0ms 5fabf009-24b2-41fc-8469-2f7a91fb7d77

stdout | tests/integration/payment-authority.test.ts > server payment authority > issued payment intent keeps its server-approved amount after catalog price changes: annual
[req] POST /api/v1/billing/payos/webhook 409 0ms 1dcee997-b68b-4ccf-9551-3317c4ef3655

stdout | tests/integration/payment-authority.test.ts > server payment authority > rejects the first payment of an expired old-price intent after a catalog change
[req] POST /api/v1/billing/payment-intents 201 0ms adf0f36b-65c1-47e3-9c28-75a67b0d4d23

stdout | tests/integration/payment-authority.test.ts > server payment authority > rejects the first payment of an expired old-price intent after a catalog change
[req] GET /api/v1/billing/payment-intents/pay_2834963c-3490-4ebe-8721-326971545354 200 0ms c17467e8-f570-4705-a0a3-4a06e1867e2b

stdout | tests/integration/payment-authority.test.ts > server payment authority > rejects the first payment of an expired old-price intent after a catalog change
[req] POST /api/v1/billing/payos/webhook 409 0ms 544cbf56-78ed-40f7-b018-0f943de873cb

stdout | tests/integration/payment-authority.test.ts > server payment authority > rejects a new payment of a consumed failed old-price intent after a catalog change
[req] POST /api/v1/billing/payment-intents 201 0ms c99fdf27-dfcf-487d-a47c-442057cd8ce7

stdout | tests/integration/payment-authority.test.ts > server payment authority > rejects a new payment of a consumed failed old-price intent after a catalog change
[req] GET /api/v1/billing/payment-intents/pay_a385162d-a501-408f-a15f-f7292cc5dcf1 200 0ms 5f7b1ee8-b267-4c8b-a99c-9c4924d6751d

stdout | tests/integration/payment-authority.test.ts > server payment authority > rejects a new payment of a consumed failed old-price intent after a catalog change
[req] POST /api/v1/billing/payos/webhook 409 0ms 98b91ac8-e29a-48bb-a051-97088fd28d3e

stdout | tests/integration/payment-authority.test.ts > server payment authority > rejects a new payment of a consumed refunded old-price intent after a catalog change
[req] POST /api/v1/billing/payment-intents 201 0ms 7a52b83a-741e-4617-8d24-214452bbcbf0

stdout | tests/integration/payment-authority.test.ts > server payment authority > rejects a new payment of a consumed refunded old-price intent after a catalog change
[req] GET /api/v1/billing/payment-intents/pay_90c0f1bc-3378-405f-9ae5-fd612d600e9f 200 0ms e3f1f90e-cbc0-493b-a45c-f4edc0b33f85

stdout | tests/integration/payment-authority.test.ts > server payment authority > rejects a new payment of a consumed refunded old-price intent after a catalog change
[req] POST /api/v1/billing/payos/webhook 409 0ms b0a02308-eeb3-497c-b3bf-35ecc592d0e7

stdout | tests/integration/payment-authority.test.ts > server payment authority > rejects a new payment of a consumed expired old-price intent after a catalog change
[req] POST /api/v1/billing/payment-intents 201 0ms 45a1208f-2336-44ee-8ba0-a4d3cf1c90cf

stdout | tests/integration/payment-authority.test.ts > server payment authority > rejects a new payment of a consumed expired old-price intent after a catalog change
[req] GET /api/v1/billing/payment-intents/pay_af3ea677-ca6c-4416-a02c-2f039429d439 200 0ms c5de87ba-8b59-48ed-aa4c-424bb8160174

stdout | tests/integration/payment-authority.test.ts > server payment authority > rejects a new payment of a consumed expired old-price intent after a catalog change
[req] POST /api/v1/billing/payos/webhook 409 0ms 07efd5e3-da0a-4389-8f6c-bfe1e4c3225a

stdout | tests/integration/payment-authority.test.ts > server payment authority > rejects a new payment of a consumed paid old-price intent after a catalog change
[req] POST /api/v1/billing/payment-intents 201 0ms b5c348f1-2fd8-4e9b-a113-dae5abacc485

stdout | tests/integration/payment-authority.test.ts > server payment authority > rejects a new payment of a consumed paid old-price intent after a catalog change
[req] GET /api/v1/billing/payment-intents/pay_14b7a28d-79b2-4f9e-a42a-bf7d85db82b6 200 0ms 52870a7f-9579-41c8-a217-874b4b26a315

stdout | tests/integration/payment-authority.test.ts > server payment authority > rejects a new payment of a consumed paid old-price intent after a catalog change
[req] POST /api/v1/billing/payos/webhook 409 0ms c326515e-8d0a-4d70-ae45-d7c8dd57bb00

stdout | tests/integration/payment-authority.test.ts > server payment authority > rejects structurally invalid persisted plan = forged on reads and callbacks
[req] POST /api/v1/billing/payment-intents 201 0ms 220ab5e5-b12c-40bd-a9a4-84d230ab8950

stdout | tests/integration/payment-authority.test.ts > server payment authority > rejects structurally invalid persisted plan = forged on reads and callbacks
[req] GET /api/v1/billing/payment-intents/pay_982777ce-5341-4d70-a58c-1656697005a2 409 0ms 576ff386-aece-4018-9d5c-7368238b0ea6

stdout | tests/integration/payment-authority.test.ts > server payment authority > rejects structurally invalid persisted plan = forged on reads and callbacks
[req] POST /api/v1/billing/payos/webhook 409 0ms b9dc15a2-96fa-4c8d-8326-d136827310b6

stdout | tests/integration/payment-authority.test.ts > server payment authority > rejects structurally invalid persisted amount_vnd = 0 on reads and callbacks
[req] POST /api/v1/billing/payment-intents 201 0ms 9c744b69-f6e1-4b23-9f7b-c00ab2eaf21d

stdout | tests/integration/payment-authority.test.ts > server payment authority > rejects structurally invalid persisted amount_vnd = 0 on reads and callbacks
[req] GET /api/v1/billing/payment-intents/pay_ed32e156-3b1e-4bfd-a2c0-8694afebe7a4 409 0ms 575e738c-0a16-4e90-98bd-b069f4ff8eae

stdout | tests/integration/payment-authority.test.ts > server payment authority > rejects structurally invalid persisted amount_vnd = 0 on reads and callbacks
[req] POST /api/v1/billing/payos/webhook 409 0ms 5487bcea-8138-453c-bd2a-11f578fe9389

stdout | tests/integration/payment-authority.test.ts > server payment authority > rejects structurally invalid persisted amount_vnd = -1 on reads and callbacks
[req] POST /api/v1/billing/payment-intents 201 0ms d7e4fe31-7342-4edd-b390-59ef21cff4f6

stdout | tests/integration/payment-authority.test.ts > server payment authority > rejects structurally invalid persisted amount_vnd = -1 on reads and callbacks
[req] GET /api/v1/billing/payment-intents/pay_ad865843-51fd-425b-9ae1-a0ce7defa220 409 0ms 2b770cc7-4eb8-456a-b704-0cb9a10f21cc

stdout | tests/integration/payment-authority.test.ts > server payment authority > rejects structurally invalid persisted amount_vnd = -1 on reads and callbacks
[req] POST /api/v1/billing/payos/webhook 409 0ms 1debc184-95ac-4e5e-b325-b1d9454a3d97

stdout | tests/integration/payment-authority.test.ts > server payment authority > rejects structurally invalid persisted amount_vnd = 49000.5 on reads and callbacks
[req] POST /api/v1/billing/payment-intents 201 0ms 414aba0d-5d84-4550-80ff-5c3f5a794212

stdout | tests/integration/payment-authority.test.ts > server payment authority > rejects structurally invalid persisted amount_vnd = 49000.5 on reads and callbacks
[req] GET /api/v1/billing/payment-intents/pay_f159e223-66fe-4cef-9dac-70cfe682f229 409 0ms a9d39151-8975-4e12-bcbd-bcfb95f299fa

stdout | tests/integration/payment-authority.test.ts > server payment authority > rejects structurally invalid persisted amount_vnd = 49000.5 on reads and callbacks
[req] POST /api/v1/billing/payos/webhook 409 0ms 5f85dce2-b91c-44fb-a3fd-9ccf59a2dfd5

stdout | tests/integration/payment-authority.test.ts > server payment authority > rejects structurally invalid persisted amount_vnd = 1.7976931348623157e+308 on reads and callbacks
[req] POST /api/v1/billing/payment-intents 201 0ms 4cb367db-088c-4cc3-94a2-d7abae36dec6

stdout | tests/integration/payment-authority.test.ts > server payment authority > rejects structurally invalid persisted amount_vnd = 1.7976931348623157e+308 on reads and callbacks
[req] GET /api/v1/billing/payment-intents/pay_5c237dfc-bd33-407d-9e5f-e081470c9bb4 409 0ms eb7318b7-9773-4e07-a1cb-29fdc27d0b38

stdout | tests/integration/payment-authority.test.ts > server payment authority > rejects structurally invalid persisted amount_vnd = 1.7976931348623157e+308 on reads and callbacks
[req] POST /api/v1/billing/payos/webhook 409 0ms 06b15c07-941a-4ca3-9da1-97466b23ad63

stdout | tests/integration/payment-authority.test.ts > server payment authority > rejects structurally invalid persisted amount_vnd = invalid on reads and callbacks
[req] POST /api/v1/billing/payment-intents 201 0ms f972e48e-8123-491b-8bb5-594be04b87e6

stdout | tests/integration/payment-authority.test.ts > server payment authority > rejects structurally invalid persisted amount_vnd = invalid on reads and callbacks
[req] GET /api/v1/billing/payment-intents/pay_479f4daf-07fc-47d5-b755-1b52e3e0221b 409 0ms 53b76308-4201-4614-883e-2c5d180c1599

stdout | tests/integration/payment-authority.test.ts > server payment authority > rejects structurally invalid persisted amount_vnd = invalid on reads and callbacks
[req] POST /api/v1/billing/payos/webhook 409 0ms d44628fa-7956-4bef-bdde-2e8e66c0358f

stdout | tests/integration/payment-authority.test.ts > server payment authority > rejects structurally invalid persisted currency = USD on reads and callbacks
[req] POST /api/v1/billing/payment-intents 201 0ms b20454d7-0725-460b-9a46-fb723a41ac55

stdout | tests/integration/payment-authority.test.ts > server payment authority > rejects structurally invalid persisted currency = USD on reads and callbacks
[req] GET /api/v1/billing/payment-intents/pay_6aacd193-9bf3-45ac-9568-20c7b232e04f 409 0ms c0209c87-2e72-4741-b38c-c22f1a058cac

stdout | tests/integration/payment-authority.test.ts > server payment authority > rejects structurally invalid persisted currency = USD on reads and callbacks
[req] POST /api/v1/billing/payos/webhook 409 0ms 4c830198-f3b2-4637-81ea-1a6276354ed3

stdout | tests/integration/payment-authority.test.ts > server payment authority > rejects structurally invalid persisted order_code = 0 on reads and callbacks
[req] POST /api/v1/billing/payment-intents 201 0ms 0b335293-e56a-45af-9d28-45bcd8b3fcc7

stdout | tests/integration/payment-authority.test.ts > server payment authority > rejects structurally invalid persisted order_code = 0 on reads and callbacks
[req] GET /api/v1/billing/payment-intents/pay_2cd7992c-7bf7-4bf7-8f1c-89f9a7f8cd67 409 0ms 21ac204f-047d-45dd-83e6-f345a2fc9580

stdout | tests/integration/payment-authority.test.ts > server payment authority > rejects structurally invalid persisted order_code = 0 on reads and callbacks
[req] POST /api/v1/billing/payos/webhook 409 0ms 512cb198-a5d5-4dfd-b74b-60c25f140a74

stdout | tests/integration/payment-authority.test.ts > server payment authority > rejects structurally invalid persisted order_code = -1 on reads and callbacks
[req] POST /api/v1/billing/payment-intents 201 0ms 9fb5657e-ec8f-4134-8cc8-463ee6ac2bbf

stdout | tests/integration/payment-authority.test.ts > server payment authority > rejects structurally invalid persisted order_code = -1 on reads and callbacks
[req] GET /api/v1/billing/payment-intents/pay_78d134c2-c089-4058-9bb6-56bdc522adef 409 0ms 746ef07f-d149-40db-b596-1774885dfb84

stdout | tests/integration/payment-authority.test.ts > server payment authority > rejects structurally invalid persisted order_code = -1 on reads and callbacks
[req] POST /api/v1/billing/payos/webhook 409 0ms f4ec7246-15fb-4f05-9094-5bf0237270d6

stdout | tests/integration/payment-authority.test.ts > server payment authority > rejects structurally invalid persisted order_code = 001 on reads and callbacks
[req] POST /api/v1/billing/payment-intents 201 0ms 56acf408-3039-412e-bb0e-bf04e81e18b9

stdout | tests/integration/payment-authority.test.ts > server payment authority > rejects structurally invalid persisted order_code = 001 on reads and callbacks
[req] GET /api/v1/billing/payment-intents/pay_ac8e259d-9394-4c85-b6dc-e3ecff340de2 409 0ms 62e4cb45-b197-4cbf-8e3c-62afd1136937

stdout | tests/integration/payment-authority.test.ts > server payment authority > rejects structurally invalid persisted order_code = 001 on reads and callbacks
[req] POST /api/v1/billing/payos/webhook 409 0ms 4113f17f-220e-4921-b19f-61cb7c923f67

stdout | tests/integration/payment-authority.test.ts > server payment authority > rejects structurally invalid persisted order_code = 1.5 on reads and callbacks
[req] POST /api/v1/billing/payment-intents 201 0ms 4ddf7444-c39a-474e-89cc-fc9d17d77242

stdout | tests/integration/payment-authority.test.ts > server payment authority > rejects structurally invalid persisted order_code = 1.5 on reads and callbacks
[req] GET /api/v1/billing/payment-intents/pay_87a5cc92-fa29-44dc-a649-4a6866e2fa20 409 0ms 2fcc67ea-d065-4f9a-98c7-db17d5b17e3c

stdout | tests/integration/payment-authority.test.ts > server payment authority > rejects structurally invalid persisted order_code = 1.5 on reads and callbacks
[req] POST /api/v1/billing/payos/webhook 409 0ms 8849f5a2-0083-4eb7-8543-e26c49dbfb98

stdout | tests/integration/payment-authority.test.ts > server payment authority > rejects structurally invalid persisted order_code = 1e3 on reads and callbacks
[req] POST /api/v1/billing/payment-intents 201 0ms d819c067-21ac-4432-aa05-4b5f1d49caad

stdout | tests/integration/payment-authority.test.ts > server payment authority > rejects structurally invalid persisted order_code = 1e3 on reads and callbacks
[req] GET /api/v1/billing/payment-intents/pay_8f90adee-1cd3-4b1f-b810-05c24333ab46 409 0ms 66b2e71f-b26a-4059-a9b1-5cd5cc8f7271

stdout | tests/integration/payment-authority.test.ts > server payment authority > rejects structurally invalid persisted order_code = 1e3 on reads and callbacks
[req] POST /api/v1/billing/payos/webhook 409 0ms bde0e882-0447-4531-bb21-e79a21141820

stdout | tests/integration/payment-authority.test.ts > server payment authority > rejects structurally invalid persisted order_code = 9007199254740992 on reads and callbacks
[req] POST /api/v1/billing/payment-intents 201 0ms bfd3eb35-b4a3-4241-875b-e514d2190a81

stdout | tests/integration/payment-authority.test.ts > server payment authority > rejects structurally invalid persisted order_code = 9007199254740992 on reads and callbacks
[req] GET /api/v1/billing/payment-intents/pay_6de8a393-d5fb-49fb-9657-83aacaaa6e5c 409 0ms ea0a420e-81e9-434f-9c25-c59751097b7a

stdout | tests/integration/payment-authority.test.ts > server payment authority > rejects structurally invalid persisted order_code = 9007199254740992 on reads and callbacks
[req] POST /api/v1/billing/payos/webhook 409 0ms e15440d2-0217-4f13-bbc2-d37a3866058d

stdout | tests/integration/payment-authority.test.ts > server payment authority > rejects structurally invalid persisted expires_at = invalid on reads and callbacks
[req] POST /api/v1/billing/payment-intents 201 0ms 81b828ed-b8d2-477d-be82-ed7ab06125c6

stdout | tests/integration/payment-authority.test.ts > server payment authority > rejects structurally invalid persisted expires_at = invalid on reads and callbacks
[req] GET /api/v1/billing/payment-intents/pay_91a77e34-55d2-4f20-b6df-d9520a24054a 409 0ms d6fb987e-e2ca-489e-8b3c-76fb5b6e339c

stdout | tests/integration/payment-authority.test.ts > server payment authority > rejects structurally invalid persisted expires_at = invalid on reads and callbacks
[req] POST /api/v1/billing/payos/webhook 409 0ms 474ec6bf-f36e-4828-bef0-a1c891c25fd8

stdout | tests/integration/payment-authority.test.ts > server payment authority > rejects structurally invalid persisted expires_at =  on reads and callbacks
[req] POST /api/v1/billing/payment-intents 201 0ms 33b1c025-7d0b-4c25-841e-ad231fc94608

stdout | tests/integration/payment-authority.test.ts > server payment authority > rejects structurally invalid persisted expires_at =  on reads and callbacks
[req] GET /api/v1/billing/payment-intents/pay_2f3dd05f-f32f-4fdb-95f4-217049ee8234 409 0ms 7df2da2d-2cb8-465c-8b20-3db7faf4bc9a

stdout | tests/integration/payment-authority.test.ts > server payment authority > rejects structurally invalid persisted expires_at =  on reads and callbacks
[req] POST /api/v1/billing/payos/webhook 409 0ms 9ceb2c27-ed53-403a-a2d5-569b28ead099

stdout | tests/integration/payment-authority.test.ts > server payment authority > rejects structurally invalid persisted expires_at = 0 on reads and callbacks
[req] POST /api/v1/billing/payment-intents 201 0ms 5ec31792-985e-4a6d-bb3f-97a6e8e3745b

stdout | tests/integration/payment-authority.test.ts > server payment authority > rejects structurally invalid persisted expires_at = 0 on reads and callbacks
[req] GET /api/v1/billing/payment-intents/pay_7c90bd7b-1087-45d5-9f84-124e98947ebb 409 0ms 968ade5a-8221-4c31-9808-c08490080cc6

stdout | tests/integration/payment-authority.test.ts > server payment authority > rejects structurally invalid persisted expires_at = 0 on reads and callbacks
[req] POST /api/v1/billing/payos/webhook 409 0ms bd971980-326d-491a-a3fa-1d7c1fcb1451

stdout | tests/integration/payment-authority.test.ts > server payment authority > rejects structurally invalid persisted expires_at = 1 on reads and callbacks
[req] POST /api/v1/billing/payment-intents 201 0ms 134b2f80-ad29-496e-a624-86649f449ceb

stdout | tests/integration/payment-authority.test.ts > server payment authority > rejects structurally invalid persisted expires_at = 1 on reads and callbacks
[req] GET /api/v1/billing/payment-intents/pay_3d16a047-6d36-4033-88e1-a401fd4cf3dd 409 0ms 359acf3c-5bd0-40a1-9ca4-86e734da0916

stdout | tests/integration/payment-authority.test.ts > server payment authority > rejects structurally invalid persisted expires_at = 1 on reads and callbacks
[req] POST /api/v1/billing/payos/webhook 409 0ms faaacd3c-18ed-4a25-81e0-df44bcd3f20e

stdout | tests/integration/payment-authority.test.ts > server payment authority > rejects structurally invalid persisted expires_at = 2025 on reads and callbacks
[req] POST /api/v1/billing/payment-intents 201 0ms 6ffa7ca7-4696-449a-839a-f4536d066132

stdout | tests/integration/payment-authority.test.ts > server payment authority > rejects structurally invalid persisted expires_at = 2025 on reads and callbacks
[req] GET /api/v1/billing/payment-intents/pay_2803847a-9230-44d5-a3f6-bbf9139b5d40 409 0ms 8480e64a-d9de-4696-82fc-389dc96bb0b7

stdout | tests/integration/payment-authority.test.ts > server payment authority > rejects structurally invalid persisted expires_at = 2025 on reads and callbacks
[req] POST /api/v1/billing/payos/webhook 409 0ms e34fa3bd-6e31-4ad8-85fc-ba79584a5c1e

stdout | tests/integration/payment-authority.test.ts > server payment authority > rejects structurally invalid persisted expires_at = 2025-01-01 on reads and callbacks
[req] POST /api/v1/billing/payment-intents 201 0ms c5e5266e-7cdb-482c-8195-5c5a9a899a96

stdout | tests/integration/payment-authority.test.ts > server payment authority > rejects structurally invalid persisted expires_at = 2025-01-01 on reads and callbacks
[req] GET /api/v1/billing/payment-intents/pay_36f5f41e-726f-4e26-a07a-b3d1c43beb2c 409 0ms 4472b185-5288-451e-abf7-42c90a21845b

stdout | tests/integration/payment-authority.test.ts > server payment authority > rejects structurally invalid persisted expires_at = 2025-01-01 on reads and callbacks
[req] POST /api/v1/billing/payos/webhook 409 0ms b2fd99d2-b7ca-4835-9870-83c12dc59639

stdout | tests/integration/payment-authority.test.ts > server payment authority > rejects structurally invalid persisted expires_at = 2099-02-30T00:00:00.000Z on reads and callbacks
[req] POST /api/v1/billing/payment-intents 201 0ms 2f7b36b4-48ab-46ec-a34a-d7f97c43e264

stdout | tests/integration/payment-authority.test.ts > server payment authority > rejects structurally invalid persisted expires_at = 2099-02-30T00:00:00.000Z on reads and callbacks
[req] GET /api/v1/billing/payment-intents/pay_4b9fabbf-d1b7-4469-930f-816b3cbebbae 409 0ms 25b7cfdc-826e-44c8-8de8-153047f3a04c

stdout | tests/integration/payment-authority.test.ts > server payment authority > rejects structurally invalid persisted expires_at = 2099-02-30T00:00:00.000Z on reads and callbacks
[req] POST /api/v1/billing/payos/webhook 409 0ms 5d3ca51d-5827-4165-8156-c919cf4aff12

stdout | tests/integration/payment-authority.test.ts > server payment authority > rejects structurally invalid persisted status = forged on reads and callbacks
[req] POST /api/v1/billing/payment-intents 201 0ms 64ebf3ed-e040-4a62-b75a-6b0c3fa8229a

stdout | tests/integration/payment-authority.test.ts > server payment authority > rejects structurally invalid persisted status = forged on reads and callbacks
[req] GET /api/v1/billing/payment-intents/pay_372f4f9d-00c3-4ff8-a95c-fa15eeb1cbbf 409 0ms 6d7bfcfb-a6de-44a8-9efa-20c69565d45a

stdout | tests/integration/payment-authority.test.ts > server payment authority > rejects structurally invalid persisted status = forged on reads and callbacks
[req] POST /api/v1/billing/payos/webhook 409 0ms d22dbed9-dc4b-45d2-be83-9f9ed941ff6d

stdout | tests/integration/payment-authority.test.ts > server payment authority > rejects a signed amount that no longer matches the persisted intent
[req] POST /api/v1/billing/payment-intents 201 0ms af9288f0-242d-4c8b-8cb7-9f285020b118

stdout | tests/integration/payment-authority.test.ts > server payment authority > rejects a signed amount that no longer matches the persisted intent
[req] POST /api/v1/billing/payos/webhook 409 0ms c4143d35-ecc7-4c87-984c-8e1606485ba7

stdout | tests/integration/payment-authority.test.ts > server payment authority > enforces the safe-integer boundary on stored amounts without consulting catalog prices
[req] POST /api/v1/billing/payment-intents 201 0ms 8937e3bb-b4db-4bf2-9632-0efe9ea04356

stdout | tests/integration/payment-authority.test.ts > server payment authority > fails closed before DB/provider work when PayOS configuration is incomplete
[req] POST /api/v1/billing/payment-intents 503 0ms b5ab6b4e-d82d-4963-90e5-d509cb2d13dc

stdout | tests/integration/payment-authority.test.ts > server payment authority > rejects a provider response whose signed amount does not match the local intent
[req] POST /api/v1/billing/payment-intents 502 0ms f15554cc-fa47-492b-b3ee-588ce444ddc5

stdout | tests/integration/payment-authority.test.ts > server payment authority > marks an intent failed after a provider timeout and rejects a later signed callback
[req] POST /api/v1/billing/payment-intents 502 0ms c2dc3208-d466-4ed1-9486-6528edd265cd

stdout | tests/integration/payment-authority.test.ts > server payment authority > marks an intent failed after a provider timeout and rejects a later signed callback
[req] POST /api/v1/billing/payos/webhook 409 0ms 58c6ceb5-9986-42e5-9e4b-70a027b60a27

stdout | tests/integration/payment-authority.test.ts > server payment authority > accepts a signed provider description prefix and uses that exact description in QR addInfo
[req] POST /api/v1/billing/payment-intents 201 0ms 83fcbfbf-8f4f-4c52-a8f5-c8ec74c7ef09

stdout | tests/integration/payment-authority.test.ts > server payment authority > rejects a provider response with an invalid signature and fails the local intent
[req] POST /api/v1/billing/payment-intents 502 0ms 2ee40a6f-c4d8-4f80-b960-2cdc26361560

stdout | tests/integration/payment-authority.test.ts > server payment authority > rejects provider order, currency, and expiry mismatches
[req] POST /api/v1/billing/payment-intents 502 0ms c68a1e6f-4880-417f-8841-f7a90d2dca13

stdout | tests/integration/payment-authority.test.ts > server payment authority > rejects provider order, currency, and expiry mismatches
[req] POST /api/v1/billing/payment-intents 502 0ms 1fe46afe-fa03-484b-aad6-38d85f6ccd3f

stdout | tests/integration/payment-authority.test.ts > server payment authority > rejects provider order, currency, and expiry mismatches
[req] POST /api/v1/billing/payment-intents 502 0ms cf830f3c-73ee-4fb7-aa76-0ae573cbf9f9

stdout | tests/integration/payment-authority.test.ts > owned payment intent status > returns DB status without exposing provider payment instructions
[req] POST /api/v1/billing/payment-intents 201 0ms fec06c65-8af0-4432-ae98-e789cb7b0570

stdout | tests/integration/payment-authority.test.ts > owned payment intent status > returns DB status without exposing provider payment instructions
[req] GET /api/v1/billing/payment-intents/pay_99deb520-8d5e-4a46-b623-de3896ec5f24 200 0ms ec4d6d41-6bd8-4da3-9bcf-d9cb4bae915b

stdout | tests/integration/payment-authority.test.ts > owned payment intent status > does not disclose another user’s intent
[req] POST /api/v1/billing/payment-intents 201 0ms de917ed4-7706-40da-a77b-849566e6c665

stdout | tests/integration/payment-authority.test.ts > owned payment intent status > does not disclose another user’s intent
[req] GET /api/v1/billing/payment-intents/pay_98746d20-83c0-495d-8ad6-fe7e2a157ad4 404 0ms 0493d6d7-ce09-4864-ad8d-4d9e89d3bb61

stdout | tests/integration/payment-authority.test.ts > owned payment intent status > derives expired status from the server clock without mutating the pending row
[req] POST /api/v1/billing/payment-intents 201 0ms 0f87a1e5-578c-44be-a4c9-fde19b4bfbae

stdout | tests/integration/payment-authority.test.ts > owned payment intent status > derives expired status from the server clock without mutating the pending row
[req] GET /api/v1/billing/payment-intents/pay_dbc9f8eb-b13d-49f4-b6c2-f47e289fb9c3 200 0ms 312693de-20c0-4f72-be86-cb114e92cf6a

stdout | tests/integration/payment-authority.test.ts > owned payment intent status > requires CSRF origin protection for cookie-authenticated intent creation
[req] POST /api/v1/billing/payment-intents 403 0ms 10149670-68f0-4643-b83a-3129863a4564

stdout | tests/integration/payment-authority.test.ts > owned payment intent status > rejects a request whose expected account headers do not match the cookie session
[req] GET /api/v1/billing/plans 403 0ms 32a6d407-8457-4456-942e-eedfea05052d

stdout | tests/integration/payment-authority.test.ts > verified webhook reconciliation and entitlement grants > rejects bad signatures before touching the intent
[req] POST /api/v1/billing/payment-intents 201 0ms ec41f388-25fb-40df-87be-588ab902a948

stdout | tests/integration/payment-authority.test.ts > verified webhook reconciliation and entitlement grants > rejects bad signatures before touching the intent
[req] POST /api/v1/billing/payos/webhook 401 0ms 3221e037-899a-45ec-89b4-b0302abffeec

stdout | tests/integration/payment-authority.test.ts > verified webhook reconciliation and entitlement grants > uses signed data.code rather than the unsigned envelope code
[req] POST /api/v1/billing/payment-intents 201 0ms 8e2b6f52-e95c-41e6-a13f-21018e1f6543

stdout | tests/integration/payment-authority.test.ts > verified webhook reconciliation and entitlement grants > uses signed data.code rather than the unsigned envelope code
[req] POST /api/v1/billing/payos/webhook 200 0ms a6e05490-3feb-4e83-8f32-c6c06fc2e7b6

stdout | tests/integration/payment-authority.test.ts > verified webhook reconciliation and entitlement grants > requires a signed reference and validates amount and currency
[req] POST /api/v1/billing/payment-intents 201 0ms 057c2a16-f53c-4b44-8e23-d276fb78875e

stdout | tests/integration/payment-authority.test.ts > verified webhook reconciliation and entitlement grants > requires a signed reference and validates amount and currency
[req] POST /api/v1/billing/payos/webhook 400 0ms 14492e81-c26b-4beb-8138-473ee93a893b

stdout | tests/integration/payment-authority.test.ts > verified webhook reconciliation and entitlement grants > requires a signed reference and validates amount and currency
[req] POST /api/v1/billing/payment-intents 201 0ms 7a275476-24eb-48f6-8243-d1998fe6ae2f

stdout | tests/integration/payment-authority.test.ts > verified webhook reconciliation and entitlement grants > requires a signed reference and validates amount and currency
[req] POST /api/v1/billing/payos/webhook 409 0ms be23e4c5-fffb-4c2a-b8b6-65f2b44c97e7

stdout | tests/integration/payment-authority.test.ts > verified webhook reconciliation and entitlement grants > requires a signed reference and validates amount and currency
[req] POST /api/v1/billing/payment-intents 201 0ms 2e539d60-8419-41bf-9e52-f8920608055a

stdout | tests/integration/payment-authority.test.ts > verified webhook reconciliation and entitlement grants > requires a signed reference and validates amount and currency
[req] POST /api/v1/billing/payos/webhook 409 0ms b002e760-2795-4b00-99a7-15ff6bddff7b

stdout | tests/integration/payment-authority.test.ts > verified webhook reconciliation and entitlement grants > does not allow a failed terminal intent to become paid
[req] POST /api/v1/billing/payment-intents 201 0ms 0c225062-0e5e-4d3d-801b-09e41f917f8d

stdout | tests/integration/payment-authority.test.ts > verified webhook reconciliation and entitlement grants > does not allow a failed terminal intent to become paid
[req] POST /api/v1/billing/payos/webhook 200 0ms ee4da803-4cc8-4ae4-863b-55cb7d8a6d2f

stdout | tests/integration/payment-authority.test.ts > verified webhook reconciliation and entitlement grants > does not allow a failed terminal intent to become paid
[req] POST /api/v1/billing/payos/webhook 409 0ms a996672c-d668-43ab-ac51-ade363fa7b7d

stdout | tests/integration/payment-authority.test.ts > verified webhook reconciliation and entitlement grants > rejects paid callbacks for invalid stored plans
[req] POST /api/v1/billing/payment-intents 201 0ms dfba8fa2-d182-447c-a6f2-34f84b320348

stdout | tests/integration/payment-authority.test.ts > verified webhook reconciliation and entitlement grants > rejects paid callbacks for invalid stored plans
[req] POST /api/v1/billing/payos/webhook 409 0ms ec1b0cad-d2c8-4352-9499-3e2172478dc6

stdout | tests/integration/payment-authority.test.ts > verified webhook reconciliation and entitlement grants > rejects a paid callback for terminal failed intents
[req] POST /api/v1/billing/payment-intents 201 0ms 2f916b03-f781-4f01-a2bd-00bea26e0b23

stdout | tests/integration/payment-authority.test.ts > verified webhook reconciliation and entitlement grants > rejects a paid callback for terminal failed intents
[req] POST /api/v1/billing/payos/webhook 409 0ms 7ff2d485-392d-47c8-b464-ee88be68f4d4

stdout | tests/integration/payment-authority.test.ts > verified webhook reconciliation and entitlement grants > rejects a paid callback for terminal refunded intents
[req] POST /api/v1/billing/payment-intents 201 0ms 716ed8ed-94ee-40f4-85c4-efb9d5925fe7

stdout | tests/integration/payment-authority.test.ts > verified webhook reconciliation and entitlement grants > rejects a paid callback for terminal refunded intents
[req] POST /api/v1/billing/payos/webhook 409 0ms 61f7a9d5-8bf0-4c4f-a9b6-200a7d03eb52

stdout | tests/integration/payment-authority.test.ts > verified webhook reconciliation and entitlement grants > rejects a paid callback for terminal expired intents
[req] POST /api/v1/billing/payment-intents 201 0ms eff79e31-fe2c-43b1-947d-8cb7639beb43

stdout | tests/integration/payment-authority.test.ts > verified webhook reconciliation and entitlement grants > rejects a paid callback for terminal expired intents
[req] POST /api/v1/billing/payos/webhook 409 0ms 33356be2-2d77-4eb5-8364-8a18acf1ef74

stdout | tests/integration/payment-authority.test.ts > verified webhook reconciliation and entitlement grants > ACKs duplicate paid callbacks without extending the same entitlement
[req] POST /api/v1/billing/payment-intents 201 0ms 98990d90-146a-4d9d-aca4-024767ff2ed3

stdout | tests/integration/payment-authority.test.ts > verified webhook reconciliation and entitlement grants > ACKs duplicate paid callbacks without extending the same entitlement
[req] POST /api/v1/billing/payos/webhook 200 0ms 1c933611-0950-4390-bead-94007593a396

stdout | tests/integration/payment-authority.test.ts > verified webhook reconciliation and entitlement grants > ACKs duplicate paid callbacks without extending the same entitlement
[req] POST /api/v1/billing/payos/webhook 200 0ms 9e3f3741-ac4c-4aa8-a34c-6f593e715986

stdout | tests/integration/payment-authority.test.ts > verified webhook reconciliation and entitlement grants > serializes concurrent callbacks for one intent and stacks distinct paid orders
[req] POST /api/v1/billing/payment-intents 201 0ms 200f0a51-bfa4-4103-94a5-36591e3d0545

stdout | tests/integration/payment-authority.test.ts > verified webhook reconciliation and entitlement grants > serializes concurrent callbacks for one intent and stacks distinct paid orders
[req] POST /api/v1/billing/payos/webhook 200 0ms 3032ed41-a42a-4da1-a230-00f0b2b8f243

stdout | tests/integration/payment-authority.test.ts > verified webhook reconciliation and entitlement grants > serializes concurrent callbacks for one intent and stacks distinct paid orders
[req] POST /api/v1/billing/payos/webhook 200 0ms 499703ac-cc4f-46c6-941d-4edbfb178d91

stdout | tests/integration/payment-authority.test.ts > verified webhook reconciliation and entitlement grants > serializes concurrent callbacks for one intent and stacks distinct paid orders
[req] POST /api/v1/billing/payment-intents 201 0ms 85b7bd53-1987-494e-bf6e-9dcea80a9ee0

stdout | tests/integration/payment-authority.test.ts > verified webhook reconciliation and entitlement grants > serializes concurrent callbacks for one intent and stacks distinct paid orders
[req] POST /api/v1/billing/payos/webhook 200 0ms 95faf0a3-095b-45a1-a04d-10c6eee9e94b

stdout | tests/integration/payment-authority.test.ts > verified webhook reconciliation and entitlement grants > stacks two distinct paid orders when their signed callbacks arrive concurrently
[req] POST /api/v1/billing/payment-intents 201 0ms f37a8e3a-c890-40e2-88ee-6310f89e3a0b

stdout | tests/integration/payment-authority.test.ts > verified webhook reconciliation and entitlement grants > stacks two distinct paid orders when their signed callbacks arrive concurrently
[req] POST /api/v1/billing/payment-intents 201 0ms cc779b5f-bd54-476c-8bef-b89b9552fac1

stdout | tests/integration/payment-authority.test.ts > verified webhook reconciliation and entitlement grants > stacks two distinct paid orders when their signed callbacks arrive concurrently
[req] POST /api/v1/billing/payos/webhook 200 0ms fdebb5e3-3203-4bf7-aee0-273de6720d9f

stdout | tests/integration/payment-authority.test.ts > verified webhook reconciliation and entitlement grants > stacks two distinct paid orders when their signed callbacks arrive concurrently
[req] POST /api/v1/billing/payos/webhook 200 0ms b63beade-97b0-4f1e-a104-5f3aea250597

stdout | tests/integration/payment-authority.test.ts > verified webhook reconciliation and entitlement grants > rolls back a second order when its provider reference is already used by another order
[req] POST /api/v1/billing/payment-intents 201 0ms 8d9ab7cf-6a1e-4708-b33f-03dbd2a8ece5

stdout | tests/integration/payment-authority.test.ts > verified webhook reconciliation and entitlement grants > rolls back a second order when its provider reference is already used by another order
[req] POST /api/v1/billing/payment-intents 201 0ms bef61bb7-b25e-417f-ac46-4c534a6696ba

stdout | tests/integration/payment-authority.test.ts > verified webhook reconciliation and entitlement grants > rolls back a second order when its provider reference is already used by another order
[req] POST /api/v1/billing/payos/webhook 200 0ms 0b2d0550-3663-44d0-87eb-976d0d6c17cf

stdout | tests/integration/payment-authority.test.ts > verified webhook reconciliation and entitlement grants > rolls back a second order when its provider reference is already used by another order
[req] POST /api/v1/billing/payos/webhook 409 0ms 4c88e311-6dbf-4795-9e91-6b115f2fa9ed

stdout | tests/integration/payment-authority.test.ts > verified webhook reconciliation and entitlement grants > ACKs a paid replay after the intent expiry time without mutating entitlement
[req] POST /api/v1/billing/payment-intents 201 0ms 05878f0a-8915-43bf-8cea-92215180cefa

stdout | tests/integration/payment-authority.test.ts > verified webhook reconciliation and entitlement grants > ACKs a paid replay after the intent expiry time without mutating entitlement
[req] POST /api/v1/billing/payos/webhook 200 0ms f73f9760-4fe7-43fa-9154-149c8fa446c1

stdout | tests/integration/payment-authority.test.ts > verified webhook reconciliation and entitlement grants > ACKs a paid replay after the intent expiry time without mutating entitlement
[req] POST /api/v1/billing/payos/webhook 200 0ms 23fd3f30-beaa-4d74-8fe8-b842f690c33f

stdout | tests/integration/payment-authority.test.ts > verified webhook reconciliation and entitlement grants > rejects a first paid callback that crosses the pending intent expiry
[req] POST /api/v1/billing/payment-intents 201 0ms 75a2f997-1c47-4f84-8fa9-e1d223ee292a

stdout | tests/integration/payment-authority.test.ts > verified webhook reconciliation and entitlement grants > rejects a first paid callback that crosses the pending intent expiry
[req] POST /api/v1/billing/payos/webhook 409 0ms c35fd8e4-31cb-47d4-b602-eec2c1a6af45

stderr | tests/integration/payment-authority.test.ts > legacy activation retirement > returns compatibility pending state but never writes a grant
{"level":"warn","limiter":"rl_auth","reason":"kv-unbound","message":"Rate limiter degraded to isolate-local counters; enforcement is not globally reliable."}

stdout | tests/integration/payment-authority.test.ts > legacy activation retirement > returns compatibility pending state but never writes a grant
[req] POST /api/v1/auth/plus/activate 200 0ms f5835d6e-e3ce-411b-ac7c-32fcd48cc284

stdout | tests/integration/payment-authority.test.ts > legacy activation retirement > rejects browser-supplied legacy grant codes without writing entitlement
[req] POST /api/v1/auth/plus/activate 410 0ms f6b2ed4d-7ad7-4633-919d-ff1355cdc6d9

 ✓ tests/integration/payment-authority.test.ts (65 tests) 6044ms
 ✓ tests/unit/production-certify-workflow.test.mjs (48 tests) 5720ms
   ✓ production certification workflow safety > rejects absent or malformed schema proof, not just reported schema issues  450ms
   ✓ production certification workflow safety > does not certify missing, contradictory or partial evidence  594ms
   ✓ production certification workflow safety > allows current generated catalog, runtime and SELECT-only schema CTE queries  492ms
stderr | tests/integration/t07-security.test.ts > T07 H1 planner tenancy and trust boundary > keeps every plan action creator-private across household and same-household member sessions
{"level":"warn","limiter":"planner-compute","reason":"kv-unbound","message":"Rate limiter degraded to isolate-local counters; enforcement is not globally reliable."}
{"level":"warn","limiter":"meal-planning-expensive","reason":"kv-unbound","message":"Rate limiter degraded to isolate-local counters; enforcement is not globally reliable."}

stdout | tests/integration/t07-security.test.ts > T07 H1 planner tenancy and trust boundary > keeps every plan action creator-private across household and same-household member sessions
{"level":"info","event":"meal_planning_result","status":"feasible","conclusion":"feasible","truncated":false,"states":3}

stderr | tests/integration/t07-security.test.ts > T07 H1 planner tenancy and trust boundary > keeps every plan action creator-private across household and same-household member sessions
{"level":"warn","limiter":"meal-planning-read","reason":"kv-unbound","message":"Rate limiter degraded to isolate-local counters; enforcement is not globally reliable."}

stderr | tests/integration/t07-security.test.ts > T07 H1 planner tenancy and trust boundary > keeps every plan action creator-private across household and same-household member sessions
{"level":"warn","limiter":"meal-planning-feedback","reason":"kv-unbound","message":"Rate limiter degraded to isolate-local counters; enforcement is not globally reliable."}

stdout | tests/integration/t07-security.test.ts > T07 H1 planner tenancy and trust boundary > denies every planner boundary after current membership is revoked
{"level":"info","event":"meal_planning_result","status":"feasible","conclusion":"feasible","truncated":false,"states":3}

stdout | tests/integration/t07-security.test.ts > T07 H1 planner tenancy and trust boundary > requires a cookie session, trusted mutation origin, and exact optional owner fence
{"level":"info","event":"meal_planning_result","status":"feasible","conclusion":"feasible","truncated":false,"states":3}

stdout | tests/integration/t07-security.test.ts > T07 H1 planner tenancy and trust boundary > uses only the authenticated member personal ranking state while retaining household hard policy
{"level":"info","event":"meal_planning_result","status":"feasible","conclusion":"feasible","truncated":false,"states":2}

stdout | tests/integration/t07-security.test.ts > T07 H1 planner tenancy and trust boundary > uses only the authenticated member personal ranking state while retaining household hard policy
{"level":"info","event":"meal_planning_result","status":"feasible","conclusion":"feasible","truncated":false,"states":3}

stdout | tests/integration/t07-security.test.ts > T07 H1 planner tenancy and trust boundary > preserves persisted hard restrictions when regenerate omits any client policy and rejects policy injection
{"level":"info","event":"meal_planning_result","status":"infeasible","conclusion":"proven_infeasible","truncated":false,"states":1}

stdout | tests/integration/t07-security.test.ts > T07 H1 planner tenancy and trust boundary > preserves persisted hard restrictions when regenerate omits any client policy and rejects policy injection
{"level":"info","event":"meal_planning_result","status":"infeasible","conclusion":"proven_infeasible","truncated":false,"states":1}

stdout | tests/integration/t07-security.test.ts > T07 H1 hostile planner bodies > rejects regenerate missing authority or malformed body
{"level":"info","event":"meal_planning_result","status":"feasible","conclusion":"feasible","truncated":false,"states":3}

stdout | tests/integration/t07-security.test.ts > T07 H1 hostile planner bodies > rejects regenerate null revision authority or malformed body
{"level":"info","event":"meal_planning_result","status":"feasible","conclusion":"feasible","truncated":false,"states":3}

stdout | tests/integration/t07-security.test.ts > T07 H1 hostile planner bodies > rejects regenerate null intent authority or malformed body
{"level":"info","event":"meal_planning_result","status":"feasible","conclusion":"feasible","truncated":false,"states":3}

stdout | tests/integration/t07-security.test.ts > T07 H1 hostile planner bodies > rejects regenerate empty slots authority or malformed body
{"level":"info","event":"meal_planning_result","status":"feasible","conclusion":"feasible","truncated":false,"states":3}

stdout | tests/integration/t07-security.test.ts > T07 H1 hostile planner bodies > rejects regenerate nested trusted snapshot authority or malformed body
{"level":"info","event":"meal_planning_result","status":"feasible","conclusion":"feasible","truncated":false,"states":3}

stdout | tests/integration/t07-security.test.ts > T07 H1 hostile planner bodies > rejects regenerate nested ranking context authority or malformed body
{"level":"info","event":"meal_planning_result","status":"feasible","conclusion":"feasible","truncated":false,"states":3}

stdout | tests/integration/t07-security.test.ts > T07 H1 hostile planner bodies > rejects regenerate outer catalog authority or malformed body
{"level":"info","event":"meal_planning_result","status":"feasible","conclusion":"feasible","truncated":false,"states":3}

stdout | tests/integration/t07-security.test.ts > T07 H1 hostile planner bodies > rejects regenerate outer price authority or malformed body
{"level":"info","event":"meal_planning_result","status":"feasible","conclusion":"feasible","truncated":false,"states":3}

stdout | tests/integration/t07-security.test.ts > T07 H1 hostile planner bodies > rejects regenerate outer substitution approval authority or malformed body
{"level":"info","event":"meal_planning_result","status":"feasible","conclusion":"feasible","truncated":false,"states":3}

stdout | tests/integration/t07-security.test.ts > T07 H1 hostile planner bodies > rejects swap missing replacement without advancing the plan
{"level":"info","event":"meal_planning_result","status":"feasible","conclusion":"feasible","truncated":false,"states":3}

stdout | tests/integration/t07-security.test.ts > T07 H1 hostile planner bodies > rejects swap null replacement without advancing the plan
{"level":"info","event":"meal_planning_result","status":"feasible","conclusion":"feasible","truncated":false,"states":3}

stdout | tests/integration/t07-security.test.ts > T07 H1 hostile planner bodies > rejects swap empty replacement without advancing the plan
{"level":"info","event":"meal_planning_result","status":"feasible","conclusion":"feasible","truncated":false,"states":3}

stdout | tests/integration/t07-security.test.ts > T07 H1 hostile planner bodies > rejects swap empty recipe ID without advancing the plan
{"level":"info","event":"meal_planning_result","status":"feasible","conclusion":"feasible","truncated":false,"states":3}

stdout | tests/integration/t07-security.test.ts > T07 H1 hostile planner bodies > rejects swap fabricated recipe version without advancing the plan
{"level":"info","event":"meal_planning_result","status":"feasible","conclusion":"feasible","truncated":false,"states":3}

stdout | tests/integration/t07-security.test.ts > T07 H1 hostile planner bodies > rejects swap fabricated safety review without advancing the plan
{"level":"info","event":"meal_planning_result","status":"feasible","conclusion":"feasible","truncated":false,"states":3}

stdout | tests/integration/t07-security.test.ts > T07 H1 hostile planner bodies > rejects swap fabricated substitution approval without advancing the plan
{"level":"info","event":"meal_planning_result","status":"feasible","conclusion":"feasible","truncated":false,"states":3}

stdout | tests/integration/t07-security.test.ts > T07 H1 hostile planner bodies > rejects swap recipe variant elevation without advancing the plan
{"level":"info","event":"meal_planning_result","status":"feasible","conclusion":"feasible","truncated":false,"states":3}

stdout | tests/integration/t07-security.test.ts > T07 H1 hostile planner bodies > rejects shopping top-level prices rather than accepting trusted commercial state
{"level":"info","event":"meal_planning_result","status":"feasible","conclusion":"feasible","truncated":false,"states":3}

stdout | tests/integration/t07-security.test.ts > T07 H1 hostile planner bodies > rejects shopping top-level shortages rather than accepting trusted commercial state
{"level":"info","event":"meal_planning_result","status":"feasible","conclusion":"feasible","truncated":false,"states":3}

stdout | tests/integration/t07-security.test.ts > T07 H1 hostile planner bodies > rejects shopping top-level catalog rather than accepting trusted commercial state
{"level":"info","event":"meal_planning_result","status":"feasible","conclusion":"feasible","truncated":false,"states":3}

stdout | tests/integration/t07-security.test.ts > T07 H1 hostile planner bodies > rejects shopping top-level inventory rather than accepting trusted commercial state
{"level":"info","event":"meal_planning_result","status":"feasible","conclusion":"feasible","truncated":false,"states":3}

stdout | tests/integration/t07-security.test.ts > T07 H1 hostile planner bodies > rejects shopping top-level creator rather than accepting trusted commercial state
{"level":"info","event":"meal_planning_result","status":"feasible","conclusion":"feasible","truncated":false,"states":3}

stdout | tests/integration/t07-security.test.ts > T07 H1 hostile planner bodies > rejects shopping null budget rather than accepting trusted commercial state
{"level":"info","event":"meal_planning_result","status":"feasible","conclusion":"feasible","truncated":false,"states":3}

stdout | tests/integration/t07-security.test.ts > T07 H1 hostile planner bodies > rejects shopping nested price claim rather than accepting trusted commercial state
{"level":"info","event":"meal_planning_result","status":"feasible","conclusion":"feasible","truncated":false,"states":3}

stdout | tests/integration/t07-security.test.ts > T07 H1 hostile planner bodies > rejects feedback client target identity before writing user state
{"level":"info","event":"meal_planning_result","status":"feasible","conclusion":"feasible","truncated":false,"states":3}

stdout | tests/integration/t07-security.test.ts > T07 H1 hostile planner bodies > rejects feedback client occurred time before writing user state
{"level":"info","event":"meal_planning_result","status":"feasible","conclusion":"feasible","truncated":false,"states":3}

stdout | tests/integration/t07-security.test.ts > T07 H1 hostile planner bodies > rejects feedback client creator before writing user state
{"level":"info","event":"meal_planning_result","status":"feasible","conclusion":"feasible","truncated":false,"states":3}

 ✓ tests/integration/inventory-truth.test.ts (54 tests) 5417ms
stdout | tests/integration/t07-security.test.ts > T07 H1 hostile planner bodies > rejects feedback client history before writing user state
{"level":"info","event":"meal_planning_result","status":"feasible","conclusion":"feasible","truncated":false,"states":3}

stdout | tests/integration/t07-security.test.ts > T07 H1 hostile planner bodies > rejects feedback client revision string before writing user state
{"level":"info","event":"meal_planning_result","status":"feasible","conclusion":"feasible","truncated":false,"states":3}

stdout | tests/integration/t07-security.test.ts > T07 H1 hostile planner bodies > rejects explanation reason code injection without invoking a caller-selected fact set
{"level":"info","event":"meal_planning_result","status":"feasible","conclusion":"feasible","truncated":false,"states":3}

stdout | tests/integration/t07-security.test.ts > T07 H1 hostile planner bodies > rejects explanation trusted plan injection without invoking a caller-selected fact set
{"level":"info","event":"meal_planning_result","status":"feasible","conclusion":"feasible","truncated":false,"states":3}

stdout | tests/integration/t07-security.test.ts > T07 H1 hostile planner bodies > rejects explanation catalog injection without invoking a caller-selected fact set
{"level":"info","event":"meal_planning_result","status":"feasible","conclusion":"feasible","truncated":false,"states":3}

stdout | tests/e2e/planner-preview.test.mjs > isolated planner preview using real registered Worker sessions and T02–T05 > replays all migrations and seeds idempotently without retaining a plaintext session
[req] GET /api/v1/me 200 3ms 076d590b-90f4-4d0c-99d5-462f4f437387

stdout | tests/integration/t07-security.test.ts > T07 H1 hostile planner bodies > rejects explanation malformed locale without invoking a caller-selected fact set
{"level":"info","event":"meal_planning_result","status":"feasible","conclusion":"feasible","truncated":false,"states":3}

stdout | tests/e2e/planner-preview.test.mjs > isolated planner preview using real registered Worker sessions and T02–T05 > generates a real seven-meal plan, restores it, shops with unknown prices, swaps and records cooked without consuming inventory
[req] GET /api/v1/meal-planning/plans/current 200 1ms b04634b0-a8b8-476a-9471-eff96c9702bc

stdout | tests/integration/t07-security.test.ts > T07 H1 hostile planner bodies > rejects unknown and duplicate alternatives query values rather than treating a client revision as trusted
{"level":"info","event":"meal_planning_result","status":"feasible","conclusion":"feasible","truncated":false,"states":3}

 ✓ tests/integration/t07-security.test.ts (51 tests) 6240ms
stdout | tests/e2e/planner-preview.test.mjs > isolated planner preview using real registered Worker sessions and T02–T05 > generates a real seven-meal plan, restores it, shops with unknown prices, swaps and records cooked without consuming inventory
{"level":"info","event":"meal_planning_result","status":"feasible","conclusion":"feasible","truncated":true,"states":297}

stdout | tests/e2e/planner-preview.test.mjs > isolated planner preview using real registered Worker sessions and T02–T05 > generates a real seven-meal plan, restores it, shops with unknown prices, swaps and records cooked without consuming inventory
[req] POST /api/v1/meal-planning/plans 200 455ms fd1055cf-4804-4674-b32e-d013eabb6cfb

stdout | tests/e2e/planner-preview.test.mjs > isolated planner preview using real registered Worker sessions and T02–T05 > generates a real seven-meal plan, restores it, shops with unknown prices, swaps and records cooked without consuming inventory
[req] GET /api/v1/meal-planning/plans/f96c2eb3-da89-4a65-a390-84e8dd7ebbc9 200 14ms db18f44f-8cd1-4437-a038-6122d9c19a9a

stdout | tests/e2e/planner-preview.test.mjs > isolated planner preview using real registered Worker sessions and T02–T05 > generates a real seven-meal plan, restores it, shops with unknown prices, swaps and records cooked without consuming inventory
{"level":"info","event":"meal_shopping_result","catalogStatus":"reviewed_catalog_unavailable"}

stdout | tests/e2e/planner-preview.test.mjs > isolated planner preview using real registered Worker sessions and T02–T05 > generates a real seven-meal plan, restores it, shops with unknown prices, swaps and records cooked without consuming inventory
[req] POST /api/v1/meal-planning/plans/f96c2eb3-da89-4a65-a390-84e8dd7ebbc9/shopping 200 12ms 9171e970-7cdb-4a54-9ebb-fe14600ec008

stdout | tests/e2e/planner-preview.test.mjs > isolated planner preview using real registered Worker sessions and T02–T05 > generates a real seven-meal plan, restores it, shops with unknown prices, swaps and records cooked without consuming inventory
[req] GET /api/v1/meal-planning/plans/f96c2eb3-da89-4a65-a390-84e8dd7ebbc9/alternatives 200 6ms 0424a4f8-0a57-4552-bd3b-936dc3196cd5

stderr | tests/integration/meal-planning-http.test.ts > T06A real authenticated Worker/API boundary > generates and retrieves a safe DTO through the actual Worker without stock, AI or payment calls
{"level":"warn","limiter":"planner-compute","reason":"kv-unbound","message":"Rate limiter degraded to isolate-local counters; enforcement is not globally reliable."}
{"level":"warn","limiter":"meal-planning-expensive","reason":"kv-unbound","message":"Rate limiter degraded to isolate-local counters; enforcement is not globally reliable."}

stdout | tests/integration/meal-planning-http.test.ts > T06A real authenticated Worker/API boundary > generates and retrieves a safe DTO through the actual Worker without stock, AI or payment calls
{"level":"info","event":"meal_planning_result","status":"feasible","conclusion":"feasible","truncated":true,"states":57}

stdout | tests/integration/meal-planning-http.test.ts > T06A real authenticated Worker/API boundary > generates and retrieves a safe DTO through the actual Worker without stock, AI or payment calls
[req] POST /api/v1/meal-planning/plans 200 135ms d85fd84b-2e7d-489c-906a-4f0702e3b2c0

stderr | tests/integration/meal-planning-http.test.ts > T06A real authenticated Worker/API boundary > generates and retrieves a safe DTO through the actual Worker without stock, AI or payment calls
{"level":"warn","limiter":"meal-planning-read","reason":"kv-unbound","message":"Rate limiter degraded to isolate-local counters; enforcement is not globally reliable."}

stdout | tests/integration/meal-planning-http.test.ts > T06A real authenticated Worker/API boundary > generates and retrieves a safe DTO through the actual Worker without stock, AI or payment calls
[req] GET /api/v1/meal-planning/plans/ba794811-2505-4fe6-8b26-ca98c4be5451 200 6ms d9c4f40e-443e-447b-955d-34af214364ad

stdout | tests/e2e/planner-preview.test.mjs > isolated planner preview using real registered Worker sessions and T02–T05 > generates a real seven-meal plan, restores it, shops with unknown prices, swaps and records cooked without consuming inventory
{"level":"info","event":"meal_planning_result","status":"feasible","conclusion":"feasible","truncated":true,"states":250}

stdout | tests/e2e/planner-preview.test.mjs > isolated planner preview using real registered Worker sessions and T02–T05 > generates a real seven-meal plan, restores it, shops with unknown prices, swaps and records cooked without consuming inventory
[req] POST /api/v1/meal-planning/plans/f96c2eb3-da89-4a65-a390-84e8dd7ebbc9/swap 200 345ms 1da56201-d886-4c52-bfc7-68c6a020eecb

stdout | tests/e2e/planner-preview.test.mjs > isolated planner preview using real registered Worker sessions and T02–T05 > generates a real seven-meal plan, restores it, shops with unknown prices, swaps and records cooked without consuming inventory
[req] POST /api/v1/meal-planning/plans/f96c2eb3-da89-4a65-a390-84e8dd7ebbc9/explanation 200 3ms 69341478-be36-4a83-9229-5305fed95340

stdout | tests/e2e/planner-preview.test.mjs > isolated planner preview using real registered Worker sessions and T02–T05 > generates a real seven-meal plan, restores it, shops with unknown prices, swaps and records cooked without consuming inventory
[req] POST /api/v1/meal-planning/plans/f96c2eb3-da89-4a65-a390-84e8dd7ebbc9/feedback 200 3ms 4bddc707-f869-495f-b9ec-8ec6eb8c358c

stdout | tests/e2e/planner-preview.test.mjs > isolated planner preview using real registered Worker sessions and T02–T05 > generates a real seven-meal plan, restores it, shops with unknown prices, swaps and records cooked without consuming inventory
[req] POST /api/v1/meal-planning/plans/f96c2eb3-da89-4a65-a390-84e8dd7ebbc9/feedback 200 2ms c2ac3428-e374-4840-a04b-b9b7c450c96a

stdout | tests/e2e/planner-preview.test.mjs > isolated planner preview using real registered Worker sessions and T02–T05 > generates a real seven-meal plan, restores it, shops with unknown prices, swaps and records cooked without consuming inventory
[req] GET /api/v1/meal-planning/plans/current 200 7ms 782fbe82-1714-42f1-bb2b-22bf2912cfc6

stdout | tests/integration/meal-planning-http.test.ts > T06A real authenticated Worker/API boundary > rejects unauthenticated generation and reads
[req] POST /api/v1/meal-planning/plans 401 1ms 35e7e4b0-c260-4a5d-8873-de335580f3ba

stdout | tests/integration/meal-planning-http.test.ts > T06A real authenticated Worker/API boundary > rejects unauthenticated generation and reads
[req] GET /api/v1/meal-planning/plans/768f87fd-4c19-4dae-bc08-310412b556eb 401 0ms 30b3ec9f-6834-4401-ba88-5584fc37e4fa

stdout | tests/integration/meal-planning-http.test.ts > T06A real authenticated Worker/API boundary > protects CSRF, session owner fencing, membership and private creator plans
{"level":"info","event":"meal_planning_result","status":"feasible","conclusion":"feasible","truncated":false,"states":7}

stderr | tests/integration/meal-planning-http.test.ts > T06A real authenticated Worker/API boundary > protects CSRF, session owner fencing, membership and private creator plans
{"level":"warn","limiter":"meal-planning-feedback","reason":"kv-unbound","message":"Rate limiter degraded to isolate-local counters; enforcement is not globally reliable."}

stdout | tests/e2e/planner-preview.test.mjs > isolated planner preview using real registered Worker sessions and T02–T05 > does not hide stale source state and recovers through regeneration
{"level":"info","event":"meal_planning_result","status":"feasible","conclusion":"feasible","truncated":true,"states":297}

stdout | tests/e2e/planner-preview.test.mjs > isolated planner preview using real registered Worker sessions and T02–T05 > does not hide stale source state and recovers through regeneration
[req] POST /api/v1/meal-planning/plans 200 380ms 538148e9-27cb-4b75-8a6e-e77ce41f35b4

stdout | tests/e2e/planner-preview.test.mjs > isolated planner preview using real registered Worker sessions and T02–T05 > does not hide stale source state and recovers through regeneration
[req] POST /api/v1/meal-planning/plans/369c9d8a-5693-42e2-bad4-7e5e370bf090/shopping 409 13ms 260a1706-5e96-4a69-bd8d-9154c341e56b

stdout | tests/e2e/planner-preview.test.mjs > isolated planner preview using real registered Worker sessions and T02–T05 > does not hide stale source state and recovers through regeneration
{"level":"info","event":"meal_planning_result","status":"feasible","conclusion":"feasible","truncated":true,"states":297}

stdout | tests/e2e/planner-preview.test.mjs > isolated planner preview using real registered Worker sessions and T02–T05 > does not hide stale source state and recovers through regeneration
[req] POST /api/v1/meal-planning/plans/369c9d8a-5693-42e2-bad4-7e5e370bf090/regenerate 200 383ms c1dd4c07-2ab6-47d1-bd50-2693a74978fb

stdout | tests/e2e/planner-preview.test.mjs > isolated planner preview using real registered Worker sessions and T02–T05 > does not hide stale source state and recovers through regeneration
[req] POST /api/v1/meal-planning/plans/369c9d8a-5693-42e2-bad4-7e5e370bf090/shopping 409 2ms a4721c04-7209-4d43-911c-bfe99713915c

stdout | tests/e2e/planner-preview.test.mjs > isolated planner preview using real registered Worker sessions and T02–T05 > does not hide stale source state and recovers through regeneration
{"level":"info","event":"meal_shopping_result","catalogStatus":"reviewed_catalog_unavailable"}

stdout | tests/e2e/planner-preview.test.mjs > isolated planner preview using real registered Worker sessions and T02–T05 > does not hide stale source state and recovers through regeneration
[req] POST /api/v1/meal-planning/plans/369c9d8a-5693-42e2-bad4-7e5e370bf090/shopping 200 12ms 5aec7de6-ec24-45ba-ba19-ed62b2d6da10

stdout | tests/e2e/planner-preview.test.mjs > isolated planner preview using real registered Worker sessions and T02–T05 > persists liked feedback once without inventory or cooking side effects
{"level":"info","event":"meal_planning_result","status":"feasible","conclusion":"feasible","truncated":true,"states":297}

stdout | tests/e2e/planner-preview.test.mjs > isolated planner preview using real registered Worker sessions and T02–T05 > persists liked feedback once without inventory or cooking side effects
[req] POST /api/v1/meal-planning/plans 200 371ms 53a6e83f-6ea7-4ebf-b195-850085b6a17e

stdout | tests/e2e/planner-preview.test.mjs > isolated planner preview using real registered Worker sessions and T02–T05 > persists liked feedback once without inventory or cooking side effects
[req] POST /api/v1/meal-planning/plans/6df1101b-c0a1-464c-b797-ff69c62426ad/feedback 200 4ms 8fff807b-a3d5-496c-b68f-c750120051c5

stdout | tests/e2e/planner-preview.test.mjs > isolated planner preview using real registered Worker sessions and T02–T05 > persists liked feedback once without inventory or cooking side effects
[req] POST /api/v1/meal-planning/plans/6df1101b-c0a1-464c-b797-ff69c62426ad/feedback 200 8ms 9c12bef7-280a-4bb8-b726-a25e892f67e2

stdout | tests/integration/meal-planning-http.test.ts > T06A real authenticated Worker/API boundary > enforces server household hard restrictions despite perfect personal soft preference and omission
{"level":"info","event":"meal_planning_result","status":"infeasible","conclusion":"proven_infeasible","truncated":false,"states":1}

stdout | tests/integration/meal-planning-http.test.ts > T06A real authenticated Worker/API boundary > deduplicates creation before running T04 again, and rejects different intent under a reused key
{"level":"info","event":"meal_planning_result","status":"feasible","conclusion":"feasible","truncated":false,"states":7}

stdout | tests/integration/meal-planning-http.test.ts > T06A real authenticated Worker/API boundary > replans all sequential stock after an early swap and protects newer revisions
{"level":"info","event":"meal_planning_result","status":"feasible","conclusion":"feasible","truncated":false,"states":7}

stdout | tests/integration/meal-planning-http.test.ts > T06A real authenticated Worker/API boundary > replans all sequential stock after an early swap and protects newer revisions
{"level":"info","event":"meal_planning_result","status":"feasible","conclusion":"feasible","truncated":false,"states":4}

stdout | tests/e2e/planner-preview.test.mjs > isolated planner preview using real registered Worker sessions and T02–T05 > persists disliked feedback once without inventory or cooking side effects
{"level":"info","event":"meal_planning_result","status":"feasible","conclusion":"feasible","truncated":true,"states":297}

stdout | tests/e2e/planner-preview.test.mjs > isolated planner preview using real registered Worker sessions and T02–T05 > persists disliked feedback once without inventory or cooking side effects
[req] POST /api/v1/meal-planning/plans 200 380ms d0b97dd1-2b96-4f51-8588-6d13b6309b36

stdout | tests/e2e/planner-preview.test.mjs > isolated planner preview using real registered Worker sessions and T02–T05 > persists disliked feedback once without inventory or cooking side effects
[req] POST /api/v1/meal-planning/plans/0be14413-fc1e-41f6-8187-7cc24362c836/feedback 200 2ms 60932a82-f6e0-443a-8ad1-eddef03565b2

stdout | tests/e2e/planner-preview.test.mjs > isolated planner preview using real registered Worker sessions and T02–T05 > persists disliked feedback once without inventory or cooking side effects
[req] POST /api/v1/meal-planning/plans/0be14413-fc1e-41f6-8187-7cc24362c836/feedback 200 2ms 43d74896-0d45-435e-92c8-e00a7043eb79

stdout | tests/integration/meal-planning-http.test.ts > T06A real authenticated Worker/API boundary > rejects a newly forbidden replacement without changing the persisted plan
{"level":"info","event":"meal_planning_result","status":"feasible","conclusion":"feasible","truncated":false,"states":7}

stdout | tests/integration/meal-planning-http.test.ts > T06A real authenticated Worker/API boundary > rejects a newly forbidden replacement without changing the persisted plan
{"level":"info","event":"meal_planning_result","status":"infeasible","conclusion":"proven_infeasible","truncated":false,"states":1}

stdout | tests/integration/meal-planning-http.test.ts > T06A real authenticated Worker/API boundary > detects inventory/catalog/preference changes and regenerates using current data
{"level":"info","event":"meal_planning_result","status":"feasible","conclusion":"feasible","truncated":false,"states":7}

stdout | tests/integration/meal-planning-http.test.ts > T06A real authenticated Worker/API boundary > detects inventory/catalog/preference changes and regenerates using current data
{"level":"info","event":"meal_planning_result","status":"feasible","conclusion":"feasible","truncated":false,"states":7}

stdout | tests/integration/meal-planning-http.test.ts > T06A real authenticated Worker/API boundary > revalidates history at the current time so later feedback makes a stored plan stale
{"level":"info","event":"meal_planning_result","status":"feasible","conclusion":"feasible","truncated":false,"states":7}

stdout | tests/e2e/planner-preview.test.mjs > isolated planner preview using real registered Worker sessions and T02–T05 > persists skipped feedback once without inventory or cooking side effects
{"level":"info","event":"meal_planning_result","status":"feasible","conclusion":"feasible","truncated":true,"states":297}

stdout | tests/e2e/planner-preview.test.mjs > isolated planner preview using real registered Worker sessions and T02–T05 > persists skipped feedback once without inventory or cooking side effects
[req] POST /api/v1/meal-planning/plans 200 378ms 10e0d7ce-866e-458e-9da5-2efb945eeae2

stdout | tests/integration/meal-planning-http.test.ts > T06A real authenticated Worker/API boundary > keeps missing reviewed prices unknown and never converts them into free shopping
{"level":"info","event":"meal_planning_result","status":"feasible","conclusion":"feasible","truncated":true,"states":57}

stdout | tests/integration/meal-planning-http.test.ts > T06A real authenticated Worker/API boundary > keeps missing reviewed prices unknown and never converts them into free shopping
[req] POST /api/v1/meal-planning/plans 200 95ms b1d7b910-368d-4ac3-b2eb-b3d1ec1206ed

stdout | tests/e2e/planner-preview.test.mjs > isolated planner preview using real registered Worker sessions and T02–T05 > persists skipped feedback once without inventory or cooking side effects
[req] POST /api/v1/meal-planning/plans/2031b2bb-8b49-4625-9997-991b97f030fd/feedback 200 5ms 93e12d0d-467c-4eee-b45b-989b12c424a1

stdout | tests/e2e/planner-preview.test.mjs > isolated planner preview using real registered Worker sessions and T02–T05 > persists skipped feedback once without inventory or cooking side effects
[req] POST /api/v1/meal-planning/plans/2031b2bb-8b49-4625-9997-991b97f030fd/feedback 200 6ms 8111cbc1-b9a7-4f57-9344-dd2d0a0c7912

stdout | tests/integration/meal-planning-http.test.ts > T06A real authenticated Worker/API boundary > keeps missing reviewed prices unknown and never converts them into free shopping
{"level":"info","event":"meal_shopping_result","catalogStatus":"reviewed_catalog_unavailable"}

stdout | tests/integration/meal-planning-http.test.ts > T06A real authenticated Worker/API boundary > keeps missing reviewed prices unknown and never converts them into free shopping
[req] POST /api/v1/meal-planning/plans/23378e46-1705-4dd1-9f01-de03d25a00c9/shopping 200 11ms 2d4e68d1-9fad-48d4-8d7e-61054aa3166c

stdout | tests/e2e/planner-preview.test.mjs > isolated planner preview using real registered Worker sessions and T02–T05 > reports an infeasible cook-now plan instead of manufacturing missing stock
{"level":"info","event":"meal_planning_result","status":"infeasible","conclusion":"proven_infeasible","truncated":false,"states":1}

stdout | tests/e2e/planner-preview.test.mjs > isolated planner preview using real registered Worker sessions and T02–T05 > reports an infeasible cook-now plan instead of manufacturing missing stock
[req] POST /api/v1/meal-planning/plans 200 17ms b337b7b5-2365-4580-9e25-af055cc8a3c7

stdout | tests/integration/meal-planning-http.test.ts > T06A real authenticated Worker/API boundary > rejects shopping mealPlan spoofing and uses unchanged trusted exact prices
{"level":"info","event":"meal_planning_result","status":"feasible","conclusion":"feasible","truncated":false,"states":7}

stdout | tests/integration/meal-planning-http.test.ts > T06A real authenticated Worker/API boundary > rejects shopping mealPlan spoofing and uses unchanged trusted exact prices
{"level":"info","event":"meal_shopping_result","catalogStatus":"available"}

stdout | tests/e2e/planner-preview.test.mjs > isolated planner preview using real registered Worker sessions and T02–T05 > keeps actual Worker authorization, CSRF and feature-off gates intact
[req] POST /api/v1/meal-planning/plans 401 0ms 19200ec3-1d24-4544-a39a-91be1c2a4a05

stdout | tests/e2e/planner-preview.test.mjs > isolated planner preview using real registered Worker sessions and T02–T05 > keeps actual Worker authorization, CSRF and feature-off gates intact
[req] POST /api/v1/meal-planning/plans 403 1ms 1d9cff82-9fc0-46c7-afa6-b3002b42ec14

stdout | tests/e2e/planner-preview.test.mjs > isolated planner preview using real registered Worker sessions and T02–T05 > keeps actual Worker authorization, CSRF and feature-off gates intact
[req] POST /api/v1/meal-planning/plans 403 0ms 7d74f3b0-9629-4b78-bd50-250690d4c10c

stdout | tests/e2e/planner-preview.test.mjs > isolated planner preview using real registered Worker sessions and T02–T05 > keeps actual Worker authorization, CSRF and feature-off gates intact
[req] POST /api/v1/meal-planning/plans 404 0ms 40cd1657-a10e-4add-afec-bdde821a57c9

stdout | tests/integration/meal-planning-http.test.ts > T06A real authenticated Worker/API boundary > rejects shopping shortages spoofing and uses unchanged trusted exact prices
{"level":"info","event":"meal_planning_result","status":"feasible","conclusion":"feasible","truncated":false,"states":7}

stdout | tests/integration/meal-planning-http.test.ts > T06A real authenticated Worker/API boundary > rejects shopping shortages spoofing and uses unchanged trusted exact prices
{"level":"info","event":"meal_shopping_result","catalogStatus":"available"}

stdout | tests/integration/meal-planning-http.test.ts > T06A real authenticated Worker/API boundary > rejects shopping prices spoofing and uses unchanged trusted exact prices
{"level":"info","event":"meal_planning_result","status":"feasible","conclusion":"feasible","truncated":false,"states":7}

stdout | tests/integration/meal-planning-http.test.ts > T06A real authenticated Worker/API boundary > rejects shopping prices spoofing and uses unchanged trusted exact prices
{"level":"info","event":"meal_shopping_result","catalogStatus":"available"}

stdout | tests/integration/meal-planning-http.test.ts > T06A real authenticated Worker/API boundary > rejects shopping catalog spoofing and uses unchanged trusted exact prices
{"level":"info","event":"meal_planning_result","status":"feasible","conclusion":"feasible","truncated":false,"states":7}

stdout | tests/integration/meal-planning-http.test.ts > T06A real authenticated Worker/API boundary > rejects shopping catalog spoofing and uses unchanged trusted exact prices
{"level":"info","event":"meal_shopping_result","catalogStatus":"available"}

stdout | tests/integration/meal-planning-http.test.ts > T06A real authenticated Worker/API boundary > rejects shopping shoppingContext spoofing and uses unchanged trusted exact prices
{"level":"info","event":"meal_planning_result","status":"feasible","conclusion":"feasible","truncated":false,"states":7}

stdout | tests/integration/meal-planning-http.test.ts > T06A real authenticated Worker/API boundary > rejects shopping shoppingContext spoofing and uses unchanged trusted exact prices
{"level":"info","event":"meal_shopping_result","catalogStatus":"available"}

stdout | tests/integration/meal-planning-http.test.ts > T06A real authenticated Worker/API boundary > records household/user scoped retry-safe tastes and cooked annotation without real cooking
{"level":"info","event":"meal_planning_result","status":"feasible","conclusion":"feasible","truncated":false,"states":7}

stdout | tests/integration/meal-planning-http.test.ts > T06A real authenticated Worker/API boundary > does not let a client claim a swap that never happened
{"level":"info","event":"meal_planning_result","status":"feasible","conclusion":"feasible","truncated":false,"states":7}

stdout | tests/integration/meal-planning-http.test.ts > T06A real authenticated Worker/API boundary > rejects feedback if regeneration advances the revision before the event write
{"level":"info","event":"meal_planning_result","status":"feasible","conclusion":"feasible","truncated":false,"states":7}

stdout | tests/integration/meal-planning-http.test.ts > T06A real authenticated Worker/API boundary > rejects feedback if regeneration advances the revision before the event write
{"level":"info","event":"meal_planning_result","status":"feasible","conclusion":"feasible","truncated":false,"states":7}

stdout | tests/integration/meal-planning-http.test.ts > T06A real authenticated Worker/API boundary > deduplicates concurrent feedback retries with one server event timestamp
{"level":"info","event":"meal_planning_result","status":"feasible","conclusion":"feasible","truncated":false,"states":7}

stdout | tests/e2e/planner-preview.test.mjs > isolated planner preview using real registered Worker sessions and T02–T05 > resets the entire in-memory namespace repeatably and revokes prior sessions
{"level":"info","event":"meal_planning_result","status":"feasible","conclusion":"feasible","truncated":true,"states":297}

stdout | tests/e2e/planner-preview.test.mjs > isolated planner preview using real registered Worker sessions and T02–T05 > resets the entire in-memory namespace repeatably and revokes prior sessions
[req] POST /api/v1/meal-planning/plans 200 382ms dbb408ba-1271-4d5f-b970-4d2d7b123bc9

stdout | tests/integration/meal-planning-http.test.ts > T06A real authenticated Worker/API boundary > records skipped/disliked and a server-established swapped identity without inventing likes
{"level":"info","event":"meal_planning_result","status":"feasible","conclusion":"feasible","truncated":false,"states":7}

stdout | tests/integration/meal-planning-http.test.ts > T06A real authenticated Worker/API boundary > records skipped/disliked and a server-established swapped identity without inventing likes
{"level":"info","event":"meal_planning_result","status":"feasible","conclusion":"feasible","truncated":false,"states":4}

stdout | tests/e2e/planner-preview.test.mjs > isolated planner preview using real registered Worker sessions and T02–T05 > resets the entire in-memory namespace repeatably and revokes prior sessions
[req] GET /api/v1/me 401 0ms 1e8204fa-7de0-4f18-a4cb-c50f0fe89737

stdout | tests/e2e/planner-preview.test.mjs > isolated planner preview using real registered Worker sessions and T02–T05 > resets the entire in-memory namespace repeatably and revokes prior sessions
[req] GET /api/v1/me 200 1ms 79a87cc4-a382-43c9-a272-17acf3f9028c

stdout | tests/integration/meal-planning-http.test.ts > T06A real authenticated Worker/API boundary > returns a partial plan as a valid application response
{"level":"info","event":"meal_planning_result","status":"partial","conclusion":"proven_infeasible","truncated":false,"states":2}

stdout | tests/e2e/planner-preview.test.mjs > isolated planner preview using real registered Worker sessions and T02–T05 > resets preview rate-limit state without bypassing the real Worker limiter
[req] POST /api/v1/meal-planning/plans 422 1ms d32a796d-46f7-469c-859e-6240b938bf44

stdout | tests/e2e/planner-preview.test.mjs > isolated planner preview using real registered Worker sessions and T02–T05 > resets preview rate-limit state without bypassing the real Worker limiter
[req] POST /api/v1/meal-planning/plans 422 0ms 1a3b4a83-4379-45b4-9512-415c87c0fd04

stdout | tests/e2e/planner-preview.test.mjs > isolated planner preview using real registered Worker sessions and T02–T05 > resets preview rate-limit state without bypassing the real Worker limiter
[req] POST /api/v1/meal-planning/plans 422 1ms 7f1d9ae8-396e-4c2f-8c1d-5df4dc43b43d

stdout | tests/e2e/planner-preview.test.mjs > isolated planner preview using real registered Worker sessions and T02–T05 > resets preview rate-limit state without bypassing the real Worker limiter
[req] POST /api/v1/meal-planning/plans 422 0ms ba1c5163-c330-4971-b88c-0cee91ac41d3

stdout | tests/e2e/planner-preview.test.mjs > isolated planner preview using real registered Worker sessions and T02–T05 > resets preview rate-limit state without bypassing the real Worker limiter
[req] POST /api/v1/meal-planning/plans 422 1ms b6565c7d-13d9-4f0f-a542-3828f2a098cb

stdout | tests/e2e/planner-preview.test.mjs > isolated planner preview using real registered Worker sessions and T02–T05 > resets preview rate-limit state without bypassing the real Worker limiter
[req] POST /api/v1/meal-planning/plans 422 0ms 054fda93-ce29-475b-b1bd-f9c281e71369

stdout | tests/e2e/planner-preview.test.mjs > isolated planner preview using real registered Worker sessions and T02–T05 > resets preview rate-limit state without bypassing the real Worker limiter
[req] POST /api/v1/meal-planning/plans 422 1ms f6fa4aeb-3f5b-4af3-b982-ef6c05d7efb8

stdout | tests/e2e/planner-preview.test.mjs > isolated planner preview using real registered Worker sessions and T02–T05 > resets preview rate-limit state without bypassing the real Worker limiter
[req] POST /api/v1/meal-planning/plans 422 0ms b435dc9f-93a2-47ee-ae97-ec767cbabb76

stdout | tests/e2e/planner-preview.test.mjs > isolated planner preview using real registered Worker sessions and T02–T05 > resets preview rate-limit state without bypassing the real Worker limiter
[req] POST /api/v1/meal-planning/plans 422 0ms 416f0191-756f-43cd-a773-32d774f2b63c

stdout | tests/e2e/planner-preview.test.mjs > isolated planner preview using real registered Worker sessions and T02–T05 > resets preview rate-limit state without bypassing the real Worker limiter
[req] POST /api/v1/meal-planning/plans 422 1ms ae994a2c-f51d-40b7-8527-7caeeaaa6d22

stdout | tests/e2e/planner-preview.test.mjs > isolated planner preview using real registered Worker sessions and T02–T05 > resets preview rate-limit state without bypassing the real Worker limiter
[req] POST /api/v1/meal-planning/plans 429 0ms f3a19263-4bd9-49c6-bcee-0271148681d6

stdout | tests/integration/meal-planning-http.test.ts > T06A real authenticated Worker/API boundary > preserves incomplete numeric evaluation without claiming proven infeasibility or a server failure
{"level":"info","event":"meal_planning_result","status":"incomplete","conclusion":"no_plan_found_without_proof","truncated":false,"states":1}

stdout | tests/e2e/planner-preview.test.mjs > isolated planner preview using real registered Worker sessions and T02–T05 > resets preview rate-limit state without bypassing the real Worker limiter
[req] POST /api/v1/meal-planning/plans 422 0ms 3780b5c2-1238-4df8-8846-574cc8884353

stdout | tests/integration/meal-planning-http.test.ts > T06A real authenticated Worker/API boundary > preserves search truncation while returning a feasible best-found plan
{"level":"info","event":"meal_planning_result","status":"feasible","conclusion":"feasible","truncated":true,"states":9}

stdout | tests/e2e/planner-preview.test.mjs > isolated planner preview using real registered Worker sessions and T02–T05 > does not register local controls on the production Worker
[req] POST /__preview/login 404 1ms 5a7a68f9-f154-47f9-9406-6a33ca7ecaca

 ✓ tests/e2e/planner-preview.test.mjs (17 tests) 5021ms
   ✓ isolated planner preview using real registered Worker sessions and T02–T05 > generates a real seven-meal plan, restores it, shops with unknown prices, swaps and records cooked without consuming inventory  947ms
   ✓ isolated planner preview using real registered Worker sessions and T02–T05 > does not hide stale source state and recovers through regeneration  883ms
   ✓ isolated planner preview using real registered Worker sessions and T02–T05 > persists liked feedback once without inventory or cooking side effects  472ms
   ✓ isolated planner preview using real registered Worker sessions and T02–T05 > persists disliked feedback once without inventory or cooking side effects  474ms
   ✓ isolated planner preview using real registered Worker sessions and T02–T05 > persists skipped feedback once without inventory or cooking side effects  480ms
   ✓ isolated planner preview using real registered Worker sessions and T02–T05 > resets the entire in-memory namespace repeatably and revokes prior sessions  649ms
stdout | tests/integration/meal-planning-http.test.ts > T06A real authenticated Worker/API boundary > validates malformed JSON, dates, money, revisions and oversized bodies
{"level":"info","event":"meal_planning_result","status":"feasible","conclusion":"feasible","truncated":false,"states":7}

stdout | tests/integration/meal-planning-http.test.ts > T06A real authenticated Worker/API boundary > rejects malformed minor-unit string not-money without a server error
{"level":"info","event":"meal_planning_result","status":"feasible","conclusion":"feasible","truncated":false,"states":7}

stdout | tests/integration/meal-planning-http.test.ts > T06A real authenticated Worker/API boundary > rejects malformed minor-unit string 1.5 without a server error
{"level":"info","event":"meal_planning_result","status":"feasible","conclusion":"feasible","truncated":false,"states":7}

stdout | tests/integration/meal-planning-http.test.ts > T06A real authenticated Worker/API boundary > rejects malformed minor-unit string -1 without a server error
{"level":"info","event":"meal_planning_result","status":"feasible","conclusion":"feasible","truncated":false,"states":7}

stdout | tests/integration/meal-planning-http.test.ts > T06A real authenticated Worker/API boundary > rejects malformed minor-unit string 01 without a server error
{"level":"info","event":"meal_planning_result","status":"feasible","conclusion":"feasible","truncated":false,"states":7}

stdout | tests/integration/meal-planning-http.test.ts > T06A real authenticated Worker/API boundary > rejects malformed minor-unit string Infinity without a server error
{"level":"info","event":"meal_planning_result","status":"feasible","conclusion":"feasible","truncated":false,"states":7}

stderr | tests/integration/meal-planning-http.test.ts > T06A real authenticated Worker/API boundary > sanitizes unexpected service errors even outside production
{"level":"error","event":"meal_planning_failure","code":"MEAL_PLANNING_UNAVAILABLE"}

stdout | tests/integration/meal-planning-http.test.ts > T06A real authenticated Worker/API boundary > sanitizes unexpected service errors even outside production
[req] POST /api/v1/meal-planning/plans 500 1ms e00fa61f-f4d7-488e-abfc-b6f9fe78e8f3

 ✓ tests/integration/meal-planning-http.test.ts (42 tests) 5128ms
stderr | tests/integration/inventory-backfilled-patch.test.ts > T09 legitimate adopted backfilled PATCH > updates category through actual adoption (existing T08 snapshot: false)
{"level":"warn","limiter":"rl_inv_w","reason":"kv-unbound","message":"Rate limiter degraded to isolate-local counters; enforcement is not globally reliable."}

 ✓ tests/integration/t19-planner-authority-persistence.test.ts (18 tests) 4605ms
   ✓ stored plan authority identity > an authority change is a typed revalidation: freshness names it, swap and shopping refuse, regenerate recovers  659ms
   ✓ stored plan authority identity > a lock on a recipe that is no longer visible is dropped on regenerate, never silently substituted in place  511ms
   ✓ stored plan authority identity > regenerate drops family locks whose planner provenance version is stale  636ms
   ✓ stored plan authority identity > plans persisted before T19 (no authority identity) still decode and revalidate through the catalog fingerprint  365ms
 ✓ tests/integration/inventory-backfilled-patch.test.ts (43 tests) 4783ms
 ✓ tests/unit/d1-migration-check.test.mjs (114 tests) 4220ms
   ✓ production D1 migration candidate gate (local Git only) > rejects a mismatched expected_pre_tip and malformed migration names  302ms
   ✓ operational recipe media at complete 0038 and 0039 catalogs > loads the actual domain media mapper and validator through the runtime pipeline  373ms
 ✓ tests/integration/t20-roles-picker-shopping.test.ts (7 tests) 3869ms
   ✓ T20 picker at 500 recipes > pages through a bounded, stable, role-filtered, authority-fenced summary list with bounded queries  1068ms
   ✓ T20 picker at 500 recipes > cuisine filter uses catalog metadata, combines with role and search, excludes simple foods and is deterministic  658ms
   ✓ T20 shopping on composed plans (HTTP) > adds every component demand across meals and subtracts inventory once through the existing T05 path  1001ms
   ✓ T20 shopping on composed plans (HTTP) > with the V2 flag off, a composed plan falls back to the exact V1 shopping projection  717ms
stderr | tests/integration/inventory-patch-parity.test.ts > T09 adopted PATCH semantic parity > rejects changed storage under a committed key
{"level":"warn","limiter":"rl_inv_w","reason":"kv-unbound","message":"Rate limiter degraded to isolate-local counters; enforcement is not globally reliable."}

 ✓ tests/integration/t19-cooking-hard-restrictions.test.ts (19 tests) 3290ms
stderr | tests/integration/meal-planning-presentation-http.test.ts > current-plan compatibility lookup > returns null with no private plan and restores the plan through the actual Worker
{"level":"warn","limiter":"meal-planning-read","reason":"kv-unbound","message":"Rate limiter degraded to isolate-local counters; enforcement is not globally reliable."}

stdout | tests/integration/meal-planning-presentation-http.test.ts > current-plan compatibility lookup > returns null with no private plan and restores the plan through the actual Worker
[req] GET /api/v1/meal-planning/plans/current 200 3ms 6df8b4e1-1186-4b03-a060-45c5fcf43d43

stderr | tests/integration/meal-planning-presentation-http.test.ts > current-plan compatibility lookup > returns null with no private plan and restores the plan through the actual Worker
{"level":"warn","limiter":"planner-compute","reason":"kv-unbound","message":"Rate limiter degraded to isolate-local counters; enforcement is not globally reliable."}
{"level":"warn","limiter":"meal-planning-expensive","reason":"kv-unbound","message":"Rate limiter degraded to isolate-local counters; enforcement is not globally reliable."}

 ✓ tests/integration/inventory-patch-parity.test.ts (25 tests) 3260ms
stdout | tests/integration/meal-planning-presentation-http.test.ts > current-plan compatibility lookup > returns null with no private plan and restores the plan through the actual Worker
{"level":"info","event":"meal_planning_result","status":"feasible","conclusion":"feasible","truncated":false,"states":3}

stdout | tests/integration/meal-planning-presentation-http.test.ts > current-plan compatibility lookup > returns null with no private plan and restores the plan through the actual Worker
[req] GET /api/v1/meal-planning/plans/current 200 15ms ff2e4630-b24b-40ff-85eb-d939ccae8232

stdout | tests/integration/meal-planning-presentation-http.test.ts > current-plan compatibility lookup > selects newest update, breaks timestamp ties by ID, and includes regenerated revisions
{"level":"info","event":"meal_planning_result","status":"feasible","conclusion":"feasible","truncated":false,"states":3}

stdout | tests/integration/meal-planning-presentation-http.test.ts > current-plan compatibility lookup > selects newest update, breaks timestamp ties by ID, and includes regenerated revisions
{"level":"info","event":"meal_planning_result","status":"feasible","conclusion":"feasible","truncated":false,"states":3}

stdout | tests/integration/meal-planning-presentation-http.test.ts > current-plan compatibility lookup > selects newest update, breaks timestamp ties by ID, and includes regenerated revisions
{"level":"info","event":"meal_planning_result","status":"feasible","conclusion":"feasible","truncated":false,"states":3}

stdout | tests/integration/meal-planning-presentation-http.test.ts > current-plan compatibility lookup > does not return another member or household plan and never ignores current membership
{"level":"info","event":"meal_planning_result","status":"feasible","conclusion":"feasible","truncated":false,"states":3}

stdout | tests/integration/meal-planning-presentation-http.test.ts > current-plan compatibility lookup > does not return another member or household plan and never ignores current membership
{"level":"info","event":"meal_planning_result","status":"feasible","conclusion":"feasible","truncated":false,"states":3}

stdout | tests/integration/meal-planning-presentation-http.test.ts > current-plan compatibility lookup > retains fresh-source inspection without making stale snapshots look current
{"level":"info","event":"meal_planning_result","status":"feasible","conclusion":"feasible","truncated":false,"states":3}

stdout | tests/integration/meal-planning-presentation-http.test.ts > current-plan compatibility lookup > does not mistake membership revoked during lookup for an empty current plan
{"level":"info","event":"meal_planning_result","status":"feasible","conclusion":"feasible","truncated":false,"states":3}

stdout | tests/integration/meal-planning-presentation-http.test.ts > catalog alternative presentation, not eligibility > returns only bounded trusted catalog identity/title, revision-bound and sorted
{"level":"info","event":"meal_planning_result","status":"feasible","conclusion":"feasible","truncated":false,"states":3}

stdout | tests/integration/meal-planning-presentation-http.test.ts > catalog alternative presentation, not eligibility > bounds the result and discloses catalog truncation
{"level":"info","event":"meal_planning_result","status":"feasible","conclusion":"feasible","truncated":false,"states":3}

stdout | tests/integration/meal-planning-presentation-http.test.ts > catalog alternative presentation, not eligibility > does not certify alternatives and unchanged swap still rejects forbidden recipes
{"level":"info","event":"meal_planning_result","status":"feasible","conclusion":"feasible","truncated":false,"states":2}

stdout | tests/integration/meal-planning-presentation-http.test.ts > catalog alternative presentation, not eligibility > does not certify alternatives and unchanged swap still rejects forbidden recipes
{"level":"info","event":"meal_planning_result","status":"infeasible","conclusion":"proven_infeasible","truncated":false,"states":1}

stdout | tests/integration/meal-planning-presentation-http.test.ts > catalog alternative presentation, not eligibility > rechecks revision after the catalog read instead of returning obsolete choices
{"level":"info","event":"meal_planning_result","status":"feasible","conclusion":"feasible","truncated":false,"states":3}

stdout | tests/integration/meal-planning-presentation-http.test.ts > catalog alternative presentation, not eligibility > rechecks revision after the catalog read instead of returning obsolete choices
{"level":"info","event":"meal_planning_result","status":"feasible","conclusion":"feasible","truncated":false,"states":3}

stdout | tests/integration/meal-planning-presentation-http.test.ts > catalog alternative presentation, not eligibility > rechecks membership after the catalog read
{"level":"info","event":"meal_planning_result","status":"feasible","conclusion":"feasible","truncated":false,"states":3}

stdout | tests/integration/meal-planning-presentation-http.test.ts > catalog alternative presentation, not eligibility > rejects malformed query
{"level":"info","event":"meal_planning_result","status":"feasible","conclusion":"feasible","truncated":false,"states":3}

stdout | tests/integration/meal-planning-presentation-http.test.ts > catalog alternative presentation, not eligibility > rejects malformed query ?revision=0
{"level":"info","event":"meal_planning_result","status":"feasible","conclusion":"feasible","truncated":false,"states":3}

stdout | tests/integration/meal-planning-presentation-http.test.ts > catalog alternative presentation, not eligibility > rejects malformed query ?revision=-1
{"level":"info","event":"meal_planning_result","status":"feasible","conclusion":"feasible","truncated":false,"states":3}

stdout | tests/integration/meal-planning-presentation-http.test.ts > catalog alternative presentation, not eligibility > rejects malformed query ?revision=1.5
{"level":"info","event":"meal_planning_result","status":"feasible","conclusion":"feasible","truncated":false,"states":3}

stdout | tests/integration/meal-planning-presentation-http.test.ts > catalog alternative presentation, not eligibility > rejects malformed query ?revision=1e0
{"level":"info","event":"meal_planning_result","status":"feasible","conclusion":"feasible","truncated":false,"states":3}

stdout | tests/integration/meal-planning-presentation-http.test.ts > catalog alternative presentation, not eligibility > rejects malformed query ?revision=9007199254740992
{"level":"info","event":"meal_planning_result","status":"feasible","conclusion":"feasible","truncated":false,"states":3}

stdout | tests/integration/meal-planning-presentation-http.test.ts > catalog alternative presentation, not eligibility > rejects malformed query ?revision=1&revision=2
{"level":"info","event":"meal_planning_result","status":"feasible","conclusion":"feasible","truncated":false,"states":3}

stdout | tests/integration/meal-planning-presentation-http.test.ts > catalog alternative presentation, not eligibility > rejects malformed query ?revision=1&householdId=foreign
{"level":"info","event":"meal_planning_result","status":"feasible","conclusion":"feasible","truncated":false,"states":3}

stdout | tests/integration/meal-planning-presentation-http.test.ts > on-demand explanations and HTTP guard inheritance > defaults to deterministic IDs without mutation or AI during basic reads
{"level":"info","event":"meal_planning_result","status":"feasible","conclusion":"feasible","truncated":false,"states":3}

stdout | tests/integration/meal-planning-presentation-http.test.ts > on-demand explanations and HTTP guard inheritance > calls AI only on explicit request and sends no names, quantities, IDs or household data
{"level":"info","event":"meal_planning_result","status":"feasible","conclusion":"feasible","truncated":false,"states":3}

stdout | tests/integration/meal-planning-presentation-http.test.ts > on-demand explanations and HTTP guard inheritance > falls back through the actual Worker when native provider is unavailable
{"level":"info","event":"meal_planning_result","status":"feasible","conclusion":"feasible","truncated":false,"states":3}

stdout | tests/integration/meal-planning-presentation-http.test.ts > on-demand explanations and HTTP guard inheritance > falls back through the actual Worker when native provider is unavailable
[req] POST /api/v1/meal-planning/plans/3f87b23b-4fc9-4c4c-bdfd-cba89aa6b3e6/explanation 200 1ms 448ae121-6361-402d-9891-f0f552226c19

stdout | tests/integration/meal-planning-presentation-http.test.ts > on-demand explanations and HTTP guard inheritance > counts generation toward the aggregate budget before a tenth AI request
{"level":"info","event":"meal_planning_result","status":"feasible","conclusion":"feasible","truncated":false,"states":3}

stdout | tests/integration/meal-planning-presentation-http.test.ts > on-demand explanations and HTTP guard inheritance > rejects stale revision for both new plan-specific actions
{"level":"info","event":"meal_planning_result","status":"feasible","conclusion":"feasible","truncated":false,"states":3}

stdout | tests/integration/meal-planning-presentation-http.test.ts > on-demand explanations and HTTP guard inheritance > rejects stale revision for both new plan-specific actions
{"level":"info","event":"meal_planning_result","status":"feasible","conclusion":"feasible","truncated":false,"states":3}

stdout | tests/integration/meal-planning-presentation-http.test.ts > on-demand explanations and HTTP guard inheritance > rechecks revision after provider latency and rejects an obsolete explanation
{"level":"info","event":"meal_planning_result","status":"feasible","conclusion":"feasible","truncated":false,"states":3}

stdout | tests/integration/meal-planning-presentation-http.test.ts > on-demand explanations and HTTP guard inheritance > rechecks revision after provider latency and rejects an obsolete explanation
{"level":"info","event":"meal_planning_result","status":"feasible","conclusion":"feasible","truncated":false,"states":3}

stdout | tests/integration/meal-planning-presentation-http.test.ts > on-demand explanations and HTTP guard inheritance > rechecks current membership after provider latency
{"level":"info","event":"meal_planning_result","status":"feasible","conclusion":"feasible","truncated":false,"states":3}

stdout | tests/integration/meal-planning-presentation-http.test.ts > on-demand explanations and HTTP guard inheritance > rejects private access, unauthenticated access, disabled flag and owner-fence mismatch
{"level":"info","event":"meal_planning_result","status":"feasible","conclusion":"feasible","truncated":false,"states":3}

stdout | tests/integration/meal-planning-presentation-http.test.ts > on-demand explanations and HTTP guard inheritance > keeps CSRF and strict explanation intent/selected-slot validation
{"level":"info","event":"meal_planning_result","status":"feasible","conclusion":"feasible","truncated":false,"states":3}

stdout | tests/integration/meal-planning-presentation-http.test.ts > on-demand explanations and HTTP guard inheritance > keeps CSRF and strict explanation intent/selected-slot validation
[req] POST /api/v1/meal-planning/plans/60026184-5bfd-4535-8a96-c068777a3b8d/explanation 403 0ms ad814273-91f9-46bd-be76-96df56c70558

 ✓ tests/integration/meal-planning-presentation-http.test.ts (27 tests) 3213ms
 ✓ tests/unit/t21rc2t-identity-topology.test.mjs (11 tests) 3106ms
   ✓ T21RC2T committed offline source and deterministic scale > bounds the exact forensic-scale input and produces a permutation-stable aggregate  2031ms
stderr | tests/integration/inventory-read-authority.test.ts > T11 HTTP read cutover > funnel: adopted households bypass the KV cache; authority read failures fail closed
T11 authority read failed: LotCommandError: CORRUPT_RECEIPT
    at readAdoptedMappings (/Users/tunbee27/Documents/Tako-san-ui-rebuild/packages/db/src/inventory-lot-commands.ts:113:11)
    at readMappedLotSnapshot (/Users/tunbee27/Documents/Tako-san-ui-rebuild/packages/db/src/inventory-lot-commands.ts:205:24)
    at readAdoptedLotSnapshot (/Users/tunbee27/Documents/Tako-san-ui-rebuild/packages/db/src/inventory-lot-commands.ts:617:20)
    at readInventoryAuthority (/Users/tunbee27/Documents/Tako-san-ui-rebuild/packages/db/src/inventory-read-authority.ts:115:20)
    at fetchHouseholdInventoryFromDb (/Users/tunbee27/Documents/Tako-san-ui-rebuild/src/worker/routes/inventory.ts:507:25)
    at /Users/tunbee27/Documents/Tako-san-ui-rebuild/tests/integration/inventory-read-authority.test.ts:356:5
    at file:///Users/tunbee27/Documents/Tako-san-ui-rebuild/node_modules/.pnpm/@vitest+runner@3.2.7/node_modules/@vitest/runner/dist/chunk-hooks.js:752:20 {
  code: 'CORRUPT_RECEIPT'
}

 ✓ tests/integration/inventory-read-authority.test.ts (28 tests) 2990ms
 ✓ tests/integration/inventory-guest-transfer.test.ts (26 tests) 2957ms
stdout | tests/integration/ui03-discovery-api.test.ts > UI03 authenticated discovery > 24 summaries stay under100KiB; Home3 and detail remain separate; media reads only selected IDs
{"summaryBytes":14117,"gzipBytes":2940,"items":24}

 ✓ tests/integration/ui03-discovery-api.test.ts (22 tests) 2920ms
   ✓ UI03 authenticated discovery > all21 pages cover500 unique recipes in identical deterministic order on reload  351ms
 ✓ tests/unit/t21rc4-identity-gate.test.mjs (10 tests) 2889ms
   ✓ C4I review-binding gate > accepts reviewed C4I bytes followed by an unrelated documentation commit  844ms
   ✓ C4I review-binding gate > rejects every changed C4I execution byte after review  1655ms
stdout | tests/unit/recipe-import-scale.test.ts > T14E — 500-recipe synthetic compile > is deterministic (byte-identical across compiles and JSON/JSONL), publishes 500 recipes and a stable 571-recipe manifest
T14E scale 500: recipes=500 ingredient_lines=2000 steps=1750 nutrition_profiles=250 sql_bytes=829131

stdout | tests/unit/recipe-import-scale.test.ts > T14E — 5,000-recipe synthetic compile > completes, stays publishable, and keeps duplicate/composition structures bounded (no N² scan)
T14E scale 5000: recipes=5000 ingredient_lines=20000 steps=17500 nutrition_profiles=2500 sql_bytes=8358628

stdout | tests/unit/recipe-import-scale.test.ts > T14E — 5,000-recipe synthetic compile > the duplicate detector compares by bucket, not pairwise: a batch with N recipes performs O(N) index operations
T14E scale 2000: recipes=2000 ingredient_lines=8000 steps=7000 nutrition_profiles=1000 sql_bytes=3339756

 ✓ tests/unit/recipe-import-scale.test.ts (4 tests) 3028ms
   ✓ T14E — 500-recipe synthetic compile > is deterministic (byte-identical across compiles and JSON/JSONL), publishes 500 recipes and a stable 571-recipe manifest  511ms
   ✓ T14E — 5,000-recipe synthetic compile > completes, stays publishable, and keeps duplicate/composition structures bounded (no N² scan)  1664ms
   ✓ T14E — 5,000-recipe synthetic compile > the duplicate detector compares by bucket, not pairwise: a batch with N recipes performs O(N) index operations  567ms
 ✓ tests/integration/inventory-lot-d1.test.mjs (44 tests) 2851ms
   ✓ T09E actual local D1 multi-effect authority > executes the maximum 32 effects as one real D1 command  374ms
stdout | tests/integration/recipe-catalog-growth-authority.test.ts > T14F — static 71 vs reviewed D1 release: readiness, shadow, canary, d1 > shadow: user response is static 71, the D1 release verifies READY, and reviewed growth is logged at level info (not drift)
{"event":"recipe_catalog_shadow","catalog_source":"static","catalog_mode":"shadow","status":"compared","catalog_static_count":71,"level":"info","catalog_d1_count":500,"catalog_complete_count":500,"catalog_hydrated_count":500,"catalog_static_only_count":0,"catalog_d1_only_count":429,"catalog_drift_count":0,"catalog_order_drift_count":0,"catalog_hydration_failure_count":0,"catalog_lookup_ms":126,"release_id":"rel-bd00a4f53fcaeee4","release_expected_count":500,"release_readiness":"ready","release_readiness_code":null,"release_reviewed_growth_count":429,"drift_sample":[],"order_drift_sample":[],"hydration_failure_sample":[]}

stdout | tests/integration/recipe-catalog-growth-authority.test.ts > T14F — HTTP user flows on the 500-recipe D1 release (list, detail, recommendations, planner, regenerate, swap, cooking) > GET /recipes: static returns 71, d1 returns 500 in release order (legacy prefix identical); detail resolves an imported recipe by id and slug
T14F recipe_list_response: recipe_count=500 response_bytes=778619 static_bytes=144402

 ✓ tests/integration/recipe-catalog-growth-authority.test.ts (9 tests) 2833ms
   ✓ T14F — static 71 vs reviewed D1 release: readiness, shadow, canary, d1 > shadow: user response is static 71, the D1 release verifies READY, and reviewed growth is logged at level info (not drift)  466ms
   ✓ T14F — HTTP user flows on the 500-recipe D1 release (list, detail, recommendations, planner, regenerate, swap, cooking) > GET /recipes: static returns 71, d1 returns 500 in release order (legacy prefix identical); detail resolves an imported recipe by id and slug  343ms
   ✓ T14F — HTTP user flows on the 500-recipe D1 release (list, detail, recommendations, planner, regenerate, swap, cooking) > GET /recommendations over 500 recipes: equals rankRecipes on the D1 snapshot, no duplicate IDs, deterministic ties, an imported recipe is cookable without buying  391ms
   ✓ T14F — HTTP user flows on the 500-recipe D1 release (list, detail, recommendations, planner, regenerate, swap, cooking) > week planner on the D1 release: generate, regenerate, swap alternatives and an executed swap to an imported recipe; no hidden 71 truncation  352ms
   ✓ T14F — HTTP user flows on the 500-recipe D1 release (list, detail, recommendations, planner, regenerate, swap, cooking) > cooking an imported recipe under d1: cook start + complete deduct inventory, write events, replay idempotently; static 404s the same recipe; no recipe_* table written  320ms
   ✓ T14F — HTTP user flows on the 500-recipe D1 release (list, detail, recommendations, planner, regenerate, swap, cooking) > T14F-C: Batch B (t14f-scale-399-v1) recipes from several cuisines participate in list/detail, recommendations, planner swap and cooking under the 500 D1 authority; pilot recipes still resolve  506ms
 ✓ tests/unit/composition-flags.test.mjs (22 tests) 2791ms
   ✓ T20 composition flags: build consistency guard > CLI exits 0 for off/off and on/on, non-zero for mismatch or missing flags  1514ms
   ✓ T20 production planner prerequisite > cannot pass the production CLI guard with T20 on while the compiled planner or Worker prerequisite is missing  1263ms
stdout | tests/integration/recipe-catalog-growth.test.ts > T14F — fresh SQLite replay of the full ledger (0001 → tip) > recipes=500: legacy 71 + imported 429; contiguous runtime order; complete rows; pending hero media; FK/quick_check clean
T14F catalog counts: {"recipes":500,"recipe_ingredients":2702,"recipe_steps":2064,"recipe_runtime_fields":500,"recipe_runtime_ingredient_order":2702,"recipe_classifications":858,"nutrition_profiles":0,"recipe_nutrition":0,"recipe_media":500}

 ✓ tests/integration/recipe-catalog-growth.test.ts (14 tests) 2770ms
   ✓ T14F — Catalog Release Manifest and D1 readiness on the grown ledger > negative controls fail closed: one fewer / one extra recipe, wrong imported ID, wrong order, legacy mutation, imported mutation, stub row, pilot-only DB vs full manifest  1327ms
 ✓ tests/unit/t21rc2-production-capture.test.mjs (79 tests) 2643ms
   ✓ T21R-C2 runner-local privacy on success and failure > runs the executable capture/classify/receipt pipeline with certified-source synthetic data and mocked Cloudflare only  1396ms
   ✓ T21R-C2 runner-local privacy on success and failure > the real CLI failure path never prints passed raw markers or subprocess stack traces  369ms
 ✓ tests/integration/t20-meal-composition-http.test.ts (4 tests) 2655ms
   ✓ T20 V1 compatibility > a V1 one-recipe plan reads as a valid one-component composition without changing the V1 contract  750ms
   ✓ T20 V1 compatibility > composition routes are 404 while the V2 flag is off and V1 behaves unchanged  397ms
   ✓ T20 manual builder > add / lock / swap / reorder / remove persist server-side with one shared revision  1241ms
 ✓ tests/unit/staging-d1-catchup-check.test.mjs (32 tests) 2711ms
   ✓ ephemeral staging D1-only catch-up config > is readable by Wrangler locally and lists only the prefix through the target  1016ms
   ✓ candidate SHA and hosted CI gates > requires the catch-up ref to equal current origin/main  745ms
stdout | tests/integration/recipe-media-route.test.ts > T14C — GET /api/v1/recipe-media/:recipeId/:role/:version (secure same-origin serving) > serves a ready canonical asset without auth, with immutable cache, ETag from the promotion-verified content hash, nosniff and exact MIME
[req] GET /api/v1/recipe-media/gl-01/hero/2 200 2ms 72ee3867-7f7f-49e4-8323-61676a691d05

stdout | tests/integration/recipe-media-route.test.ts > T14C — GET /api/v1/recipe-media/:recipeId/:role/:version (secure same-origin serving) > serves a ready canonical asset without auth, with immutable cache, ETag from the promotion-verified content hash, nosniff and exact MIME
[req] GET /api/v1/recipe-media/gl-01/hero/2 304 1ms bc8506c4-5a56-4111-95ec-eaa734d1043c

stdout | tests/integration/recipe-media-route.test.ts > T14C — GET /api/v1/recipe-media/:recipeId/:role/:version (secure same-origin serving) > serves a ready canonical asset without auth, with immutable cache, ETag from the promotion-verified content hash, nosniff and exact MIME
[req] HEAD /api/v1/recipe-media/gl-01/hero/2 200 0ms f70344b0-3a7c-465a-b022-32606a201d63

stdout | tests/integration/recipe-media-route.test.ts > T14C — GET /api/v1/recipe-media/:recipeId/:role/:version (secure same-origin serving) > unknown recipe (/api/v1/recipe-media/no-such-recipe/hero/1) → 404 RECIPE_MEDIA_NOT_FOUND with no-store and no R2 access
[req] GET /api/v1/recipe-media/no-such-recipe/hero/1 404 1ms 26392ef1-99a2-4a6d-a9b3-5ee8097896d5

stdout | tests/e2e/t07-operations.test.mjs > T07 real Worker operational observations > records bounded representative flow observations without performance thresholds
T07_OPERATION_OBSERVATIONS [{"name":"generate","wallMs":457.37,"statements":13,"batches":1,"bytes":16554,"plannerStates":297},{"name":"regenerate","wallMs":397.59,"statements":11,"batches":1,"bytes":16554,"plannerStates":297},{"name":"alternatives","wallMs":6.73,"statements":11,"batches":1,"bytes":4449,"plannerStates":null},{"name":"swap","wallMs":338.94,"statements":11,"batches":1,"bytes":16423,"plannerStates":250},{"name":"shopping","wallMs":20.67,"statements":11,"batches":1,"bytes":17211,"plannerStates":null},{"name":"current","wallMs":7.17,"statements":11,"batches":1,"bytes":16432,"plannerStates":null}]

stdout | tests/integration/recipe-media-route.test.ts > T14C — GET /api/v1/recipe-media/:recipeId/:role/:version (secure same-origin serving) > invalid role (/api/v1/recipe-media/gl-01/banner/2) → 404 RECIPE_MEDIA_INVALID_ROLE with no-store and no R2 access
[req] GET /api/v1/recipe-media/gl-01/banner/2 404 0ms 99a5a098-397c-42c9-b074-f41629e8fb01

stdout | tests/integration/recipe-media-route.test.ts > T14C — GET /api/v1/recipe-media/:recipeId/:role/:version (secure same-origin serving) > version zero (/api/v1/recipe-media/gl-01/hero/0) → 404 RECIPE_MEDIA_INVALID_VERSION with no-store and no R2 access
[req] GET /api/v1/recipe-media/gl-01/hero/0 404 0ms e3d4425e-1adf-4af8-af18-02d3e0790ebe

stdout | tests/integration/recipe-media-route.test.ts > T14C — GET /api/v1/recipe-media/:recipeId/:role/:version (secure same-origin serving) > negative version (/api/v1/recipe-media/gl-01/hero/-1) → 404 RECIPE_MEDIA_INVALID_VERSION with no-store and no R2 access
[req] GET /api/v1/recipe-media/gl-01/hero/-1 404 1ms 60b2ecd0-4286-4d15-9848-ef30d92664b3

stdout | tests/integration/recipe-media-route.test.ts > T14C — GET /api/v1/recipe-media/:recipeId/:role/:version (secure same-origin serving) > huge version (/api/v1/recipe-media/gl-01/hero/99999999999) → 404 RECIPE_MEDIA_INVALID_VERSION with no-store and no R2 access
[req] GET /api/v1/recipe-media/gl-01/hero/99999999999 404 0ms 3fe26454-2716-49cc-b533-98eab4cd8b93

stdout | tests/integration/recipe-media-route.test.ts > T14C — GET /api/v1/recipe-media/:recipeId/:role/:version (secure same-origin serving) > non-numeric version (/api/v1/recipe-media/gl-01/hero/v2.webp) → 404 RECIPE_MEDIA_INVALID_VERSION with no-store and no R2 access
[req] GET /api/v1/recipe-media/gl-01/hero/v2.webp 404 0ms 368017ed-c9ce-4ba4-8e0a-3ae3a90f7e5b

stdout | tests/integration/recipe-media-route.test.ts > T14C — GET /api/v1/recipe-media/:recipeId/:role/:version (secure same-origin serving) > float version (/api/v1/recipe-media/gl-01/hero/2.0) → 404 RECIPE_MEDIA_INVALID_VERSION with no-store and no R2 access
[req] GET /api/v1/recipe-media/gl-01/hero/2.0 404 1ms 395440ec-09eb-4773-80a3-b99b8dddb378

stdout | tests/integration/recipe-media-route.test.ts > T14C — GET /api/v1/recipe-media/:recipeId/:role/:version (secure same-origin serving) > uppercase recipe id (/api/v1/recipe-media/GL-01/hero/2) → 404 RECIPE_MEDIA_INVALID_RECIPE with no-store and no R2 access
[req] GET /api/v1/recipe-media/GL-01/hero/2 404 0ms 6dc32f50-75bf-4e69-aa09-f674a1ffd1b1

stdout | tests/integration/recipe-media-route.test.ts > T14C — GET /api/v1/recipe-media/:recipeId/:role/:version (secure same-origin serving) > encoded slash (/api/v1/recipe-media/gl-01%2f..%2fusers/hero/2) → 404 RECIPE_MEDIA_INVALID_PATH with no-store and no R2 access
[req] GET /api/v1/recipe-media/gl-01%2f..%2fusers/hero/2 404 0ms d6be5bb1-ad6e-44f7-98b4-eeb131375aa6

stdout | tests/e2e/t07-operations.test.mjs > T07 real Worker operational observations > keeps the resolved D1 authority when optional catalog enrichment fails without leaking private SQL
{"level":"info","event":"meal_planning_result","status":"feasible","conclusion":"feasible","truncated":true,"states":297}

stdout | tests/e2e/t07-operations.test.mjs > T07 real Worker operational observations > keeps the resolved D1 authority when optional catalog enrichment fails without leaking private SQL
[req] POST /api/v1/meal-planning/plans 200 489ms c67e31d9-8eb7-403d-bc3d-d006c77de569

stdout | tests/integration/recipe-media-route.test.ts > T14C — GET /api/v1/recipe-media/:recipeId/:role/:version (secure same-origin serving) > double encoding (/api/v1/recipe-media/gl-01%252f/hero/2) → 404 RECIPE_MEDIA_INVALID_PATH with no-store and no R2 access
[req] GET /api/v1/recipe-media/gl-01%252f/hero/2 404 0ms a3544586-8ab2-4c39-974b-8dba2c5a4160

stdout | tests/integration/recipe-media-route.test.ts > T14C — GET /api/v1/recipe-media/:recipeId/:role/:version (secure same-origin serving) > encoded backslash (/api/v1/recipe-media/gl-01%5c..%5cx/hero/2) → 404 RECIPE_MEDIA_INVALID_PATH with no-store and no R2 access
[req] GET /api/v1/recipe-media/gl-01\..\x/hero/2 404 0ms f6343b88-3f2f-47da-ad0b-f156328dbce2

stdout | tests/integration/recipe-media-route.test.ts > T14C — GET /api/v1/recipe-media/:recipeId/:role/:version (secure same-origin serving) > pending version (seeded v1) (/api/v1/recipe-media/gl-02/hero/1) → 409 RECIPE_MEDIA_PENDING with no-store and no R2 access
[req] GET /api/v1/recipe-media/gl-02/hero/1 409 1ms 98746f3f-0dff-4c41-aea9-9cbb9ba8e84c

stdout | tests/integration/recipe-media-route.test.ts > T14C — GET /api/v1/recipe-media/:recipeId/:role/:version (secure same-origin serving) > unknown version (/api/v1/recipe-media/gl-01/hero/9) → 404 RECIPE_MEDIA_NOT_FOUND with no-store and no R2 access
[req] GET /api/v1/recipe-media/gl-01/hero/9 404 0ms e3c0f20a-34e4-422a-92a7-369edd85b017

stdout | tests/integration/recipe-media-route.test.ts > T14C — GET /api/v1/recipe-media/:recipeId/:role/:version (secure same-origin serving) > traversal in raw or encoded path segments can only ever reach the trusted derived key, never an arbitrary object
[req] GET /api/users/x/hero/2 200 0ms 884eb504-a34f-41b1-9db3-3614e86ffc19

stdout | tests/integration/recipe-media-route.test.ts > T14C — GET /api/v1/recipe-media/:recipeId/:role/:version (secure same-origin serving) > traversal in raw or encoded path segments can only ever reach the trusted derived key, never an arbitrary object
[req] GET /api/v1/hero/2 401 0ms 305c6452-e13d-4f14-9c15-611b49b6818e

stdout | tests/integration/recipe-media-route.test.ts > T14C — GET /api/v1/recipe-media/:recipeId/:role/:version (secure same-origin serving) > traversal in raw or encoded path segments can only ever reach the trusted derived key, never an arbitrary object
[req] GET /api/v1/recipe-media/gl-01/hero/2\x00 404 0ms c3f5e4cc-23d3-49a3-af26-801968b971e0

stdout | tests/integration/recipe-media-route.test.ts > T14C — GET /api/v1/recipe-media/:recipeId/:role/:version (secure same-origin serving) > traversal in raw or encoded path segments can only ever reach the trusted derived key, never an arbitrary object
[req] GET /api/v1/recipe-media/gl-01/hero/2 200 1ms 1bd5df56-1842-4728-b079-49ae47b96ead

stdout | tests/integration/recipe-media-route.test.ts > T14C — GET /api/v1/recipe-media/:recipeId/:role/:version (secure same-origin serving) > traversal in raw or encoded path segments can only ever reach the trusted derived key, never an arbitrary object
[req] GET /api/v1/recipe-media/..%2f..%2fusers%2fx%2fscans%2fy%2foriginal.webp/hero/2 404 0ms 8046f6aa-1b07-43e7-abd4-66252964e169

stdout | tests/integration/recipe-media-route.test.ts > T14C — GET /api/v1/recipe-media/:recipeId/:role/:version (secure same-origin serving) > traversal in raw or encoded path segments can only ever reach the trusted derived key, never an arbitrary object
[req] GET /api/v1/recipe-media/gl-01/hero/2 200 0ms e6dec198-dff0-4e5a-b66d-ac48b608080e

stdout | tests/integration/recipe-media-route.test.ts > T14C — GET /api/v1/recipe-media/:recipeId/:role/:version (secure same-origin serving) > traversal in raw or encoded path segments can only ever reach the trusted derived key, never an arbitrary object
[req] GET /api/v1/recipe-media/gl-01/hero/2 200 0ms 713344cb-5fa0-469c-b34a-5d03fd62f63a

stdout | tests/integration/recipe-media-route.test.ts > T14C — GET /api/v1/recipe-media/:recipeId/:role/:version (secure same-origin serving) > rejected and superseded versions are 409; a superseded version does not serve stale bytes
[req] GET /api/v1/recipe-media/gl-01/hero/2 409 0ms 82631ce8-3e99-4e23-b1a7-a7bc736299af

stdout | tests/integration/recipe-media-route.test.ts > T14C — GET /api/v1/recipe-media/:recipeId/:role/:version (secure same-origin serving) > rejected and superseded versions are 409; a superseded version does not serve stale bytes
[req] GET /api/v1/recipe-media/gl-03/hero/1 409 0ms fd1666af-edf9-4491-b49c-5407fa25866e

stdout | tests/integration/recipe-media-route.test.ts > T14C — GET /api/v1/recipe-media/:recipeId/:role/:version (secure same-origin serving) > rejected and superseded versions are 409; a superseded version does not serve stale bytes
[req] GET /api/v1/recipe-media/gl-01/hero/3 200 0ms db616537-c762-4cf7-800a-382267264d74

stdout | tests/e2e/t07-operations.test.mjs > T07 real Worker operational observations > reports an empty catalog honestly instead of inventing a fallback plan
{"level":"info","event":"meal_planning_result","status":"feasible","conclusion":"feasible","truncated":true,"states":297}

stdout | tests/e2e/t07-operations.test.mjs > T07 real Worker operational observations > reports an empty catalog honestly instead of inventing a fallback plan
[req] POST /api/v1/meal-planning/plans 200 415ms 43ed43cd-3395-4ca7-b912-65edc0129882

stdout | tests/e2e/t07-operations.test.mjs > T07 real Worker operational observations > reports an empty catalog honestly instead of inventing a fallback plan
{"level":"info","event":"meal_planning_result","status":"infeasible","conclusion":"proven_infeasible","truncated":false,"states":1}

stdout | tests/e2e/t07-operations.test.mjs > T07 real Worker operational observations > reports an empty catalog honestly instead of inventing a fallback plan
[req] POST /api/v1/meal-planning/plans 200 8ms f000a654-3d00-4747-aa6f-2d947165354d

 ✓ tests/e2e/t07-operations.test.mjs (3 tests) 2619ms
   ✓ T07 real Worker operational observations > records bounded representative flow observations without performance thresholds  1326ms
   ✓ T07 real Worker operational observations > keeps the resolved D1 authority when optional catalog enrichment fails without leaking private SQL  760ms
   ✓ T07 real Worker operational observations > reports an empty catalog honestly instead of inventing a fallback plan  533ms
stdout | tests/integration/recipe-media-route.test.ts > T14C — GET /api/v1/recipe-media/:recipeId/:role/:version (secure same-origin serving) > missing R2 object → 404 + diagnostic; object MIME mismatch → 415; size mismatch → 409; never unrelated bytes
[req] GET /api/v1/recipe-media/gl-01/hero/2 404 0ms d8c5cc4f-938b-4a9d-8bf7-3a0b7fd2de9f

stdout | tests/integration/recipe-media-route.test.ts > T14C — GET /api/v1/recipe-media/:recipeId/:role/:version (secure same-origin serving) > missing R2 object → 404 + diagnostic; object MIME mismatch → 415; size mismatch → 409; never unrelated bytes
[req] GET /api/v1/recipe-media/gl-01/hero/2 415 0ms 4b05a2d6-17f0-4ae4-a1dc-e0490d981717

stdout | tests/integration/recipe-media-route.test.ts > T14C — GET /api/v1/recipe-media/:recipeId/:role/:version (secure same-origin serving) > missing R2 object → 404 + diagnostic; object MIME mismatch → 415; size mismatch → 409; never unrelated bytes
[req] GET /api/v1/recipe-media/gl-01/hero/2 409 1ms 4b0b3755-4808-4476-bc9b-7bb8f20deff1

stdout | tests/integration/recipe-media-route.test.ts > T14C — GET /api/v1/recipe-media/:recipeId/:role/:version (secure same-origin serving) > non-canonical storage keys are now rejected by SQL itself; a status flipped to ready behind the helpers still fails closed at the route
[req] GET /api/v1/recipe-media/gl-01/hero/2 404 0ms c7ee69ba-1d35-4561-82a5-0b706c37c855

stdout | tests/integration/recipe-media-route.test.ts > T14C — GET /api/v1/recipe-media/:recipeId/:role/:version (secure same-origin serving) > no DB or no IMAGES binding → 503, never 500; D1 read failure → 503 with diagnostic
[req] GET /api/v1/recipe-media/gl-01/hero/2 503 0ms 8928170d-0cf2-4f78-90dc-5fc0262d6bef

stdout | tests/integration/recipe-media-route.test.ts > T14C — GET /api/v1/recipe-media/:recipeId/:role/:version (secure same-origin serving) > no DB or no IMAGES binding → 503, never 500; D1 read failure → 503 with diagnostic
[req] GET /api/v1/recipe-media/gl-01/hero/2 503 0ms 358a8aa4-2a55-437b-8280-549c66bd6df5

stdout | tests/integration/recipe-media-route.test.ts > T14C — GET /api/v1/recipe-media/:recipeId/:role/:version (secure same-origin serving) > diagnostics are bounded per window and never include bytes/keys
[req] GET /api/v1/recipe-media/gl-01/hero/2 404 0ms e5c76bc7-b792-4c11-8c74-6615d51bba42

stdout | tests/integration/recipe-media-route.test.ts > T14C — GET /api/v1/recipe-media/:recipeId/:role/:version (secure same-origin serving) > diagnostics are bounded per window and never include bytes/keys
[req] GET /api/v1/recipe-media/gl-01/hero/2 404 0ms 4092593c-10bc-4be9-9251-d3b864371273

stdout | tests/integration/recipe-media-route.test.ts > T14C — GET /api/v1/recipe-media/:recipeId/:role/:version (secure same-origin serving) > diagnostics are bounded per window and never include bytes/keys
[req] GET /api/v1/recipe-media/gl-01/hero/2 404 0ms 036cb6b6-7e19-4ad9-b688-8aacc6c51acf

stdout | tests/integration/recipe-media-route.test.ts > T14C — GET /api/v1/recipe-media/:recipeId/:role/:version (secure same-origin serving) > diagnostics are bounded per window and never include bytes/keys
[req] GET /api/v1/recipe-media/gl-01/hero/2 404 0ms b75e66ec-7836-42bc-8920-a54b24d65e8d

stdout | tests/integration/recipe-media-route.test.ts > T14C — GET /api/v1/recipe-media/:recipeId/:role/:version (secure same-origin serving) > diagnostics are bounded per window and never include bytes/keys
[req] GET /api/v1/recipe-media/gl-01/hero/2 404 1ms ba73b89f-d59f-4996-b8dc-34f47927fb31

stdout | tests/integration/recipe-media-route.test.ts > T14C — GET /api/v1/recipe-media/:recipeId/:role/:version (secure same-origin serving) > diagnostics are bounded per window and never include bytes/keys
[req] GET /api/v1/recipe-media/gl-01/hero/2 404 0ms cc1f888f-9f76-4687-ac1a-159adb285bb0

stdout | tests/integration/recipe-media-route.test.ts > T14C — GET /api/v1/recipe-media/:recipeId/:role/:version (secure same-origin serving) > diagnostics are bounded per window and never include bytes/keys
[req] GET /api/v1/recipe-media/gl-01/hero/2 404 0ms 65e57a0c-eb76-4939-b605-9c180e4ec94f

stdout | tests/integration/recipe-media-route.test.ts > T14C — GET /api/v1/recipe-media/:recipeId/:role/:version (secure same-origin serving) > diagnostics are bounded per window and never include bytes/keys
[req] GET /api/v1/recipe-media/gl-01/hero/2 404 0ms 05e49aa9-abe3-4700-8f09-59482f9ffd28

stdout | tests/integration/recipe-media-route.test.ts > T14C — GET /api/v1/recipe-media/:recipeId/:role/:version (secure same-origin serving) > diagnostics are bounded per window and never include bytes/keys
[req] GET /api/v1/recipe-media/gl-01/hero/2 404 0ms 985336d9-174b-4ded-96d3-cab2e29fb2b2

stdout | tests/integration/recipe-media-route.test.ts > T14C — GET /api/v1/recipe-media/:recipeId/:role/:version (secure same-origin serving) > diagnostics are bounded per window and never include bytes/keys
[req] GET /api/v1/recipe-media/gl-01/hero/2 404 0ms 4c7b8cf3-098c-4462-b639-ccb2c7ec4cc2

stdout | tests/integration/recipe-media-route.test.ts > T14C — GET /api/v1/recipe-media/:recipeId/:role/:version (secure same-origin serving) > diagnostics are bounded per window and never include bytes/keys
[req] GET /api/v1/recipe-media/gl-01/hero/2 404 0ms e4c020ff-8618-4217-acf4-f8536abfd311

stdout | tests/integration/recipe-media-route.test.ts > T14C — GET /api/v1/recipe-media/:recipeId/:role/:version (secure same-origin serving) > diagnostics are bounded per window and never include bytes/keys
[req] GET /api/v1/recipe-media/gl-01/hero/2 404 1ms 64f89e89-8268-4e9f-ba0c-788a8878a311

stdout | tests/integration/recipe-media-route.test.ts > T14C — GET /api/v1/recipe-media/:recipeId/:role/:version (secure same-origin serving) > diagnostics are bounded per window and never include bytes/keys
[req] GET /api/v1/recipe-media/gl-01/hero/2 404 0ms d97b6165-922d-4e6e-bb48-ec61a4c3edf6

stdout | tests/integration/recipe-media-route.test.ts > T14C — GET /api/v1/recipe-media/:recipeId/:role/:version (secure same-origin serving) > diagnostics are bounded per window and never include bytes/keys
[req] GET /api/v1/recipe-media/gl-01/hero/2 404 0ms da456dfb-defe-4b98-a7f9-74f34f8bac2f

stdout | tests/integration/recipe-media-route.test.ts > T14C — GET /api/v1/recipe-media/:recipeId/:role/:version (secure same-origin serving) > diagnostics are bounded per window and never include bytes/keys
[req] GET /api/v1/recipe-media/gl-01/hero/2 404 0ms 8b8bd696-df82-4e69-91e0-fbf2d9b5d454

stdout | tests/integration/recipe-media-route.test.ts > T14C — GET /api/v1/recipe-media/:recipeId/:role/:version (secure same-origin serving) > diagnostics are bounded per window and never include bytes/keys
[req] GET /api/v1/recipe-media/gl-01/hero/2 404 0ms 07bda52a-f472-4bb6-bcff-2646bf48eb22

stdout | tests/integration/recipe-media-route.test.ts > T14C — GET /api/v1/recipe-media/:recipeId/:role/:version (secure same-origin serving) > diagnostics are bounded per window and never include bytes/keys
[req] GET /api/v1/recipe-media/gl-01/hero/2 404 0ms 4b4b6a65-ade6-4ca7-a1da-ca3a44ddda1c

stdout | tests/integration/recipe-media-route.test.ts > T14C — GET /api/v1/recipe-media/:recipeId/:role/:version (secure same-origin serving) > diagnostics are bounded per window and never include bytes/keys
[req] GET /api/v1/recipe-media/gl-01/hero/2 404 1ms d1344a19-121f-47ff-a78d-b6653c76a1e0

stdout | tests/integration/recipe-media-route.test.ts > T14C — GET /api/v1/recipe-media/:recipeId/:role/:version (secure same-origin serving) > diagnostics are bounded per window and never include bytes/keys
[req] GET /api/v1/recipe-media/gl-01/hero/2 404 0ms 247c36b6-8b02-4e22-a275-0b5c9cdc5332

stdout | tests/integration/recipe-media-route.test.ts > T14C — GET /api/v1/recipe-media/:recipeId/:role/:version (secure same-origin serving) > diagnostics are bounded per window and never include bytes/keys
[req] GET /api/v1/recipe-media/gl-01/hero/2 404 0ms e6a2093e-85ca-400b-bfa8-f8db7ee11cce

stdout | tests/integration/recipe-media-route.test.ts > T14C — GET /api/v1/recipe-media/:recipeId/:role/:version (secure same-origin serving) > diagnostics are bounded per window and never include bytes/keys
[req] GET /api/v1/recipe-media/gl-01/hero/2 404 0ms c94f5e78-0a86-4893-9efa-9c1be21b84a1

stdout | tests/integration/recipe-media-route.test.ts > T14C — GET /api/v1/recipe-media/:recipeId/:role/:version (secure same-origin serving) > diagnostics are bounded per window and never include bytes/keys
[req] GET /api/v1/recipe-media/gl-01/hero/2 404 0ms 894b4c1f-fc68-4f9b-90d7-0690b7d0a179

stdout | tests/integration/recipe-media-route.test.ts > T14C — GET /api/v1/recipe-media/:recipeId/:role/:version (secure same-origin serving) > diagnostics are bounded per window and never include bytes/keys
[req] GET /api/v1/recipe-media/gl-01/hero/2 404 0ms b6e581c8-dbad-442b-b0c6-16bd1865e281

stdout | tests/integration/recipe-media-route.test.ts > T14C — GET /api/v1/recipe-media/:recipeId/:role/:version (secure same-origin serving) > diagnostics are bounded per window and never include bytes/keys
[req] GET /api/v1/recipe-media/gl-01/hero/2 404 0ms 9b5f1714-7c0a-445e-b62a-dd371ad19f4b

stdout | tests/integration/recipe-media-route.test.ts > T14C — GET /api/v1/recipe-media/:recipeId/:role/:version (secure same-origin serving) > diagnostics are bounded per window and never include bytes/keys
[req] GET /api/v1/recipe-media/gl-01/hero/2 404 0ms fe621226-d818-481c-9a87-b57154661c10

stdout | tests/integration/recipe-media-route.test.ts > T14C — GET /api/v1/recipe-media/:recipeId/:role/:version (secure same-origin serving) > diagnostics are bounded per window and never include bytes/keys
[req] GET /api/v1/recipe-media/gl-01/hero/2 404 0ms ce150a4b-0c8d-44ed-be41-1159661f7417

stdout | tests/integration/recipe-media-route.test.ts > T14C — GET /api/v1/recipe-media/:recipeId/:role/:version (secure same-origin serving) > diagnostics are bounded per window and never include bytes/keys
[req] GET /api/v1/recipe-media/gl-01/hero/2 404 0ms 2afa8825-9a4c-40f1-9ad0-e640cf504400

stdout | tests/integration/recipe-media-route.test.ts > T14C — GET /api/v1/recipe-media/:recipeId/:role/:version (secure same-origin serving) > diagnostics are bounded per window and never include bytes/keys
[req] GET /api/v1/recipe-media/gl-01/hero/2 404 0ms fc8d8e97-ee34-4b4a-be31-ba1a5cbc510b

stdout | tests/integration/recipe-media-route.test.ts > T14C — GET /api/v1/recipe-media/:recipeId/:role/:version (secure same-origin serving) > diagnostics are bounded per window and never include bytes/keys
[req] GET /api/v1/recipe-media/gl-01/hero/2 404 0ms 0c662821-baa1-4344-8bb5-e9bec7be0955

stdout | tests/integration/recipe-media-route.test.ts > T14C — GET /api/v1/recipe-media/:recipeId/:role/:version (secure same-origin serving) > diagnostics are bounded per window and never include bytes/keys
[req] GET /api/v1/recipe-media/gl-01/hero/2 404 0ms b1e0dd15-0b7d-478e-8339-e32488180e38

stdout | tests/integration/recipe-media-route.test.ts > T14C — GET /api/v1/recipe-media/:recipeId/:role/:version (secure same-origin serving) > is not a public write surface: POST/PUT/DELETE on the media path are not routed to media
[req] POST /api/v1/recipe-media/gl-01/hero/2 401 0ms 2ae33f45-b1d0-43df-9df6-be8ed1ceb46f

stdout | tests/integration/recipe-media-route.test.ts > T14C — GET /api/v1/recipe-media/:recipeId/:role/:version (secure same-origin serving) > is not a public write surface: POST/PUT/DELETE on the media path are not routed to media
[req] PUT /api/v1/recipe-media/gl-01/hero/2 401 0ms 641e6917-d2e9-4432-890c-def6f3d271f0

stdout | tests/integration/recipe-media-route.test.ts > T14C — GET /api/v1/recipe-media/:recipeId/:role/:version (secure same-origin serving) > is not a public write surface: POST/PUT/DELETE on the media path are not routed to media
[req] DELETE /api/v1/recipe-media/gl-01/hero/2 401 1ms 9b552355-f750-4ceb-946d-dfdee6c9109c

stdout | tests/integration/recipe-media-route.test.ts > T14C — GET /api/v1/recipe-media/:recipeId/:role/:version (secure same-origin serving) > is not a public write surface: POST/PUT/DELETE on the media path are not routed to media
[req] PATCH /api/v1/recipe-media/gl-01/hero/2 401 0ms ece97871-7f32-48a8-805a-3afb520586f7

stdout | tests/integration/t19-recipe-authority-observability.test.ts > public readiness recipeAuthority summary > { RECIPE_CATALOG_MODE: 'canary', RECIPE_CATALOG_CUTOVER_ENABLED: 'true', RECIPE_CATALOG_D1_CANARY_PERCENT: '5' } → { configuredMode: 'canary', cutoverEnabled: true, canaryPercent: 5, globalSource: 'mixed', fallbackReason: null }
{"event":"recipe_catalog_shadow","catalog_source":"static","catalog_mode":"shadow","status":"compared","catalog_static_count":71,"level":"info","catalog_d1_count":500,"catalog_complete_count":500,"catalog_hydrated_count":500,"catalog_static_only_count":0,"catalog_d1_only_count":429,"catalog_drift_count":0,"catalog_order_drift_count":0,"catalog_hydration_failure_count":0,"catalog_lookup_ms":209,"release_id":"rel-bd00a4f53fcaeee4","release_expected_count":500,"release_readiness":"ready","release_readiness_code":null,"release_reviewed_growth_count":429,"drift_sample":[],"order_drift_sample":[],"hydration_failure_sample":[]}

 ✓ tests/integration/recipe-media-route.test.ts (27 tests) 2558ms
stdout | tests/integration/t19-recipe-authority-observability.test.ts > protected release evidence endpoint > shadow: evidence is complete, PII-free, and passes the release-check proof for its approved manifest
{"event":"recipe_catalog_shadow","catalog_source":"static","catalog_mode":"shadow","status":"compared","catalog_static_count":71,"level":"info","catalog_d1_count":500,"catalog_complete_count":500,"catalog_hydrated_count":500,"catalog_static_only_count":0,"catalog_d1_only_count":429,"catalog_drift_count":0,"catalog_order_drift_count":0,"catalog_hydration_failure_count":0,"catalog_lookup_ms":95,"release_id":"rel-bd00a4f53fcaeee4","release_expected_count":500,"release_readiness":"ready","release_readiness_code":null,"release_reviewed_growth_count":429,"drift_sample":[],"order_drift_sample":[],"hydration_failure_sample":[]}

stdout | tests/integration/t19-recipe-authority-observability.test.ts > protected release evidence endpoint > shadow evidence actively probes D1 and refuses promotion when that probe falls back
{"event":"recipe_catalog_shadow","catalog_source":"static","catalog_mode":"shadow","status":"compared","catalog_static_count":71,"level":"warn","catalog_d1_count":500,"catalog_complete_count":499,"catalog_hydrated_count":499,"catalog_static_only_count":1,"catalog_d1_only_count":429,"catalog_drift_count":0,"catalog_order_drift_count":0,"catalog_hydration_failure_count":1,"catalog_lookup_ms":88,"release_id":"rel-bd00a4f53fcaeee4","release_expected_count":500,"release_readiness":"not_ready","release_readiness_code":"CATALOG_DIAGNOSTICS","release_reviewed_growth_count":0,"drift_sample":[],"order_drift_sample":[],"hydration_failure_sample":[{"id":"vn-canh-01","code":"incomplete_entry"}]}

 ✓ tests/integration/t19-recipe-authority-observability.test.ts (19 tests) 2510ms
 ✓ tests/unit/t21rc2-schema-boundary.test.mjs (9 tests) 2463ms
   ✓ T21RC2 offline reconciliation schema boundary > covers 500 synthetic captured recipes and production counts at, above, and 3x the 2702 target size  889ms
   ✓ T21RC2 offline reconciliation schema boundary > validates a mixed synthetic production corpus at 3x the 2702 target size  1336ms
 ✓ tests/integration/inventory-lot-schema.test.ts (26 tests) 2389ms
 ✓ tests/unit/week-query-sync.test.ts (80 tests) 2419ms
stderr | tests/integration/browser-security.test.ts > browser client against real cookie-authenticated SQLite routes > logs in, validates /me and persists an authenticated API mutation without a script-readable credential
{"level":"warn","limiter":"rl_auth","reason":"kv-unbound","message":"Rate limiter degraded to isolate-local counters; enforcement is not globally reliable."}

stderr | tests/integration/browser-security.test.ts > browser client against real cookie-authenticated SQLite routes > logs in, validates /me and persists an authenticated API mutation without a script-readable credential
{"level":"warn","limiter":"rl_inv_w","reason":"kv-unbound","message":"Rate limiter degraded to isolate-local counters; enforcement is not globally reliable."}

stderr | tests/integration/browser-security.test.ts > browser client against real cookie-authenticated SQLite routes > isolates real inventory, shopping and Week caches through A → logout → B → reload → offline
{"level":"warn","limiter":"rl_shop_w","reason":"kv-unbound","message":"Rate limiter degraded to isolate-local counters; enforcement is not globally reliable."}

stderr | tests/integration/browser-security.test.ts > browser client against real cookie-authenticated SQLite routes > isolates real inventory, shopping and Week caches through A → logout → B → reload → offline
{"level":"warn","limiter":"rl_week_w","reason":"kv-unbound","message":"Rate limiter degraded to isolate-local counters; enforcement is not globally reliable."}

 ✓ tests/integration/inventory-observations.test.ts (22 tests) 2354ms
 ✓ tests/integration/browser-security.test.ts (12 tests) 2298ms
stderr | tests/integration/scan-quota-idempotency.test.ts > D1 scan quota and request idempotency > recovers an ambiguous queue send with the same job and no quota refund or new charge
Scan queue enqueue failed

 ✓ tests/integration/scan-quota-idempotency.test.ts (24 tests) 2205ms
stderr | tests/integration/inventory-adoption.test.ts > T09F atomic adoption authority > activates a backfilled household atomically with preserved identities
{"level":"warn","limiter":"rl_inv_w","reason":"kv-unbound","message":"Rate limiter degraded to isolate-local counters; enforcement is not globally reliable."}

stderr | tests/integration/t13-receipt-vision-d1.test.mjs > T13B-A real D1 purchase-lot and correction provenance regressions > a real D1 event failure rolls back every receipt lot, review, command, event and observation
✘ [ERROR] Adopted scan confirmation failed: Error: D1_ERROR: T13B-A injected event failure: SQLITE_CONSTRAINT

      at D1DatabaseSessionAlwaysPrimary._sendOrThrow (cloudflare-internal:d1-api:125:19)
      at async D1DatabaseSessionAlwaysPrimary.batch (cloudflare-internal:d1-api:80:23)
      ... 7 lines matching cause stack trace ...
      at async Object.fetch (file:///Users/tunbee27/Documents/Tako-san-ui-rebuild/tests/helpers/inventory-lot-d1-worker.ts:235:26) {
    [cause]: Error: T13B-A injected event failure: SQLITE_CONSTRAINT
        at D1DatabaseSessionAlwaysPrimary._sendOrThrow (cloudflare-internal:d1-api:126:24)
        at async D1DatabaseSessionAlwaysPrimary.batch (cloudflare-internal:d1-api:80:23)
        at async confirmAdoptedScan (file:///Users/tunbee27/Documents/Tako-san-ui-rebuild/src/worker/routes/scans.ts:194:21)
        at async dispatch (file:///Users/tunbee27/Documents/Tako-san-ui-rebuild/node_modules/.pnpm/hono@4.13.7/node_modules/hono/dist/compose.js:22:17)
        at async tenancyGuard (file:///Users/tunbee27/Documents/Tako-san-ui-rebuild/src/worker/middleware/tenancy.ts:69:3)
        at async dispatch (file:///Users/tunbee27/Documents/Tako-san-ui-rebuild/node_modules/.pnpm/hono@4.13.7/node_modules/hono/dist/compose.js:22:17)
        at null.<anonymous> (async file:///Users/tunbee27/Documents/Tako-san-ui-rebuild/.wrangler/tmp/dev-8ZtUeI/inventory-lot-d1-worker.js:18810:11)
        at async dispatch (file:///Users/tunbee27/Documents/Tako-san-ui-rebuild/node_modules/.pnpm/hono@4.13.7/node_modules/hono/dist/compose.js:22:17)
        at null.<anonymous> (async file:///Users/tunbee27/Documents/Tako-san-ui-rebuild/.wrangler/tmp/dev-8ZtUeI/inventory-lot-d1-worker.js:1450:25)
        at async Object.fetch (file:///Users/tunbee27/Documents/Tako-san-ui-rebuild/tests/helpers/inventory-lot-d1-worker.ts:235:26)
  }



stderr | tests/integration/t13-receipt-vision-d1.test.mjs > T13B-A real D1 purchase-lot and correction provenance regressions > a real D1 observation failure rolls back every receipt lot, review, command, event and observation
✘ [ERROR] Adopted scan confirmation failed: Error: D1_ERROR: T13B-A injected observation failure: SQLITE_CONSTRAINT

      at D1DatabaseSessionAlwaysPrimary._sendOrThrow (cloudflare-internal:d1-api:125:19)
      at async D1DatabaseSessionAlwaysPrimary.batch (cloudflare-internal:d1-api:80:23)
      ... 7 lines matching cause stack trace ...
      at async Object.fetch (file:///Users/tunbee27/Documents/Tako-san-ui-rebuild/tests/helpers/inventory-lot-d1-worker.ts:235:26) {
    [cause]: Error: T13B-A injected observation failure: SQLITE_CONSTRAINT
        at D1DatabaseSessionAlwaysPrimary._sendOrThrow (cloudflare-internal:d1-api:126:24)
        at async D1DatabaseSessionAlwaysPrimary.batch (cloudflare-internal:d1-api:80:23)
        at async confirmAdoptedScan (file:///Users/tunbee27/Documents/Tako-san-ui-rebuild/src/worker/routes/scans.ts:194:21)
        at async dispatch (file:///Users/tunbee27/Documents/Tako-san-ui-rebuild/node_modules/.pnpm/hono@4.13.7/node_modules/hono/dist/compose.js:22:17)
        at async tenancyGuard (file:///Users/tunbee27/Documents/Tako-san-ui-rebuild/src/worker/middleware/tenancy.ts:69:3)
        at async dispatch (file:///Users/tunbee27/Documents/Tako-san-ui-rebuild/node_modules/.pnpm/hono@4.13.7/node_modules/hono/dist/compose.js:22:17)
        at null.<anonymous> (async file:///Users/tunbee27/Documents/Tako-san-ui-rebuild/.wrangler/tmp/dev-8ZtUeI/inventory-lot-d1-worker.js:18810:11)
        at async dispatch (file:///Users/tunbee27/Documents/Tako-san-ui-rebuild/node_modules/.pnpm/hono@4.13.7/node_modules/hono/dist/compose.js:22:17)
        at null.<anonymous> (async file:///Users/tunbee27/Documents/Tako-san-ui-rebuild/.wrangler/tmp/dev-8ZtUeI/inventory-lot-d1-worker.js:1450:25)
        at async Object.fetch (file:///Users/tunbee27/Documents/Tako-san-ui-rebuild/tests/helpers/inventory-lot-d1-worker.ts:235:26)
  }



stderr | tests/integration/t13-receipt-vision-d1.test.mjs > T13B-A real D1 purchase-lot and correction provenance regressions > a real D1 completion failure rolls back every receipt lot, review, command, event and observation
✘ [ERROR] Adopted scan confirmation failed: Error: D1_ERROR: T13B-A injected completion failure: SQLITE_CONSTRAINT

      at D1DatabaseSessionAlwaysPrimary._sendOrThrow (cloudflare-internal:d1-api:125:19)
      at async D1DatabaseSessionAlwaysPrimary.batch (cloudflare-internal:d1-api:80:23)
      ... 7 lines matching cause stack trace ...
      at async Object.fetch (file:///Users/tunbee27/Documents/Tako-san-ui-rebuild/tests/helpers/inventory-lot-d1-worker.ts:235:26) {
    [cause]: Error: T13B-A injected completion failure: SQLITE_CONSTRAINT
        at D1DatabaseSessionAlwaysPrimary._sendOrThrow (cloudflare-internal:d1-api:126:24)
        at async D1DatabaseSessionAlwaysPrimary.batch (cloudflare-internal:d1-api:80:23)
        at async confirmAdoptedScan (file:///Users/tunbee27/Documents/Tako-san-ui-rebuild/src/worker/routes/scans.ts:194:21)
        at async dispatch (file:///Users/tunbee27/Documents/Tako-san-ui-rebuild/node_modules/.pnpm/hono@4.13.7/node_modules/hono/dist/compose.js:22:17)
        at async tenancyGuard (file:///Users/tunbee27/Documents/Tako-san-ui-rebuild/src/worker/middleware/tenancy.ts:69:3)
        at async dispatch (file:///Users/tunbee27/Documents/Tako-san-ui-rebuild/node_modules/.pnpm/hono@4.13.7/node_modules/hono/dist/compose.js:22:17)
        at null.<anonymous> (async file:///Users/tunbee27/Documents/Tako-san-ui-rebuild/.wrangler/tmp/dev-8ZtUeI/inventory-lot-d1-worker.js:18810:11)
        at async dispatch (file:///Users/tunbee27/Documents/Tako-san-ui-rebuild/node_modules/.pnpm/hono@4.13.7/node_modules/hono/dist/compose.js:22:17)
        at null.<anonymous> (async file:///Users/tunbee27/Documents/Tako-san-ui-rebuild/.wrangler/tmp/dev-8ZtUeI/inventory-lot-d1-worker.js:1450:25)
        at async Object.fetch (file:///Users/tunbee27/Documents/Tako-san-ui-rebuild/tests/helpers/inventory-lot-d1-worker.ts:235:26)
  }



 ✓ tests/integration/t13-receipt-vision-d1.test.mjs (22 tests) 2212ms
stderr | tests/integration/inventory-adoption.test.ts > T09F adopted-household writer adapters > imports shopping stock into lots and completes the durable command
{"level":"warn","limiter":"rl_week_w","reason":"kv-unbound","message":"Rate limiter degraded to isolate-local counters; enforcement is not globally reliable."}

 ✓ tests/integration/inventory-adoption.test.ts (19 tests) 2081ms
stdout | tests/unit/recipe-authority.test.ts > T14D — authority router: modes, fallback, cache/singleflight, observability > static (default) and shadow serve ALL_RECIPES without touching D1 for content; shadow schedules the comparison off-response
{"event":"recipe_catalog_shadow","catalog_source":"static","catalog_mode":"shadow","status":"compared","catalog_static_count":71,"level":"info","catalog_d1_count":500,"catalog_complete_count":500,"catalog_hydrated_count":500,"catalog_static_only_count":0,"catalog_d1_only_count":429,"catalog_drift_count":0,"catalog_order_drift_count":0,"catalog_hydration_failure_count":0,"catalog_lookup_ms":0,"release_id":"rel-bd00a4f53fcaeee4","release_expected_count":500,"release_readiness":"ready","release_readiness_code":null,"release_reviewed_growth_count":429,"drift_sample":[],"order_drift_sample":[],"hydration_failure_sample":[]}

 ✓ tests/unit/release-check.test.mjs (258 tests) 2004ms
 ✓ tests/unit/recipe-authority.test.ts (17 tests) 1878ms
 ✓ tests/unit/production-migration-preflight.test.mjs (15 tests) 1901ms
 ✓ tests/integration/inventory-backfilled-fefo.test.ts (13 tests) 1871ms
   ✓ T09 final FEFO v2 backfill compatibility > keeps one authority outcome when backfilled FEFO races FEFO, CORRECT, DISCARD or MOVE  451ms
stderr | tests/unit/t21rc2-classification-diagnostics.test.mjs > T21R-C2D diagnostic receipts reconstruct only static metadata > redacts real T21RC2_CLASSIFICATION_SCHEMA_REJECTED failure context
t21rc2_schema={"section":"root","field":"unknown","keyword":"additionalProperties","code":"ROOT_ADDITIONAL_PROPERTIES"}

 ✓ tests/unit/synthetic-ocr-generator.test.mjs (1 test) 1917ms
   ✓ synthetic OCR source-first fixture > renders a reproducible four-case/16-variant matrix from independent source rows  1916ms
 ✓ tests/unit/t21rc2-classification-diagnostics.test.mjs (63 tests) 1931ms
   ✓ T21R-C2D divergence is evidence, not a classification failure > classifies extreme divergence against unchanged offline certified 500/2702 authority  1457ms
   ✓ T21R-C2D credential-free classify command boundaries > the real CLI logs only the specific binding code and records a sanitized failure receipt  362ms
stderr | tests/integration/scan-response-loss.test.ts > server scan confirmation response-loss recovery (real SQLite HTTP) > does not queue HTTP 500 with a 'intact' response body
D1 confirmScan items insert failed: Error: injected confirmation failure
    at SqliteD1.execute (/Users/tunbee27/Documents/Tako-san-ui-rebuild/tests/helpers/sqlite-d1.ts:130:30)
    at /Users/tunbee27/Documents/Tako-san-ui-rebuild/tests/helpers/sqlite-d1.ts:97:50
    at Array.map (<anonymous>)
    at SqliteD1.batch (/Users/tunbee27/Documents/Tako-san-ui-rebuild/tests/helpers/sqlite-d1.ts:97:26)
    at runLegacyInventoryBatch (/Users/tunbee27/Documents/Tako-san-ui-rebuild/packages/db/src/inventory-writer-fence.ts:62:21)
    at /Users/tunbee27/Documents/Tako-san-ui-rebuild/src/worker/routes/scans.ts:1834:26
    at dispatch (file:///Users/tunbee27/Documents/Tako-san-ui-rebuild/node_modules/.pnpm/hono@4.13.7/node_modules/hono/dist/compose.js:22:17)
    at tenancyGuard (/Users/tunbee27/Documents/Tako-san-ui-rebuild/src/worker/middleware/tenancy.ts:69:3)
    at dispatch (file:///Users/tunbee27/Documents/Tako-san-ui-rebuild/node_modules/.pnpm/hono@4.13.7/node_modules/hono/dist/compose.js:22:17)
    at authMiddleware (/Users/tunbee27/Documents/Tako-san-ui-rebuild/src/worker/middleware/auth.ts:91:16) {
  code: 'ERR_SQLITE_ERROR',
  errcode: 1811,
  errstr: 'constraint failed'
}

stderr | tests/integration/scan-response-loss.test.ts > server scan confirmation response-loss recovery (real SQLite HTTP) > does not queue HTTP 500 with a 'TypeError' response body
D1 confirmScan items insert failed: Error: injected confirmation failure
    at SqliteD1.execute (/Users/tunbee27/Documents/Tako-san-ui-rebuild/tests/helpers/sqlite-d1.ts:130:30)
    at /Users/tunbee27/Documents/Tako-san-ui-rebuild/tests/helpers/sqlite-d1.ts:97:50
    at Array.map (<anonymous>)
    at SqliteD1.batch (/Users/tunbee27/Documents/Tako-san-ui-rebuild/tests/helpers/sqlite-d1.ts:97:26)
    at runLegacyInventoryBatch (/Users/tunbee27/Documents/Tako-san-ui-rebuild/packages/db/src/inventory-writer-fence.ts:62:21)
    at /Users/tunbee27/Documents/Tako-san-ui-rebuild/src/worker/routes/scans.ts:1834:26
    at dispatch (file:///Users/tunbee27/Documents/Tako-san-ui-rebuild/node_modules/.pnpm/hono@4.13.7/node_modules/hono/dist/compose.js:22:17)
    at tenancyGuard (/Users/tunbee27/Documents/Tako-san-ui-rebuild/src/worker/middleware/tenancy.ts:69:3)
    at dispatch (file:///Users/tunbee27/Documents/Tako-san-ui-rebuild/node_modules/.pnpm/hono@4.13.7/node_modules/hono/dist/compose.js:22:17)
    at authMiddleware (/Users/tunbee27/Documents/Tako-san-ui-rebuild/src/worker/middleware/auth.ts:91:16) {
  code: 'ERR_SQLITE_ERROR',
  errcode: 1811,
  errstr: 'constraint failed'
}

stderr | tests/integration/scan-response-loss.test.ts > server scan confirmation response-loss recovery (real SQLite HTTP) > does not queue HTTP 500 with a 'AbortError' response body
D1 confirmScan items insert failed: Error: injected confirmation failure
    at SqliteD1.execute (/Users/tunbee27/Documents/Tako-san-ui-rebuild/tests/helpers/sqlite-d1.ts:130:30)
    at /Users/tunbee27/Documents/Tako-san-ui-rebuild/tests/helpers/sqlite-d1.ts:97:50
    at Array.map (<anonymous>)
    at SqliteD1.batch (/Users/tunbee27/Documents/Tako-san-ui-rebuild/tests/helpers/sqlite-d1.ts:97:26)
    at runLegacyInventoryBatch (/Users/tunbee27/Documents/Tako-san-ui-rebuild/packages/db/src/inventory-writer-fence.ts:62:21)
    at /Users/tunbee27/Documents/Tako-san-ui-rebuild/src/worker/routes/scans.ts:1834:26
    at dispatch (file:///Users/tunbee27/Documents/Tako-san-ui-rebuild/node_modules/.pnpm/hono@4.13.7/node_modules/hono/dist/compose.js:22:17)
    at tenancyGuard (/Users/tunbee27/Documents/Tako-san-ui-rebuild/src/worker/middleware/tenancy.ts:69:3)
    at dispatch (file:///Users/tunbee27/Documents/Tako-san-ui-rebuild/node_modules/.pnpm/hono@4.13.7/node_modules/hono/dist/compose.js:22:17)
    at authMiddleware (/Users/tunbee27/Documents/Tako-san-ui-rebuild/src/worker/middleware/auth.ts:91:16) {
  code: 'ERR_SQLITE_ERROR',
  errcode: 1811,
  errstr: 'constraint failed'
}

 ✓ tests/integration/scan-response-loss.test.ts (19 tests) 1826ms
 ✓ tests/unit/t21rc4-cloudflare-identity-diagnostic.test.mjs (54 tests) 1873ms
   ✓ C4I additions preserve independently reviewed C2 execution bytes > real reviewed SHA remains eligible after additive diagnostic; a bound-byte mutation rejects  350ms
   ✓ T21R-C4L intentionally invalidates both prior reviewed execution SHAs > C4I reviewed SHA a0c1cfd rejects the remediated diagnostic bytes  857ms
   ✓ T21R-C4L intentionally invalidates both prior reviewed execution SHAs > C2 reviewed SHA 93c4055 rejects the remediated capture bytes  339ms
 ✓ tests/unit/production-media-preservation.test.mjs (17 tests) 1766ms
 ✓ tests/integration/t20-disabled-schema.test.ts (2 tests) 1610ms
   ✓ flag OFF keeps static V1 planning/shopping/regenerate independent of unapplied 0039  608ms
   ✓ flag OFF keeps d1 V1 planning/shopping/regenerate independent of unapplied 0039  1001ms
stderr | tests/integration/inventory-writer-fence.test.ts > T09F legacy writer activation fences > replays an adopted PATCH after response loss without weakening new-command CAS
{"level":"warn","limiter":"rl_inv_w","reason":"kv-unbound","message":"Rate limiter degraded to isolate-local counters; enforcement is not globally reliable."}

stderr | tests/integration/inventory-writer-fence.test.ts > T09F legacy writer activation fences > imports shopping stock through the authority and completes the durable command
{"level":"warn","limiter":"rl_week_w","reason":"kv-unbound","message":"Rate limiter degraded to isolate-local counters; enforcement is not globally reliable."}

 ✓ tests/integration/inventory-writer-fence.test.ts (15 tests) 1606ms
 ✓ tests/integration/auth-me-quota.test.ts (17 tests) 1562ms
 ✓ tests/integration/inventory-read-authority-d1.test.mjs (11 tests) 1701ms
 ✓ tests/integration/inventory-closed-loop-d1.test.mjs (8 tests) 1810ms
stderr | tests/integration/t13r-a-canonical-identity.test.ts > T13R-A P1-2 canonical identity survives a free-form rename (legacy authority) > keeps CHICKEN_BREAST under the free-form rename "Thịt gà đã kiểm tra"
{"level":"warn","limiter":"rl_inv_w","reason":"kv-unbound","message":"Rate limiter degraded to isolate-local counters; enforcement is not globally reliable."}

 ✓ tests/integration/t13r-a-canonical-identity.test.ts (14 tests) 1465ms
 ✓ tests/integration/inventory-reconciliation-fence.test.ts (13 tests) 1470ms
stderr | tests/integration/recipe-d1-runtime-parity.test.ts > T14B-B — cooking boundary with hydrated recipes (legacy inventory authority, local D1 only) > RECIPE_CATALOG_MODE=shadow never changes the response and logs one PII-free diagnostic; static default logs nothing
{"level":"warn","event":"recipe_media_read_failed","code":"D1_READ_FAILED"}

 ✓ tests/integration/inventory-observation-d1.test.mjs (7 tests) 1300ms
 ✓ tests/integration/recipe-d1-runtime-parity.test.ts (11 tests) 1494ms
   ✓ T14B-B — static vs D1 runtime catalog behavioural parity (actual catalog output, no reordering) > recommendations: rankRecipes/evaluateRecipeMatch on the raw D1 list equal the static results for every fixture × context  527ms
stdout | tests/integration/scan-queue-fencing.test.ts > D1 queue claims and result fencing > commits a valid fridge claim once and ignores completed duplicate delivery
{"event":"scan_terminal","supportId":"566b61f4e0d7","scanType":"fridge","state":"ready","errorCode":null,"retryable":false,"attempt":1,"maxAttempts":3,"logicalModel":"QWEN_MULTIMODAL","configuredPrimaryModel":"qwen3.8-flash","latencyMs":3}

stdout | tests/integration/scan-queue-fencing.test.ts > D1 queue claims and result fencing > commits a valid receipt claim once and ignores completed duplicate delivery
{"event":"scan_terminal","supportId":"566b61f4e0d7","scanType":"receipt","state":"ready","errorCode":null,"retryable":false,"attempt":1,"maxAttempts":3,"logicalModel":"QWEN_OCR","configuredPrimaryModel":"qwen-vl-ocr","latencyMs":1}

stdout | tests/integration/scan-queue-fencing.test.ts > D1 queue claims and result fencing > stale fridge success cannot change newer results (newer completed: false)
{"event":"scan_terminal","supportId":"566b61f4e0d7","scanType":"fridge","state":"ready","errorCode":null,"retryable":false,"attempt":2,"maxAttempts":3,"logicalModel":"QWEN_MULTIMODAL","configuredPrimaryModel":"qwen3.8-flash","latencyMs":1}

stdout | tests/integration/scan-queue-fencing.test.ts > D1 queue claims and result fencing > stale fridge success cannot change newer results (newer completed: true)
{"event":"scan_terminal","supportId":"566b61f4e0d7","scanType":"fridge","state":"ready","errorCode":null,"retryable":false,"attempt":2,"maxAttempts":3,"logicalModel":"QWEN_MULTIMODAL","configuredPrimaryModel":"qwen3.8-flash","latencyMs":1}

stdout | tests/integration/scan-queue-fencing.test.ts > D1 queue claims and result fencing > stale receipt success cannot change newer results (newer completed: false)
{"event":"scan_terminal","supportId":"566b61f4e0d7","scanType":"receipt","state":"ready","errorCode":null,"retryable":false,"attempt":2,"maxAttempts":3,"logicalModel":"QWEN_OCR","configuredPrimaryModel":"qwen-vl-ocr","latencyMs":1}

stdout | tests/integration/scan-queue-fencing.test.ts > D1 queue claims and result fencing > stale receipt success cannot change newer results (newer completed: true)
{"event":"scan_terminal","supportId":"566b61f4e0d7","scanType":"receipt","state":"ready","errorCode":null,"retryable":false,"attempt":2,"maxAttempts":3,"logicalModel":"QWEN_OCR","configuredPrimaryModel":"qwen-vl-ocr","latencyMs":0}

stdout | tests/integration/scan-queue-fencing.test.ts > D1 queue claims and result fencing > does not acknowledge an active duplicate or invoke AI twice
{"event":"scan_terminal","supportId":"566b61f4e0d7","scanType":"fridge","state":"ready","errorCode":null,"retryable":false,"attempt":1,"maxAttempts":3,"logicalModel":"QWEN_MULTIMODAL","configuredPrimaryModel":"qwen3.8-flash","latencyMs":2}

stdout | tests/integration/scan-queue-fencing.test.ts > D1 queue claims and result fencing > atomically persists a valid permanent failure on both records
{"event":"scan_terminal","supportId":"566b61f4e0d7","scanType":"fridge","state":"failed","errorCode":"IMAGE_INVALID","retryable":false,"attempt":1,"maxAttempts":3,"logicalModel":"QWEN_MULTIMODAL","configuredPrimaryModel":"qwen3.8-flash","latencyMs":1}

 ✓ tests/integration/recipe-catalog-release-readiness.test.ts (15 tests) 1326ms
stdout | tests/integration/scan-queue-fencing.test.ts > D1 queue claims and result fencing > does not recreate cleaned-up failed jobs or reprocess terminal scans
{"event":"scan_terminal","supportId":"566b61f4e0d7","scanType":"fridge","state":"failed","errorCode":"IMAGE_INVALID","retryable":false,"attempt":1,"maxAttempts":3,"logicalModel":"QWEN_MULTIMODAL","configuredPrimaryModel":"qwen3.8-flash","latencyMs":1}

 ✓ tests/integration/scan-queue-fencing.test.ts (15 tests) 1383ms
 ✓ tests/integration/inventory-concurrency.test.ts (9 tests) 1277ms
   ✓ T09G controlled concurrency matrix > G2 USE/DISCARD, USE/CORRECT and DISCARD/DISCARD leave one winner and no drift  346ms
 ✓ tests/unit/t21rc2-production-receipt.test.mjs (8 tests) 1278ms
   ✓ T21R-C2 aggregate production receipt > publishes through the stored approval binding using only the fixed private inputs  332ms
stdout | tests/unit/recipe-canary-test-cohort.test.ts > T15C-C — authority router fences and diagnostics > P1 rollback: canary → shadow with cohort secrets retained is a single config change — readiness valid, static + shadow compare, cohort not evaluated
{"event":"recipe_catalog_shadow","catalog_source":"static","catalog_mode":"shadow","status":"compared","catalog_static_count":71,"level":"info","catalog_d1_count":500,"catalog_complete_count":500,"catalog_hydrated_count":500,"catalog_static_only_count":0,"catalog_d1_only_count":429,"catalog_drift_count":0,"catalog_order_drift_count":0,"catalog_hydration_failure_count":0,"catalog_lookup_ms":0,"release_id":"rel-bd00a4f53fcaeee4","release_expected_count":500,"release_readiness":"ready","release_readiness_code":null,"release_reviewed_growth_count":429,"drift_sample":[],"order_drift_sample":[],"hydration_failure_sample":[]}

stdout | tests/unit/recipe-canary-test-cohort.test.ts > T15C-C — authority router fences and diagnostics > d1 mode: retained cohort secrets are inert — no per-household carve-out, every tenant gets the verified D1 snapshot
{"event":"recipe_catalog_shadow","catalog_source":"static","catalog_mode":"shadow","status":"compared","catalog_static_count":71,"level":"info","catalog_d1_count":500,"catalog_complete_count":500,"catalog_hydrated_count":500,"catalog_static_only_count":0,"catalog_d1_only_count":429,"catalog_drift_count":0,"catalog_order_drift_count":0,"catalog_hydration_failure_count":0,"catalog_lookup_ms":0,"release_id":"rel-bd00a4f53fcaeee4","release_expected_count":500,"release_readiness":"ready","release_readiness_code":null,"release_reviewed_growth_count":429,"drift_sample":[],"order_drift_sample":[],"hydration_failure_sample":[]}

 ✓ tests/unit/client-session.test.ts (33 tests) 1312ms
 ✓ tests/unit/recipe-canary-test-cohort.test.ts (29 tests) 1266ms
stderr | tests/integration/frontend-ui-integration.test.tsx > real Home data rendered through the shared QueryClient > renders honest empty states without fake meal, budget, expiry items, progress, or notification badges
Warning: useLayoutEffect does nothing on the server, because its effect cannot be encoded into the server renderer's output format. This will lead to a mismatch between the initial, non-hydrated UI and the intended UI. To avoid this, useLayoutEffect should only be used in components that render exclusively on the client. See https://reactjs.org/link/uselayouteffect-ssr for common fixes.
    at MemoryRouter (/Users/tunbee27/Documents/Tako-san-ui-rebuild/node_modules/.pnpm/react-router@6.30.6_react@18.3.1/node_modules/react-router/dist/umd/react-router.development.js:1097:7)
    at QueryClientProvider (file:///Users/tunbee27/Documents/Tako-san-ui-rebuild/node_modules/.pnpm/@tanstack+react-query@5.102.8_react@18.3.1/node_modules/@tanstack/react-query/build/modern/QueryClientProvider.js:12:32)
Warning: useLayoutEffect does nothing on the server, because its effect cannot be encoded into the server renderer's output format. This will lead to a mismatch between the initial, non-hydrated UI and the intended UI. To avoid this, useLayoutEffect should only be used in components that render exclusively on the client. See https://reactjs.org/link/uselayouteffect-ssr for common fixes.
    at LinkWithRef (/Users/tunbee27/Documents/Tako-san-ui-rebuild/node_modules/.pnpm/react-router-dom@6.30.6_react-dom@18.3.1_react@18.3.1__react@18.3.1/node_modules/react-router-dom/dist/umd/react-router-dom.development.js:807:9)
    at div
    at header
    at KitchenHeader (/Users/tunbee27/Documents/Tako-san-ui-rebuild/src/web/components/common/KitchenHeader.tsx:10:3)
    at TopBar (/Users/tunbee27/Documents/Tako-san-ui-rebuild/src/web/components/common/TopBar.tsx:9:3)
    at div
    at HomePage (/Users/tunbee27/Documents/Tako-san-ui-rebuild/src/web/pages/HomePage.tsx:161:65)
    at Router (/Users/tunbee27/Documents/Tako-san-ui-rebuild/node_modules/.pnpm/react-router@6.30.6_react@18.3.1/node_modules/react-router/dist/umd/react-router.development.js:1203:17)
    at MemoryRouter (/Users/tunbee27/Documents/Tako-san-ui-rebuild/node_modules/.pnpm/react-router@6.30.6_react@18.3.1/node_modules/react-router/dist/umd/react-router.development.js:1097:7)
    at QueryClientProvider (file:///Users/tunbee27/Documents/Tako-san-ui-rebuild/node_modules/.pnpm/@tanstack+react-query@5.102.8_react@18.3.1/node_modules/@tanstack/react-query/build/modern/QueryClientProvider.js:12:32)
Warning: useLayoutEffect does nothing on the server, because its effect cannot be encoded into the server renderer's output format. This will lead to a mismatch between the initial, non-hydrated UI and the intended UI. To avoid this, useLayoutEffect should only be used in components that render exclusively on the client. See https://reactjs.org/link/uselayouteffect-ssr for common fixes.
    at LinkWithRef (/Users/tunbee27/Documents/Tako-san-ui-rebuild/node_modules/.pnpm/react-router-dom@6.30.6_react-dom@18.3.1_react@18.3.1__react@18.3.1/node_modules/react-router-dom/dist/umd/react-router-dom.development.js:807:9)
    at div
    at header
    at KitchenHeader (/Users/tunbee27/Documents/Tako-san-ui-rebuild/src/web/components/common/KitchenHeader.tsx:10:3)
    at TopBar (/Users/tunbee27/Documents/Tako-san-ui-rebuild/src/web/components/common/TopBar.tsx:9:3)
    at div
    at HomePage (/Users/tunbee27/Documents/Tako-san-ui-rebuild/src/web/pages/HomePage.tsx:161:65)
    at Router (/Users/tunbee27/Documents/Tako-san-ui-rebuild/node_modules/.pnpm/react-router@6.30.6_react@18.3.1/node_modules/react-router/dist/umd/react-router.development.js:1203:17)
    at MemoryRouter (/Users/tunbee27/Documents/Tako-san-ui-rebuild/node_modules/.pnpm/react-router@6.30.6_react@18.3.1/node_modules/react-router/dist/umd/react-router.development.js:1097:7)
    at QueryClientProvider (file:///Users/tunbee27/Documents/Tako-san-ui-rebuild/node_modules/.pnpm/@tanstack+react-query@5.102.8_react@18.3.1/node_modules/@tanstack/react-query/build/modern/QueryClientProvider.js:12:32)
Warning: useLayoutEffect does nothing on the server, because its effect cannot be encoded into the server renderer's output format. This will lead to a mismatch between the initial, non-hydrated UI and the intended UI. To avoid this, useLayoutEffect should only be used in components that render exclusively on the client. See https://reactjs.org/link/uselayouteffect-ssr for common fixes.
    at LinkWithRef (/Users/tunbee27/Documents/Tako-san-ui-rebuild/node_modules/.pnpm/react-router-dom@6.30.6_react-dom@18.3.1_react@18.3.1__react@18.3.1/node_modules/react-router-dom/dist/umd/react-router-dom.development.js:807:9)
    at div
    at header
    at KitchenHeader (/Users/tunbee27/Documents/Tako-san-ui-rebuild/src/web/components/common/KitchenHeader.tsx:10:3)
    at TopBar (/Users/tunbee27/Documents/Tako-san-ui-rebuild/src/web/components/common/TopBar.tsx:9:3)
    at div
    at HomePage (/Users/tunbee27/Documents/Tako-san-ui-rebuild/src/web/pages/HomePage.tsx:161:65)
    at Router (/Users/tunbee27/Documents/Tako-san-ui-rebuild/node_modules/.pnpm/react-router@6.30.6_react@18.3.1/node_modules/react-router/dist/umd/react-router.development.js:1203:17)
    at MemoryRouter (/Users/tunbee27/Documents/Tako-san-ui-rebuild/node_modules/.pnpm/react-router@6.30.6_react@18.3.1/node_modules/react-router/dist/umd/react-router.development.js:1097:7)
    at QueryClientProvider (file:///Users/tunbee27/Documents/Tako-san-ui-rebuild/node_modules/.pnpm/@tanstack+react-query@5.102.8_react@18.3.1/node_modules/@tanstack/react-query/build/modern/QueryClientProvider.js:12:32)
Warning: useLayoutEffect does nothing on the server, because its effect cannot be encoded into the server renderer's output format. This will lead to a mismatch between the initial, non-hydrated UI and the intended UI. To avoid this, useLayoutEffect should only be used in components that render exclusively on the client. See https://reactjs.org/link/uselayouteffect-ssr for common fixes.
    at LinkWithRef (/Users/tunbee27/Documents/Tako-san-ui-rebuild/node_modules/.pnpm/react-router-dom@6.30.6_react-dom@18.3.1_react@18.3.1__react@18.3.1/node_modules/react-router-dom/dist/umd/react-router-dom.development.js:807:9)
    at KitchenScanLink (/Users/tunbee27/Documents/Tako-san-ui-rebuild/src/web/design-system/navigation.tsx:450:28)
    at header
    at KitchenHeader (/Users/tunbee27/Documents/Tako-san-ui-rebuild/src/web/components/common/KitchenHeader.tsx:10:3)
    at TopBar (/Users/tunbee27/Documents/Tako-san-ui-rebuild/src/web/components/common/TopBar.tsx:9:3)
    at div
    at HomePage (/Users/tunbee27/Documents/Tako-san-ui-rebuild/src/web/pages/HomePage.tsx:161:65)
    at Router (/Users/tunbee27/Documents/Tako-san-ui-rebuild/node_modules/.pnpm/react-router@6.30.6_react@18.3.1/node_modules/react-router/dist/umd/react-router.development.js:1203:17)
    at MemoryRouter (/Users/tunbee27/Documents/Tako-san-ui-rebuild/node_modules/.pnpm/react-router@6.30.6_react@18.3.1/node_modules/react-router/dist/umd/react-router.development.js:1097:7)
    at QueryClientProvider (file:///Users/tunbee27/Documents/Tako-san-ui-rebuild/node_modules/.pnpm/@tanstack+react-query@5.102.8_react@18.3.1/node_modules/@tanstack/react-query/build/modern/QueryClientProvider.js:12:32)
Warning: useLayoutEffect does nothing on the server, because its effect cannot be encoded into the server renderer's output format. This will lead to a mismatch between the initial, non-hydrated UI and the intended UI. To avoid this, useLayoutEffect should only be used in components that render exclusively on the client. See https://reactjs.org/link/uselayouteffect-ssr for common fixes.
    at LinkWithRef (/Users/tunbee27/Documents/Tako-san-ui-rebuild/node_modules/.pnpm/react-router-dom@6.30.6_react-dom@18.3.1_react@18.3.1__react@18.3.1/node_modules/react-router-dom/dist/umd/react-router-dom.development.js:807:9)
    at div
    at section
    at div
    at div
    at div
    at div
    at HomePage (/Users/tunbee27/Documents/Tako-san-ui-rebuild/src/web/pages/HomePage.tsx:161:65)
    at Router (/Users/tunbee27/Documents/Tako-san-ui-rebuild/node_modules/.pnpm/react-router@6.30.6_react@18.3.1/node_modules/react-router/dist/umd/react-router.development.js:1203:17)
    at MemoryRouter (/Users/tunbee27/Documents/Tako-san-ui-rebuild/node_modules/.pnpm/react-router@6.30.6_react@18.3.1/node_modules/react-router/dist/umd/react-router.development.js:1097:7)
    at QueryClientProvider (file:///Users/tunbee27/Documents/Tako-san-ui-rebuild/node_modules/.pnpm/@tanstack+react-query@5.102.8_react@18.3.1/node_modules/@tanstack/react-query/build/modern/QueryClientProvider.js:12:32)
Warning: useLayoutEffect does nothing on the server, because its effect cannot be encoded into the server renderer's output format. This will lead to a mismatch between the initial, non-hydrated UI and the intended UI. To avoid this, useLayoutEffect should only be used in components that render exclusively on the client. See https://reactjs.org/link/uselayouteffect-ssr for common fixes.
    at LinkWithRef (/Users/tunbee27/Documents/Tako-san-ui-rebuild/node_modules/.pnpm/react-router-dom@6.30.6_react-dom@18.3.1_react@18.3.1__react@18.3.1/node_modules/react-router-dom/dist/umd/react-router-dom.development.js:807:9)
    at div
    at section
    at div
    at div
    at div
    at div
    at HomePage (/Users/tunbee27/Documents/Tako-san-ui-rebuild/src/web/pages/HomePage.tsx:161:65)
    at Router (/Users/tunbee27/Documents/Tako-san-ui-rebuild/node_modules/.pnpm/react-router@6.30.6_react@18.3.1/node_modules/react-router/dist/umd/react-router.development.js:1203:17)
    at MemoryRouter (/Users/tunbee27/Documents/Tako-san-ui-rebuild/node_modules/.pnpm/react-router@6.30.6_react@18.3.1/node_modules/react-router/dist/umd/react-router.development.js:1097:7)
    at QueryClientProvider (file:///Users/tunbee27/Documents/Tako-san-ui-rebuild/node_modules/.pnpm/@tanstack+react-query@5.102.8_react@18.3.1/node_modules/@tanstack/react-query/build/modern/QueryClientProvider.js:12:32)
Warning: useLayoutEffect does nothing on the server, because its effect cannot be encoded into the server renderer's output format. This will lead to a mismatch between the initial, non-hydrated UI and the intended UI. To avoid this, useLayoutEffect should only be used in components that render exclusively on the client. See https://reactjs.org/link/uselayouteffect-ssr for common fixes.
    at LinkWithRef (/Users/tunbee27/Documents/Tako-san-ui-rebuild/node_modules/.pnpm/react-router-dom@6.30.6_react-dom@18.3.1_react@18.3.1__react@18.3.1/node_modules/react-router-dom/dist/umd/react-router-dom.development.js:807:9)
    at div
    at section
    at div
    at div
    at div
    at div
    at HomePage (/Users/tunbee27/Documents/Tako-san-ui-rebuild/src/web/pages/HomePage.tsx:161:65)
    at Router (/Users/tunbee27/Documents/Tako-san-ui-rebuild/node_modules/.pnpm/react-router@6.30.6_react@18.3.1/node_modules/react-router/dist/umd/react-router.development.js:1203:17)
    at MemoryRouter (/Users/tunbee27/Documents/Tako-san-ui-rebuild/node_modules/.pnpm/react-router@6.30.6_react@18.3.1/node_modules/react-router/dist/umd/react-router.development.js:1097:7)
    at QueryClientProvider (file:///Users/tunbee27/Documents/Tako-san-ui-rebuild/node_modules/.pnpm/@tanstack+react-query@5.102.8_react@18.3.1/node_modules/@tanstack/react-query/build/modern/QueryClientProvider.js:12:32)
Warning: useLayoutEffect does nothing on the server, because its effect cannot be encoded into the server renderer's output format. This will lead to a mismatch between the initial, non-hydrated UI and the intended UI. To avoid this, useLayoutEffect should only be used in components that render exclusively on the client. See https://reactjs.org/link/uselayouteffect-ssr for common fixes.
    at LinkWithRef (/Users/tunbee27/Documents/Tako-san-ui-rebuild/node_modules/.pnpm/react-router-dom@6.30.6_react-dom@18.3.1_react@18.3.1__react@18.3.1/node_modules/react-router-dom/dist/umd/react-router-dom.development.js:807:9)
    at div
    at section
    at div
    at div
    at div
    at HomePage (/Users/tunbee27/Documents/Tako-san-ui-rebuild/src/web/pages/HomePage.tsx:161:65)
    at Router (/Users/tunbee27/Documents/Tako-san-ui-rebuild/node_modules/.pnpm/react-router@6.30.6_react@18.3.1/node_modules/react-router/dist/umd/react-router.development.js:1203:17)
    at MemoryRouter (/Users/tunbee27/Documents/Tako-san-ui-rebuild/node_modules/.pnpm/react-router@6.30.6_react@18.3.1/node_modules/react-router/dist/umd/react-router.development.js:1097:7)
    at QueryClientProvider (file:///Users/tunbee27/Documents/Tako-san-ui-rebuild/node_modules/.pnpm/@tanstack+react-query@5.102.8_react@18.3.1/node_modules/@tanstack/react-query/build/modern/QueryClientProvider.js:12:32)
Warning: useLayoutEffect does nothing on the server, because its effect cannot be encoded into the server renderer's output format. This will lead to a mismatch between the initial, non-hydrated UI and the intended UI. To avoid this, useLayoutEffect should only be used in components that render exclusively on the client. See https://reactjs.org/link/uselayouteffect-ssr for common fixes.
    at LinkWithRef (/Users/tunbee27/Documents/Tako-san-ui-rebuild/node_modules/.pnpm/react-router-dom@6.30.6_react-dom@18.3.1_react@18.3.1__react@18.3.1/node_modules/react-router-dom/dist/umd/react-router-dom.development.js:807:9)
    at div
    at section
    at div
    at div
    at div
    at HomePage (/Users/tunbee27/Documents/Tako-san-ui-rebuild/src/web/pages/HomePage.tsx:161:65)
    at Router (/Users/tunbee27/Documents/Tako-san-ui-rebuild/node_modules/.pnpm/react-router@6.30.6_react@18.3.1/node_modules/react-router/dist/umd/react-router.development.js:1203:17)
    at MemoryRouter (/Users/tunbee27/Documents/Tako-san-ui-rebuild/node_modules/.pnpm/react-router@6.30.6_react@18.3.1/node_modules/react-router/dist/umd/react-router.development.js:1097:7)
    at QueryClientProvider (file:///Users/tunbee27/Documents/Tako-san-ui-rebuild/node_modules/.pnpm/@tanstack+react-query@5.102.8_react@18.3.1/node_modules/@tanstack/react-query/build/modern/QueryClientProvider.js:12:32)
Warning: useLayoutEffect does nothing on the server, because its effect cannot be encoded into the server renderer's output format. This will lead to a mismatch between the initial, non-hydrated UI and the intended UI. To avoid this, useLayoutEffect should only be used in components that render exclusively on the client. See https://reactjs.org/link/uselayouteffect-ssr for common fixes.
    at LinkWithRef (/Users/tunbee27/Documents/Tako-san-ui-rebuild/node_modules/.pnpm/react-router-dom@6.30.6_react-dom@18.3.1_react@18.3.1__react@18.3.1/node_modules/react-router-dom/dist/umd/react-router-dom.development.js:807:9)
    at section
    at div
    at div
    at div
    at HomePage (/Users/tunbee27/Documents/Tako-san-ui-rebuild/src/web/pages/HomePage.tsx:161:65)
    at Router (/Users/tunbee27/Documents/Tako-san-ui-rebuild/node_modules/.pnpm/react-router@6.30.6_react@18.3.1/node_modules/react-router/dist/umd/react-router.development.js:1203:17)
    at MemoryRouter (/Users/tunbee27/Documents/Tako-san-ui-rebuild/node_modules/.pnpm/react-router@6.30.6_react@18.3.1/node_modules/react-router/dist/umd/react-router.development.js:1097:7)
    at QueryClientProvider (file:///Users/tunbee27/Documents/Tako-san-ui-rebuild/node_modules/.pnpm/@tanstack+react-query@5.102.8_react@18.3.1/node_modules/@tanstack/react-query/build/modern/QueryClientProvider.js:12:32)

stderr | tests/integration/frontend-ui-integration.test.tsx > real Home data rendered through the shared QueryClient > derives the current meal, week progress, budget, and use-soon inventory from query data
Warning: useLayoutEffect does nothing on the server, because its effect cannot be encoded into the server renderer's output format. This will lead to a mismatch between the initial, non-hydrated UI and the intended UI. To avoid this, useLayoutEffect should only be used in components that render exclusively on the client. See https://reactjs.org/link/uselayouteffect-ssr for common fixes.
    at MemoryRouter (/Users/tunbee27/Documents/Tako-san-ui-rebuild/node_modules/.pnpm/react-router@6.30.6_react@18.3.1/node_modules/react-router/dist/umd/react-router.development.js:1097:7)
    at QueryClientProvider (file:///Users/tunbee27/Documents/Tako-san-ui-rebuild/node_modules/.pnpm/@tanstack+react-query@5.102.8_react@18.3.1/node_modules/@tanstack/react-query/build/modern/QueryClientProvider.js:12:32)
Warning: useLayoutEffect does nothing on the server, because its effect cannot be encoded into the server renderer's output format. This will lead to a mismatch between the initial, non-hydrated UI and the intended UI. To avoid this, useLayoutEffect should only be used in components that render exclusively on the client. See https://reactjs.org/link/uselayouteffect-ssr for common fixes.
    at LinkWithRef (/Users/tunbee27/Documents/Tako-san-ui-rebuild/node_modules/.pnpm/react-router-dom@6.30.6_react-dom@18.3.1_react@18.3.1__react@18.3.1/node_modules/react-router-dom/dist/umd/react-router-dom.development.js:807:9)
    at div
    at header
    at KitchenHeader (/Users/tunbee27/Documents/Tako-san-ui-rebuild/src/web/components/common/KitchenHeader.tsx:10:3)
    at TopBar (/Users/tunbee27/Documents/Tako-san-ui-rebuild/src/web/components/common/TopBar.tsx:9:3)
    at div
    at HomePage (/Users/tunbee27/Documents/Tako-san-ui-rebuild/src/web/pages/HomePage.tsx:161:65)
    at Router (/Users/tunbee27/Documents/Tako-san-ui-rebuild/node_modules/.pnpm/react-router@6.30.6_react@18.3.1/node_modules/react-router/dist/umd/react-router.development.js:1203:17)
    at MemoryRouter (/Users/tunbee27/Documents/Tako-san-ui-rebuild/node_modules/.pnpm/react-router@6.30.6_react@18.3.1/node_modules/react-router/dist/umd/react-router.development.js:1097:7)
    at QueryClientProvider (file:///Users/tunbee27/Documents/Tako-san-ui-rebuild/node_modules/.pnpm/@tanstack+react-query@5.102.8_react@18.3.1/node_modules/@tanstack/react-query/build/modern/QueryClientProvider.js:12:32)
Warning: useLayoutEffect does nothing on the server, because its effect cannot be encoded into the server renderer's output format. This will lead to a mismatch between the initial, non-hydrated UI and the intended UI. To avoid this, useLayoutEffect should only be used in components that render exclusively on the client. See https://reactjs.org/link/uselayouteffect-ssr for common fixes.
    at LinkWithRef (/Users/tunbee27/Documents/Tako-san-ui-rebuild/node_modules/.pnpm/react-router-dom@6.30.6_react-dom@18.3.1_react@18.3.1__react@18.3.1/node_modules/react-router-dom/dist/umd/react-router-dom.development.js:807:9)
    at div
    at header
    at KitchenHeader (/Users/tunbee27/Documents/Tako-san-ui-rebuild/src/web/components/common/KitchenHeader.tsx:10:3)
    at TopBar (/Users/tunbee27/Documents/Tako-san-ui-rebuild/src/web/components/common/TopBar.tsx:9:3)
    at div
    at HomePage (/Users/tunbee27/Documents/Tako-san-ui-rebuild/src/web/pages/HomePage.tsx:161:65)
    at Router (/Users/tunbee27/Documents/Tako-san-ui-rebuild/node_modules/.pnpm/react-router@6.30.6_react@18.3.1/node_modules/react-router/dist/umd/react-router.development.js:1203:17)
    at MemoryRouter (/Users/tunbee27/Documents/Tako-san-ui-rebuild/node_modules/.pnpm/react-router@6.30.6_react@18.3.1/node_modules/react-router/dist/umd/react-router.development.js:1097:7)
    at QueryClientProvider (file:///Users/tunbee27/Documents/Tako-san-ui-rebuild/node_modules/.pnpm/@tanstack+react-query@5.102.8_react@18.3.1/node_modules/@tanstack/react-query/build/modern/QueryClientProvider.js:12:32)
Warning: useLayoutEffect does nothing on the server, because its effect cannot be encoded into the server renderer's output format. This will lead to a mismatch between the initial, non-hydrated UI and the intended UI. To avoid this, useLayoutEffect should only be used in components that render exclusively on the client. See https://reactjs.org/link/uselayouteffect-ssr for common fixes.
    at LinkWithRef (/Users/tunbee27/Documents/Tako-san-ui-rebuild/node_modules/.pnpm/react-router-dom@6.30.6_react-dom@18.3.1_react@18.3.1__react@18.3.1/node_modules/react-router-dom/dist/umd/react-router-dom.development.js:807:9)
    at div
    at header
    at KitchenHeader (/Users/tunbee27/Documents/Tako-san-ui-rebuild/src/web/components/common/KitchenHeader.tsx:10:3)
    at TopBar (/Users/tunbee27/Documents/Tako-san-ui-rebuild/src/web/components/common/TopBar.tsx:9:3)
    at div
    at HomePage (/Users/tunbee27/Documents/Tako-san-ui-rebuild/src/web/pages/HomePage.tsx:161:65)
    at Router (/Users/tunbee27/Documents/Tako-san-ui-rebuild/node_modules/.pnpm/react-router@6.30.6_react@18.3.1/node_modules/react-router/dist/umd/react-router.development.js:1203:17)
    at MemoryRouter (/Users/tunbee27/Documents/Tako-san-ui-rebuild/node_modules/.pnpm/react-router@6.30.6_react@18.3.1/node_modules/react-router/dist/umd/react-router.development.js:1097:7)
    at QueryClientProvider (file:///Users/tunbee27/Documents/Tako-san-ui-rebuild/node_modules/.pnpm/@tanstack+react-query@5.102.8_react@18.3.1/node_modules/@tanstack/react-query/build/modern/QueryClientProvider.js:12:32)
Warning: useLayoutEffect does nothing on the server, because its effect cannot be encoded into the server renderer's output format. This will lead to a mismatch between the initial, non-hydrated UI and the intended UI. To avoid this, useLayoutEffect should only be used in components that render exclusively on the client. See https://reactjs.org/link/uselayouteffect-ssr for common fixes.
    at LinkWithRef (/Users/tunbee27/Documents/Tako-san-ui-rebuild/node_modules/.pnpm/react-router-dom@6.30.6_react-dom@18.3.1_react@18.3.1__react@18.3.1/node_modules/react-router-dom/dist/umd/react-router-dom.development.js:807:9)
    at KitchenScanLink (/Users/tunbee27/Documents/Tako-san-ui-rebuild/src/web/design-system/navigation.tsx:450:28)
    at header
    at KitchenHeader (/Users/tunbee27/Documents/Tako-san-ui-rebuild/src/web/components/common/KitchenHeader.tsx:10:3)
    at TopBar (/Users/tunbee27/Documents/Tako-san-ui-rebuild/src/web/components/common/TopBar.tsx:9:3)
    at div
    at HomePage (/Users/tunbee27/Documents/Tako-san-ui-rebuild/src/web/pages/HomePage.tsx:161:65)
    at Router (/Users/tunbee27/Documents/Tako-san-ui-rebuild/node_modules/.pnpm/react-router@6.30.6_react@18.3.1/node_modules/react-router/dist/umd/react-router.development.js:1203:17)
    at MemoryRouter (/Users/tunbee27/Documents/Tako-san-ui-rebuild/node_modules/.pnpm/react-router@6.30.6_react@18.3.1/node_modules/react-router/dist/umd/react-router.development.js:1097:7)
    at QueryClientProvider (file:///Users/tunbee27/Documents/Tako-san-ui-rebuild/node_modules/.pnpm/@tanstack+react-query@5.102.8_react@18.3.1/node_modules/@tanstack/react-query/build/modern/QueryClientProvider.js:12:32)
Warning: useLayoutEffect does nothing on the server, because its effect cannot be encoded into the server renderer's output format. This will lead to a mismatch between the initial, non-hydrated UI and the intended UI. To avoid this, useLayoutEffect should only be used in components that render exclusively on the client. See https://reactjs.org/link/uselayouteffect-ssr for common fixes.
    at LinkWithRef (/Users/tunbee27/Documents/Tako-san-ui-rebuild/node_modules/.pnpm/react-router-dom@6.30.6_react-dom@18.3.1_react@18.3.1__react@18.3.1/node_modules/react-router-dom/dist/umd/react-router-dom.development.js:807:9)
    at div
    at section
    at PlannedMeal (/Users/tunbee27/Documents/Tako-san-ui-rebuild/src/web/pages/HomePage.tsx:22:24)
    at div
    at div
    at div
    at div
    at HomePage (/Users/tunbee27/Documents/Tako-san-ui-rebuild/src/web/pages/HomePage.tsx:161:65)
    at Router (/Users/tunbee27/Documents/Tako-san-ui-rebuild/node_modules/.pnpm/react-router@6.30.6_react@18.3.1/node_modules/react-router/dist/umd/react-router.development.js:1203:17)
    at MemoryRouter (/Users/tunbee27/Documents/Tako-san-ui-rebuild/node_modules/.pnpm/react-router@6.30.6_react@18.3.1/node_modules/react-router/dist/umd/react-router.development.js:1097:7)
    at QueryClientProvider (file:///Users/tunbee27/Documents/Tako-san-ui-rebuild/node_modules/.pnpm/@tanstack+react-query@5.102.8_react@18.3.1/node_modules/@tanstack/react-query/build/modern/QueryClientProvider.js:12:32)
Warning: useLayoutEffect does nothing on the server, because its effect cannot be encoded into the server renderer's output format. This will lead to a mismatch between the initial, non-hydrated UI and the intended UI. To avoid this, useLayoutEffect should only be used in components that render exclusively on the client. See https://reactjs.org/link/uselayouteffect-ssr for common fixes.
    at LinkWithRef (/Users/tunbee27/Documents/Tako-san-ui-rebuild/node_modules/.pnpm/react-router-dom@6.30.6_react-dom@18.3.1_react@18.3.1__react@18.3.1/node_modules/react-router-dom/dist/umd/react-router-dom.development.js:807:9)
    at section
    at div
    at div
    at div
    at div
    at HomePage (/Users/tunbee27/Documents/Tako-san-ui-rebuild/src/web/pages/HomePage.tsx:161:65)
    at Router (/Users/tunbee27/Documents/Tako-san-ui-rebuild/node_modules/.pnpm/react-router@6.30.6_react@18.3.1/node_modules/react-router/dist/umd/react-router.development.js:1203:17)
    at MemoryRouter (/Users/tunbee27/Documents/Tako-san-ui-rebuild/node_modules/.pnpm/react-router@6.30.6_react@18.3.1/node_modules/react-router/dist/umd/react-router.development.js:1097:7)
    at QueryClientProvider (file:///Users/tunbee27/Documents/Tako-san-ui-rebuild/node_modules/.pnpm/@tanstack+react-query@5.102.8_react@18.3.1/node_modules/@tanstack/react-query/build/modern/QueryClientProvider.js:12:32)
Warning: useLayoutEffect does nothing on the server, because its effect cannot be encoded into the server renderer's output format. This will lead to a mismatch between the initial, non-hydrated UI and the intended UI. To avoid this, useLayoutEffect should only be used in components that render exclusively on the client. See https://reactjs.org/link/uselayouteffect-ssr for common fixes.
    at LinkWithRef (/Users/tunbee27/Documents/Tako-san-ui-rebuild/node_modules/.pnpm/react-router-dom@6.30.6_react-dom@18.3.1_react@18.3.1__react@18.3.1/node_modules/react-router-dom/dist/umd/react-router-dom.development.js:807:9)
    at div
    at section
    at div
    at div
    at div
    at div
    at HomePage (/Users/tunbee27/Documents/Tako-san-ui-rebuild/src/web/pages/HomePage.tsx:161:65)
    at Router (/Users/tunbee27/Documents/Tako-san-ui-rebuild/node_modules/.pnpm/react-router@6.30.6_react@18.3.1/node_modules/react-router/dist/umd/react-router.development.js:1203:17)
    at MemoryRouter (/Users/tunbee27/Documents/Tako-san-ui-rebuild/node_modules/.pnpm/react-router@6.30.6_react@18.3.1/node_modules/react-router/dist/umd/react-router.development.js:1097:7)
    at QueryClientProvider (file:///Users/tunbee27/Documents/Tako-san-ui-rebuild/node_modules/.pnpm/@tanstack+react-query@5.102.8_react@18.3.1/node_modules/@tanstack/react-query/build/modern/QueryClientProvider.js:12:32)
Warning: useLayoutEffect does nothing on the server, because its effect cannot be encoded into the server renderer's output format. This will lead to a mismatch between the initial, non-hydrated UI and the intended UI. To avoid this, useLayoutEffect should only be used in components that render exclusively on the client. See https://reactjs.org/link/uselayouteffect-ssr for common fixes.
    at LinkWithRef (/Users/tunbee27/Documents/Tako-san-ui-rebuild/node_modules/.pnpm/react-router-dom@6.30.6_react-dom@18.3.1_react@18.3.1__react@18.3.1/node_modules/react-router-dom/dist/umd/react-router-dom.development.js:807:9)
    at div
    at section
    at div
    at div
    at div
    at div
    at HomePage (/Users/tunbee27/Documents/Tako-san-ui-rebuild/src/web/pages/HomePage.tsx:161:65)
    at Router (/Users/tunbee27/Documents/Tako-san-ui-rebuild/node_modules/.pnpm/react-router@6.30.6_react@18.3.1/node_modules/react-router/dist/umd/react-router.development.js:1203:17)
    at MemoryRouter (/Users/tunbee27/Documents/Tako-san-ui-rebuild/node_modules/.pnpm/react-router@6.30.6_react@18.3.1/node_modules/react-router/dist/umd/react-router.development.js:1097:7)
    at QueryClientProvider (file:///Users/tunbee27/Documents/Tako-san-ui-rebuild/node_modules/.pnpm/@tanstack+react-query@5.102.8_react@18.3.1/node_modules/@tanstack/react-query/build/modern/QueryClientProvider.js:12:32)
Warning: useLayoutEffect does nothing on the server, because its effect cannot be encoded into the server renderer's output format. This will lead to a mismatch between the initial, non-hydrated UI and the intended UI. To avoid this, useLayoutEffect should only be used in components that render exclusively on the client. See https://reactjs.org/link/uselayouteffect-ssr for common fixes.
    at LinkWithRef (/Users/tunbee27/Documents/Tako-san-ui-rebuild/node_modules/.pnpm/react-router-dom@6.30.6_react-dom@18.3.1_react@18.3.1__react@18.3.1/node_modules/react-router-dom/dist/umd/react-router-dom.development.js:807:9)
    at div
    at section
    at div
    at div
    at div
    at HomePage (/Users/tunbee27/Documents/Tako-san-ui-rebuild/src/web/pages/HomePage.tsx:161:65)
    at Router (/Users/tunbee27/Documents/Tako-san-ui-rebuild/node_modules/.pnpm/react-router@6.30.6_react@18.3.1/node_modules/react-router/dist/umd/react-router.development.js:1203:17)
    at MemoryRouter (/Users/tunbee27/Documents/Tako-san-ui-rebuild/node_modules/.pnpm/react-router@6.30.6_react@18.3.1/node_modules/react-router/dist/umd/react-router.development.js:1097:7)
    at QueryClientProvider (file:///Users/tunbee27/Documents/Tako-san-ui-rebuild/node_modules/.pnpm/@tanstack+react-query@5.102.8_react@18.3.1/node_modules/@tanstack/react-query/build/modern/QueryClientProvider.js:12:32)
Warning: useLayoutEffect does nothing on the server, because its effect cannot be encoded into the server renderer's output format. This will lead to a mismatch between the initial, non-hydrated UI and the intended UI. To avoid this, useLayoutEffect should only be used in components that render exclusively on the client. See https://reactjs.org/link/uselayouteffect-ssr for common fixes.
    at LinkWithRef (/Users/tunbee27/Documents/Tako-san-ui-rebuild/node_modules/.pnpm/react-router-dom@6.30.6_react-dom@18.3.1_react@18.3.1__react@18.3.1/node_modules/react-router-dom/dist/umd/react-router-dom.development.js:807:9)
    at div
    at section
    at div
    at div
    at div
    at HomePage (/Users/tunbee27/Documents/Tako-san-ui-rebuild/src/web/pages/HomePage.tsx:161:65)
    at Router (/Users/tunbee27/Documents/Tako-san-ui-rebuild/node_modules/.pnpm/react-router@6.30.6_react@18.3.1/node_modules/react-router/dist/umd/react-router.development.js:1203:17)
    at MemoryRouter (/Users/tunbee27/Documents/Tako-san-ui-rebuild/node_modules/.pnpm/react-router@6.30.6_react@18.3.1/node_modules/react-router/dist/umd/react-router.development.js:1097:7)
    at QueryClientProvider (file:///Users/tunbee27/Documents/Tako-san-ui-rebuild/node_modules/.pnpm/@tanstack+react-query@5.102.8_react@18.3.1/node_modules/@tanstack/react-query/build/modern/QueryClientProvider.js:12:32)
Warning: useLayoutEffect does nothing on the server, because its effect cannot be encoded into the server renderer's output format. This will lead to a mismatch between the initial, non-hydrated UI and the intended UI. To avoid this, useLayoutEffect should only be used in components that render exclusively on the client. See https://reactjs.org/link/uselayouteffect-ssr for common fixes.
    at LinkWithRef (/Users/tunbee27/Documents/Tako-san-ui-rebuild/node_modules/.pnpm/react-router-dom@6.30.6_react-dom@18.3.1_react@18.3.1__react@18.3.1/node_modules/react-router-dom/dist/umd/react-router-dom.development.js:807:9)
    at section
    at div
    at div
    at div
    at HomePage (/Users/tunbee27/Documents/Tako-san-ui-rebuild/src/web/pages/HomePage.tsx:161:65)
    at Router (/Users/tunbee27/Documents/Tako-san-ui-rebuild/node_modules/.pnpm/react-router@6.30.6_react@18.3.1/node_modules/react-router/dist/umd/react-router.development.js:1203:17)
    at MemoryRouter (/Users/tunbee27/Documents/Tako-san-ui-rebuild/node_modules/.pnpm/react-router@6.30.6_react@18.3.1/node_modules/react-router/dist/umd/react-router.development.js:1097:7)
    at QueryClientProvider (file:///Users/tunbee27/Documents/Tako-san-ui-rebuild/node_modules/.pnpm/@tanstack+react-query@5.102.8_react@18.3.1/node_modules/@tanstack/react-query/build/modern/QueryClientProvider.js:12:32)

stderr | tests/integration/frontend-ui-integration.test.tsx > real Home data rendered through the shared QueryClient > qualifies estimated expiry on Home and keeps KNOWN/ESTIMATED/UNKNOWN visually distinct
Warning: useLayoutEffect does nothing on the server, because its effect cannot be encoded into the server renderer's output format. This will lead to a mismatch between the initial, non-hydrated UI and the intended UI. To avoid this, useLayoutEffect should only be used in components that render exclusively on the client. See https://reactjs.org/link/uselayouteffect-ssr for common fixes.
    at MemoryRouter (/Users/tunbee27/Documents/Tako-san-ui-rebuild/node_modules/.pnpm/react-router@6.30.6_react@18.3.1/node_modules/react-router/dist/umd/react-router.development.js:1097:7)
    at QueryClientProvider (file:///Users/tunbee27/Documents/Tako-san-ui-rebuild/node_modules/.pnpm/@tanstack+react-query@5.102.8_react@18.3.1/node_modules/@tanstack/react-query/build/modern/QueryClientProvider.js:12:32)
Warning: useLayoutEffect does nothing on the server, because its effect cannot be encoded into the server renderer's output format. This will lead to a mismatch between the initial, non-hydrated UI and the intended UI. To avoid this, useLayoutEffect should only be used in components that render exclusively on the client. See https://reactjs.org/link/uselayouteffect-ssr for common fixes.
    at LinkWithRef (/Users/tunbee27/Documents/Tako-san-ui-rebuild/node_modules/.pnpm/react-router-dom@6.30.6_react-dom@18.3.1_react@18.3.1__react@18.3.1/node_modules/react-router-dom/dist/umd/react-router-dom.development.js:807:9)
    at div
    at header
    at KitchenHeader (/Users/tunbee27/Documents/Tako-san-ui-rebuild/src/web/components/common/KitchenHeader.tsx:10:3)
    at TopBar (/Users/tunbee27/Documents/Tako-san-ui-rebuild/src/web/components/common/TopBar.tsx:9:3)
    at div
    at HomePage (/Users/tunbee27/Documents/Tako-san-ui-rebuild/src/web/pages/HomePage.tsx:161:65)
    at Router (/Users/tunbee27/Documents/Tako-san-ui-rebuild/node_modules/.pnpm/react-router@6.30.6_react@18.3.1/node_modules/react-router/dist/umd/react-router.development.js:1203:17)
    at MemoryRouter (/Users/tunbee27/Documents/Tako-san-ui-rebuild/node_modules/.pnpm/react-router@6.30.6_react@18.3.1/node_modules/react-router/dist/umd/react-router.development.js:1097:7)
    at QueryClientProvider (file:///Users/tunbee27/Documents/Tako-san-ui-rebuild/node_modules/.pnpm/@tanstack+react-query@5.102.8_react@18.3.1/node_modules/@tanstack/react-query/build/modern/QueryClientProvider.js:12:32)
Warning: useLayoutEffect does nothing on the server, because its effect cannot be encoded into the server renderer's output format. This will lead to a mismatch between the initial, non-hydrated UI and the intended UI. To avoid this, useLayoutEffect should only be used in components that render exclusively on the client. See https://reactjs.org/link/uselayouteffect-ssr for common fixes.
    at LinkWithRef (/Users/tunbee27/Documents/Tako-san-ui-rebuild/node_modules/.pnpm/react-router-dom@6.30.6_react-dom@18.3.1_react@18.3.1__react@18.3.1/node_modules/react-router-dom/dist/umd/react-router-dom.development.js:807:9)
    at div
    at header
    at KitchenHeader (/Users/tunbee27/Documents/Tako-san-ui-rebuild/src/web/components/common/KitchenHeader.tsx:10:3)
    at TopBar (/Users/tunbee27/Documents/Tako-san-ui-rebuild/src/web/components/common/TopBar.tsx:9:3)
    at div
    at HomePage (/Users/tunbee27/Documents/Tako-san-ui-rebuild/src/web/pages/HomePage.tsx:161:65)
    at Router (/Users/tunbee27/Documents/Tako-san-ui-rebuild/node_modules/.pnpm/react-router@6.30.6_react@18.3.1/node_modules/react-router/dist/umd/react-router.development.js:1203:17)
    at MemoryRouter (/Users/tunbee27/Documents/Tako-san-ui-rebuild/node_modules/.pnpm/react-router@6.30.6_react@18.3.1/node_modules/react-router/dist/umd/react-router.development.js:1097:7)
    at QueryClientProvider (file:///Users/tunbee27/Documents/Tako-san-ui-rebuild/node_modules/.pnpm/@tanstack+react-query@5.102.8_react@18.3.1/node_modules/@tanstack/react-query/build/modern/QueryClientProvider.js:12:32)
Warning: useLayoutEffect does nothing on the server, because its effect cannot be encoded into the server renderer's output format. This will lead to a mismatch between the initial, non-hydrated UI and the intended UI. To avoid this, useLayoutEffect should only be used in components that render exclusively on the client. See https://reactjs.org/link/uselayouteffect-ssr for common fixes.
    at LinkWithRef (/Users/tunbee27/Documents/Tako-san-ui-rebuild/node_modules/.pnpm/react-router-dom@6.30.6_react-dom@18.3.1_react@18.3.1__react@18.3.1/node_modules/react-router-dom/dist/umd/react-router-dom.development.js:807:9)
    at div
    at header
    at KitchenHeader (/Users/tunbee27/Documents/Tako-san-ui-rebuild/src/web/components/common/KitchenHeader.tsx:10:3)
    at TopBar (/Users/tunbee27/Documents/Tako-san-ui-rebuild/src/web/components/common/TopBar.tsx:9:3)
    at div
    at HomePage (/Users/tunbee27/Documents/Tako-san-ui-rebuild/src/web/pages/HomePage.tsx:161:65)
    at Router (/Users/tunbee27/Documents/Tako-san-ui-rebuild/node_modules/.pnpm/react-router@6.30.6_react@18.3.1/node_modules/react-router/dist/umd/react-router.development.js:1203:17)
    at MemoryRouter (/Users/tunbee27/Documents/Tako-san-ui-rebuild/node_modules/.pnpm/react-router@6.30.6_react@18.3.1/node_modules/react-router/dist/umd/react-router.development.js:1097:7)
    at QueryClientProvider (file:///Users/tunbee27/Documents/Tako-san-ui-rebuild/node_modules/.pnpm/@tanstack+react-query@5.102.8_react@18.3.1/node_modules/@tanstack/react-query/build/modern/QueryClientProvider.js:12:32)
Warning: useLayoutEffect does nothing on the server, because its effect cannot be encoded into the server renderer's output format. This will lead to a mismatch between the initial, non-hydrated UI and the intended UI. To avoid this, useLayoutEffect should only be used in components that render exclusively on the client. See https://reactjs.org/link/uselayouteffect-ssr for common fixes.
    at LinkWithRef (/Users/tunbee27/Documents/Tako-san-ui-rebuild/node_modules/.pnpm/react-router-dom@6.30.6_react-dom@18.3.1_react@18.3.1__react@18.3.1/node_modules/react-router-dom/dist/umd/react-router-dom.development.js:807:9)
    at KitchenScanLink (/Users/tunbee27/Documents/Tako-san-ui-rebuild/src/web/design-system/navigation.tsx:450:28)
    at header
    at KitchenHeader (/Users/tunbee27/Documents/Tako-san-ui-rebuild/src/web/components/common/KitchenHeader.tsx:10:3)
    at TopBar (/Users/tunbee27/Documents/Tako-san-ui-rebuild/src/web/components/common/TopBar.tsx:9:3)
    at div
    at HomePage (/Users/tunbee27/Documents/Tako-san-ui-rebuild/src/web/pages/HomePage.tsx:161:65)
    at Router (/Users/tunbee27/Documents/Tako-san-ui-rebuild/node_modules/.pnpm/react-router@6.30.6_react@18.3.1/node_modules/react-router/dist/umd/react-router.development.js:1203:17)
    at MemoryRouter (/Users/tunbee27/Documents/Tako-san-ui-rebuild/node_modules/.pnpm/react-router@6.30.6_react@18.3.1/node_modules/react-router/dist/umd/react-router.development.js:1097:7)
    at QueryClientProvider (file:///Users/tunbee27/Documents/Tako-san-ui-rebuild/node_modules/.pnpm/@tanstack+react-query@5.102.8_react@18.3.1/node_modules/@tanstack/react-query/build/modern/QueryClientProvider.js:12:32)
Warning: useLayoutEffect does nothing on the server, because its effect cannot be encoded into the server renderer's output format. This will lead to a mismatch between the initial, non-hydrated UI and the intended UI. To avoid this, useLayoutEffect should only be used in components that render exclusively on the client. See https://reactjs.org/link/uselayouteffect-ssr for common fixes.
    at LinkWithRef (/Users/tunbee27/Documents/Tako-san-ui-rebuild/node_modules/.pnpm/react-router-dom@6.30.6_react-dom@18.3.1_react@18.3.1__react@18.3.1/node_modules/react-router-dom/dist/umd/react-router-dom.development.js:807:9)
    at div
    at section
    at div
    at div
    at div
    at div
    at HomePage (/Users/tunbee27/Documents/Tako-san-ui-rebuild/src/web/pages/HomePage.tsx:161:65)
    at Router (/Users/tunbee27/Documents/Tako-san-ui-rebuild/node_modules/.pnpm/react-router@6.30.6_react@18.3.1/node_modules/react-router/dist/umd/react-router.development.js:1203:17)
    at MemoryRouter (/Users/tunbee27/Documents/Tako-san-ui-rebuild/node_modules/.pnpm/react-router@6.30.6_react@18.3.1/node_modules/react-router/dist/umd/react-router.development.js:1097:7)
    at QueryClientProvider (file:///Users/tunbee27/Documents/Tako-san-ui-rebuild/node_modules/.pnpm/@tanstack+react-query@5.102.8_react@18.3.1/node_modules/@tanstack/react-query/build/modern/QueryClientProvider.js:12:32)
Warning: useLayoutEffect does nothing on the server, because its effect cannot be encoded into the server renderer's output format. This will lead to a mismatch between the initial, non-hydrated UI and the intended UI. To avoid this, useLayoutEffect should only be used in components that render exclusively on the client. See https://reactjs.org/link/uselayouteffect-ssr for common fixes.
    at LinkWithRef (/Users/tunbee27/Documents/Tako-san-ui-rebuild/node_modules/.pnpm/react-router-dom@6.30.6_react-dom@18.3.1_react@18.3.1__react@18.3.1/node_modules/react-router-dom/dist/umd/react-router-dom.development.js:807:9)
    at div
    at section
    at div
    at div
    at div
    at div
    at HomePage (/Users/tunbee27/Documents/Tako-san-ui-rebuild/src/web/pages/HomePage.tsx:161:65)
    at Router (/Users/tunbee27/Documents/Tako-san-ui-rebuild/node_modules/.pnpm/react-router@6.30.6_react@18.3.1/node_modules/react-router/dist/umd/react-router.development.js:1203:17)
    at MemoryRouter (/Users/tunbee27/Documents/Tako-san-ui-rebuild/node_modules/.pnpm/react-router@6.30.6_react@18.3.1/node_modules/react-router/dist/umd/react-router.development.js:1097:7)
    at QueryClientProvider (file:///Users/tunbee27/Documents/Tako-san-ui-rebuild/node_modules/.pnpm/@tanstack+react-query@5.102.8_react@18.3.1/node_modules/@tanstack/react-query/build/modern/QueryClientProvider.js:12:32)
Warning: useLayoutEffect does nothing on the server, because its effect cannot be encoded into the server renderer's output format. This will lead to a mismatch between the initial, non-hydrated UI and the intended UI. To avoid this, useLayoutEffect should only be used in components that render exclusively on the client. See https://reactjs.org/link/uselayouteffect-ssr for common fixes.
    at LinkWithRef (/Users/tunbee27/Documents/Tako-san-ui-rebuild/node_modules/.pnpm/react-router-dom@6.30.6_react-dom@18.3.1_react@18.3.1__react@18.3.1/node_modules/react-router-dom/dist/umd/react-router-dom.development.js:807:9)
    at div
    at section
    at div
    at div
    at div
    at div
    at HomePage (/Users/tunbee27/Documents/Tako-san-ui-rebuild/src/web/pages/HomePage.tsx:161:65)
    at Router (/Users/tunbee27/Documents/Tako-san-ui-rebuild/node_modules/.pnpm/react-router@6.30.6_react@18.3.1/node_modules/react-router/dist/umd/react-router.development.js:1203:17)
    at MemoryRouter (/Users/tunbee27/Documents/Tako-san-ui-rebuild/node_modules/.pnpm/react-router@6.30.6_react@18.3.1/node_modules/react-router/dist/umd/react-router.development.js:1097:7)
    at QueryClientProvider (file:///Users/tunbee27/Documents/Tako-san-ui-rebuild/node_modules/.pnpm/@tanstack+react-query@5.102.8_react@18.3.1/node_modules/@tanstack/react-query/build/modern/QueryClientProvider.js:12:32)
Warning: useLayoutEffect does nothing on the server, because its effect cannot be encoded into the server renderer's output format. This will lead to a mismatch between the initial, non-hydrated UI and the intended UI. To avoid this, useLayoutEffect should only be used in components that render exclusively on the client. See https://reactjs.org/link/uselayouteffect-ssr for common fixes.
    at LinkWithRef (/Users/tunbee27/Documents/Tako-san-ui-rebuild/node_modules/.pnpm/react-router-dom@6.30.6_react-dom@18.3.1_react@18.3.1__react@18.3.1/node_modules/react-router-dom/dist/umd/react-router-dom.development.js:807:9)
    at div
    at section
    at div
    at div
    at div
    at div
    at HomePage (/Users/tunbee27/Documents/Tako-san-ui-rebuild/src/web/pages/HomePage.tsx:161:65)
    at Router (/Users/tunbee27/Documents/Tako-san-ui-rebuild/node_modules/.pnpm/react-router@6.30.6_react@18.3.1/node_modules/react-router/dist/umd/react-router.development.js:1203:17)
    at MemoryRouter (/Users/tunbee27/Documents/Tako-san-ui-rebuild/node_modules/.pnpm/react-router@6.30.6_react@18.3.1/node_modules/react-router/dist/umd/react-router.development.js:1097:7)
    at QueryClientProvider (file:///Users/tunbee27/Documents/Tako-san-ui-rebuild/node_modules/.pnpm/@tanstack+react-query@5.102.8_react@18.3.1/node_modules/@tanstack/react-query/build/modern/QueryClientProvider.js:12:32)
Warning: useLayoutEffect does nothing on the server, because its effect cannot be encoded into the server renderer's output format. This will lead to a mismatch between the initial, non-hydrated UI and the intended UI. To avoid this, useLayoutEffect should only be used in components that render exclusively on the client. See https://reactjs.org/link/uselayouteffect-ssr for common fixes.
    at LinkWithRef (/Users/tunbee27/Documents/Tako-san-ui-rebuild/node_modules/.pnpm/react-router-dom@6.30.6_react-dom@18.3.1_react@18.3.1__react@18.3.1/node_modules/react-router-dom/dist/umd/react-router-dom.development.js:807:9)
    at div
    at section
    at div
    at div
    at div
    at div
    at HomePage (/Users/tunbee27/Documents/Tako-san-ui-rebuild/src/web/pages/HomePage.tsx:161:65)
    at Router (/Users/tunbee27/Documents/Tako-san-ui-rebuild/node_modules/.pnpm/react-router@6.30.6_react@18.3.1/node_modules/react-router/dist/umd/react-router.development.js:1203:17)
    at MemoryRouter (/Users/tunbee27/Documents/Tako-san-ui-rebuild/node_modules/.pnpm/react-router@6.30.6_react@18.3.1/node_modules/react-router/dist/umd/react-router.development.js:1097:7)
    at QueryClientProvider (file:///Users/tunbee27/Documents/Tako-san-ui-rebuild/node_modules/.pnpm/@tanstack+react-query@5.102.8_react@18.3.1/node_modules/@tanstack/react-query/build/modern/QueryClientProvider.js:12:32)
Warning: useLayoutEffect does nothing on the server, because its effect cannot be encoded into the server renderer's output format. This will lead to a mismatch between the initial, non-hydrated UI and the intended UI. To avoid this, useLayoutEffect should only be used in components that render exclusively on the client. See https://reactjs.org/link/uselayouteffect-ssr for common fixes.
    at LinkWithRef (/Users/tunbee27/Documents/Tako-san-ui-rebuild/node_modules/.pnpm/react-router-dom@6.30.6_react-dom@18.3.1_react@18.3.1__react@18.3.1/node_modules/react-router-dom/dist/umd/react-router-dom.development.js:807:9)
    at div
    at section
    at div
    at div
    at div
    at HomePage (/Users/tunbee27/Documents/Tako-san-ui-rebuild/src/web/pages/HomePage.tsx:161:65)
    at Router (/Users/tunbee27/Documents/Tako-san-ui-rebuild/node_modules/.pnpm/react-router@6.30.6_react@18.3.1/node_modules/react-router/dist/umd/react-router.development.js:1203:17)
    at MemoryRouter (/Users/tunbee27/Documents/Tako-san-ui-rebuild/node_modules/.pnpm/react-router@6.30.6_react@18.3.1/node_modules/react-router/dist/umd/react-router.development.js:1097:7)
    at QueryClientProvider (file:///Users/tunbee27/Documents/Tako-san-ui-rebuild/node_modules/.pnpm/@tanstack+react-query@5.102.8_react@18.3.1/node_modules/@tanstack/react-query/build/modern/QueryClientProvider.js:12:32)
Warning: useLayoutEffect does nothing on the server, because its effect cannot be encoded into the server renderer's output format. This will lead to a mismatch between the initial, non-hydrated UI and the intended UI. To avoid this, useLayoutEffect should only be used in components that render exclusively on the client. See https://reactjs.org/link/uselayouteffect-ssr for common fixes.
    at LinkWithRef (/Users/tunbee27/Documents/Tako-san-ui-rebuild/node_modules/.pnpm/react-router-dom@6.30.6_react-dom@18.3.1_react@18.3.1__react@18.3.1/node_modules/react-router-dom/dist/umd/react-router-dom.development.js:807:9)
    at div
    at section
    at div
    at div
    at div
    at HomePage (/Users/tunbee27/Documents/Tako-san-ui-rebuild/src/web/pages/HomePage.tsx:161:65)
    at Router (/Users/tunbee27/Documents/Tako-san-ui-rebuild/node_modules/.pnpm/react-router@6.30.6_react@18.3.1/node_modules/react-router/dist/umd/react-router.development.js:1203:17)
    at MemoryRouter (/Users/tunbee27/Documents/Tako-san-ui-rebuild/node_modules/.pnpm/react-router@6.30.6_react@18.3.1/node_modules/react-router/dist/umd/react-router.development.js:1097:7)
    at QueryClientProvider (file:///Users/tunbee27/Documents/Tako-san-ui-rebuild/node_modules/.pnpm/@tanstack+react-query@5.102.8_react@18.3.1/node_modules/@tanstack/react-query/build/modern/QueryClientProvider.js:12:32)
Warning: useLayoutEffect does nothing on the server, because its effect cannot be encoded into the server renderer's output format. This will lead to a mismatch between the initial, non-hydrated UI and the intended UI. To avoid this, useLayoutEffect should only be used in components that render exclusively on the client. See https://reactjs.org/link/uselayouteffect-ssr for common fixes.
    at LinkWithRef (/Users/tunbee27/Documents/Tako-san-ui-rebuild/node_modules/.pnpm/react-router-dom@6.30.6_react-dom@18.3.1_react@18.3.1__react@18.3.1/node_modules/react-router-dom/dist/umd/react-router-dom.development.js:807:9)
    at section
    at div
    at div
    at div
    at HomePage (/Users/tunbee27/Documents/Tako-san-ui-rebuild/src/web/pages/HomePage.tsx:161:65)
    at Router (/Users/tunbee27/Documents/Tako-san-ui-rebuild/node_modules/.pnpm/react-router@6.30.6_react@18.3.1/node_modules/react-router/dist/umd/react-router.development.js:1203:17)
    at MemoryRouter (/Users/tunbee27/Documents/Tako-san-ui-rebuild/node_modules/.pnpm/react-router@6.30.6_react@18.3.1/node_modules/react-router/dist/umd/react-router.development.js:1097:7)
    at QueryClientProvider (file:///Users/tunbee27/Documents/Tako-san-ui-rebuild/node_modules/.pnpm/@tanstack+react-query@5.102.8_react@18.3.1/node_modules/@tanstack/react-query/build/modern/QueryClientProvider.js:12:32)

stderr | tests/integration/frontend-ui-integration.test.tsx > real Home data rendered through the shared QueryClient > keeps successful widgets visible while a failed Home query offers retry
Warning: useLayoutEffect does nothing on the server, because its effect cannot be encoded into the server renderer's output format. This will lead to a mismatch between the initial, non-hydrated UI and the intended UI. To avoid this, useLayoutEffect should only be used in components that render exclusively on the client. See https://reactjs.org/link/uselayouteffect-ssr for common fixes.
    at MemoryRouter (/Users/tunbee27/Documents/Tako-san-ui-rebuild/node_modules/.pnpm/react-router@6.30.6_react@18.3.1/node_modules/react-router/dist/umd/react-router.development.js:1097:7)
    at QueryClientProvider (file:///Users/tunbee27/Documents/Tako-san-ui-rebuild/node_modules/.pnpm/@tanstack+react-query@5.102.8_react@18.3.1/node_modules/@tanstack/react-query/build/modern/QueryClientProvider.js:12:32)
Warning: useLayoutEffect does nothing on the server, because its effect cannot be encoded into the server renderer's output format. This will lead to a mismatch between the initial, non-hydrated UI and the intended UI. To avoid this, useLayoutEffect should only be used in components that render exclusively on the client. See https://reactjs.org/link/uselayouteffect-ssr for common fixes.
    at LinkWithRef (/Users/tunbee27/Documents/Tako-san-ui-rebuild/node_modules/.pnpm/react-router-dom@6.30.6_react-dom@18.3.1_react@18.3.1__react@18.3.1/node_modules/react-router-dom/dist/umd/react-router-dom.development.js:807:9)
    at div
    at header
    at KitchenHeader (/Users/tunbee27/Documents/Tako-san-ui-rebuild/src/web/components/common/KitchenHeader.tsx:10:3)
    at TopBar (/Users/tunbee27/Documents/Tako-san-ui-rebuild/src/web/components/common/TopBar.tsx:9:3)
    at div
    at HomePage (/Users/tunbee27/Documents/Tako-san-ui-rebuild/src/web/pages/HomePage.tsx:161:65)
    at Router (/Users/tunbee27/Documents/Tako-san-ui-rebuild/node_modules/.pnpm/react-router@6.30.6_react@18.3.1/node_modules/react-router/dist/umd/react-router.development.js:1203:17)
    at MemoryRouter (/Users/tunbee27/Documents/Tako-san-ui-rebuild/node_modules/.pnpm/react-router@6.30.6_react@18.3.1/node_modules/react-router/dist/umd/react-router.development.js:1097:7)
    at QueryClientProvider (file:///Users/tunbee27/Documents/Tako-san-ui-rebuild/node_modules/.pnpm/@tanstack+react-query@5.102.8_react@18.3.1/node_modules/@tanstack/react-query/build/modern/QueryClientProvider.js:12:32)
Warning: useLayoutEffect does nothing on the server, because its effect cannot be encoded into the server renderer's output format. This will lead to a mismatch between the initial, non-hydrated UI and the intended UI. To avoid this, useLayoutEffect should only be used in components that render exclusively on the client. See https://reactjs.org/link/uselayouteffect-ssr for common fixes.
    at LinkWithRef (/Users/tunbee27/Documents/Tako-san-ui-rebuild/node_modules/.pnpm/react-router-dom@6.30.6_react-dom@18.3.1_react@18.3.1__react@18.3.1/node_modules/react-router-dom/dist/umd/react-router-dom.development.js:807:9)
    at div
    at header
    at KitchenHeader (/Users/tunbee27/Documents/Tako-san-ui-rebuild/src/web/components/common/KitchenHeader.tsx:10:3)
    at TopBar (/Users/tunbee27/Documents/Tako-san-ui-rebuild/src/web/components/common/TopBar.tsx:9:3)
    at div
    at HomePage (/Users/tunbee27/Documents/Tako-san-ui-rebuild/src/web/pages/HomePage.tsx:161:65)
    at Router (/Users/tunbee27/Documents/Tako-san-ui-rebuild/node_modules/.pnpm/react-router@6.30.6_react@18.3.1/node_modules/react-router/dist/umd/react-router.development.js:1203:17)
    at MemoryRouter (/Users/tunbee27/Documents/Tako-san-ui-rebuild/node_modules/.pnpm/react-router@6.30.6_react@18.3.1/node_modules/react-router/dist/umd/react-router.development.js:1097:7)
    at QueryClientProvider (file:///Users/tunbee27/Documents/Tako-san-ui-rebuild/node_modules/.pnpm/@tanstack+react-query@5.102.8_react@18.3.1/node_modules/@tanstack/react-query/build/modern/QueryClientProvider.js:12:32)
Warning: useLayoutEffect does nothing on the server, because its effect cannot be encoded into the server renderer's output format. This will lead to a mismatch between the initial, non-hydrated UI and the intended UI. To avoid this, useLayoutEffect should only be used in components that render exclusively on the client. See https://reactjs.org/link/uselayouteffect-ssr for common fixes.
    at LinkWithRef (/Users/tunbee27/Documents/Tako-san-ui-rebuild/node_modules/.pnpm/react-router-dom@6.30.6_react-dom@18.3.1_react@18.3.1__react@18.3.1/node_modules/react-router-dom/dist/umd/react-router-dom.development.js:807:9)
    at div
    at header
    at KitchenHeader (/Users/tunbee27/Documents/Tako-san-ui-rebuild/src/web/components/common/KitchenHeader.tsx:10:3)
    at TopBar (/Users/tunbee27/Documents/Tako-san-ui-rebuild/src/web/components/common/TopBar.tsx:9:3)
    at div
    at HomePage (/Users/tunbee27/Documents/Tako-san-ui-rebuild/src/web/pages/HomePage.tsx:161:65)
    at Router (/Users/tunbee27/Documents/Tako-san-ui-rebuild/node_modules/.pnpm/react-router@6.30.6_react@18.3.1/node_modules/react-router/dist/umd/react-router.development.js:1203:17)
    at MemoryRouter (/Users/tunbee27/Documents/Tako-san-ui-rebuild/node_modules/.pnpm/react-router@6.30.6_react@18.3.1/node_modules/react-router/dist/umd/react-router.development.js:1097:7)
    at QueryClientProvider (file:///Users/tunbee27/Documents/Tako-san-ui-rebuild/node_modules/.pnpm/@tanstack+react-query@5.102.8_react@18.3.1/node_modules/@tanstack/react-query/build/modern/QueryClientProvider.js:12:32)
Warning: useLayoutEffect does nothing on the server, because its effect cannot be encoded into the server renderer's output format. This will lead to a mismatch between the initial, non-hydrated UI and the intended UI. To avoid this, useLayoutEffect should only be used in components that render exclusively on the client. See https://reactjs.org/link/uselayouteffect-ssr for common fixes.
    at LinkWithRef (/Users/tunbee27/Documents/Tako-san-ui-rebuild/node_modules/.pnpm/react-router-dom@6.30.6_react-dom@18.3.1_react@18.3.1__react@18.3.1/node_modules/react-router-dom/dist/umd/react-router-dom.development.js:807:9)
    at KitchenScanLink (/Users/tunbee27/Documents/Tako-san-ui-rebuild/src/web/design-system/navigation.tsx:450:28)
    at header
    at KitchenHeader (/Users/tunbee27/Documents/Tako-san-ui-rebuild/src/web/components/common/KitchenHeader.tsx:10:3)
    at TopBar (/Users/tunbee27/Documents/Tako-san-ui-rebuild/src/web/components/common/TopBar.tsx:9:3)
    at div
    at HomePage (/Users/tunbee27/Documents/Tako-san-ui-rebuild/src/web/pages/HomePage.tsx:161:65)
    at Router (/Users/tunbee27/Documents/Tako-san-ui-rebuild/node_modules/.pnpm/react-router@6.30.6_react@18.3.1/node_modules/react-router/dist/umd/react-router.development.js:1203:17)
    at MemoryRouter (/Users/tunbee27/Documents/Tako-san-ui-rebuild/node_modules/.pnpm/react-router@6.30.6_react@18.3.1/node_modules/react-router/dist/umd/react-router.development.js:1097:7)
    at QueryClientProvider (file:///Users/tunbee27/Documents/Tako-san-ui-rebuild/node_modules/.pnpm/@tanstack+react-query@5.102.8_react@18.3.1/node_modules/@tanstack/react-query/build/modern/QueryClientProvider.js:12:32)
Warning: useLayoutEffect does nothing on the server, because its effect cannot be encoded into the server renderer's output format. This will lead to a mismatch between the initial, non-hydrated UI and the intended UI. To avoid this, useLayoutEffect should only be used in components that render exclusively on the client. See https://reactjs.org/link/uselayouteffect-ssr for common fixes.
    at LinkWithRef (/Users/tunbee27/Documents/Tako-san-ui-rebuild/node_modules/.pnpm/react-router-dom@6.30.6_react-dom@18.3.1_react@18.3.1__react@18.3.1/node_modules/react-router-dom/dist/umd/react-router-dom.development.js:807:9)
    at div
    at section
    at div
    at div
    at div
    at div
    at HomePage (/Users/tunbee27/Documents/Tako-san-ui-rebuild/src/web/pages/HomePage.tsx:161:65)
    at Router (/Users/tunbee27/Documents/Tako-san-ui-rebuild/node_modules/.pnpm/react-router@6.30.6_react@18.3.1/node_modules/react-router/dist/umd/react-router.development.js:1203:17)
    at MemoryRouter (/Users/tunbee27/Documents/Tako-san-ui-rebuild/node_modules/.pnpm/react-router@6.30.6_react@18.3.1/node_modules/react-router/dist/umd/react-router.development.js:1097:7)
    at QueryClientProvider (file:///Users/tunbee27/Documents/Tako-san-ui-rebuild/node_modules/.pnpm/@tanstack+react-query@5.102.8_react@18.3.1/node_modules/@tanstack/react-query/build/modern/QueryClientProvider.js:12:32)
Warning: useLayoutEffect does nothing on the server, because its effect cannot be encoded into the server renderer's output format. This will lead to a mismatch between the initial, non-hydrated UI and the intended UI. To avoid this, useLayoutEffect should only be used in components that render exclusively on the client. See https://reactjs.org/link/uselayouteffect-ssr for common fixes.
    at LinkWithRef (/Users/tunbee27/Documents/Tako-san-ui-rebuild/node_modules/.pnpm/react-router-dom@6.30.6_react-dom@18.3.1_react@18.3.1__react@18.3.1/node_modules/react-router-dom/dist/umd/react-router-dom.development.js:807:9)
    at div
    at section
    at div
    at div
    at div
    at div
    at HomePage (/Users/tunbee27/Documents/Tako-san-ui-rebuild/src/web/pages/HomePage.tsx:161:65)
    at Router (/Users/tunbee27/Documents/Tako-san-ui-rebuild/node_modules/.pnpm/react-router@6.30.6_react@18.3.1/node_modules/react-router/dist/umd/react-router.development.js:1203:17)
    at MemoryRouter (/Users/tunbee27/Documents/Tako-san-ui-rebuild/node_modules/.pnpm/react-router@6.30.6_react@18.3.1/node_modules/react-router/dist/umd/react-router.development.js:1097:7)
    at QueryClientProvider (file:///Users/tunbee27/Documents/Tako-san-ui-rebuild/node_modules/.pnpm/@tanstack+react-query@5.102.8_react@18.3.1/node_modules/@tanstack/react-query/build/modern/QueryClientProvider.js:12:32)
Warning: useLayoutEffect does nothing on the server, because its effect cannot be encoded into the server renderer's output format. This will lead to a mismatch between the initial, non-hydrated UI and the intended UI. To avoid this, useLayoutEffect should only be used in components that render exclusively on the client. See https://reactjs.org/link/uselayouteffect-ssr for common fixes.
    at LinkWithRef (/Users/tunbee27/Documents/Tako-san-ui-rebuild/node_modules/.pnpm/react-router-dom@6.30.6_react-dom@18.3.1_react@18.3.1__react@18.3.1/node_modules/react-router-dom/dist/umd/react-router-dom.development.js:807:9)
    at div
    at section
    at div
    at div
    at div
    at HomePage (/Users/tunbee27/Documents/Tako-san-ui-rebuild/src/web/pages/HomePage.tsx:161:65)
    at Router (/Users/tunbee27/Documents/Tako-san-ui-rebuild/node_modules/.pnpm/react-router@6.30.6_react@18.3.1/node_modules/react-router/dist/umd/react-router.development.js:1203:17)
    at MemoryRouter (/Users/tunbee27/Documents/Tako-san-ui-rebuild/node_modules/.pnpm/react-router@6.30.6_react@18.3.1/node_modules/react-router/dist/umd/react-router.development.js:1097:7)
    at QueryClientProvider (file:///Users/tunbee27/Documents/Tako-san-ui-rebuild/node_modules/.pnpm/@tanstack+react-query@5.102.8_react@18.3.1/node_modules/@tanstack/react-query/build/modern/QueryClientProvider.js:12:32)
Warning: useLayoutEffect does nothing on the server, because its effect cannot be encoded into the server renderer's output format. This will lead to a mismatch between the initial, non-hydrated UI and the intended UI. To avoid this, useLayoutEffect should only be used in components that render exclusively on the client. See https://reactjs.org/link/uselayouteffect-ssr for common fixes.
    at LinkWithRef (/Users/tunbee27/Documents/Tako-san-ui-rebuild/node_modules/.pnpm/react-router-dom@6.30.6_react-dom@18.3.1_react@18.3.1__react@18.3.1/node_modules/react-router-dom/dist/umd/react-router-dom.development.js:807:9)
    at div
    at section
    at div
    at div
    at div
    at HomePage (/Users/tunbee27/Documents/Tako-san-ui-rebuild/src/web/pages/HomePage.tsx:161:65)
    at Router (/Users/tunbee27/Documents/Tako-san-ui-rebuild/node_modules/.pnpm/react-router@6.30.6_react@18.3.1/node_modules/react-router/dist/umd/react-router.development.js:1203:17)
    at MemoryRouter (/Users/tunbee27/Documents/Tako-san-ui-rebuild/node_modules/.pnpm/react-router@6.30.6_react@18.3.1/node_modules/react-router/dist/umd/react-router.development.js:1097:7)
    at QueryClientProvider (file:///Users/tunbee27/Documents/Tako-san-ui-rebuild/node_modules/.pnpm/@tanstack+react-query@5.102.8_react@18.3.1/node_modules/@tanstack/react-query/build/modern/QueryClientProvider.js:12:32)
Warning: useLayoutEffect does nothing on the server, because its effect cannot be encoded into the server renderer's output format. This will lead to a mismatch between the initial, non-hydrated UI and the intended UI. To avoid this, useLayoutEffect should only be used in components that render exclusively on the client. See https://reactjs.org/link/uselayouteffect-ssr for common fixes.
    at LinkWithRef (/Users/tunbee27/Documents/Tako-san-ui-rebuild/node_modules/.pnpm/react-router-dom@6.30.6_react-dom@18.3.1_react@18.3.1__react@18.3.1/node_modules/react-router-dom/dist/umd/react-router-dom.development.js:807:9)
    at section
    at div
    at div
    at div
    at HomePage (/Users/tunbee27/Documents/Tako-san-ui-rebuild/src/web/pages/HomePage.tsx:161:65)
    at Router (/Users/tunbee27/Documents/Tako-san-ui-rebuild/node_modules/.pnpm/react-router@6.30.6_react@18.3.1/node_modules/react-router/dist/umd/react-router.development.js:1203:17)
    at MemoryRouter (/Users/tunbee27/Documents/Tako-san-ui-rebuild/node_modules/.pnpm/react-router@6.30.6_react@18.3.1/node_modules/react-router/dist/umd/react-router.development.js:1097:7)
    at QueryClientProvider (file:///Users/tunbee27/Documents/Tako-san-ui-rebuild/node_modules/.pnpm/@tanstack+react-query@5.102.8_react@18.3.1/node_modules/@tanstack/react-query/build/modern/QueryClientProvider.js:12:32)

stderr | tests/integration/frontend-ui-integration.test.tsx > real Home data rendered through the shared QueryClient > renders recommendations from server-state data rather than a hardcoded featured recipe
Warning: useLayoutEffect does nothing on the server, because its effect cannot be encoded into the server renderer's output format. This will lead to a mismatch between the initial, non-hydrated UI and the intended UI. To avoid this, useLayoutEffect should only be used in components that render exclusively on the client. See https://reactjs.org/link/uselayouteffect-ssr for common fixes.
    at MemoryRouter (/Users/tunbee27/Documents/Tako-san-ui-rebuild/node_modules/.pnpm/react-router@6.30.6_react@18.3.1/node_modules/react-router/dist/umd/react-router.development.js:1097:7)
    at QueryClientProvider (file:///Users/tunbee27/Documents/Tako-san-ui-rebuild/node_modules/.pnpm/@tanstack+react-query@5.102.8_react@18.3.1/node_modules/@tanstack/react-query/build/modern/QueryClientProvider.js:12:32)
Warning: useLayoutEffect does nothing on the server, because its effect cannot be encoded into the server renderer's output format. This will lead to a mismatch between the initial, non-hydrated UI and the intended UI. To avoid this, useLayoutEffect should only be used in components that render exclusively on the client. See https://reactjs.org/link/uselayouteffect-ssr for common fixes.
    at LinkWithRef (/Users/tunbee27/Documents/Tako-san-ui-rebuild/node_modules/.pnpm/react-router-dom@6.30.6_react-dom@18.3.1_react@18.3.1__react@18.3.1/node_modules/react-router-dom/dist/umd/react-router-dom.development.js:807:9)
    at div
    at header
    at KitchenHeader (/Users/tunbee27/Documents/Tako-san-ui-rebuild/src/web/components/common/KitchenHeader.tsx:10:3)
    at TopBar (/Users/tunbee27/Documents/Tako-san-ui-rebuild/src/web/components/common/TopBar.tsx:9:3)
    at div
    at HomePage (/Users/tunbee27/Documents/Tako-san-ui-rebuild/src/web/pages/HomePage.tsx:161:65)
    at Router (/Users/tunbee27/Documents/Tako-san-ui-rebuild/node_modules/.pnpm/react-router@6.30.6_react@18.3.1/node_modules/react-router/dist/umd/react-router.development.js:1203:17)
    at MemoryRouter (/Users/tunbee27/Documents/Tako-san-ui-rebuild/node_modules/.pnpm/react-router@6.30.6_react@18.3.1/node_modules/react-router/dist/umd/react-router.development.js:1097:7)
    at QueryClientProvider (file:///Users/tunbee27/Documents/Tako-san-ui-rebuild/node_modules/.pnpm/@tanstack+react-query@5.102.8_react@18.3.1/node_modules/@tanstack/react-query/build/modern/QueryClientProvider.js:12:32)
Warning: useLayoutEffect does nothing on the server, because its effect cannot be encoded into the server renderer's output format. This will lead to a mismatch between the initial, non-hydrated UI and the intended UI. To avoid this, useLayoutEffect should only be used in components that render exclusively on the client. See https://reactjs.org/link/uselayouteffect-ssr for common fixes.
    at LinkWithRef (/Users/tunbee27/Documents/Tako-san-ui-rebuild/node_modules/.pnpm/react-router-dom@6.30.6_react-dom@18.3.1_react@18.3.1__react@18.3.1/node_modules/react-router-dom/dist/umd/react-router-dom.development.js:807:9)
    at div
    at header
    at KitchenHeader (/Users/tunbee27/Documents/Tako-san-ui-rebuild/src/web/components/common/KitchenHeader.tsx:10:3)
    at TopBar (/Users/tunbee27/Documents/Tako-san-ui-rebuild/src/web/components/common/TopBar.tsx:9:3)
    at div
    at HomePage (/Users/tunbee27/Documents/Tako-san-ui-rebuild/src/web/pages/HomePage.tsx:161:65)
    at Router (/Users/tunbee27/Documents/Tako-san-ui-rebuild/node_modules/.pnpm/react-router@6.30.6_react@18.3.1/node_modules/react-router/dist/umd/react-router.development.js:1203:17)
    at MemoryRouter (/Users/tunbee27/Documents/Tako-san-ui-rebuild/node_modules/.pnpm/react-router@6.30.6_react@18.3.1/node_modules/react-router/dist/umd/react-router.development.js:1097:7)
    at QueryClientProvider (file:///Users/tunbee27/Documents/Tako-san-ui-rebuild/node_modules/.pnpm/@tanstack+react-query@5.102.8_react@18.3.1/node_modules/@tanstack/react-query/build/modern/QueryClientProvider.js:12:32)
Warning: useLayoutEffect does nothing on the server, because its effect cannot be encoded into the server renderer's output format. This will lead to a mismatch between the initial, non-hydrated UI and the intended UI. To avoid this, useLayoutEffect should only be used in components that render exclusively on the client. See https://reactjs.org/link/uselayouteffect-ssr for common fixes.
    at LinkWithRef (/Users/tunbee27/Documents/Tako-san-ui-rebuild/node_modules/.pnpm/react-router-dom@6.30.6_react-dom@18.3.1_react@18.3.1__react@18.3.1/node_modules/react-router-dom/dist/umd/react-router-dom.development.js:807:9)
    at div
    at header
    at KitchenHeader (/Users/tunbee27/Documents/Tako-san-ui-rebuild/src/web/components/common/KitchenHeader.tsx:10:3)
    at TopBar (/Users/tunbee27/Documents/Tako-san-ui-rebuild/src/web/components/common/TopBar.tsx:9:3)
    at div
    at HomePage (/Users/tunbee27/Documents/Tako-san-ui-rebuild/src/web/pages/HomePage.tsx:161:65)
    at Router (/Users/tunbee27/Documents/Tako-san-ui-rebuild/node_modules/.pnpm/react-router@6.30.6_react@18.3.1/node_modules/react-router/dist/umd/react-router.development.js:1203:17)
    at MemoryRouter (/Users/tunbee27/Documents/Tako-san-ui-rebuild/node_modules/.pnpm/react-router@6.30.6_react@18.3.1/node_modules/react-router/dist/umd/react-router.development.js:1097:7)
    at QueryClientProvider (file:///Users/tunbee27/Documents/Tako-san-ui-rebuild/node_modules/.pnpm/@tanstack+react-query@5.102.8_react@18.3.1/node_modules/@tanstack/react-query/build/modern/QueryClientProvider.js:12:32)
Warning: useLayoutEffect does nothing on the server, because its effect cannot be encoded into the server renderer's output format. This will lead to a mismatch between the initial, non-hydrated UI and the intended UI. To avoid this, useLayoutEffect should only be used in components that render exclusively on the client. See https://reactjs.org/link/uselayouteffect-ssr for common fixes.
    at LinkWithRef (/Users/tunbee27/Documents/Tako-san-ui-rebuild/node_modules/.pnpm/react-router-dom@6.30.6_react-dom@18.3.1_react@18.3.1__react@18.3.1/node_modules/react-router-dom/dist/umd/react-router-dom.development.js:807:9)
    at KitchenScanLink (/Users/tunbee27/Documents/Tako-san-ui-rebuild/src/web/design-system/navigation.tsx:450:28)
    at header
    at KitchenHeader (/Users/tunbee27/Documents/Tako-san-ui-rebuild/src/web/components/common/KitchenHeader.tsx:10:3)
    at TopBar (/Users/tunbee27/Documents/Tako-san-ui-rebuild/src/web/components/common/TopBar.tsx:9:3)
    at div
    at HomePage (/Users/tunbee27/Documents/Tako-san-ui-rebuild/src/web/pages/HomePage.tsx:161:65)
    at Router (/Users/tunbee27/Documents/Tako-san-ui-rebuild/node_modules/.pnpm/react-router@6.30.6_react@18.3.1/node_modules/react-router/dist/umd/react-router.development.js:1203:17)
    at MemoryRouter (/Users/tunbee27/Documents/Tako-san-ui-rebuild/node_modules/.pnpm/react-router@6.30.6_react@18.3.1/node_modules/react-router/dist/umd/react-router.development.js:1097:7)
    at QueryClientProvider (file:///Users/tunbee27/Documents/Tako-san-ui-rebuild/node_modules/.pnpm/@tanstack+react-query@5.102.8_react@18.3.1/node_modules/@tanstack/react-query/build/modern/QueryClientProvider.js:12:32)
Warning: useLayoutEffect does nothing on the server, because its effect cannot be encoded into the server renderer's output format. This will lead to a mismatch between the initial, non-hydrated UI and the intended UI. To avoid this, useLayoutEffect should only be used in components that render exclusively on the client. See https://reactjs.org/link/uselayouteffect-ssr for common fixes.
    at LinkWithRef (/Users/tunbee27/Documents/Tako-san-ui-rebuild/node_modules/.pnpm/react-router-dom@6.30.6_react-dom@18.3.1_react@18.3.1__react@18.3.1/node_modules/react-router-dom/dist/umd/react-router-dom.development.js:807:9)
    at div
    at section
    at div
    at div
    at div
    at div
    at HomePage (/Users/tunbee27/Documents/Tako-san-ui-rebuild/src/web/pages/HomePage.tsx:161:65)
    at Router (/Users/tunbee27/Documents/Tako-san-ui-rebuild/node_modules/.pnpm/react-router@6.30.6_react@18.3.1/node_modules/react-router/dist/umd/react-router.development.js:1203:17)
    at MemoryRouter (/Users/tunbee27/Documents/Tako-san-ui-rebuild/node_modules/.pnpm/react-router@6.30.6_react@18.3.1/node_modules/react-router/dist/umd/react-router.development.js:1097:7)
    at QueryClientProvider (file:///Users/tunbee27/Documents/Tako-san-ui-rebuild/node_modules/.pnpm/@tanstack+react-query@5.102.8_react@18.3.1/node_modules/@tanstack/react-query/build/modern/QueryClientProvider.js:12:32)
Warning: useLayoutEffect does nothing on the server, because its effect cannot be encoded into the server renderer's output format. This will lead to a mismatch between the initial, non-hydrated UI and the intended UI. To avoid this, useLayoutEffect should only be used in components that render exclusively on the client. See https://reactjs.org/link/uselayouteffect-ssr for common fixes.
    at LinkWithRef (/Users/tunbee27/Documents/Tako-san-ui-rebuild/node_modules/.pnpm/react-router-dom@6.30.6_react-dom@18.3.1_react@18.3.1__react@18.3.1/node_modules/react-router-dom/dist/umd/react-router-dom.development.js:807:9)
    at div
    at section
    at div
    at div
    at div
    at div
    at HomePage (/Users/tunbee27/Documents/Tako-san-ui-rebuild/src/web/pages/HomePage.tsx:161:65)
    at Router (/Users/tunbee27/Documents/Tako-san-ui-rebuild/node_modules/.pnpm/react-router@6.30.6_react@18.3.1/node_modules/react-router/dist/umd/react-router.development.js:1203:17)
    at MemoryRouter (/Users/tunbee27/Documents/Tako-san-ui-rebuild/node_modules/.pnpm/react-router@6.30.6_react@18.3.1/node_modules/react-router/dist/umd/react-router.development.js:1097:7)
    at QueryClientProvider (file:///Users/tunbee27/Documents/Tako-san-ui-rebuild/node_modules/.pnpm/@tanstack+react-query@5.102.8_react@18.3.1/node_modules/@tanstack/react-query/build/modern/QueryClientProvider.js:12:32)
Warning: useLayoutEffect does nothing on the server, because its effect cannot be encoded into the server renderer's output format. This will lead to a mismatch between the initial, non-hydrated UI and the intended UI. To avoid this, useLayoutEffect should only be used in components that render exclusively on the client. See https://reactjs.org/link/uselayouteffect-ssr for common fixes.
    at LinkWithRef (/Users/tunbee27/Documents/Tako-san-ui-rebuild/node_modules/.pnpm/react-router-dom@6.30.6_react-dom@18.3.1_react@18.3.1__react@18.3.1/node_modules/react-router-dom/dist/umd/react-router-dom.development.js:807:9)
    at div
    at section
    at div
    at div
    at div
    at div
    at HomePage (/Users/tunbee27/Documents/Tako-san-ui-rebuild/src/web/pages/HomePage.tsx:161:65)
    at Router (/Users/tunbee27/Documents/Tako-san-ui-rebuild/node_modules/.pnpm/react-router@6.30.6_react@18.3.1/node_modules/react-router/dist/umd/react-router.development.js:1203:17)
    at MemoryRouter (/Users/tunbee27/Documents/Tako-san-ui-rebuild/node_modules/.pnpm/react-router@6.30.6_react@18.3.1/node_modules/react-router/dist/umd/react-router.development.js:1097:7)
    at QueryClientProvider (file:///Users/tunbee27/Documents/Tako-san-ui-rebuild/node_modules/.pnpm/@tanstack+react-query@5.102.8_react@18.3.1/node_modules/@tanstack/react-query/build/modern/QueryClientProvider.js:12:32)
Warning: useLayoutEffect does nothing on the server, because its effect cannot be encoded into the server renderer's output format. This will lead to a mismatch between the initial, non-hydrated UI and the intended UI. To avoid this, useLayoutEffect should only be used in components that render exclusively on the client. See https://reactjs.org/link/uselayouteffect-ssr for common fixes.
    at LinkWithRef (/Users/tunbee27/Documents/Tako-san-ui-rebuild/node_modules/.pnpm/react-router-dom@6.30.6_react-dom@18.3.1_react@18.3.1__react@18.3.1/node_modules/react-router-dom/dist/umd/react-router-dom.development.js:807:9)
    at div
    at section
    at div
    at div
    at div
    at HomePage (/Users/tunbee27/Documents/Tako-san-ui-rebuild/src/web/pages/HomePage.tsx:161:65)
    at Router (/Users/tunbee27/Documents/Tako-san-ui-rebuild/node_modules/.pnpm/react-router@6.30.6_react@18.3.1/node_modules/react-router/dist/umd/react-router.development.js:1203:17)
    at MemoryRouter (/Users/tunbee27/Documents/Tako-san-ui-rebuild/node_modules/.pnpm/react-router@6.30.6_react@18.3.1/node_modules/react-router/dist/umd/react-router.development.js:1097:7)
    at QueryClientProvider (file:///Users/tunbee27/Documents/Tako-san-ui-rebuild/node_modules/.pnpm/@tanstack+react-query@5.102.8_react@18.3.1/node_modules/@tanstack/react-query/build/modern/QueryClientProvider.js:12:32)
Warning: useLayoutEffect does nothing on the server, because its effect cannot be encoded into the server renderer's output format. This will lead to a mismatch between the initial, non-hydrated UI and the intended UI. To avoid this, useLayoutEffect should only be used in components that render exclusively on the client. See https://reactjs.org/link/uselayouteffect-ssr for common fixes.
    at LinkWithRef (/Users/tunbee27/Documents/Tako-san-ui-rebuild/node_modules/.pnpm/react-router-dom@6.30.6_react-dom@18.3.1_react@18.3.1__react@18.3.1/node_modules/react-router-dom/dist/umd/react-router-dom.development.js:807:9)
    at section
    at div
    at div
    at div
    at HomePage (/Users/tunbee27/Documents/Tako-san-ui-rebuild/src/web/pages/HomePage.tsx:161:65)
    at Router (/Users/tunbee27/Documents/Tako-san-ui-rebuild/node_modules/.pnpm/react-router@6.30.6_react@18.3.1/node_modules/react-router/dist/umd/react-router.development.js:1203:17)
    at MemoryRouter (/Users/tunbee27/Documents/Tako-san-ui-rebuild/node_modules/.pnpm/react-router@6.30.6_react@18.3.1/node_modules/react-router/dist/umd/react-router.development.js:1097:7)
    at QueryClientProvider (file:///Users/tunbee27/Documents/Tako-san-ui-rebuild/node_modules/.pnpm/@tanstack+react-query@5.102.8_react@18.3.1/node_modules/@tanstack/react-query/build/modern/QueryClientProvider.js:12:32)

stderr | tests/integration/frontend-ui-integration.test.tsx > RecipeDetail loading, not-found, error, and success remain distinct > renders a real pending state before recipe data arrives
Warning: useLayoutEffect does nothing on the server, because its effect cannot be encoded into the server renderer's output format. This will lead to a mismatch between the initial, non-hydrated UI and the intended UI. To avoid this, useLayoutEffect should only be used in components that render exclusively on the client. See https://reactjs.org/link/uselayouteffect-ssr for common fixes.
    at MemoryRouter (/Users/tunbee27/Documents/Tako-san-ui-rebuild/node_modules/.pnpm/react-router@6.30.6_react@18.3.1/node_modules/react-router/dist/umd/react-router.development.js:1097:7)
    at QueryClientProvider (file:///Users/tunbee27/Documents/Tako-san-ui-rebuild/node_modules/.pnpm/@tanstack+react-query@5.102.8_react@18.3.1/node_modules/@tanstack/react-query/build/modern/QueryClientProvider.js:12:32)
Warning: useLayoutEffect does nothing on the server, because its effect cannot be encoded into the server renderer's output format. This will lead to a mismatch between the initial, non-hydrated UI and the intended UI. To avoid this, useLayoutEffect should only be used in components that render exclusively on the client. See https://reactjs.org/link/uselayouteffect-ssr for common fixes.
    at LinkWithRef (/Users/tunbee27/Documents/Tako-san-ui-rebuild/node_modules/.pnpm/react-router-dom@6.30.6_react-dom@18.3.1_react@18.3.1__react@18.3.1/node_modules/react-router-dom/dist/umd/react-router-dom.development.js:807:9)
    at div
    at header
    at KitchenHeader (/Users/tunbee27/Documents/Tako-san-ui-rebuild/src/web/components/common/KitchenHeader.tsx:10:3)
    at TopBar (/Users/tunbee27/Documents/Tako-san-ui-rebuild/src/web/components/common/TopBar.tsx:9:3)
    at div
    at RecipeDetailPage (/Users/tunbee27/Documents/Tako-san-ui-rebuild/src/web/pages/RecipeDetailPage.tsx:51:63)
    at Router (/Users/tunbee27/Documents/Tako-san-ui-rebuild/node_modules/.pnpm/react-router@6.30.6_react@18.3.1/node_modules/react-router/dist/umd/react-router.development.js:1203:17)
    at MemoryRouter (/Users/tunbee27/Documents/Tako-san-ui-rebuild/node_modules/.pnpm/react-router@6.30.6_react@18.3.1/node_modules/react-router/dist/umd/react-router.development.js:1097:7)
    at QueryClientProvider (file:///Users/tunbee27/Documents/Tako-san-ui-rebuild/node_modules/.pnpm/@tanstack+react-query@5.102.8_react@18.3.1/node_modules/@tanstack/react-query/build/modern/QueryClientProvider.js:12:32)
Warning: useLayoutEffect does nothing on the server, because its effect cannot be encoded into the server renderer's output format. This will lead to a mismatch between the initial, non-hydrated UI and the intended UI. To avoid this, useLayoutEffect should only be used in components that render exclusively on the client. See https://reactjs.org/link/uselayouteffect-ssr for common fixes.
    at LinkWithRef (/Users/tunbee27/Documents/Tako-san-ui-rebuild/node_modules/.pnpm/react-router-dom@6.30.6_react-dom@18.3.1_react@18.3.1__react@18.3.1/node_modules/react-router-dom/dist/umd/react-router-dom.development.js:807:9)
    at div
    at header
    at KitchenHeader (/Users/tunbee27/Documents/Tako-san-ui-rebuild/src/web/components/common/KitchenHeader.tsx:10:3)
    at TopBar (/Users/tunbee27/Documents/Tako-san-ui-rebuild/src/web/components/common/TopBar.tsx:9:3)
    at div
    at RecipeDetailPage (/Users/tunbee27/Documents/Tako-san-ui-rebuild/src/web/pages/RecipeDetailPage.tsx:51:63)
    at Router (/Users/tunbee27/Documents/Tako-san-ui-rebuild/node_modules/.pnpm/react-router@6.30.6_react@18.3.1/node_modules/react-router/dist/umd/react-router.development.js:1203:17)
    at MemoryRouter (/Users/tunbee27/Documents/Tako-san-ui-rebuild/node_modules/.pnpm/react-router@6.30.6_react@18.3.1/node_modules/react-router/dist/umd/react-router.development.js:1097:7)
    at QueryClientProvider (file:///Users/tunbee27/Documents/Tako-san-ui-rebuild/node_modules/.pnpm/@tanstack+react-query@5.102.8_react@18.3.1/node_modules/@tanstack/react-query/build/modern/QueryClientProvider.js:12:32)
Warning: useLayoutEffect does nothing on the server, because its effect cannot be encoded into the server renderer's output format. This will lead to a mismatch between the initial, non-hydrated UI and the intended UI. To avoid this, useLayoutEffect should only be used in components that render exclusively on the client. See https://reactjs.org/link/uselayouteffect-ssr for common fixes.
    at LinkWithRef (/Users/tunbee27/Documents/Tako-san-ui-rebuild/node_modules/.pnpm/react-router-dom@6.30.6_react-dom@18.3.1_react@18.3.1__react@18.3.1/node_modules/react-router-dom/dist/umd/react-router-dom.development.js:807:9)
    at div
    at header
    at KitchenHeader (/Users/tunbee27/Documents/Tako-san-ui-rebuild/src/web/components/common/KitchenHeader.tsx:10:3)
    at TopBar (/Users/tunbee27/Documents/Tako-san-ui-rebuild/src/web/components/common/TopBar.tsx:9:3)
    at div
    at RecipeDetailPage (/Users/tunbee27/Documents/Tako-san-ui-rebuild/src/web/pages/RecipeDetailPage.tsx:51:63)
    at Router (/Users/tunbee27/Documents/Tako-san-ui-rebuild/node_modules/.pnpm/react-router@6.30.6_react@18.3.1/node_modules/react-router/dist/umd/react-router.development.js:1203:17)
    at MemoryRouter (/Users/tunbee27/Documents/Tako-san-ui-rebuild/node_modules/.pnpm/react-router@6.30.6_react@18.3.1/node_modules/react-router/dist/umd/react-router.development.js:1097:7)
    at QueryClientProvider (file:///Users/tunbee27/Documents/Tako-san-ui-rebuild/node_modules/.pnpm/@tanstack+react-query@5.102.8_react@18.3.1/node_modules/@tanstack/react-query/build/modern/QueryClientProvider.js:12:32)
Warning: useLayoutEffect does nothing on the server, because its effect cannot be encoded into the server renderer's output format. This will lead to a mismatch between the initial, non-hydrated UI and the intended UI. To avoid this, useLayoutEffect should only be used in components that render exclusively on the client. See https://reactjs.org/link/uselayouteffect-ssr for common fixes.
    at LinkWithRef (/Users/tunbee27/Documents/Tako-san-ui-rebuild/node_modules/.pnpm/react-router-dom@6.30.6_react-dom@18.3.1_react@18.3.1__react@18.3.1/node_modules/react-router-dom/dist/umd/react-router-dom.development.js:807:9)
    at div
    at header
    at KitchenHeader (/Users/tunbee27/Documents/Tako-san-ui-rebuild/src/web/components/common/KitchenHeader.tsx:10:3)
    at TopBar (/Users/tunbee27/Documents/Tako-san-ui-rebuild/src/web/components/common/TopBar.tsx:9:3)
    at div
    at RecipeDetailPage (/Users/tunbee27/Documents/Tako-san-ui-rebuild/src/web/pages/RecipeDetailPage.tsx:51:63)
    at Router (/Users/tunbee27/Documents/Tako-san-ui-rebuild/node_modules/.pnpm/react-router@6.30.6_react@18.3.1/node_modules/react-router/dist/umd/react-router.development.js:1203:17)
    at MemoryRouter (/Users/tunbee27/Documents/Tako-san-ui-rebuild/node_modules/.pnpm/react-router@6.30.6_react@18.3.1/node_modules/react-router/dist/umd/react-router.development.js:1097:7)
    at QueryClientProvider (file:///Users/tunbee27/Documents/Tako-san-ui-rebuild/node_modules/.pnpm/@tanstack+react-query@5.102.8_react@18.3.1/node_modules/@tanstack/react-query/build/modern/QueryClientProvider.js:12:32)
Warning: useLayoutEffect does nothing on the server, because its effect cannot be encoded into the server renderer's output format. This will lead to a mismatch between the initial, non-hydrated UI and the intended UI. To avoid this, useLayoutEffect should only be used in components that render exclusively on the client. See https://reactjs.org/link/uselayouteffect-ssr for common fixes.
    at LinkWithRef (/Users/tunbee27/Documents/Tako-san-ui-rebuild/node_modules/.pnpm/react-router-dom@6.30.6_react-dom@18.3.1_react@18.3.1__react@18.3.1/node_modules/react-router-dom/dist/umd/react-router-dom.development.js:807:9)
    at KitchenScanLink (/Users/tunbee27/Documents/Tako-san-ui-rebuild/src/web/design-system/navigation.tsx:450:28)
    at header
    at KitchenHeader (/Users/tunbee27/Documents/Tako-san-ui-rebuild/src/web/components/common/KitchenHeader.tsx:10:3)
    at TopBar (/Users/tunbee27/Documents/Tako-san-ui-rebuild/src/web/components/common/TopBar.tsx:9:3)
    at div
    at RecipeDetailPage (/Users/tunbee27/Documents/Tako-san-ui-rebuild/src/web/pages/RecipeDetailPage.tsx:51:63)
    at Router (/Users/tunbee27/Documents/Tako-san-ui-rebuild/node_modules/.pnpm/react-router@6.30.6_react@18.3.1/node_modules/react-router/dist/umd/react-router.development.js:1203:17)
    at MemoryRouter (/Users/tunbee27/Documents/Tako-san-ui-rebuild/node_modules/.pnpm/react-router@6.30.6_react@18.3.1/node_modules/react-router/dist/umd/react-router.development.js:1097:7)
    at QueryClientProvider (file:///Users/tunbee27/Documents/Tako-san-ui-rebuild/node_modules/.pnpm/@tanstack+react-query@5.102.8_react@18.3.1/node_modules/@tanstack/react-query/build/modern/QueryClientProvider.js:12:32)

stderr | tests/integration/frontend-ui-integration.test.tsx > RecipeDetail loading, not-found, error, and success remain distinct > does not spin forever when a successful response has no recipe
Warning: useLayoutEffect does nothing on the server, because its effect cannot be encoded into the server renderer's output format. This will lead to a mismatch between the initial, non-hydrated UI and the intended UI. To avoid this, useLayoutEffect should only be used in components that render exclusively on the client. See https://reactjs.org/link/uselayouteffect-ssr for common fixes.
    at MemoryRouter (/Users/tunbee27/Documents/Tako-san-ui-rebuild/node_modules/.pnpm/react-router@6.30.6_react@18.3.1/node_modules/react-router/dist/umd/react-router.development.js:1097:7)
    at QueryClientProvider (file:///Users/tunbee27/Documents/Tako-san-ui-rebuild/node_modules/.pnpm/@tanstack+react-query@5.102.8_react@18.3.1/node_modules/@tanstack/react-query/build/modern/QueryClientProvider.js:12:32)
Warning: useLayoutEffect does nothing on the server, because its effect cannot be encoded into the server renderer's output format. This will lead to a mismatch between the initial, non-hydrated UI and the intended UI. To avoid this, useLayoutEffect should only be used in components that render exclusively on the client. See https://reactjs.org/link/uselayouteffect-ssr for common fixes.
    at LinkWithRef (/Users/tunbee27/Documents/Tako-san-ui-rebuild/node_modules/.pnpm/react-router-dom@6.30.6_react-dom@18.3.1_react@18.3.1__react@18.3.1/node_modules/react-router-dom/dist/umd/react-router-dom.development.js:807:9)
    at div
    at header
    at KitchenHeader (/Users/tunbee27/Documents/Tako-san-ui-rebuild/src/web/components/common/KitchenHeader.tsx:10:3)
    at TopBar (/Users/tunbee27/Documents/Tako-san-ui-rebuild/src/web/components/common/TopBar.tsx:9:3)
    at div
    at RecipeDetailPage (/Users/tunbee27/Documents/Tako-san-ui-rebuild/src/web/pages/RecipeDetailPage.tsx:51:63)
    at Router (/Users/tunbee27/Documents/Tako-san-ui-rebuild/node_modules/.pnpm/react-router@6.30.6_react@18.3.1/node_modules/react-router/dist/umd/react-router.development.js:1203:17)
    at MemoryRouter (/Users/tunbee27/Documents/Tako-san-ui-rebuild/node_modules/.pnpm/react-router@6.30.6_react@18.3.1/node_modules/react-router/dist/umd/react-router.development.js:1097:7)
    at QueryClientProvider (file:///Users/tunbee27/Documents/Tako-san-ui-rebuild/node_modules/.pnpm/@tanstack+react-query@5.102.8_react@18.3.1/node_modules/@tanstack/react-query/build/modern/QueryClientProvider.js:12:32)
Warning: useLayoutEffect does nothing on the server, because its effect cannot be encoded into the server renderer's output format. This will lead to a mismatch between the initial, non-hydrated UI and the intended UI. To avoid this, useLayoutEffect should only be used in components that render exclusively on the client. See https://reactjs.org/link/uselayouteffect-ssr for common fixes.
    at LinkWithRef (/Users/tunbee27/Documents/Tako-san-ui-rebuild/node_modules/.pnpm/react-router-dom@6.30.6_react-dom@18.3.1_react@18.3.1__react@18.3.1/node_modules/react-router-dom/dist/umd/react-router-dom.development.js:807:9)
    at div
    at header
    at KitchenHeader (/Users/tunbee27/Documents/Tako-san-ui-rebuild/src/web/components/common/KitchenHeader.tsx:10:3)
    at TopBar (/Users/tunbee27/Documents/Tako-san-ui-rebuild/src/web/components/common/TopBar.tsx:9:3)
    at div
    at RecipeDetailPage (/Users/tunbee27/Documents/Tako-san-ui-rebuild/src/web/pages/RecipeDetailPage.tsx:51:63)
    at Router (/Users/tunbee27/Documents/Tako-san-ui-rebuild/node_modules/.pnpm/react-router@6.30.6_react@18.3.1/node_modules/react-router/dist/umd/react-router.development.js:1203:17)
    at MemoryRouter (/Users/tunbee27/Documents/Tako-san-ui-rebuild/node_modules/.pnpm/react-router@6.30.6_react@18.3.1/node_modules/react-router/dist/umd/react-router.development.js:1097:7)
    at QueryClientProvider (file:///Users/tunbee27/Documents/Tako-san-ui-rebuild/node_modules/.pnpm/@tanstack+react-query@5.102.8_react@18.3.1/node_modules/@tanstack/react-query/build/modern/QueryClientProvider.js:12:32)
Warning: useLayoutEffect does nothing on the server, because its effect cannot be encoded into the server renderer's output format. This will lead to a mismatch between the initial, non-hydrated UI and the intended UI. To avoid this, useLayoutEffect should only be used in components that render exclusively on the client. See https://reactjs.org/link/uselayouteffect-ssr for common fixes.
    at LinkWithRef (/Users/tunbee27/Documents/Tako-san-ui-rebuild/node_modules/.pnpm/react-router-dom@6.30.6_react-dom@18.3.1_react@18.3.1__react@18.3.1/node_modules/react-router-dom/dist/umd/react-router-dom.development.js:807:9)
    at div
    at header
    at KitchenHeader (/Users/tunbee27/Documents/Tako-san-ui-rebuild/src/web/components/common/KitchenHeader.tsx:10:3)
    at TopBar (/Users/tunbee27/Documents/Tako-san-ui-rebuild/src/web/components/common/TopBar.tsx:9:3)
    at div
    at RecipeDetailPage (/Users/tunbee27/Documents/Tako-san-ui-rebuild/src/web/pages/RecipeDetailPage.tsx:51:63)
    at Router (/Users/tunbee27/Documents/Tako-san-ui-rebuild/node_modules/.pnpm/react-router@6.30.6_react@18.3.1/node_modules/react-router/dist/umd/react-router.development.js:1203:17)
    at MemoryRouter (/Users/tunbee27/Documents/Tako-san-ui-rebuild/node_modules/.pnpm/react-router@6.30.6_react@18.3.1/node_modules/react-router/dist/umd/react-router.development.js:1097:7)
    at QueryClientProvider (file:///Users/tunbee27/Documents/Tako-san-ui-rebuild/node_modules/.pnpm/@tanstack+react-query@5.102.8_react@18.3.1/node_modules/@tanstack/react-query/build/modern/QueryClientProvider.js:12:32)
Warning: useLayoutEffect does nothing on the server, because its effect cannot be encoded into the server renderer's output format. This will lead to a mismatch between the initial, non-hydrated UI and the intended UI. To avoid this, useLayoutEffect should only be used in components that render exclusively on the client. See https://reactjs.org/link/uselayouteffect-ssr for common fixes.
    at LinkWithRef (/Users/tunbee27/Documents/Tako-san-ui-rebuild/node_modules/.pnpm/react-router-dom@6.30.6_react-dom@18.3.1_react@18.3.1__react@18.3.1/node_modules/react-router-dom/dist/umd/react-router-dom.development.js:807:9)
    at div
    at header
    at KitchenHeader (/Users/tunbee27/Documents/Tako-san-ui-rebuild/src/web/components/common/KitchenHeader.tsx:10:3)
    at TopBar (/Users/tunbee27/Documents/Tako-san-ui-rebuild/src/web/components/common/TopBar.tsx:9:3)
    at div
    at RecipeDetailPage (/Users/tunbee27/Documents/Tako-san-ui-rebuild/src/web/pages/RecipeDetailPage.tsx:51:63)
    at Router (/Users/tunbee27/Documents/Tako-san-ui-rebuild/node_modules/.pnpm/react-router@6.30.6_react@18.3.1/node_modules/react-router/dist/umd/react-router.development.js:1203:17)
    at MemoryRouter (/Users/tunbee27/Documents/Tako-san-ui-rebuild/node_modules/.pnpm/react-router@6.30.6_react@18.3.1/node_modules/react-router/dist/umd/react-router.development.js:1097:7)
    at QueryClientProvider (file:///Users/tunbee27/Documents/Tako-san-ui-rebuild/node_modules/.pnpm/@tanstack+react-query@5.102.8_react@18.3.1/node_modules/@tanstack/react-query/build/modern/QueryClientProvider.js:12:32)
Warning: useLayoutEffect does nothing on the server, because its effect cannot be encoded into the server renderer's output format. This will lead to a mismatch between the initial, non-hydrated UI and the intended UI. To avoid this, useLayoutEffect should only be used in components that render exclusively on the client. See https://reactjs.org/link/uselayouteffect-ssr for common fixes.
    at LinkWithRef (/Users/tunbee27/Documents/Tako-san-ui-rebuild/node_modules/.pnpm/react-router-dom@6.30.6_react-dom@18.3.1_react@18.3.1__react@18.3.1/node_modules/react-router-dom/dist/umd/react-router-dom.development.js:807:9)
    at KitchenScanLink (/Users/tunbee27/Documents/Tako-san-ui-rebuild/src/web/design-system/navigation.tsx:450:28)
    at header
    at KitchenHeader (/Users/tunbee27/Documents/Tako-san-ui-rebuild/src/web/components/common/KitchenHeader.tsx:10:3)
    at TopBar (/Users/tunbee27/Documents/Tako-san-ui-rebuild/src/web/components/common/TopBar.tsx:9:3)
    at div
    at RecipeDetailPage (/Users/tunbee27/Documents/Tako-san-ui-rebuild/src/web/pages/RecipeDetailPage.tsx:51:63)
    at Router (/Users/tunbee27/Documents/Tako-san-ui-rebuild/node_modules/.pnpm/react-router@6.30.6_react@18.3.1/node_modules/react-router/dist/umd/react-router.development.js:1203:17)
    at MemoryRouter (/Users/tunbee27/Documents/Tako-san-ui-rebuild/node_modules/.pnpm/react-router@6.30.6_react@18.3.1/node_modules/react-router/dist/umd/react-router.development.js:1097:7)
    at QueryClientProvider (file:///Users/tunbee27/Documents/Tako-san-ui-rebuild/node_modules/.pnpm/@tanstack+react-query@5.102.8_react@18.3.1/node_modules/@tanstack/react-query/build/modern/QueryClientProvider.js:12:32)

stderr | tests/integration/frontend-ui-integration.test.tsx > RecipeDetail loading, not-found, error, and success remain distinct > renders a distinct 404 response instead of an infinite spinner
Warning: useLayoutEffect does nothing on the server, because its effect cannot be encoded into the server renderer's output format. This will lead to a mismatch between the initial, non-hydrated UI and the intended UI. To avoid this, useLayoutEffect should only be used in components that render exclusively on the client. See https://reactjs.org/link/uselayouteffect-ssr for common fixes.
    at MemoryRouter (/Users/tunbee27/Documents/Tako-san-ui-rebuild/node_modules/.pnpm/react-router@6.30.6_react@18.3.1/node_modules/react-router/dist/umd/react-router.development.js:1097:7)
    at QueryClientProvider (file:///Users/tunbee27/Documents/Tako-san-ui-rebuild/node_modules/.pnpm/@tanstack+react-query@5.102.8_react@18.3.1/node_modules/@tanstack/react-query/build/modern/QueryClientProvider.js:12:32)
Warning: useLayoutEffect does nothing on the server, because its effect cannot be encoded into the server renderer's output format. This will lead to a mismatch between the initial, non-hydrated UI and the intended UI. To avoid this, useLayoutEffect should only be used in components that render exclusively on the client. See https://reactjs.org/link/uselayouteffect-ssr for common fixes.
    at LinkWithRef (/Users/tunbee27/Documents/Tako-san-ui-rebuild/node_modules/.pnpm/react-router-dom@6.30.6_react-dom@18.3.1_react@18.3.1__react@18.3.1/node_modules/react-router-dom/dist/umd/react-router-dom.development.js:807:9)
    at div
    at header
    at KitchenHeader (/Users/tunbee27/Documents/Tako-san-ui-rebuild/src/web/components/common/KitchenHeader.tsx:10:3)
    at TopBar (/Users/tunbee27/Documents/Tako-san-ui-rebuild/src/web/components/common/TopBar.tsx:9:3)
    at div
    at RecipeDetailPage (/Users/tunbee27/Documents/Tako-san-ui-rebuild/src/web/pages/RecipeDetailPage.tsx:51:63)
    at Router (/Users/tunbee27/Documents/Tako-san-ui-rebuild/node_modules/.pnpm/react-router@6.30.6_react@18.3.1/node_modules/react-router/dist/umd/react-router.development.js:1203:17)
    at MemoryRouter (/Users/tunbee27/Documents/Tako-san-ui-rebuild/node_modules/.pnpm/react-router@6.30.6_react@18.3.1/node_modules/react-router/dist/umd/react-router.development.js:1097:7)
    at QueryClientProvider (file:///Users/tunbee27/Documents/Tako-san-ui-rebuild/node_modules/.pnpm/@tanstack+react-query@5.102.8_react@18.3.1/node_modules/@tanstack/react-query/build/modern/QueryClientProvider.js:12:32)
Warning: useLayoutEffect does nothing on the server, because its effect cannot be encoded into the server renderer's output format. This will lead to a mismatch between the initial, non-hydrated UI and the intended UI. To avoid this, useLayoutEffect should only be used in components that render exclusively on the client. See https://reactjs.org/link/uselayouteffect-ssr for common fixes.
    at LinkWithRef (/Users/tunbee27/Documents/Tako-san-ui-rebuild/node_modules/.pnpm/react-router-dom@6.30.6_react-dom@18.3.1_react@18.3.1__react@18.3.1/node_modules/react-router-dom/dist/umd/react-router-dom.development.js:807:9)
    at div
    at header
    at KitchenHeader (/Users/tunbee27/Documents/Tako-san-ui-rebuild/src/web/components/common/KitchenHeader.tsx:10:3)
    at TopBar (/Users/tunbee27/Documents/Tako-san-ui-rebuild/src/web/components/common/TopBar.tsx:9:3)
    at div
    at RecipeDetailPage (/Users/tunbee27/Documents/Tako-san-ui-rebuild/src/web/pages/RecipeDetailPage.tsx:51:63)
    at Router (/Users/tunbee27/Documents/Tako-san-ui-rebuild/node_modules/.pnpm/react-router@6.30.6_react@18.3.1/node_modules/react-router/dist/umd/react-router.development.js:1203:17)
    at MemoryRouter (/Users/tunbee27/Documents/Tako-san-ui-rebuild/node_modules/.pnpm/react-router@6.30.6_react@18.3.1/node_modules/react-router/dist/umd/react-router.development.js:1097:7)
    at QueryClientProvider (file:///Users/tunbee27/Documents/Tako-san-ui-rebuild/node_modules/.pnpm/@tanstack+react-query@5.102.8_react@18.3.1/node_modules/@tanstack/react-query/build/modern/QueryClientProvider.js:12:32)
Warning: useLayoutEffect does nothing on the server, because its effect cannot be encoded into the server renderer's output format. This will lead to a mismatch between the initial, non-hydrated UI and the intended UI. To avoid this, useLayoutEffect should only be used in components that render exclusively on the client. See https://reactjs.org/link/uselayouteffect-ssr for common fixes.
    at LinkWithRef (/Users/tunbee27/Documents/Tako-san-ui-rebuild/node_modules/.pnpm/react-router-dom@6.30.6_react-dom@18.3.1_react@18.3.1__react@18.3.1/node_modules/react-router-dom/dist/umd/react-router-dom.development.js:807:9)
    at div
    at header
    at KitchenHeader (/Users/tunbee27/Documents/Tako-san-ui-rebuild/src/web/components/common/KitchenHeader.tsx:10:3)
    at TopBar (/Users/tunbee27/Documents/Tako-san-ui-rebuild/src/web/components/common/TopBar.tsx:9:3)
    at div
    at RecipeDetailPage (/Users/tunbee27/Documents/Tako-san-ui-rebuild/src/web/pages/RecipeDetailPage.tsx:51:63)
    at Router (/Users/tunbee27/Documents/Tako-san-ui-rebuild/node_modules/.pnpm/react-router@6.30.6_react@18.3.1/node_modules/react-router/dist/umd/react-router.development.js:1203:17)
    at MemoryRouter (/Users/tunbee27/Documents/Tako-san-ui-rebuild/node_modules/.pnpm/react-router@6.30.6_react@18.3.1/node_modules/react-router/dist/umd/react-router.development.js:1097:7)
    at QueryClientProvider (file:///Users/tunbee27/Documents/Tako-san-ui-rebuild/node_modules/.pnpm/@tanstack+react-query@5.102.8_react@18.3.1/node_modules/@tanstack/react-query/build/modern/QueryClientProvider.js:12:32)
Warning: useLayoutEffect does nothing on the server, because its effect cannot be encoded into the server renderer's output format. This will lead to a mismatch between the initial, non-hydrated UI and the intended UI. To avoid this, useLayoutEffect should only be used in components that render exclusively on the client. See https://reactjs.org/link/uselayouteffect-ssr for common fixes.
    at LinkWithRef (/Users/tunbee27/Documents/Tako-san-ui-rebuild/node_modules/.pnpm/react-router-dom@6.30.6_react-dom@18.3.1_react@18.3.1__react@18.3.1/node_modules/react-router-dom/dist/umd/react-router-dom.development.js:807:9)
    at div
    at header
    at KitchenHeader (/Users/tunbee27/Documents/Tako-san-ui-rebuild/src/web/components/common/KitchenHeader.tsx:10:3)
    at TopBar (/Users/tunbee27/Documents/Tako-san-ui-rebuild/src/web/components/common/TopBar.tsx:9:3)
    at div
    at RecipeDetailPage (/Users/tunbee27/Documents/Tako-san-ui-rebuild/src/web/pages/RecipeDetailPage.tsx:51:63)
    at Router (/Users/tunbee27/Documents/Tako-san-ui-rebuild/node_modules/.pnpm/react-router@6.30.6_react@18.3.1/node_modules/react-router/dist/umd/react-router.development.js:1203:17)
    at MemoryRouter (/Users/tunbee27/Documents/Tako-san-ui-rebuild/node_modules/.pnpm/react-router@6.30.6_react@18.3.1/node_modules/react-router/dist/umd/react-router.development.js:1097:7)
    at QueryClientProvider (file:///Users/tunbee27/Documents/Tako-san-ui-rebuild/node_modules/.pnpm/@tanstack+react-query@5.102.8_react@18.3.1/node_modules/@tanstack/react-query/build/modern/QueryClientProvider.js:12:32)
Warning: useLayoutEffect does nothing on the server, because its effect cannot be encoded into the server renderer's output format. This will lead to a mismatch between the initial, non-hydrated UI and the intended UI. To avoid this, useLayoutEffect should only be used in components that render exclusively on the client. See https://reactjs.org/link/uselayouteffect-ssr for common fixes.
    at LinkWithRef (/Users/tunbee27/Documents/Tako-san-ui-rebuild/node_modules/.pnpm/react-router-dom@6.30.6_react-dom@18.3.1_react@18.3.1__react@18.3.1/node_modules/react-router-dom/dist/umd/react-router-dom.development.js:807:9)
    at KitchenScanLink (/Users/tunbee27/Documents/Tako-san-ui-rebuild/src/web/design-system/navigation.tsx:450:28)
    at header
    at KitchenHeader (/Users/tunbee27/Documents/Tako-san-ui-rebuild/src/web/components/common/KitchenHeader.tsx:10:3)
    at TopBar (/Users/tunbee27/Documents/Tako-san-ui-rebuild/src/web/components/common/TopBar.tsx:9:3)
    at div
    at RecipeDetailPage (/Users/tunbee27/Documents/Tako-san-ui-rebuild/src/web/pages/RecipeDetailPage.tsx:51:63)
    at Router (/Users/tunbee27/Documents/Tako-san-ui-rebuild/node_modules/.pnpm/react-router@6.30.6_react@18.3.1/node_modules/react-router/dist/umd/react-router.development.js:1203:17)
    at MemoryRouter (/Users/tunbee27/Documents/Tako-san-ui-rebuild/node_modules/.pnpm/react-router@6.30.6_react@18.3.1/node_modules/react-router/dist/umd/react-router.development.js:1097:7)
    at QueryClientProvider (file:///Users/tunbee27/Documents/Tako-san-ui-rebuild/node_modules/.pnpm/@tanstack+react-query@5.102.8_react@18.3.1/node_modules/@tanstack/react-query/build/modern/QueryClientProvider.js:12:32)

stderr | tests/integration/frontend-ui-integration.test.tsx > RecipeDetail loading, not-found, error, and success remain distinct > renders a distinct 500 response instead of an infinite spinner
Warning: useLayoutEffect does nothing on the server, because its effect cannot be encoded into the server renderer's output format. This will lead to a mismatch between the initial, non-hydrated UI and the intended UI. To avoid this, useLayoutEffect should only be used in components that render exclusively on the client. See https://reactjs.org/link/uselayouteffect-ssr for common fixes.
    at MemoryRouter (/Users/tunbee27/Documents/Tako-san-ui-rebuild/node_modules/.pnpm/react-router@6.30.6_react@18.3.1/node_modules/react-router/dist/umd/react-router.development.js:1097:7)
    at QueryClientProvider (file:///Users/tunbee27/Documents/Tako-san-ui-rebuild/node_modules/.pnpm/@tanstack+react-query@5.102.8_react@18.3.1/node_modules/@tanstack/react-query/build/modern/QueryClientProvider.js:12:32)
Warning: useLayoutEffect does nothing on the server, because its effect cannot be encoded into the server renderer's output format. This will lead to a mismatch between the initial, non-hydrated UI and the intended UI. To avoid this, useLayoutEffect should only be used in components that render exclusively on the client. See https://reactjs.org/link/uselayouteffect-ssr for common fixes.
    at LinkWithRef (/Users/tunbee27/Documents/Tako-san-ui-rebuild/node_modules/.pnpm/react-router-dom@6.30.6_react-dom@18.3.1_react@18.3.1__react@18.3.1/node_modules/react-router-dom/dist/umd/react-router-dom.development.js:807:9)
    at div
    at header
    at KitchenHeader (/Users/tunbee27/Documents/Tako-san-ui-rebuild/src/web/components/common/KitchenHeader.tsx:10:3)
    at TopBar (/Users/tunbee27/Documents/Tako-san-ui-rebuild/src/web/components/common/TopBar.tsx:9:3)
    at div
    at RecipeDetailPage (/Users/tunbee27/Documents/Tako-san-ui-rebuild/src/web/pages/RecipeDetailPage.tsx:51:63)
    at Router (/Users/tunbee27/Documents/Tako-san-ui-rebuild/node_modules/.pnpm/react-router@6.30.6_react@18.3.1/node_modules/react-router/dist/umd/react-router.development.js:1203:17)
    at MemoryRouter (/Users/tunbee27/Documents/Tako-san-ui-rebuild/node_modules/.pnpm/react-router@6.30.6_react@18.3.1/node_modules/react-router/dist/umd/react-router.development.js:1097:7)
    at QueryClientProvider (file:///Users/tunbee27/Documents/Tako-san-ui-rebuild/node_modules/.pnpm/@tanstack+react-query@5.102.8_react@18.3.1/node_modules/@tanstack/react-query/build/modern/QueryClientProvider.js:12:32)
Warning: useLayoutEffect does nothing on the server, because its effect cannot be encoded into the server renderer's output format. This will lead to a mismatch between the initial, non-hydrated UI and the intended UI. To avoid this, useLayoutEffect should only be used in components that render exclusively on the client. See https://reactjs.org/link/uselayouteffect-ssr for common fixes.
    at LinkWithRef (/Users/tunbee27/Documents/Tako-san-ui-rebuild/node_modules/.pnpm/react-router-dom@6.30.6_react-dom@18.3.1_react@18.3.1__react@18.3.1/node_modules/react-router-dom/dist/umd/react-router-dom.development.js:807:9)
    at div
    at header
    at KitchenHeader (/Users/tunbee27/Documents/Tako-san-ui-rebuild/src/web/components/common/KitchenHeader.tsx:10:3)
    at TopBar (/Users/tunbee27/Documents/Tako-san-ui-rebuild/src/web/components/common/TopBar.tsx:9:3)
    at div
    at RecipeDetailPage (/Users/tunbee27/Documents/Tako-san-ui-rebuild/src/web/pages/RecipeDetailPage.tsx:51:63)
    at Router (/Users/tunbee27/Documents/Tako-san-ui-rebuild/node_modules/.pnpm/react-router@6.30.6_react@18.3.1/node_modules/react-router/dist/umd/react-router.development.js:1203:17)
    at MemoryRouter (/Users/tunbee27/Documents/Tako-san-ui-rebuild/node_modules/.pnpm/react-router@6.30.6_react@18.3.1/node_modules/react-router/dist/umd/react-router.development.js:1097:7)
    at QueryClientProvider (file:///Users/tunbee27/Documents/Tako-san-ui-rebuild/node_modules/.pnpm/@tanstack+react-query@5.102.8_react@18.3.1/node_modules/@tanstack/react-query/build/modern/QueryClientProvider.js:12:32)
Warning: useLayoutEffect does nothing on the server, because its effect cannot be encoded into the server renderer's output format. This will lead to a mismatch between the initial, non-hydrated UI and the intended UI. To avoid this, useLayoutEffect should only be used in components that render exclusively on the client. See https://reactjs.org/link/uselayouteffect-ssr for common fixes.
    at LinkWithRef (/Users/tunbee27/Documents/Tako-san-ui-rebuild/node_modules/.pnpm/react-router-dom@6.30.6_react-dom@18.3.1_react@18.3.1__react@18.3.1/node_modules/react-router-dom/dist/umd/react-router-dom.development.js:807:9)
    at div
    at header
    at KitchenHeader (/Users/tunbee27/Documents/Tako-san-ui-rebuild/src/web/components/common/KitchenHeader.tsx:10:3)
    at TopBar (/Users/tunbee27/Documents/Tako-san-ui-rebuild/src/web/components/common/TopBar.tsx:9:3)
    at div
    at RecipeDetailPage (/Users/tunbee27/Documents/Tako-san-ui-rebuild/src/web/pages/RecipeDetailPage.tsx:51:63)
    at Router (/Users/tunbee27/Documents/Tako-san-ui-rebuild/node_modules/.pnpm/react-router@6.30.6_react@18.3.1/node_modules/react-router/dist/umd/react-router.development.js:1203:17)
    at MemoryRouter (/Users/tunbee27/Documents/Tako-san-ui-rebuild/node_modules/.pnpm/react-router@6.30.6_react@18.3.1/node_modules/react-router/dist/umd/react-router.development.js:1097:7)
    at QueryClientProvider (file:///Users/tunbee27/Documents/Tako-san-ui-rebuild/node_modules/.pnpm/@tanstack+react-query@5.102.8_react@18.3.1/node_modules/@tanstack/react-query/build/modern/QueryClientProvider.js:12:32)
Warning: useLayoutEffect does nothing on the server, because its effect cannot be encoded into the server renderer's output format. This will lead to a mismatch between the initial, non-hydrated UI and the intended UI. To avoid this, useLayoutEffect should only be used in components that render exclusively on the client. See https://reactjs.org/link/uselayouteffect-ssr for common fixes.
    at LinkWithRef (/Users/tunbee27/Documents/Tako-san-ui-rebuild/node_modules/.pnpm/react-router-dom@6.30.6_react-dom@18.3.1_react@18.3.1__react@18.3.1/node_modules/react-router-dom/dist/umd/react-router-dom.development.js:807:9)
    at div
    at header
    at KitchenHeader (/Users/tunbee27/Documents/Tako-san-ui-rebuild/src/web/components/common/KitchenHeader.tsx:10:3)
    at TopBar (/Users/tunbee27/Documents/Tako-san-ui-rebuild/src/web/components/common/TopBar.tsx:9:3)
    at div
    at RecipeDetailPage (/Users/tunbee27/Documents/Tako-san-ui-rebuild/src/web/pages/RecipeDetailPage.tsx:51:63)
    at Router (/Users/tunbee27/Documents/Tako-san-ui-rebuild/node_modules/.pnpm/react-router@6.30.6_react@18.3.1/node_modules/react-router/dist/umd/react-router.development.js:1203:17)
    at MemoryRouter (/Users/tunbee27/Documents/Tako-san-ui-rebuild/node_modules/.pnpm/react-router@6.30.6_react@18.3.1/node_modules/react-router/dist/umd/react-router.development.js:1097:7)
    at QueryClientProvider (file:///Users/tunbee27/Documents/Tako-san-ui-rebuild/node_modules/.pnpm/@tanstack+react-query@5.102.8_react@18.3.1/node_modules/@tanstack/react-query/build/modern/QueryClientProvider.js:12:32)
Warning: useLayoutEffect does nothing on the server, because its effect cannot be encoded into the server renderer's output format. This will lead to a mismatch between the initial, non-hydrated UI and the intended UI. To avoid this, useLayoutEffect should only be used in components that render exclusively on the client. See https://reactjs.org/link/uselayouteffect-ssr for common fixes.
    at LinkWithRef (/Users/tunbee27/Documents/Tako-san-ui-rebuild/node_modules/.pnpm/react-router-dom@6.30.6_react-dom@18.3.1_react@18.3.1__react@18.3.1/node_modules/react-router-dom/dist/umd/react-router-dom.development.js:807:9)
    at KitchenScanLink (/Users/tunbee27/Documents/Tako-san-ui-rebuild/src/web/design-system/navigation.tsx:450:28)
    at header
    at KitchenHeader (/Users/tunbee27/Documents/Tako-san-ui-rebuild/src/web/components/common/KitchenHeader.tsx:10:3)
    at TopBar (/Users/tunbee27/Documents/Tako-san-ui-rebuild/src/web/components/common/TopBar.tsx:9:3)
    at div
    at RecipeDetailPage (/Users/tunbee27/Documents/Tako-san-ui-rebuild/src/web/pages/RecipeDetailPage.tsx:51:63)
    at Router (/Users/tunbee27/Documents/Tako-san-ui-rebuild/node_modules/.pnpm/react-router@6.30.6_react@18.3.1/node_modules/react-router/dist/umd/react-router.development.js:1203:17)
    at MemoryRouter (/Users/tunbee27/Documents/Tako-san-ui-rebuild/node_modules/.pnpm/react-router@6.30.6_react@18.3.1/node_modules/react-router/dist/umd/react-router.development.js:1097:7)
    at QueryClientProvider (file:///Users/tunbee27/Documents/Tako-san-ui-rebuild/node_modules/.pnpm/@tanstack+react-query@5.102.8_react@18.3.1/node_modules/@tanstack/react-query/build/modern/QueryClientProvider.js:12:32)

stderr | tests/integration/frontend-ui-integration.test.tsx > RecipeDetail loading, not-found, error, and success remain distinct > renders the offline error honestly with retry
Warning: useLayoutEffect does nothing on the server, because its effect cannot be encoded into the server renderer's output format. This will lead to a mismatch between the initial, non-hydrated UI and the intended UI. To avoid this, useLayoutEffect should only be used in components that render exclusively on the client. See https://reactjs.org/link/uselayouteffect-ssr for common fixes.
    at MemoryRouter (/Users/tunbee27/Documents/Tako-san-ui-rebuild/node_modules/.pnpm/react-router@6.30.6_react@18.3.1/node_modules/react-router/dist/umd/react-router.development.js:1097:7)
    at QueryClientProvider (file:///Users/tunbee27/Documents/Tako-san-ui-rebuild/node_modules/.pnpm/@tanstack+react-query@5.102.8_react@18.3.1/node_modules/@tanstack/react-query/build/modern/QueryClientProvider.js:12:32)
Warning: useLayoutEffect does nothing on the server, because its effect cannot be encoded into the server renderer's output format. This will lead to a mismatch between the initial, non-hydrated UI and the intended UI. To avoid this, useLayoutEffect should only be used in components that render exclusively on the client. See https://reactjs.org/link/uselayouteffect-ssr for common fixes.
    at LinkWithRef (/Users/tunbee27/Documents/Tako-san-ui-rebuild/node_modules/.pnpm/react-router-dom@6.30.6_react-dom@18.3.1_react@18.3.1__react@18.3.1/node_modules/react-router-dom/dist/umd/react-router-dom.development.js:807:9)
    at div
    at header
    at KitchenHeader (/Users/tunbee27/Documents/Tako-san-ui-rebuild/src/web/components/common/KitchenHeader.tsx:10:3)
    at TopBar (/Users/tunbee27/Documents/Tako-san-ui-rebuild/src/web/components/common/TopBar.tsx:9:3)
    at div
    at RecipeDetailPage (/Users/tunbee27/Documents/Tako-san-ui-rebuild/src/web/pages/RecipeDetailPage.tsx:51:63)
    at Router (/Users/tunbee27/Documents/Tako-san-ui-rebuild/node_modules/.pnpm/react-router@6.30.6_react@18.3.1/node_modules/react-router/dist/umd/react-router.development.js:1203:17)
    at MemoryRouter (/Users/tunbee27/Documents/Tako-san-ui-rebuild/node_modules/.pnpm/react-router@6.30.6_react@18.3.1/node_modules/react-router/dist/umd/react-router.development.js:1097:7)
    at QueryClientProvider (file:///Users/tunbee27/Documents/Tako-san-ui-rebuild/node_modules/.pnpm/@tanstack+react-query@5.102.8_react@18.3.1/node_modules/@tanstack/react-query/build/modern/QueryClientProvider.js:12:32)
Warning: useLayoutEffect does nothing on the server, because its effect cannot be encoded into the server renderer's output format. This will lead to a mismatch between the initial, non-hydrated UI and the intended UI. To avoid this, useLayoutEffect should only be used in components that render exclusively on the client. See https://reactjs.org/link/uselayouteffect-ssr for common fixes.
    at LinkWithRef (/Users/tunbee27/Documents/Tako-san-ui-rebuild/node_modules/.pnpm/react-router-dom@6.30.6_react-dom@18.3.1_react@18.3.1__react@18.3.1/node_modules/react-router-dom/dist/umd/react-router-dom.development.js:807:9)
    at div
    at header
    at KitchenHeader (/Users/tunbee27/Documents/Tako-san-ui-rebuild/src/web/components/common/KitchenHeader.tsx:10:3)
    at TopBar (/Users/tunbee27/Documents/Tako-san-ui-rebuild/src/web/components/common/TopBar.tsx:9:3)
    at div
    at RecipeDetailPage (/Users/tunbee27/Documents/Tako-san-ui-rebuild/src/web/pages/RecipeDetailPage.tsx:51:63)
    at Router (/Users/tunbee27/Documents/Tako-san-ui-rebuild/node_modules/.pnpm/react-router@6.30.6_react@18.3.1/node_modules/react-router/dist/umd/react-router.development.js:1203:17)
    at MemoryRouter (/Users/tunbee27/Documents/Tako-san-ui-rebuild/node_modules/.pnpm/react-router@6.30.6_react@18.3.1/node_modules/react-router/dist/umd/react-router.development.js:1097:7)
    at QueryClientProvider (file:///Users/tunbee27/Documents/Tako-san-ui-rebuild/node_modules/.pnpm/@tanstack+react-query@5.102.8_react@18.3.1/node_modules/@tanstack/react-query/build/modern/QueryClientProvider.js:12:32)
Warning: useLayoutEffect does nothing on the server, because its effect cannot be encoded into the server renderer's output format. This will lead to a mismatch between the initial, non-hydrated UI and the intended UI. To avoid this, useLayoutEffect should only be used in components that render exclusively on the client. See https://reactjs.org/link/uselayouteffect-ssr for common fixes.
    at LinkWithRef (/Users/tunbee27/Documents/Tako-san-ui-rebuild/node_modules/.pnpm/react-router-dom@6.30.6_react-dom@18.3.1_react@18.3.1__react@18.3.1/node_modules/react-router-dom/dist/umd/react-router-dom.development.js:807:9)
    at div
    at header
    at KitchenHeader (/Users/tunbee27/Documents/Tako-san-ui-rebuild/src/web/components/common/KitchenHeader.tsx:10:3)
    at TopBar (/Users/tunbee27/Documents/Tako-san-ui-rebuild/src/web/components/common/TopBar.tsx:9:3)
    at div
    at RecipeDetailPage (/Users/tunbee27/Documents/Tako-san-ui-rebuild/src/web/pages/RecipeDetailPage.tsx:51:63)
    at Router (/Users/tunbee27/Documents/Tako-san-ui-rebuild/node_modules/.pnpm/react-router@6.30.6_react@18.3.1/node_modules/react-router/dist/umd/react-router.development.js:1203:17)
    at MemoryRouter (/Users/tunbee27/Documents/Tako-san-ui-rebuild/node_modules/.pnpm/react-router@6.30.6_react@18.3.1/node_modules/react-router/dist/umd/react-router.development.js:1097:7)
    at QueryClientProvider (file:///Users/tunbee27/Documents/Tako-san-ui-rebuild/node_modules/.pnpm/@tanstack+react-query@5.102.8_react@18.3.1/node_modules/@tanstack/react-query/build/modern/QueryClientProvider.js:12:32)
Warning: useLayoutEffect does nothing on the server, because its effect cannot be encoded into the server renderer's output format. This will lead to a mismatch between the initial, non-hydrated UI and the intended UI. To avoid this, useLayoutEffect should only be used in components that render exclusively on the client. See https://reactjs.org/link/uselayouteffect-ssr for common fixes.
    at LinkWithRef (/Users/tunbee27/Documents/Tako-san-ui-rebuild/node_modules/.pnpm/react-router-dom@6.30.6_react-dom@18.3.1_react@18.3.1__react@18.3.1/node_modules/react-router-dom/dist/umd/react-router-dom.development.js:807:9)
    at div
    at header
    at KitchenHeader (/Users/tunbee27/Documents/Tako-san-ui-rebuild/src/web/components/common/KitchenHeader.tsx:10:3)
    at TopBar (/Users/tunbee27/Documents/Tako-san-ui-rebuild/src/web/components/common/TopBar.tsx:9:3)
    at div
    at RecipeDetailPage (/Users/tunbee27/Documents/Tako-san-ui-rebuild/src/web/pages/RecipeDetailPage.tsx:51:63)
    at Router (/Users/tunbee27/Documents/Tako-san-ui-rebuild/node_modules/.pnpm/react-router@6.30.6_react@18.3.1/node_modules/react-router/dist/umd/react-router.development.js:1203:17)
    at MemoryRouter (/Users/tunbee27/Documents/Tako-san-ui-rebuild/node_modules/.pnpm/react-router@6.30.6_react@18.3.1/node_modules/react-router/dist/umd/react-router.development.js:1097:7)
    at QueryClientProvider (file:///Users/tunbee27/Documents/Tako-san-ui-rebuild/node_modules/.pnpm/@tanstack+react-query@5.102.8_react@18.3.1/node_modules/@tanstack/react-query/build/modern/QueryClientProvider.js:12:32)
Warning: useLayoutEffect does nothing on the server, because its effect cannot be encoded into the server renderer's output format. This will lead to a mismatch between the initial, non-hydrated UI and the intended UI. To avoid this, useLayoutEffect should only be used in components that render exclusively on the client. See https://reactjs.org/link/uselayouteffect-ssr for common fixes.
    at LinkWithRef (/Users/tunbee27/Documents/Tako-san-ui-rebuild/node_modules/.pnpm/react-router-dom@6.30.6_react-dom@18.3.1_react@18.3.1__react@18.3.1/node_modules/react-router-dom/dist/umd/react-router-dom.development.js:807:9)
    at KitchenScanLink (/Users/tunbee27/Documents/Tako-san-ui-rebuild/src/web/design-system/navigation.tsx:450:28)
    at header
    at KitchenHeader (/Users/tunbee27/Documents/Tako-san-ui-rebuild/src/web/components/common/KitchenHeader.tsx:10:3)
    at TopBar (/Users/tunbee27/Documents/Tako-san-ui-rebuild/src/web/components/common/TopBar.tsx:9:3)
    at div
    at RecipeDetailPage (/Users/tunbee27/Documents/Tako-san-ui-rebuild/src/web/pages/RecipeDetailPage.tsx:51:63)
    at Router (/Users/tunbee27/Documents/Tako-san-ui-rebuild/node_modules/.pnpm/react-router@6.30.6_react@18.3.1/node_modules/react-router/dist/umd/react-router.development.js:1203:17)
    at MemoryRouter (/Users/tunbee27/Documents/Tako-san-ui-rebuild/node_modules/.pnpm/react-router@6.30.6_react@18.3.1/node_modules/react-router/dist/umd/react-router.development.js:1097:7)
    at QueryClientProvider (file:///Users/tunbee27/Documents/Tako-san-ui-rebuild/node_modules/.pnpm/@tanstack+react-query@5.102.8_react@18.3.1/node_modules/@tanstack/react-query/build/modern/QueryClientProvider.js:12:32)

stderr | tests/integration/frontend-ui-integration.test.tsx > RecipeDetail loading, not-found, error, and success remain distinct > renders a successfully loaded recipe from the secure query cache
Warning: useLayoutEffect does nothing on the server, because its effect cannot be encoded into the server renderer's output format. This will lead to a mismatch between the initial, non-hydrated UI and the intended UI. To avoid this, useLayoutEffect should only be used in components that render exclusively on the client. See https://reactjs.org/link/uselayouteffect-ssr for common fixes.
    at MemoryRouter (/Users/tunbee27/Documents/Tako-san-ui-rebuild/node_modules/.pnpm/react-router@6.30.6_react@18.3.1/node_modules/react-router/dist/umd/react-router.development.js:1097:7)
    at QueryClientProvider (file:///Users/tunbee27/Documents/Tako-san-ui-rebuild/node_modules/.pnpm/@tanstack+react-query@5.102.8_react@18.3.1/node_modules/@tanstack/react-query/build/modern/QueryClientProvider.js:12:32)
Warning: useLayoutEffect does nothing on the server, because its effect cannot be encoded into the server renderer's output format. This will lead to a mismatch between the initial, non-hydrated UI and the intended UI. To avoid this, useLayoutEffect should only be used in components that render exclusively on the client. See https://reactjs.org/link/uselayouteffect-ssr for common fixes.
    at LinkWithRef (/Users/tunbee27/Documents/Tako-san-ui-rebuild/node_modules/.pnpm/react-router-dom@6.30.6_react-dom@18.3.1_react@18.3.1__react@18.3.1/node_modules/react-router-dom/dist/umd/react-router-dom.development.js:807:9)
    at div
    at header
    at KitchenHeader (/Users/tunbee27/Documents/Tako-san-ui-rebuild/src/web/components/common/KitchenHeader.tsx:10:3)
    at TopBar (/Users/tunbee27/Documents/Tako-san-ui-rebuild/src/web/components/common/TopBar.tsx:9:3)
    at div
    at RecipeDetailPage (/Users/tunbee27/Documents/Tako-san-ui-rebuild/src/web/pages/RecipeDetailPage.tsx:51:63)
    at Router (/Users/tunbee27/Documents/Tako-san-ui-rebuild/node_modules/.pnpm/react-router@6.30.6_react@18.3.1/node_modules/react-router/dist/umd/react-router.development.js:1203:17)
    at MemoryRouter (/Users/tunbee27/Documents/Tako-san-ui-rebuild/node_modules/.pnpm/react-router@6.30.6_react@18.3.1/node_modules/react-router/dist/umd/react-router.development.js:1097:7)
    at QueryClientProvider (file:///Users/tunbee27/Documents/Tako-san-ui-rebuild/node_modules/.pnpm/@tanstack+react-query@5.102.8_react@18.3.1/node_modules/@tanstack/react-query/build/modern/QueryClientProvider.js:12:32)
Warning: useLayoutEffect does nothing on the server, because its effect cannot be encoded into the server renderer's output format. This will lead to a mismatch between the initial, non-hydrated UI and the intended UI. To avoid this, useLayoutEffect should only be used in components that render exclusively on the client. See https://reactjs.org/link/uselayouteffect-ssr for common fixes.
    at LinkWithRef (/Users/tunbee27/Documents/Tako-san-ui-rebuild/node_modules/.pnpm/react-router-dom@6.30.6_react-dom@18.3.1_react@18.3.1__react@18.3.1/node_modules/react-router-dom/dist/umd/react-router-dom.development.js:807:9)
    at div
    at header
    at KitchenHeader (/Users/tunbee27/Documents/Tako-san-ui-rebuild/src/web/components/common/KitchenHeader.tsx:10:3)
    at TopBar (/Users/tunbee27/Documents/Tako-san-ui-rebuild/src/web/components/common/TopBar.tsx:9:3)
    at div
    at RecipeDetailPage (/Users/tunbee27/Documents/Tako-san-ui-rebuild/src/web/pages/RecipeDetailPage.tsx:51:63)
    at Router (/Users/tunbee27/Documents/Tako-san-ui-rebuild/node_modules/.pnpm/react-router@6.30.6_react@18.3.1/node_modules/react-router/dist/umd/react-router.development.js:1203:17)
    at MemoryRouter (/Users/tunbee27/Documents/Tako-san-ui-rebuild/node_modules/.pnpm/react-router@6.30.6_react@18.3.1/node_modules/react-router/dist/umd/react-router.development.js:1097:7)
    at QueryClientProvider (file:///Users/tunbee27/Documents/Tako-san-ui-rebuild/node_modules/.pnpm/@tanstack+react-query@5.102.8_react@18.3.1/node_modules/@tanstack/react-query/build/modern/QueryClientProvider.js:12:32)
Warning: useLayoutEffect does nothing on the server, because its effect cannot be encoded into the server renderer's output format. This will lead to a mismatch between the initial, non-hydrated UI and the intended UI. To avoid this, useLayoutEffect should only be used in components that render exclusively on the client. See https://reactjs.org/link/uselayouteffect-ssr for common fixes.
    at LinkWithRef (/Users/tunbee27/Documents/Tako-san-ui-rebuild/node_modules/.pnpm/react-router-dom@6.30.6_react-dom@18.3.1_react@18.3.1__react@18.3.1/node_modules/react-router-dom/dist/umd/react-router-dom.development.js:807:9)
    at div
    at header
    at KitchenHeader (/Users/tunbee27/Documents/Tako-san-ui-rebuild/src/web/components/common/KitchenHeader.tsx:10:3)
    at TopBar (/Users/tunbee27/Documents/Tako-san-ui-rebuild/src/web/components/common/TopBar.tsx:9:3)
    at div
    at RecipeDetailPage (/Users/tunbee27/Documents/Tako-san-ui-rebuild/src/web/pages/RecipeDetailPage.tsx:51:63)
    at Router (/Users/tunbee27/Documents/Tako-san-ui-rebuild/node_modules/.pnpm/react-router@6.30.6_react@18.3.1/node_modules/react-router/dist/umd/react-router.development.js:1203:17)
    at MemoryRouter (/Users/tunbee27/Documents/Tako-san-ui-rebuild/node_modules/.pnpm/react-router@6.30.6_react@18.3.1/node_modules/react-router/dist/umd/react-router.development.js:1097:7)
    at QueryClientProvider (file:///Users/tunbee27/Documents/Tako-san-ui-rebuild/node_modules/.pnpm/@tanstack+react-query@5.102.8_react@18.3.1/node_modules/@tanstack/react-query/build/modern/QueryClientProvider.js:12:32)
Warning: useLayoutEffect does nothing on the server, because its effect cannot be encoded into the server renderer's output format. This will lead to a mismatch between the initial, non-hydrated UI and the intended UI. To avoid this, useLayoutEffect should only be used in components that render exclusively on the client. See https://reactjs.org/link/uselayouteffect-ssr for common fixes.
    at LinkWithRef (/Users/tunbee27/Documents/Tako-san-ui-rebuild/node_modules/.pnpm/react-router-dom@6.30.6_react-dom@18.3.1_react@18.3.1__react@18.3.1/node_modules/react-router-dom/dist/umd/react-router-dom.development.js:807:9)
    at div
    at header
    at KitchenHeader (/Users/tunbee27/Documents/Tako-san-ui-rebuild/src/web/components/common/KitchenHeader.tsx:10:3)
    at TopBar (/Users/tunbee27/Documents/Tako-san-ui-rebuild/src/web/components/common/TopBar.tsx:9:3)
    at div
    at RecipeDetailPage (/Users/tunbee27/Documents/Tako-san-ui-rebuild/src/web/pages/RecipeDetailPage.tsx:51:63)
    at Router (/Users/tunbee27/Documents/Tako-san-ui-rebuild/node_modules/.pnpm/react-router@6.30.6_react@18.3.1/node_modules/react-router/dist/umd/react-router.development.js:1203:17)
    at MemoryRouter (/Users/tunbee27/Documents/Tako-san-ui-rebuild/node_modules/.pnpm/react-router@6.30.6_react@18.3.1/node_modules/react-router/dist/umd/react-router.development.js:1097:7)
    at QueryClientProvider (file:///Users/tunbee27/Documents/Tako-san-ui-rebuild/node_modules/.pnpm/@tanstack+react-query@5.102.8_react@18.3.1/node_modules/@tanstack/react-query/build/modern/QueryClientProvider.js:12:32)
Warning: useLayoutEffect does nothing on the server, because its effect cannot be encoded into the server renderer's output format. This will lead to a mismatch between the initial, non-hydrated UI and the intended UI. To avoid this, useLayoutEffect should only be used in components that render exclusively on the client. See https://reactjs.org/link/uselayouteffect-ssr for common fixes.
    at LinkWithRef (/Users/tunbee27/Documents/Tako-san-ui-rebuild/node_modules/.pnpm/react-router-dom@6.30.6_react-dom@18.3.1_react@18.3.1__react@18.3.1/node_modules/react-router-dom/dist/umd/react-router-dom.development.js:807:9)
    at KitchenScanLink (/Users/tunbee27/Documents/Tako-san-ui-rebuild/src/web/design-system/navigation.tsx:450:28)
    at header
    at KitchenHeader (/Users/tunbee27/Documents/Tako-san-ui-rebuild/src/web/components/common/KitchenHeader.tsx:10:3)
    at TopBar (/Users/tunbee27/Documents/Tako-san-ui-rebuild/src/web/components/common/TopBar.tsx:9:3)
    at div
    at RecipeDetailPage (/Users/tunbee27/Documents/Tako-san-ui-rebuild/src/web/pages/RecipeDetailPage.tsx:51:63)
    at Router (/Users/tunbee27/Documents/Tako-san-ui-rebuild/node_modules/.pnpm/react-router@6.30.6_react@18.3.1/node_modules/react-router/dist/umd/react-router.development.js:1203:17)
    at MemoryRouter (/Users/tunbee27/Documents/Tako-san-ui-rebuild/node_modules/.pnpm/react-router@6.30.6_react@18.3.1/node_modules/react-router/dist/umd/react-router.development.js:1097:7)
    at QueryClientProvider (file:///Users/tunbee27/Documents/Tako-san-ui-rebuild/node_modules/.pnpm/@tanstack+react-query@5.102.8_react@18.3.1/node_modules/@tanstack/react-query/build/modern/QueryClientProvider.js:12:32)

stderr | tests/integration/frontend-ui-integration.test.tsx > notification honesty > renders no fabricated alerts or global unread dot when the server list is empty
Warning: useLayoutEffect does nothing on the server, because its effect cannot be encoded into the server renderer's output format. This will lead to a mismatch between the initial, non-hydrated UI and the intended UI. To avoid this, useLayoutEffect should only be used in components that render exclusively on the client. See https://reactjs.org/link/uselayouteffect-ssr for common fixes.
    at MemoryRouter (/Users/tunbee27/Documents/Tako-san-ui-rebuild/node_modules/.pnpm/react-router@6.30.6_react@18.3.1/node_modules/react-router/dist/umd/react-router.development.js:1097:7)
    at QueryClientProvider (file:///Users/tunbee27/Documents/Tako-san-ui-rebuild/node_modules/.pnpm/@tanstack+react-query@5.102.8_react@18.3.1/node_modules/@tanstack/react-query/build/modern/QueryClientProvider.js:12:32)
Warning: useLayoutEffect does nothing on the server, because its effect cannot be encoded into the server renderer's output format. This will lead to a mismatch between the initial, non-hydrated UI and the intended UI. To avoid this, useLayoutEffect should only be used in components that render exclusively on the client. See https://reactjs.org/link/uselayouteffect-ssr for common fixes.
    at LinkWithRef (/Users/tunbee27/Documents/Tako-san-ui-rebuild/node_modules/.pnpm/react-router-dom@6.30.6_react-dom@18.3.1_react@18.3.1__react@18.3.1/node_modules/react-router-dom/dist/umd/react-router-dom.development.js:807:9)
    at div
    at header
    at KitchenHeader (/Users/tunbee27/Documents/Tako-san-ui-rebuild/src/web/components/common/KitchenHeader.tsx:10:3)
    at div
    at AccountPage (/Users/tunbee27/Documents/Tako-san-ui-rebuild/src/web/components/common/AccountPage.tsx:5:3)
    at NotificationsPage (/Users/tunbee27/Documents/Tako-san-ui-rebuild/src/web/pages/NotificationsPage.tsx:26:64)
    at Router (/Users/tunbee27/Documents/Tako-san-ui-rebuild/node_modules/.pnpm/react-router@6.30.6_react@18.3.1/node_modules/react-router/dist/umd/react-router.development.js:1203:17)
    at MemoryRouter (/Users/tunbee27/Documents/Tako-san-ui-rebuild/node_modules/.pnpm/react-router@6.30.6_react@18.3.1/node_modules/react-router/dist/umd/react-router.development.js:1097:7)
    at QueryClientProvider (file:///Users/tunbee27/Documents/Tako-san-ui-rebuild/node_modules/.pnpm/@tanstack+react-query@5.102.8_react@18.3.1/node_modules/@tanstack/react-query/build/modern/QueryClientProvider.js:12:32)
Warning: useLayoutEffect does nothing on the server, because its effect cannot be encoded into the server renderer's output format. This will lead to a mismatch between the initial, non-hydrated UI and the intended UI. To avoid this, useLayoutEffect should only be used in components that render exclusively on the client. See https://reactjs.org/link/uselayouteffect-ssr for common fixes.
    at LinkWithRef (/Users/tunbee27/Documents/Tako-san-ui-rebuild/node_modules/.pnpm/react-router-dom@6.30.6_react-dom@18.3.1_react@18.3.1__react@18.3.1/node_modules/react-router-dom/dist/umd/react-router-dom.development.js:807:9)
    at div
    at header
    at KitchenHeader (/Users/tunbee27/Documents/Tako-san-ui-rebuild/src/web/components/common/KitchenHeader.tsx:10:3)
    at div
    at AccountPage (/Users/tunbee27/Documents/Tako-san-ui-rebuild/src/web/components/common/AccountPage.tsx:5:3)
    at NotificationsPage (/Users/tunbee27/Documents/Tako-san-ui-rebuild/src/web/pages/NotificationsPage.tsx:26:64)
    at Router (/Users/tunbee27/Documents/Tako-san-ui-rebuild/node_modules/.pnpm/react-router@6.30.6_react@18.3.1/node_modules/react-router/dist/umd/react-router.development.js:1203:17)
    at MemoryRouter (/Users/tunbee27/Documents/Tako-san-ui-rebuild/node_modules/.pnpm/react-router@6.30.6_react@18.3.1/node_modules/react-router/dist/umd/react-router.development.js:1097:7)
    at QueryClientProvider (file:///Users/tunbee27/Documents/Tako-san-ui-rebuild/node_modules/.pnpm/@tanstack+react-query@5.102.8_react@18.3.1/node_modules/@tanstack/react-query/build/modern/QueryClientProvider.js:12:32)
Warning: useLayoutEffect does nothing on the server, because its effect cannot be encoded into the server renderer's output format. This will lead to a mismatch between the initial, non-hydrated UI and the intended UI. To avoid this, useLayoutEffect should only be used in components that render exclusively on the client. See https://reactjs.org/link/uselayouteffect-ssr for common fixes.
    at LinkWithRef (/Users/tunbee27/Documents/Tako-san-ui-rebuild/node_modules/.pnpm/react-router-dom@6.30.6_react-dom@18.3.1_react@18.3.1__react@18.3.1/node_modules/react-router-dom/dist/umd/react-router-dom.development.js:807:9)
    at div
    at header
    at KitchenHeader (/Users/tunbee27/Documents/Tako-san-ui-rebuild/src/web/components/common/KitchenHeader.tsx:10:3)
    at div
    at AccountPage (/Users/tunbee27/Documents/Tako-san-ui-rebuild/src/web/components/common/AccountPage.tsx:5:3)
    at NotificationsPage (/Users/tunbee27/Documents/Tako-san-ui-rebuild/src/web/pages/NotificationsPage.tsx:26:64)
    at Router (/Users/tunbee27/Documents/Tako-san-ui-rebuild/node_modules/.pnpm/react-router@6.30.6_react@18.3.1/node_modules/react-router/dist/umd/react-router.development.js:1203:17)
    at MemoryRouter (/Users/tunbee27/Documents/Tako-san-ui-rebuild/node_modules/.pnpm/react-router@6.30.6_react@18.3.1/node_modules/react-router/dist/umd/react-router.development.js:1097:7)
    at QueryClientProvider (file:///Users/tunbee27/Documents/Tako-san-ui-rebuild/node_modules/.pnpm/@tanstack+react-query@5.102.8_react@18.3.1/node_modules/@tanstack/react-query/build/modern/QueryClientProvider.js:12:32)
Warning: useLayoutEffect does nothing on the server, because its effect cannot be encoded into the server renderer's output format. This will lead to a mismatch between the initial, non-hydrated UI and the intended UI. To avoid this, useLayoutEffect should only be used in components that render exclusively on the client. See https://reactjs.org/link/uselayouteffect-ssr for common fixes.
    at LinkWithRef (/Users/tunbee27/Documents/Tako-san-ui-rebuild/node_modules/.pnpm/react-router-dom@6.30.6_react-dom@18.3.1_react@18.3.1__react@18.3.1/node_modules/react-router-dom/dist/umd/react-router-dom.development.js:807:9)
    at div
    at header
    at KitchenHeader (/Users/tunbee27/Documents/Tako-san-ui-rebuild/src/web/components/common/KitchenHeader.tsx:10:3)
    at div
    at AccountPage (/Users/tunbee27/Documents/Tako-san-ui-rebuild/src/web/components/common/AccountPage.tsx:5:3)
    at NotificationsPage (/Users/tunbee27/Documents/Tako-san-ui-rebuild/src/web/pages/NotificationsPage.tsx:26:64)
    at Router (/Users/tunbee27/Documents/Tako-san-ui-rebuild/node_modules/.pnpm/react-router@6.30.6_react@18.3.1/node_modules/react-router/dist/umd/react-router.development.js:1203:17)
    at MemoryRouter (/Users/tunbee27/Documents/Tako-san-ui-rebuild/node_modules/.pnpm/react-router@6.30.6_react@18.3.1/node_modules/react-router/dist/umd/react-router.development.js:1097:7)
    at QueryClientProvider (file:///Users/tunbee27/Documents/Tako-san-ui-rebuild/node_modules/.pnpm/@tanstack+react-query@5.102.8_react@18.3.1/node_modules/@tanstack/react-query/build/modern/QueryClientProvider.js:12:32)
Warning: useLayoutEffect does nothing on the server, because its effect cannot be encoded into the server renderer's output format. This will lead to a mismatch between the initial, non-hydrated UI and the intended UI. To avoid this, useLayoutEffect should only be used in components that render exclusively on the client. See https://reactjs.org/link/uselayouteffect-ssr for common fixes.
    at LinkWithRef (/Users/tunbee27/Documents/Tako-san-ui-rebuild/node_modules/.pnpm/react-router-dom@6.30.6_react-dom@18.3.1_react@18.3.1__react@18.3.1/node_modules/react-router-dom/dist/umd/react-router-dom.development.js:807:9)
    at KitchenScanLink (/Users/tunbee27/Documents/Tako-san-ui-rebuild/src/web/design-system/navigation.tsx:450:28)
    at header
    at KitchenHeader (/Users/tunbee27/Documents/Tako-san-ui-rebuild/src/web/components/common/KitchenHeader.tsx:10:3)
    at div
    at AccountPage (/Users/tunbee27/Documents/Tako-san-ui-rebuild/src/web/components/common/AccountPage.tsx:5:3)
    at NotificationsPage (/Users/tunbee27/Documents/Tako-san-ui-rebuild/src/web/pages/NotificationsPage.tsx:26:64)
    at Router (/Users/tunbee27/Documents/Tako-san-ui-rebuild/node_modules/.pnpm/react-router@6.30.6_react@18.3.1/node_modules/react-router/dist/umd/react-router.development.js:1203:17)
    at MemoryRouter (/Users/tunbee27/Documents/Tako-san-ui-rebuild/node_modules/.pnpm/react-router@6.30.6_react@18.3.1/node_modules/react-router/dist/umd/react-router.development.js:1097:7)
    at QueryClientProvider (file:///Users/tunbee27/Documents/Tako-san-ui-rebuild/node_modules/.pnpm/@tanstack+react-query@5.102.8_react@18.3.1/node_modules/@tanstack/react-query/build/modern/QueryClientProvider.js:12:32)
Warning: useLayoutEffect does nothing on the server, because its effect cannot be encoded into the server renderer's output format. This will lead to a mismatch between the initial, non-hydrated UI and the intended UI. To avoid this, useLayoutEffect should only be used in components that render exclusively on the client. See https://reactjs.org/link/uselayouteffect-ssr for common fixes.
    at LinkWithRef (/Users/tunbee27/Documents/Tako-san-ui-rebuild/node_modules/.pnpm/react-router-dom@6.30.6_react-dom@18.3.1_react@18.3.1__react@18.3.1/node_modules/react-router-dom/dist/umd/react-router-dom.development.js:807:9)
    at div
    at div
    at div
    at div
    at AccountPage (/Users/tunbee27/Documents/Tako-san-ui-rebuild/src/web/components/common/AccountPage.tsx:5:3)
    at NotificationsPage (/Users/tunbee27/Documents/Tako-san-ui-rebuild/src/web/pages/NotificationsPage.tsx:26:64)
    at Router (/Users/tunbee27/Documents/Tako-san-ui-rebuild/node_modules/.pnpm/react-router@6.30.6_react@18.3.1/node_modules/react-router/dist/umd/react-router.development.js:1203:17)
    at MemoryRouter (/Users/tunbee27/Documents/Tako-san-ui-rebuild/node_modules/.pnpm/react-router@6.30.6_react@18.3.1/node_modules/react-router/dist/umd/react-router.development.js:1097:7)
    at QueryClientProvider (file:///Users/tunbee27/Documents/Tako-san-ui-rebuild/node_modules/.pnpm/@tanstack+react-query@5.102.8_react@18.3.1/node_modules/@tanstack/react-query/build/modern/QueryClientProvider.js:12:32)

stderr | tests/integration/frontend-ui-integration.test.tsx > notification honesty > renders notification content only when returned by the real query contract
Warning: useLayoutEffect does nothing on the server, because its effect cannot be encoded into the server renderer's output format. This will lead to a mismatch between the initial, non-hydrated UI and the intended UI. To avoid this, useLayoutEffect should only be used in components that render exclusively on the client. See https://reactjs.org/link/uselayouteffect-ssr for common fixes.
    at MemoryRouter (/Users/tunbee27/Documents/Tako-san-ui-rebuild/node_modules/.pnpm/react-router@6.30.6_react@18.3.1/node_modules/react-router/dist/umd/react-router.development.js:1097:7)
    at QueryClientProvider (file:///Users/tunbee27/Documents/Tako-san-ui-rebuild/node_modules/.pnpm/@tanstack+react-query@5.102.8_react@18.3.1/node_modules/@tanstack/react-query/build/modern/QueryClientProvider.js:12:32)
Warning: useLayoutEffect does nothing on the server, because its effect cannot be encoded into the server renderer's output format. This will lead to a mismatch between the initial, non-hydrated UI and the intended UI. To avoid this, useLayoutEffect should only be used in components that render exclusively on the client. See https://reactjs.org/link/uselayouteffect-ssr for common fixes.
    at LinkWithRef (/Users/tunbee27/Documents/Tako-san-ui-rebuild/node_modules/.pnpm/react-router-dom@6.30.6_react-dom@18.3.1_react@18.3.1__react@18.3.1/node_modules/react-router-dom/dist/umd/react-router-dom.development.js:807:9)
    at div
    at header
    at KitchenHeader (/Users/tunbee27/Documents/Tako-san-ui-rebuild/src/web/components/common/KitchenHeader.tsx:10:3)
    at div
    at AccountPage (/Users/tunbee27/Documents/Tako-san-ui-rebuild/src/web/components/common/AccountPage.tsx:5:3)
    at NotificationsPage (/Users/tunbee27/Documents/Tako-san-ui-rebuild/src/web/pages/NotificationsPage.tsx:26:64)
    at Router (/Users/tunbee27/Documents/Tako-san-ui-rebuild/node_modules/.pnpm/react-router@6.30.6_react@18.3.1/node_modules/react-router/dist/umd/react-router.development.js:1203:17)
    at MemoryRouter (/Users/tunbee27/Documents/Tako-san-ui-rebuild/node_modules/.pnpm/react-router@6.30.6_react@18.3.1/node_modules/react-router/dist/umd/react-router.development.js:1097:7)
    at QueryClientProvider (file:///Users/tunbee27/Documents/Tako-san-ui-rebuild/node_modules/.pnpm/@tanstack+react-query@5.102.8_react@18.3.1/node_modules/@tanstack/react-query/build/modern/QueryClientProvider.js:12:32)
Warning: useLayoutEffect does nothing on the server, because its effect cannot be encoded into the server renderer's output format. This will lead to a mismatch between the initial, non-hydrated UI and the intended UI. To avoid this, useLayoutEffect should only be used in components that render exclusively on the client. See https://reactjs.org/link/uselayouteffect-ssr for common fixes.
    at LinkWithRef (/Users/tunbee27/Documents/Tako-san-ui-rebuild/node_modules/.pnpm/react-router-dom@6.30.6_react-dom@18.3.1_react@18.3.1__react@18.3.1/node_modules/react-router-dom/dist/umd/react-router-dom.development.js:807:9)
    at div
    at header
    at KitchenHeader (/Users/tunbee27/Documents/Tako-san-ui-rebuild/src/web/components/common/KitchenHeader.tsx:10:3)
    at div
    at AccountPage (/Users/tunbee27/Documents/Tako-san-ui-rebuild/src/web/components/common/AccountPage.tsx:5:3)
    at NotificationsPage (/Users/tunbee27/Documents/Tako-san-ui-rebuild/src/web/pages/NotificationsPage.tsx:26:64)
    at Router (/Users/tunbee27/Documents/Tako-san-ui-rebuild/node_modules/.pnpm/react-router@6.30.6_react@18.3.1/node_modules/react-router/dist/umd/react-router.development.js:1203:17)
    at MemoryRouter (/Users/tunbee27/Documents/Tako-san-ui-rebuild/node_modules/.pnpm/react-router@6.30.6_react@18.3.1/node_modules/react-router/dist/umd/react-router.development.js:1097:7)
    at QueryClientProvider (file:///Users/tunbee27/Documents/Tako-san-ui-rebuild/node_modules/.pnpm/@tanstack+react-query@5.102.8_react@18.3.1/node_modules/@tanstack/react-query/build/modern/QueryClientProvider.js:12:32)
Warning: useLayoutEffect does nothing on the server, because its effect cannot be encoded into the server renderer's output format. This will lead to a mismatch between the initial, non-hydrated UI and the intended UI. To avoid this, useLayoutEffect should only be used in components that render exclusively on the client. See https://reactjs.org/link/uselayouteffect-ssr for common fixes.
    at LinkWithRef (/Users/tunbee27/Documents/Tako-san-ui-rebuild/node_modules/.pnpm/react-router-dom@6.30.6_react-dom@18.3.1_react@18.3.1__react@18.3.1/node_modules/react-router-dom/dist/umd/react-router-dom.development.js:807:9)
    at div
    at header
    at KitchenHeader (/Users/tunbee27/Documents/Tako-san-ui-rebuild/src/web/components/common/KitchenHeader.tsx:10:3)
    at div
    at AccountPage (/Users/tunbee27/Documents/Tako-san-ui-rebuild/src/web/components/common/AccountPage.tsx:5:3)
    at NotificationsPage (/Users/tunbee27/Documents/Tako-san-ui-rebuild/src/web/pages/NotificationsPage.tsx:26:64)
    at Router (/Users/tunbee27/Documents/Tako-san-ui-rebuild/node_modules/.pnpm/react-router@6.30.6_react@18.3.1/node_modules/react-router/dist/umd/react-router.development.js:1203:17)
    at MemoryRouter (/Users/tunbee27/Documents/Tako-san-ui-rebuild/node_modules/.pnpm/react-router@6.30.6_react@18.3.1/node_modules/react-router/dist/umd/react-router.development.js:1097:7)
    at QueryClientProvider (file:///Users/tunbee27/Documents/Tako-san-ui-rebuild/node_modules/.pnpm/@tanstack+react-query@5.102.8_react@18.3.1/node_modules/@tanstack/react-query/build/modern/QueryClientProvider.js:12:32)
Warning: useLayoutEffect does nothing on the server, because its effect cannot be encoded into the server renderer's output format. This will lead to a mismatch between the initial, non-hydrated UI and the intended UI. To avoid this, useLayoutEffect should only be used in components that render exclusively on the client. See https://reactjs.org/link/uselayouteffect-ssr for common fixes.
    at LinkWithRef (/Users/tunbee27/Documents/Tako-san-ui-rebuild/node_modules/.pnpm/react-router-dom@6.30.6_react-dom@18.3.1_react@18.3.1__react@18.3.1/node_modules/react-router-dom/dist/umd/react-router-dom.development.js:807:9)
    at div
    at header
    at KitchenHeader (/Users/tunbee27/Documents/Tako-san-ui-rebuild/src/web/components/common/KitchenHeader.tsx:10:3)
    at div
    at AccountPage (/Users/tunbee27/Documents/Tako-san-ui-rebuild/src/web/components/common/AccountPage.tsx:5:3)
    at NotificationsPage (/Users/tunbee27/Documents/Tako-san-ui-rebuild/src/web/pages/NotificationsPage.tsx:26:64)
    at Router (/Users/tunbee27/Documents/Tako-san-ui-rebuild/node_modules/.pnpm/react-router@6.30.6_react@18.3.1/node_modules/react-router/dist/umd/react-router.development.js:1203:17)
    at MemoryRouter (/Users/tunbee27/Documents/Tako-san-ui-rebuild/node_modules/.pnpm/react-router@6.30.6_react@18.3.1/node_modules/react-router/dist/umd/react-router.development.js:1097:7)
    at QueryClientProvider (file:///Users/tunbee27/Documents/Tako-san-ui-rebuild/node_modules/.pnpm/@tanstack+react-query@5.102.8_react@18.3.1/node_modules/@tanstack/react-query/build/modern/QueryClientProvider.js:12:32)
Warning: useLayoutEffect does nothing on the server, because its effect cannot be encoded into the server renderer's output format. This will lead to a mismatch between the initial, non-hydrated UI and the intended UI. To avoid this, useLayoutEffect should only be used in components that render exclusively on the client. See https://reactjs.org/link/uselayouteffect-ssr for common fixes.
    at LinkWithRef (/Users/tunbee27/Documents/Tako-san-ui-rebuild/node_modules/.pnpm/react-router-dom@6.30.6_react-dom@18.3.1_react@18.3.1__react@18.3.1/node_modules/react-router-dom/dist/umd/react-router-dom.development.js:807:9)
    at KitchenScanLink (/Users/tunbee27/Documents/Tako-san-ui-rebuild/src/web/design-system/navigation.tsx:450:28)
    at header
    at KitchenHeader (/Users/tunbee27/Documents/Tako-san-ui-rebuild/src/web/components/common/KitchenHeader.tsx:10:3)
    at div
    at AccountPage (/Users/tunbee27/Documents/Tako-san-ui-rebuild/src/web/components/common/AccountPage.tsx:5:3)
    at NotificationsPage (/Users/tunbee27/Documents/Tako-san-ui-rebuild/src/web/pages/NotificationsPage.tsx:26:64)
    at Router (/Users/tunbee27/Documents/Tako-san-ui-rebuild/node_modules/.pnpm/react-router@6.30.6_react@18.3.1/node_modules/react-router/dist/umd/react-router.development.js:1203:17)
    at MemoryRouter (/Users/tunbee27/Documents/Tako-san-ui-rebuild/node_modules/.pnpm/react-router@6.30.6_react@18.3.1/node_modules/react-router/dist/umd/react-router.development.js:1097:7)
    at QueryClientProvider (file:///Users/tunbee27/Documents/Tako-san-ui-rebuild/node_modules/.pnpm/@tanstack+react-query@5.102.8_react@18.3.1/node_modules/@tanstack/react-query/build/modern/QueryClientProvider.js:12:32)
Warning: useLayoutEffect does nothing on the server, because its effect cannot be encoded into the server renderer's output format. This will lead to a mismatch between the initial, non-hydrated UI and the intended UI. To avoid this, useLayoutEffect should only be used in components that render exclusively on the client. See https://reactjs.org/link/uselayouteffect-ssr for common fixes.
    at LinkWithRef (/Users/tunbee27/Documents/Tako-san-ui-rebuild/node_modules/.pnpm/react-router-dom@6.30.6_react-dom@18.3.1_react@18.3.1__react@18.3.1/node_modules/react-router-dom/dist/umd/react-router-dom.development.js:807:9)
    at div
    at div
    at div
    at div
    at AccountPage (/Users/tunbee27/Documents/Tako-san-ui-rebuild/src/web/components/common/AccountPage.tsx:5:3)
    at NotificationsPage (/Users/tunbee27/Documents/Tako-san-ui-rebuild/src/web/pages/NotificationsPage.tsx:26:64)
    at Router (/Users/tunbee27/Documents/Tako-san-ui-rebuild/node_modules/.pnpm/react-router@6.30.6_react@18.3.1/node_modules/react-router/dist/umd/react-router.development.js:1203:17)
    at MemoryRouter (/Users/tunbee27/Documents/Tako-san-ui-rebuild/node_modules/.pnpm/react-router@6.30.6_react@18.3.1/node_modules/react-router/dist/umd/react-router.development.js:1097:7)
    at QueryClientProvider (file:///Users/tunbee27/Documents/Tako-san-ui-rebuild/node_modules/.pnpm/@tanstack+react-query@5.102.8_react@18.3.1/node_modules/@tanstack/react-query/build/modern/QueryClientProvider.js:12:32)

stderr | tests/integration/frontend-ui-integration.test.tsx > notification honesty > surfaces notification errors rather than pretending the list is empty
Warning: useLayoutEffect does nothing on the server, because its effect cannot be encoded into the server renderer's output format. This will lead to a mismatch between the initial, non-hydrated UI and the intended UI. To avoid this, useLayoutEffect should only be used in components that render exclusively on the client. See https://reactjs.org/link/uselayouteffect-ssr for common fixes.
    at MemoryRouter (/Users/tunbee27/Documents/Tako-san-ui-rebuild/node_modules/.pnpm/react-router@6.30.6_react@18.3.1/node_modules/react-router/dist/umd/react-router.development.js:1097:7)
    at QueryClientProvider (file:///Users/tunbee27/Documents/Tako-san-ui-rebuild/node_modules/.pnpm/@tanstack+react-query@5.102.8_react@18.3.1/node_modules/@tanstack/react-query/build/modern/QueryClientProvider.js:12:32)
Warning: useLayoutEffect does nothing on the server, because its effect cannot be encoded into the server renderer's output format. This will lead to a mismatch between the initial, non-hydrated UI and the intended UI. To avoid this, useLayoutEffect should only be used in components that render exclusively on the client. See https://reactjs.org/link/uselayouteffect-ssr for common fixes.
    at LinkWithRef (/Users/tunbee27/Documents/Tako-san-ui-rebuild/node_modules/.pnpm/react-router-dom@6.30.6_react-dom@18.3.1_react@18.3.1__react@18.3.1/node_modules/react-router-dom/dist/umd/react-router-dom.development.js:807:9)
    at div
    at header
    at KitchenHeader (/Users/tunbee27/Documents/Tako-san-ui-rebuild/src/web/components/common/KitchenHeader.tsx:10:3)
    at div
    at AccountPage (/Users/tunbee27/Documents/Tako-san-ui-rebuild/src/web/components/common/AccountPage.tsx:5:3)
    at NotificationsPage (/Users/tunbee27/Documents/Tako-san-ui-rebuild/src/web/pages/NotificationsPage.tsx:26:64)
    at Router (/Users/tunbee27/Documents/Tako-san-ui-rebuild/node_modules/.pnpm/react-router@6.30.6_react@18.3.1/node_modules/react-router/dist/umd/react-router.development.js:1203:17)
    at MemoryRouter (/Users/tunbee27/Documents/Tako-san-ui-rebuild/node_modules/.pnpm/react-router@6.30.6_react@18.3.1/node_modules/react-router/dist/umd/react-router.development.js:1097:7)
    at QueryClientProvider (file:///Users/tunbee27/Documents/Tako-san-ui-rebuild/node_modules/.pnpm/@tanstack+react-query@5.102.8_react@18.3.1/node_modules/@tanstack/react-query/build/modern/QueryClientProvider.js:12:32)
Warning: useLayoutEffect does nothing on the server, because its effect cannot be encoded into the server renderer's output format. This will lead to a mismatch between the initial, non-hydrated UI and the intended UI. To avoid this, useLayoutEffect should only be used in components that render exclusively on the client. See https://reactjs.org/link/uselayouteffect-ssr for common fixes.
    at LinkWithRef (/Users/tunbee27/Documents/Tako-san-ui-rebuild/node_modules/.pnpm/react-router-dom@6.30.6_react-dom@18.3.1_react@18.3.1__react@18.3.1/node_modules/react-router-dom/dist/umd/react-router-dom.development.js:807:9)
    at div
    at header
    at KitchenHeader (/Users/tunbee27/Documents/Tako-san-ui-rebuild/src/web/components/common/KitchenHeader.tsx:10:3)
    at div
    at AccountPage (/Users/tunbee27/Documents/Tako-san-ui-rebuild/src/web/components/common/AccountPage.tsx:5:3)
    at NotificationsPage (/Users/tunbee27/Documents/Tako-san-ui-rebuild/src/web/pages/NotificationsPage.tsx:26:64)
    at Router (/Users/tunbee27/Documents/Tako-san-ui-rebuild/node_modules/.pnpm/react-router@6.30.6_react@18.3.1/node_modules/react-router/dist/umd/react-router.development.js:1203:17)
    at MemoryRouter (/Users/tunbee27/Documents/Tako-san-ui-rebuild/node_modules/.pnpm/react-router@6.30.6_react@18.3.1/node_modules/react-router/dist/umd/react-router.development.js:1097:7)
    at QueryClientProvider (file:///Users/tunbee27/Documents/Tako-san-ui-rebuild/node_modules/.pnpm/@tanstack+react-query@5.102.8_react@18.3.1/node_modules/@tanstack/react-query/build/modern/QueryClientProvider.js:12:32)
Warning: useLayoutEffect does nothing on the server, because its effect cannot be encoded into the server renderer's output format. This will lead to a mismatch between the initial, non-hydrated UI and the intended UI. To avoid this, useLayoutEffect should only be used in components that render exclusively on the client. See https://reactjs.org/link/uselayouteffect-ssr for common fixes.
    at LinkWithRef (/Users/tunbee27/Documents/Tako-san-ui-rebuild/node_modules/.pnpm/react-router-dom@6.30.6_react-dom@18.3.1_react@18.3.1__react@18.3.1/node_modules/react-router-dom/dist/umd/react-router-dom.development.js:807:9)
    at div
    at header
    at KitchenHeader (/Users/tunbee27/Documents/Tako-san-ui-rebuild/src/web/components/common/KitchenHeader.tsx:10:3)
    at div
    at AccountPage (/Users/tunbee27/Documents/Tako-san-ui-rebuild/src/web/components/common/AccountPage.tsx:5:3)
    at NotificationsPage (/Users/tunbee27/Documents/Tako-san-ui-rebuild/src/web/pages/NotificationsPage.tsx:26:64)
    at Router (/Users/tunbee27/Documents/Tako-san-ui-rebuild/node_modules/.pnpm/react-router@6.30.6_react@18.3.1/node_modules/react-router/dist/umd/react-router.development.js:1203:17)
    at MemoryRouter (/Users/tunbee27/Documents/Tako-san-ui-rebuild/node_modules/.pnpm/react-router@6.30.6_react@18.3.1/node_modules/react-router/dist/umd/react-router.development.js:1097:7)
    at QueryClientProvider (file:///Users/tunbee27/Documents/Tako-san-ui-rebuild/node_modules/.pnpm/@tanstack+react-query@5.102.8_react@18.3.1/node_modules/@tanstack/react-query/build/modern/QueryClientProvider.js:12:32)
Warning: useLayoutEffect does nothing on the server, because its effect cannot be encoded into the server renderer's output format. This will lead to a mismatch between the initial, non-hydrated UI and the intended UI. To avoid this, useLayoutEffect should only be used in components that render exclusively on the client. See https://reactjs.org/link/uselayouteffect-ssr for common fixes.
    at LinkWithRef (/Users/tunbee27/Documents/Tako-san-ui-rebuild/node_modules/.pnpm/react-router-dom@6.30.6_react-dom@18.3.1_react@18.3.1__react@18.3.1/node_modules/react-router-dom/dist/umd/react-router-dom.development.js:807:9)
    at div
    at header
    at KitchenHeader (/Users/tunbee27/Documents/Tako-san-ui-rebuild/src/web/components/common/KitchenHeader.tsx:10:3)
    at div
    at AccountPage (/Users/tunbee27/Documents/Tako-san-ui-rebuild/src/web/components/common/AccountPage.tsx:5:3)
    at NotificationsPage (/Users/tunbee27/Documents/Tako-san-ui-rebuild/src/web/pages/NotificationsPage.tsx:26:64)
    at Router (/Users/tunbee27/Documents/Tako-san-ui-rebuild/node_modules/.pnpm/react-router@6.30.6_react@18.3.1/node_modules/react-router/dist/umd/react-router.development.js:1203:17)
    at MemoryRouter (/Users/tunbee27/Documents/Tako-san-ui-rebuild/node_modules/.pnpm/react-router@6.30.6_react@18.3.1/node_modules/react-router/dist/umd/react-router.development.js:1097:7)
    at QueryClientProvider (file:///Users/tunbee27/Documents/Tako-san-ui-rebuild/node_modules/.pnpm/@tanstack+react-query@5.102.8_react@18.3.1/node_modules/@tanstack/react-query/build/modern/QueryClientProvider.js:12:32)
Warning: useLayoutEffect does nothing on the server, because its effect cannot be encoded into the server renderer's output format. This will lead to a mismatch between the initial, non-hydrated UI and the intended UI. To avoid this, useLayoutEffect should only be used in components that render exclusively on the client. See https://reactjs.org/link/uselayouteffect-ssr for common fixes.
    at LinkWithRef (/Users/tunbee27/Documents/Tako-san-ui-rebuild/node_modules/.pnpm/react-router-dom@6.30.6_react-dom@18.3.1_react@18.3.1__react@18.3.1/node_modules/react-router-dom/dist/umd/react-router-dom.development.js:807:9)
    at KitchenScanLink (/Users/tunbee27/Documents/Tako-san-ui-rebuild/src/web/design-system/navigation.tsx:450:28)
    at header
    at KitchenHeader (/Users/tunbee27/Documents/Tako-san-ui-rebuild/src/web/components/common/KitchenHeader.tsx:10:3)
    at div
    at AccountPage (/Users/tunbee27/Documents/Tako-san-ui-rebuild/src/web/components/common/AccountPage.tsx:5:3)
    at NotificationsPage (/Users/tunbee27/Documents/Tako-san-ui-rebuild/src/web/pages/NotificationsPage.tsx:26:64)
    at Router (/Users/tunbee27/Documents/Tako-san-ui-rebuild/node_modules/.pnpm/react-router@6.30.6_react@18.3.1/node_modules/react-router/dist/umd/react-router.development.js:1203:17)
    at MemoryRouter (/Users/tunbee27/Documents/Tako-san-ui-rebuild/node_modules/.pnpm/react-router@6.30.6_react@18.3.1/node_modules/react-router/dist/umd/react-router.development.js:1097:7)
    at QueryClientProvider (file:///Users/tunbee27/Documents/Tako-san-ui-rebuild/node_modules/.pnpm/@tanstack+react-query@5.102.8_react@18.3.1/node_modules/@tanstack/react-query/build/modern/QueryClientProvider.js:12:32)
Warning: useLayoutEffect does nothing on the server, because its effect cannot be encoded into the server renderer's output format. This will lead to a mismatch between the initial, non-hydrated UI and the intended UI. To avoid this, useLayoutEffect should only be used in components that render exclusively on the client. See https://reactjs.org/link/uselayouteffect-ssr for common fixes.
    at LinkWithRef (/Users/tunbee27/Documents/Tako-san-ui-rebuild/node_modules/.pnpm/react-router-dom@6.30.6_react-dom@18.3.1_react@18.3.1__react@18.3.1/node_modules/react-router-dom/dist/umd/react-router-dom.development.js:807:9)
    at div
    at div
    at div
    at div
    at AccountPage (/Users/tunbee27/Documents/Tako-san-ui-rebuild/src/web/components/common/AccountPage.tsx:5:3)
    at NotificationsPage (/Users/tunbee27/Documents/Tako-san-ui-rebuild/src/web/pages/NotificationsPage.tsx:26:64)
    at Router (/Users/tunbee27/Documents/Tako-san-ui-rebuild/node_modules/.pnpm/react-router@6.30.6_react@18.3.1/node_modules/react-router/dist/umd/react-router.development.js:1203:17)
    at MemoryRouter (/Users/tunbee27/Documents/Tako-san-ui-rebuild/node_modules/.pnpm/react-router@6.30.6_react@18.3.1/node_modules/react-router/dist/umd/react-router.development.js:1097:7)
    at QueryClientProvider (file:///Users/tunbee27/Documents/Tako-san-ui-rebuild/node_modules/.pnpm/@tanstack+react-query@5.102.8_react@18.3.1/node_modules/@tanstack/react-query/build/modern/QueryClientProvider.js:12:32)

stderr | tests/integration/frontend-ui-integration.test.tsx > Week shopping data honesty > uses the loaded plan estimate in its summary instead of a demo budget
Warning: useLayoutEffect does nothing on the server, because its effect cannot be encoded into the server renderer's output format. This will lead to a mismatch between the initial, non-hydrated UI and the intended UI. To avoid this, useLayoutEffect should only be used in components that render exclusively on the client. See https://reactjs.org/link/uselayouteffect-ssr for common fixes.
    at MemoryRouter (/Users/tunbee27/Documents/Tako-san-ui-rebuild/node_modules/.pnpm/react-router@6.30.6_react@18.3.1/node_modules/react-router/dist/umd/react-router.development.js:1097:7)
    at QueryClientProvider (file:///Users/tunbee27/Documents/Tako-san-ui-rebuild/node_modules/.pnpm/@tanstack+react-query@5.102.8_react@18.3.1/node_modules/@tanstack/react-query/build/modern/QueryClientProvider.js:12:32)
Warning: useLayoutEffect does nothing on the server, because its effect cannot be encoded into the server renderer's output format. This will lead to a mismatch between the initial, non-hydrated UI and the intended UI. To avoid this, useLayoutEffect should only be used in components that render exclusively on the client. See https://reactjs.org/link/uselayouteffect-ssr for common fixes.
    at LinkWithRef (/Users/tunbee27/Documents/Tako-san-ui-rebuild/node_modules/.pnpm/react-router-dom@6.30.6_react-dom@18.3.1_react@18.3.1__react@18.3.1/node_modules/react-router-dom/dist/umd/react-router-dom.development.js:807:9)
    at div
    at header
    at KitchenHeader (/Users/tunbee27/Documents/Tako-san-ui-rebuild/src/web/components/common/KitchenHeader.tsx:10:3)
    at div
    at WeekWorkspace (/Users/tunbee27/Documents/Tako-san-ui-rebuild/src/web/features/week/WeekWorkspace.tsx:8:3)
    at WeekShoppingPage (/Users/tunbee27/Documents/Tako-san-ui-rebuild/src/web/pages/WeekShoppingPage.tsx:17:112)
    at Router (/Users/tunbee27/Documents/Tako-san-ui-rebuild/node_modules/.pnpm/react-router@6.30.6_react@18.3.1/node_modules/react-router/dist/umd/react-router.development.js:1203:17)
    at MemoryRouter (/Users/tunbee27/Documents/Tako-san-ui-rebuild/node_modules/.pnpm/react-router@6.30.6_react@18.3.1/node_modules/react-router/dist/umd/react-router.development.js:1097:7)
    at QueryClientProvider (file:///Users/tunbee27/Documents/Tako-san-ui-rebuild/node_modules/.pnpm/@tanstack+react-query@5.102.8_react@18.3.1/node_modules/@tanstack/react-query/build/modern/QueryClientProvider.js:12:32)
Warning: useLayoutEffect does nothing on the server, because its effect cannot be encoded into the server renderer's output format. This will lead to a mismatch between the initial, non-hydrated UI and the intended UI. To avoid this, useLayoutEffect should only be used in components that render exclusively on the client. See https://reactjs.org/link/uselayouteffect-ssr for common fixes.
    at LinkWithRef (/Users/tunbee27/Documents/Tako-san-ui-rebuild/node_modules/.pnpm/react-router-dom@6.30.6_react-dom@18.3.1_react@18.3.1__react@18.3.1/node_modules/react-router-dom/dist/umd/react-router-dom.development.js:807:9)
    at div
    at header
    at KitchenHeader (/Users/tunbee27/Documents/Tako-san-ui-rebuild/src/web/components/common/KitchenHeader.tsx:10:3)
    at div
    at WeekWorkspace (/Users/tunbee27/Documents/Tako-san-ui-rebuild/src/web/features/week/WeekWorkspace.tsx:8:3)
    at WeekShoppingPage (/Users/tunbee27/Documents/Tako-san-ui-rebuild/src/web/pages/WeekShoppingPage.tsx:17:112)
    at Router (/Users/tunbee27/Documents/Tako-san-ui-rebuild/node_modules/.pnpm/react-router@6.30.6_react@18.3.1/node_modules/react-router/dist/umd/react-router.development.js:1203:17)
    at MemoryRouter (/Users/tunbee27/Documents/Tako-san-ui-rebuild/node_modules/.pnpm/react-router@6.30.6_react@18.3.1/node_modules/react-router/dist/umd/react-router.development.js:1097:7)
    at QueryClientProvider (file:///Users/tunbee27/Documents/Tako-san-ui-rebuild/node_modules/.pnpm/@tanstack+react-query@5.102.8_react@18.3.1/node_modules/@tanstack/react-query/build/modern/QueryClientProvider.js:12:32)
Warning: useLayoutEffect does nothing on the server, because its effect cannot be encoded into the server renderer's output format. This will lead to a mismatch between the initial, non-hydrated UI and the intended UI. To avoid this, useLayoutEffect should only be used in components that render exclusively on the client. See https://reactjs.org/link/uselayouteffect-ssr for common fixes.
    at LinkWithRef (/Users/tunbee27/Documents/Tako-san-ui-rebuild/node_modules/.pnpm/react-router-dom@6.30.6_react-dom@18.3.1_react@18.3.1__react@18.3.1/node_modules/react-router-dom/dist/umd/react-router-dom.development.js:807:9)
    at div
    at header
    at KitchenHeader (/Users/tunbee27/Documents/Tako-san-ui-rebuild/src/web/components/common/KitchenHeader.tsx:10:3)
    at div
    at WeekWorkspace (/Users/tunbee27/Documents/Tako-san-ui-rebuild/src/web/features/week/WeekWorkspace.tsx:8:3)
    at WeekShoppingPage (/Users/tunbee27/Documents/Tako-san-ui-rebuild/src/web/pages/WeekShoppingPage.tsx:17:112)
    at Router (/Users/tunbee27/Documents/Tako-san-ui-rebuild/node_modules/.pnpm/react-router@6.30.6_react@18.3.1/node_modules/react-router/dist/umd/react-router.development.js:1203:17)
    at MemoryRouter (/Users/tunbee27/Documents/Tako-san-ui-rebuild/node_modules/.pnpm/react-router@6.30.6_react@18.3.1/node_modules/react-router/dist/umd/react-router.development.js:1097:7)
    at QueryClientProvider (file:///Users/tunbee27/Documents/Tako-san-ui-rebuild/node_modules/.pnpm/@tanstack+react-query@5.102.8_react@18.3.1/node_modules/@tanstack/react-query/build/modern/QueryClientProvider.js:12:32)
Warning: useLayoutEffect does nothing on the server, because its effect cannot be encoded into the server renderer's output format. This will lead to a mismatch between the initial, non-hydrated UI and the intended UI. To avoid this, useLayoutEffect should only be used in components that render exclusively on the client. See https://reactjs.org/link/uselayouteffect-ssr for common fixes.
    at LinkWithRef (/Users/tunbee27/Documents/Tako-san-ui-rebuild/node_modules/.pnpm/react-router-dom@6.30.6_react-dom@18.3.1_react@18.3.1__react@18.3.1/node_modules/react-router-dom/dist/umd/react-router-dom.development.js:807:9)
    at div
    at header
    at KitchenHeader (/Users/tunbee27/Documents/Tako-san-ui-rebuild/src/web/components/common/KitchenHeader.tsx:10:3)
    at div
    at WeekWorkspace (/Users/tunbee27/Documents/Tako-san-ui-rebuild/src/web/features/week/WeekWorkspace.tsx:8:3)
    at WeekShoppingPage (/Users/tunbee27/Documents/Tako-san-ui-rebuild/src/web/pages/WeekShoppingPage.tsx:17:112)
    at Router (/Users/tunbee27/Documents/Tako-san-ui-rebuild/node_modules/.pnpm/react-router@6.30.6_react@18.3.1/node_modules/react-router/dist/umd/react-router.development.js:1203:17)
    at MemoryRouter (/Users/tunbee27/Documents/Tako-san-ui-rebuild/node_modules/.pnpm/react-router@6.30.6_react@18.3.1/node_modules/react-router/dist/umd/react-router.development.js:1097:7)
    at QueryClientProvider (file:///Users/tunbee27/Documents/Tako-san-ui-rebuild/node_modules/.pnpm/@tanstack+react-query@5.102.8_react@18.3.1/node_modules/@tanstack/react-query/build/modern/QueryClientProvider.js:12:32)
Warning: useLayoutEffect does nothing on the server, because its effect cannot be encoded into the server renderer's output format. This will lead to a mismatch between the initial, non-hydrated UI and the intended UI. To avoid this, useLayoutEffect should only be used in components that render exclusively on the client. See https://reactjs.org/link/uselayouteffect-ssr for common fixes.
    at LinkWithRef (/Users/tunbee27/Documents/Tako-san-ui-rebuild/node_modules/.pnpm/react-router-dom@6.30.6_react-dom@18.3.1_react@18.3.1__react@18.3.1/node_modules/react-router-dom/dist/umd/react-router-dom.development.js:807:9)
    at KitchenScanLink (/Users/tunbee27/Documents/Tako-san-ui-rebuild/src/web/design-system/navigation.tsx:450:28)
    at header
    at KitchenHeader (/Users/tunbee27/Documents/Tako-san-ui-rebuild/src/web/components/common/KitchenHeader.tsx:10:3)
    at div
    at WeekWorkspace (/Users/tunbee27/Documents/Tako-san-ui-rebuild/src/web/features/week/WeekWorkspace.tsx:8:3)
    at WeekShoppingPage (/Users/tunbee27/Documents/Tako-san-ui-rebuild/src/web/pages/WeekShoppingPage.tsx:17:112)
    at Router (/Users/tunbee27/Documents/Tako-san-ui-rebuild/node_modules/.pnpm/react-router@6.30.6_react@18.3.1/node_modules/react-router/dist/umd/react-router.development.js:1203:17)
    at MemoryRouter (/Users/tunbee27/Documents/Tako-san-ui-rebuild/node_modules/.pnpm/react-router@6.30.6_react@18.3.1/node_modules/react-router/dist/umd/react-router.development.js:1097:7)
    at QueryClientProvider (file:///Users/tunbee27/Documents/Tako-san-ui-rebuild/node_modules/.pnpm/@tanstack+react-query@5.102.8_react@18.3.1/node_modules/@tanstack/react-query/build/modern/QueryClientProvider.js:12:32)
Warning: useLayoutEffect does nothing on the server, because its effect cannot be encoded into the server renderer's output format. This will lead to a mismatch between the initial, non-hydrated UI and the intended UI. To avoid this, useLayoutEffect should only be used in components that render exclusively on the client. See https://reactjs.org/link/uselayouteffect-ssr for common fixes.
    at LinkWithRef (/Users/tunbee27/Documents/Tako-san-ui-rebuild/node_modules/.pnpm/react-router-dom@6.30.6_react-dom@18.3.1_react@18.3.1__react@18.3.1/node_modules/react-router-dom/dist/umd/react-router-dom.development.js:807:9)
    at section
    at div
    at div
    at WeekWorkspace (/Users/tunbee27/Documents/Tako-san-ui-rebuild/src/web/features/week/WeekWorkspace.tsx:8:3)
    at WeekShoppingPage (/Users/tunbee27/Documents/Tako-san-ui-rebuild/src/web/pages/WeekShoppingPage.tsx:17:112)
    at Router (/Users/tunbee27/Documents/Tako-san-ui-rebuild/node_modules/.pnpm/react-router@6.30.6_react@18.3.1/node_modules/react-router/dist/umd/react-router.development.js:1203:17)
    at MemoryRouter (/Users/tunbee27/Documents/Tako-san-ui-rebuild/node_modules/.pnpm/react-router@6.30.6_react@18.3.1/node_modules/react-router/dist/umd/react-router.development.js:1097:7)
    at QueryClientProvider (file:///Users/tunbee27/Documents/Tako-san-ui-rebuild/node_modules/.pnpm/@tanstack+react-query@5.102.8_react@18.3.1/node_modules/@tanstack/react-query/build/modern/QueryClientProvider.js:12:32)

 ✓ tests/integration/recipe-media-catalog.test.ts (24 tests) 1205ms
 ✓ tests/integration/frontend-ui-integration.test.tsx (34 tests) 1232ms
   ✓ real Home data rendered through the shared QueryClient > renders honest empty states without fake meal, budget, expiry items, progress, or notification badges  409ms
 ✓ tests/integration/frontend-security-integration.test.ts (32 tests) 1192ms
 ✓ tests/integration/staging-d1-runtime-readiness.test.mjs (9 tests) 1162ms
stderr | tests/unit/t07-ai.test.ts > T07 planner rollout flags > requires the literal true backend flag (true)
{"level":"warn","limiter":"meal-planning-read","reason":"kv-unbound","message":"Rate limiter degraded to isolate-local counters; enforcement is not globally reliable."}

stdout | tests/unit/t07-ai.test.ts > T07 planner rollout flags > enables AI explanation ordering only for the literal true flag (missing)
{"level":"info","event":"meal_planning_result","status":"feasible","conclusion":"feasible","truncated":false,"states":2}

stderr | tests/unit/t07-ai.test.ts > T07 planner rollout flags > enables AI explanation ordering only for the literal true flag (missing)
{"level":"warn","limiter":"planner-compute","reason":"kv-unbound","message":"Rate limiter degraded to isolate-local counters; enforcement is not globally reliable."}
{"level":"warn","limiter":"meal-planning-expensive","reason":"kv-unbound","message":"Rate limiter degraded to isolate-local counters; enforcement is not globally reliable."}

stdout | tests/unit/t07-ai.test.ts > T07 planner rollout flags > enables AI explanation ordering only for the literal true flag (empty)
{"level":"info","event":"meal_planning_result","status":"feasible","conclusion":"feasible","truncated":false,"states":2}

stdout | tests/unit/t07-ai.test.ts > T07 planner rollout flags > enables AI explanation ordering only for the literal true flag (false)
{"level":"info","event":"meal_planning_result","status":"feasible","conclusion":"feasible","truncated":false,"states":2}

stdout | tests/unit/t07-ai.test.ts > T07 planner rollout flags > enables AI explanation ordering only for the literal true flag (invalid)
{"level":"info","event":"meal_planning_result","status":"feasible","conclusion":"feasible","truncated":false,"states":2}

 ✓ tests/integration/inventory-closed-loop.test.ts (9 tests) 1010ms
stdout | tests/unit/t07-ai.test.ts > T07 planner rollout flags > enables AI explanation ordering only for the literal true flag (true)
{"level":"info","event":"meal_planning_result","status":"feasible","conclusion":"feasible","truncated":false,"states":2}

 ✓ tests/unit/t07-ai.test.ts (15 tests) 1053ms
stdout | tests/integration/scan-async-quota-lifecycle.test.ts > guest async scan quota lifecycle > consumes one fridge scan only with a ready result
{"event":"scan_terminal","supportId":"a924455adce8","scanType":"fridge","state":"ready","errorCode":null,"retryable":false,"attempt":1,"maxAttempts":3,"logicalModel":"QWEN_MULTIMODAL","configuredPrimaryModel":"qwen3.8-flash","latencyMs":1}

stdout | tests/integration/scan-async-quota-lifecycle.test.ts > guest async scan quota lifecycle > consumes one receipt scan only with a ready result
{"event":"scan_terminal","supportId":"aa81a4f7eb70","scanType":"receipt","state":"ready","errorCode":null,"retryable":false,"attempt":1,"maxAttempts":3,"logicalModel":"QWEN_OCR","configuredPrimaryModel":"qwen-vl-ocr","latencyMs":0}

stdout | tests/integration/scan-async-quota-lifecycle.test.ts > guest async scan quota lifecycle > releases permanent failure and replays it without another charge
{"event":"scan_terminal","supportId":"e093fcc0ba39","scanType":"fridge","state":"failed","errorCode":"MODEL_NOT_FOUND","retryable":false,"attempt":1,"maxAttempts":3,"logicalModel":"QWEN_MULTIMODAL","configuredPrimaryModel":"qwen3.8-flash","latencyMs":1}

stdout | tests/integration/scan-async-quota-lifecycle.test.ts > guest async scan quota lifecycle > reserves during transient failure, consumes on eventual success, and releases on exhaustion
{"event":"scan_terminal","supportId":"e494f1d7988e","scanType":"fridge","state":"ready","errorCode":null,"retryable":false,"attempt":2,"maxAttempts":3,"logicalModel":"QWEN_MULTIMODAL","configuredPrimaryModel":"qwen3.8-flash","latencyMs":0}

stdout | tests/integration/scan-async-quota-lifecycle.test.ts > guest async scan quota lifecycle > reserves during transient failure, consumes on eventual success, and releases on exhaustion
{"event":"scan_terminal","supportId":"5423a60c2c93","scanType":"fridge","state":"failed","errorCode":"REQUEST_TIMEOUT","retryable":false,"attempt":2,"maxAttempts":2,"logicalModel":"QWEN_MULTIMODAL","configuredPrimaryModel":"qwen3.8-flash","latencyMs":1}

stderr | tests/integration/scan-async-quota-lifecycle.test.ts > guest async scan quota lifecycle > reuses the queue intent and reservation after an ambiguous send
Scan queue enqueue failed

stdout | tests/integration/scan-async-quota-lifecycle.test.ts > guest async scan quota lifecycle > reuses the queue intent and reservation after an ambiguous send
{"event":"scan_terminal","supportId":"c00c764c8093","scanType":"fridge","state":"ready","errorCode":null,"retryable":false,"attempt":1,"maxAttempts":3,"logicalModel":"QWEN_MULTIMODAL","configuredPrimaryModel":"qwen3.8-flash","latencyMs":1}

stderr | tests/integration/scan-async-quota-lifecycle.test.ts > guest async scan quota lifecycle > releases on storage failure and rolls back a scan persistence failure
R2 upload failed

stdout | tests/integration/scan-async-quota-lifecycle.test.ts > guest async scan quota lifecycle > does not retry a permanent model error despite a provider retry hint
{"event":"scan_terminal","supportId":"8b92262fdf0e","scanType":"fridge","state":"failed","errorCode":"MODEL_NOT_FOUND","retryable":false,"attempt":1,"maxAttempts":3,"logicalModel":"QWEN_MULTIMODAL","configuredPrimaryModel":"qwen3.8-flash","latencyMs":0}

 ✓ tests/unit/synthetic-ocr-score.test.mjs (1 test) 1010ms
   ✓ synthetic OCR scorer > counts incorrect quantity, price, and total separately without altering ground truth  1010ms
 ✓ tests/integration/scan-async-quota-lifecycle.test.ts (11 tests) 1049ms
stderr | tests/integration/t13r-a-evidence-completeness.test.ts > T13R-A P2-A raw category/storage/canonical evidence is retained by every writer > sync fridge and sync receipt persist the ingested mapping as immutable evidence
{"level":"warn","limiter":"rl_scan","reason":"kv-unbound","message":"Rate limiter degraded to isolate-local counters; enforcement is not globally reliable."}

stderr | tests/integration/t13r-a-evidence-completeness.test.ts > T13R-A P2-A raw category/storage/canonical evidence is retained by every writer > sync fridge and sync receipt persist the ingested mapping as immutable evidence
{"level":"warn","limiter":"rl_receipt","reason":"kv-unbound","message":"Rate limiter degraded to isolate-local counters; enforcement is not globally reliable."}

stdout | tests/integration/t13r-a-evidence-completeness.test.ts > T13R-A P2-A raw category/storage/canonical evidence is retained by every writer > async fridge persists the same evidence as the synchronous route
{"event":"scan_terminal","supportId":"4ca34b475372","scanType":"fridge","state":"ready","errorCode":null,"retryable":false,"attempt":1,"maxAttempts":3,"logicalModel":"QWEN_MULTIMODAL","configuredPrimaryModel":"qwen3.8-flash","latencyMs":1}

stdout | tests/integration/t13r-a-evidence-completeness.test.ts > T13R-A P2-A raw category/storage/canonical evidence is retained by every writer > async receipt persists the same evidence as the synchronous route
{"event":"scan_terminal","supportId":"0a7d1d174233","scanType":"receipt","state":"ready","errorCode":null,"retryable":false,"attempt":1,"maxAttempts":3,"logicalModel":"QWEN_OCR","configuredPrimaryModel":"qwen-vl-ocr","latencyMs":1}

 ✓ tests/integration/t13r-a-evidence-completeness.test.ts (9 tests) 907ms
 ✓ tests/integration/cleanup-schema.test.ts (11 tests) 991ms
 ✓ tests/integration/foundation-hardening.test.ts (13 tests) 946ms
 ✓ tests/integration/inventory-reconciliation-composition.test.ts (19 tests) 926ms
 ✓ tests/integration/recipe-personalization.test.ts (7 tests) 932ms
   ✓ T03 ranking personalization persistence > fails closed for D1 batch failures and malformed persisted preference data without touching cooked or inventory state  365ms
 ✓ tests/integration/recipe-authority-routing.test.ts (8 tests) 951ms
stderr | tests/integration/shopping-command-race.test.ts > shopping first-claim races (real SQLite HTTP) > legacy Week compatibility > replays the completed winner when an expired prepared lease resumes
{"level":"warn","limiter":"rl_week_w","reason":"kv-unbound","message":"Rate limiter degraded to isolate-local counters; enforcement is not globally reliable."}

 ✓ tests/integration/t13b-browser-tooling.test.mjs (3 tests) 889ms
   ✓ isolated browser bootstrap > runs the real Playwright reporter lifecycle without HTML, retaining sanitized failure evidence  885ms
 ✓ tests/integration/shopping-command-race.test.ts (8 tests) 862ms
stdout | tests/integration/t13r-a-async-evidence.test.ts > T13R-A P1-1 async scan ingestion retains T13 source evidence > async fridge persists raw evidence for confidence 0
{"event":"scan_terminal","supportId":"64b7b3cdae77","scanType":"fridge","state":"ready","errorCode":null,"retryable":false,"attempt":1,"maxAttempts":3,"logicalModel":"QWEN_MULTIMODAL","configuredPrimaryModel":"qwen3.8-flash","latencyMs":3}

stdout | tests/integration/t13r-a-async-evidence.test.ts > T13R-A P1-1 async scan ingestion retains T13 source evidence > async fridge persists raw evidence for confidence 0.11
{"event":"scan_terminal","supportId":"64b7b3cdae77","scanType":"fridge","state":"ready","errorCode":null,"retryable":false,"attempt":1,"maxAttempts":3,"logicalModel":"QWEN_MULTIMODAL","configuredPrimaryModel":"qwen3.8-flash","latencyMs":1}

stdout | tests/integration/t13r-a-async-evidence.test.ts > T13R-A P1-1 async scan ingestion retains T13 source evidence > async fridge persists raw evidence for confidence 0.9
{"event":"scan_terminal","supportId":"64b7b3cdae77","scanType":"fridge","state":"ready","errorCode":null,"retryable":false,"attempt":1,"maxAttempts":3,"logicalModel":"QWEN_MULTIMODAL","configuredPrimaryModel":"qwen3.8-flash","latencyMs":0}

stdout | tests/integration/t13r-a-async-evidence.test.ts > T13R-A P1-1 async scan ingestion retains T13 source evidence > async fridge persists raw evidence for confidence missing
{"event":"scan_terminal","supportId":"64b7b3cdae77","scanType":"fridge","state":"ready","errorCode":null,"retryable":false,"attempt":1,"maxAttempts":3,"logicalModel":"QWEN_MULTIMODAL","configuredPrimaryModel":"qwen3.8-flash","latencyMs":1}

stdout | tests/integration/t13r-a-async-evidence.test.ts > T13R-A P1-1 async scan ingestion retains T13 source evidence > async receipt persists raw evidence for confidence 0
{"event":"scan_terminal","supportId":"64b7b3cdae77","scanType":"receipt","state":"ready","errorCode":null,"retryable":false,"attempt":1,"maxAttempts":3,"logicalModel":"QWEN_OCR","configuredPrimaryModel":"qwen-vl-ocr","latencyMs":1}

stdout | tests/integration/t13r-a-async-evidence.test.ts > T13R-A P1-1 async scan ingestion retains T13 source evidence > async receipt persists raw evidence for confidence 0.11
{"event":"scan_terminal","supportId":"64b7b3cdae77","scanType":"receipt","state":"ready","errorCode":null,"retryable":false,"attempt":1,"maxAttempts":3,"logicalModel":"QWEN_OCR","configuredPrimaryModel":"qwen-vl-ocr","latencyMs":0}

stdout | tests/integration/t13r-a-async-evidence.test.ts > T13R-A P1-1 async scan ingestion retains T13 source evidence > async receipt persists raw evidence for confidence 0.9
{"event":"scan_terminal","supportId":"64b7b3cdae77","scanType":"receipt","state":"ready","errorCode":null,"retryable":false,"attempt":1,"maxAttempts":3,"logicalModel":"QWEN_OCR","configuredPrimaryModel":"qwen-vl-ocr","latencyMs":0}

stdout | tests/integration/t13r-a-async-evidence.test.ts > T13R-A P1-1 async scan ingestion retains T13 source evidence > async receipt persists raw evidence for confidence missing
{"event":"scan_terminal","supportId":"64b7b3cdae77","scanType":"receipt","state":"ready","errorCode":null,"retryable":false,"attempt":1,"maxAttempts":3,"logicalModel":"QWEN_OCR","configuredPrimaryModel":"qwen-vl-ocr","latencyMs":0}

stdout | tests/integration/t13r-a-async-evidence.test.ts > T13R-A P1-1 async scan ingestion retains T13 source evidence > a receipt line without confidence is a valid unknown-confidence line, not a persistence failure
{"event":"scan_terminal","supportId":"64b7b3cdae77","scanType":"receipt","state":"ready","errorCode":null,"retryable":false,"attempt":1,"maxAttempts":3,"logicalModel":"QWEN_OCR","configuredPrimaryModel":"qwen-vl-ocr","latencyMs":1}

 ✓ tests/integration/t13r-a-async-evidence.test.ts (9 tests) 827ms
 ✓ tests/unit/t21rc-row-reconciliation.test.mjs (57 tests) 819ms
   ✓ T21R-C offline occurrence reconciliation > accounts all 500 recipes and 2702 V1 ingredient occurrences from the approved local catalog  564ms
stdout | tests/integration/t07-persistence.test.ts > T07 generated-plan persistence concurrency > allows only one same-revision swap winner and only one swap/regenerate winner
{"level":"info","event":"meal_planning_result","status":"feasible","conclusion":"feasible","truncated":false,"states":7}

stdout | tests/integration/t07-persistence.test.ts > T07 generated-plan persistence concurrency > allows only one same-revision swap winner and only one swap/regenerate winner
{"level":"info","event":"meal_planning_result","status":"feasible","conclusion":"feasible","truncated":false,"states":4}

stdout | tests/integration/t07-persistence.test.ts > T07 generated-plan persistence concurrency > allows only one same-revision swap winner and only one swap/regenerate winner
{"level":"info","event":"meal_planning_result","status":"feasible","conclusion":"feasible","truncated":false,"states":4}

stdout | tests/integration/t07-persistence.test.ts > T07 generated-plan persistence concurrency > allows only one same-revision swap winner and only one swap/regenerate winner
{"level":"info","event":"meal_planning_result","status":"feasible","conclusion":"feasible","truncated":false,"states":7}

stdout | tests/integration/t07-persistence.test.ts > T07 generated-plan persistence concurrency > allows only one same-revision swap winner and only one swap/regenerate winner
{"level":"info","event":"meal_planning_result","status":"feasible","conclusion":"feasible","truncated":false,"states":4}

stdout | tests/integration/t07-persistence.test.ts > T07 generated-plan persistence concurrency > allows only one same-revision swap winner and only one swap/regenerate winner
{"level":"info","event":"meal_planning_result","status":"feasible","conclusion":"feasible","truncated":false,"states":7}

stdout | tests/integration/t07-persistence.test.ts > T07 generated-plan persistence concurrency > deduplicates concurrent creation writes while documenting duplicate initial compute
{"level":"info","event":"meal_planning_result","status":"feasible","conclusion":"feasible","truncated":false,"states":7}

stdout | tests/integration/t07-persistence.test.ts > T07 generated-plan persistence concurrency > deduplicates concurrent creation writes while documenting duplicate initial compute
{"level":"info","event":"meal_planning_result","status":"feasible","conclusion":"feasible","truncated":false,"states":7}

stdout | tests/integration/t07-persistence.test.ts > T07 generated-plan persistence concurrency > deduplicates concurrent creation writes while documenting duplicate initial compute
{"level":"info","event":"meal_planning_result","status":"feasible","conclusion":"feasible","truncated":false,"states":7}

stdout | tests/integration/t07-persistence.test.ts > T07 generated-plan persistence concurrency > deduplicates concurrent creation writes while documenting duplicate initial compute
{"level":"info","event":"meal_planning_result","status":"feasible","conclusion":"feasible","truncated":false,"states":7}

stdout | tests/integration/t07-persistence.test.ts > T07 generated-plan persistence concurrency > fences feedback by plan revision while retaining exact retry identity
{"level":"info","event":"meal_planning_result","status":"feasible","conclusion":"feasible","truncated":false,"states":7}

stdout | tests/integration/t07-persistence.test.ts > T07 generated-plan persistence concurrency > fences feedback by plan revision while retaining exact retry identity
{"level":"info","event":"meal_planning_result","status":"feasible","conclusion":"feasible","truncated":false,"states":7}

 ✓ tests/integration/recipe-foundation.test.ts (9 tests) 770ms
stdout | tests/integration/t07-persistence.test.ts > T07 generated-plan persistence concurrency > rejects feedback when regeneration commits after its read but before its guarded insert
{"level":"info","event":"meal_planning_result","status":"feasible","conclusion":"feasible","truncated":false,"states":7}

stdout | tests/integration/t07-persistence.test.ts > T07 generated-plan persistence concurrency > rejects feedback when regeneration commits after its read but before its guarded insert
{"level":"info","event":"meal_planning_result","status":"feasible","conclusion":"feasible","truncated":false,"states":7}

stdout | tests/integration/t07-persistence.test.ts > T07 generated-plan persistence concurrency > rejects a shopping result when regeneration makes the source revision stale
{"level":"info","event":"meal_planning_result","status":"feasible","conclusion":"feasible","truncated":false,"states":7}

stdout | tests/integration/t07-persistence.test.ts > T07 generated-plan persistence concurrency > rejects a shopping result when regeneration makes the source revision stale
{"level":"info","event":"meal_planning_result","status":"feasible","conclusion":"feasible","truncated":false,"states":7}

 ✓ tests/integration/t07-persistence.test.ts (6 tests) 744ms
 ✓ tests/integration/d1-schema-gate.test.ts (9 tests) 697ms
 ✓ tests/unit/t20-staging-fixtures.test.mjs (27 tests) 736ms
 ✓ tests/integration/recipe-media-schema.test.ts (13 tests) 676ms
 ✓ tests/integration/recipe-d1-parity.test.ts (12 tests) 669ms
stdout | tests/integration/t13b-preview-fixtures.test.mjs > T13B isolated browser evidence fixtures > keeps all browser controls out of the production worker
{"level":"info","requestId":"54d4433e-2e29-419f-b5ce-51e59c07fe4f","method":"POST","path":"/__preview/t13-scans","status":404,"durationMs":3,"environment":"production"}

stdout | tests/integration/t13b-preview-fixtures.test.mjs > T13B isolated browser evidence fixtures > keeps all browser controls out of the production worker
{"level":"info","requestId":"ef3f4b6e-2093-40c8-a7b2-555669f17554","method":"POST","path":"/__preview/t13-scenarios","status":404,"durationMs":0,"environment":"production"}

stdout | tests/integration/t13b-preview-fixtures.test.mjs > T13B isolated browser evidence fixtures > keeps all browser controls out of the production worker
{"level":"info","requestId":"3618e63c-7399-4e6f-8d30-7da9608562ed","method":"POST","path":"/__preview/t13-state","status":404,"durationMs":0,"environment":"production"}

stdout | tests/integration/t13b-preview-fixtures.test.mjs > T13B isolated browser evidence fixtures > keeps all browser controls out of the production worker
{"level":"info","requestId":"eb3b3a55-4178-4711-9adb-5ca261b2bda0","method":"POST","path":"/__preview/t13-operator-requests","status":404,"durationMs":0,"environment":"production"}

stdout | tests/integration/t13b-preview-fixtures.test.mjs > T13B isolated browser evidence fixtures > keeps all browser controls out of the production worker
{"level":"info","requestId":"ee8591a9-43a8-4752-964d-c8f9f35fc632","method":"POST","path":"/__preview/t13-reconciliation","status":404,"durationMs":0,"environment":"production"}

 ✓ tests/integration/meal-planning-persistence.test.ts (6 tests) 640ms
 ✓ tests/integration/t13b-preview-fixtures.test.mjs (7 tests) 612ms
 ✓ tests/integration/inventory-closed-loop-routes.test.ts (5 tests) 607ms
 ✓ tests/integration/inventory-observation-concurrency.test.ts (4 tests) 591ms
 ✓ tests/integration/ranking-nutrition.test.ts (6 tests) 698ms
 ✓ tests/unit/t21rc2-schema-diagnostic.test.mjs (35 tests) 544ms
   ✓ T21RC2 real classify CLI schema-failure boundary > prints and receipts only a safe diagnostic for a synthetic forced schema failure  430ms
 ✓ tests/integration/recipe-candidates.test.ts (3 tests) 534ms
 ✓ tests/unit/t21rb-v1-semantic.test.mjs (11 tests) 566ms
stdout | tests/integration/recipe-canary-test-cohort-http.test.ts > T15C-C — authorized test cohort over HTTP; request input has no influence > P1 rollback over HTTP: canary → shadow/static with cohort secrets retained serves static 71 to include, exclude and ordinary households; no D1 read, no config diagnostic, no secret cleanup
{"event":"recipe_catalog_shadow","catalog_source":"static","catalog_mode":"shadow","status":"compared","catalog_static_count":71,"level":"info","catalog_d1_count":71,"catalog_complete_count":71,"catalog_hydrated_count":71,"catalog_static_only_count":0,"catalog_d1_only_count":0,"catalog_drift_count":0,"catalog_order_drift_count":0,"catalog_hydration_failure_count":0,"catalog_lookup_ms":28,"release_id":"rel-1a047444a3632771","release_expected_count":71,"release_readiness":"ready","release_readiness_code":null,"release_reviewed_growth_count":0,"drift_sample":[],"order_drift_sample":[],"hydration_failure_sample":[]}

 ✓ tests/integration/recipe-canary-test-cohort-http.test.ts (6 tests) 501ms
 ✓ tests/unit/production-catalog-v2-lineage.test.mjs (27 tests) 485ms
   ✓ production catalog V2 semantic lineage > runs the CLI against the real V2 package and writes only sanitized aggregates  341ms
stdout | tests/integration/scan-queue-retry-policy.test.ts > scan queue provider retry policy > fails a model-access error immediately instead of burning all queue attempts
{"event":"scan_terminal","supportId":"091436fc2dc8","scanType":"fridge","state":"failed","errorCode":"MODEL_NOT_FOUND","retryable":false,"attempt":1,"maxAttempts":3,"logicalModel":"QWEN_MULTIMODAL","configuredPrimaryModel":"qwen3.8-flash","latencyMs":2}

stdout | tests/integration/scan-queue-retry-policy.test.ts > scan queue provider retry policy > does not write an untrusted provider canonical id into the ingredient FK
{"event":"scan_terminal","supportId":"091436fc2dc8","scanType":"fridge","state":"ready","errorCode":null,"retryable":false,"attempt":1,"maxAttempts":3,"logicalModel":"QWEN_MULTIMODAL","configuredPrimaryModel":"qwen3.8-flash","latencyMs":1}

stdout | tests/integration/scan-queue-retry-policy.test.ts > scan queue provider retry policy > keeps a catalog-valid provider canonical id when the raw label is unknown
{"event":"scan_terminal","supportId":"091436fc2dc8","scanType":"fridge","state":"ready","errorCode":null,"retryable":false,"attempt":1,"maxAttempts":3,"logicalModel":"QWEN_MULTIMODAL","configuredPrimaryModel":"qwen3.8-flash","latencyMs":0}

 ✓ tests/integration/scan-queue-retry-policy.test.ts (5 tests) 472ms
 ✓ tests/unit/recipe-import-provenance.test.ts (11 tests) 445ms
stdout | tests/integration/production-integration-scan-flow.test.ts > production Qwen queue to T13 inventory authority > preserves a real Qwen result through queue, confirmation and idempotent replay
{"level":"info","event":"ai_usage","task":"receipt_ocr","provider":"qwen","logicalModel":"QWEN_OCR","physicalModel":"qwen-vl-ocr","promptId":"receipt-ocr","promptVersion":"1","inputTokens":12,"outputTokens":68,"cachedInputTokens":0,"estimatedCostUsd":0.000011720000000000001,"pricingVersion":"estimate-2026-09-sg-low-context","latencyMs":2,"attempt":1,"status":"success"}

stdout | tests/integration/production-integration-scan-flow.test.ts > production Qwen queue to T13 inventory authority > preserves a real Qwen result through queue, confirmation and idempotent replay
{"event":"scan_terminal","supportId":"a891736b777e","scanType":"receipt","state":"ready","errorCode":null,"retryable":false,"attempt":1,"maxAttempts":3,"logicalModel":"QWEN_OCR","configuredPrimaryModel":"qwen-vl-ocr","latencyMs":6}

stdout | tests/integration/production-integration-scan-flow.test.ts > production Qwen queue to T13 inventory authority > keeps unknown confidence and fridge provenance through the real Qwen queue path
{"level":"info","event":"ai_usage","task":"fridge_image_analysis","provider":"qwen","logicalModel":"QWEN_MULTIMODAL","physicalModel":"qwen3.8-flash","promptId":"fridge-image-analysis","promptVersion":"1","inputTokens":12,"outputTokens":35,"cachedInputTokens":0,"estimatedCostUsd":0.00001825,"pricingVersion":"estimate-2026-09-sg-low-context","latencyMs":1,"attempt":1,"status":"success"}

stdout | tests/integration/production-integration-scan-flow.test.ts > production Qwen queue to T13 inventory authority > keeps unknown confidence and fridge provenance through the real Qwen queue path
{"event":"scan_terminal","supportId":"1c083ef3bbdf","scanType":"fridge","state":"ready","errorCode":null,"retryable":false,"attempt":1,"maxAttempts":3,"logicalModel":"QWEN_MULTIMODAL","configuredPrimaryModel":"qwen3.8-flash","latencyMs":3}

stdout | tests/integration/production-integration-scan-flow.test.ts > production Qwen queue to T13 inventory authority > persists real Qwen zero confidence without fabricating evidence
{"level":"info","event":"ai_usage","task":"fridge_image_analysis","provider":"qwen","logicalModel":"QWEN_MULTIMODAL","physicalModel":"qwen3.8-flash","promptId":"fridge-image-analysis","promptVersion":"1","inputTokens":12,"outputTokens":39,"cachedInputTokens":0,"estimatedCostUsd":0.00002013,"pricingVersion":"estimate-2026-09-sg-low-context","latencyMs":1,"attempt":1,"status":"success"}

stdout | tests/integration/production-integration-scan-flow.test.ts > production Qwen queue to T13 inventory authority > persists real Qwen zero confidence without fabricating evidence
{"event":"scan_terminal","supportId":"1fc1e7b8ece3","scanType":"fridge","state":"ready","errorCode":null,"retryable":false,"attempt":1,"maxAttempts":3,"logicalModel":"QWEN_MULTIMODAL","configuredPrimaryModel":"qwen3.8-flash","latencyMs":1}

stdout | tests/integration/production-integration-scan-flow.test.ts > production Qwen queue to T13 inventory authority > persists real Qwen low confidence without fabricating evidence
{"level":"info","event":"ai_usage","task":"fridge_image_analysis","provider":"qwen","logicalModel":"QWEN_MULTIMODAL","physicalModel":"qwen3.8-flash","promptId":"fridge-image-analysis","promptVersion":"1","inputTokens":12,"outputTokens":39,"cachedInputTokens":0,"estimatedCostUsd":0.00002013,"pricingVersion":"estimate-2026-09-sg-low-context","latencyMs":1,"attempt":1,"status":"success"}

stdout | tests/integration/production-integration-scan-flow.test.ts > production Qwen queue to T13 inventory authority > persists real Qwen low confidence without fabricating evidence
{"event":"scan_terminal","supportId":"6d048a424198","scanType":"fridge","state":"ready","errorCode":null,"retryable":false,"attempt":1,"maxAttempts":3,"logicalModel":"QWEN_MULTIMODAL","configuredPrimaryModel":"qwen3.8-flash","latencyMs":1}

 ✓ tests/integration/production-integration-scan-flow.test.ts (4 tests) 430ms
 ✓ tests/integration/meal-planning-snapshot.test.ts (5 tests) 426ms
 ✓ tests/unit/recipe-import-factory.test.ts (16 tests) 423ms
 ✓ tests/integration/scan-quota-reconciliation.test.ts (4 tests) 368ms
stdout | tests/integration/t07-rate-limit.test.ts > T07 authenticated planner aggregate compute budget > shares a ten-request budget across plan IDs/actions (primary KV: true)
{"level":"info","event":"meal_planning_result","status":"feasible","conclusion":"feasible","truncated":false,"states":2}

stdout | tests/integration/t07-rate-limit.test.ts > T07 authenticated planner aggregate compute budget > shares a ten-request budget across plan IDs/actions (primary KV: true)
{"level":"info","event":"meal_planning_result","status":"feasible","conclusion":"feasible","truncated":false,"states":2}

stdout | tests/integration/t07-rate-limit.test.ts > T07 authenticated planner aggregate compute budget > shares a ten-request budget across plan IDs/actions (primary KV: true)
{"level":"info","event":"meal_planning_result","status":"feasible","conclusion":"feasible","truncated":false,"states":2}

stdout | tests/integration/t07-rate-limit.test.ts > T07 authenticated planner aggregate compute budget > shares a ten-request budget across plan IDs/actions (primary KV: true)
{"level":"info","event":"meal_planning_result","status":"feasible","conclusion":"feasible","truncated":false,"states":2}

stdout | tests/integration/t07-rate-limit.test.ts > T07 authenticated planner aggregate compute budget > shares a ten-request budget across plan IDs/actions (primary KV: true)
{"level":"info","event":"meal_planning_result","status":"feasible","conclusion":"feasible","truncated":false,"states":2}

stdout | tests/integration/t07-rate-limit.test.ts > T07 authenticated planner aggregate compute budget > shares a ten-request budget across plan IDs/actions (primary KV: true)
{"level":"info","event":"meal_planning_result","status":"feasible","conclusion":"feasible","truncated":false,"states":2}

stdout | tests/integration/t07-rate-limit.test.ts > T07 authenticated planner aggregate compute budget > shares a ten-request budget across plan IDs/actions (primary KV: true)
{"level":"info","event":"meal_planning_result","status":"feasible","conclusion":"feasible","truncated":false,"states":2}

stdout | tests/integration/t07-rate-limit.test.ts > T07 authenticated planner aggregate compute budget > shares a ten-request budget across plan IDs/actions (primary KV: true)
{"level":"info","event":"meal_planning_result","status":"feasible","conclusion":"feasible","truncated":false,"states":2}

stdout | tests/integration/t07-rate-limit.test.ts > T07 authenticated planner aggregate compute budget > shares a ten-request budget across plan IDs/actions (primary KV: true)
{"level":"info","event":"meal_planning_result","status":"feasible","conclusion":"feasible","truncated":false,"states":2}

stdout | tests/integration/t07-rate-limit.test.ts > T07 authenticated planner aggregate compute budget > shares a ten-request budget across plan IDs/actions (primary KV: true)
{"level":"info","event":"meal_planning_result","status":"feasible","conclusion":"feasible","truncated":false,"states":2}

stdout | tests/integration/t07-rate-limit.test.ts > T07 authenticated planner aggregate compute budget > shares a ten-request budget across plan IDs/actions (primary KV: true)
{"level":"info","event":"meal_planning_result","status":"feasible","conclusion":"feasible","truncated":false,"states":2}

stderr | tests/integration/t07-rate-limit.test.ts > T07 authenticated planner aggregate compute budget > shares a ten-request budget across plan IDs/actions (primary KV: false)
{"level":"warn","limiter":"planner-compute","reason":"kv-unbound","message":"Rate limiter degraded to isolate-local counters; enforcement is not globally reliable."}
{"level":"warn","limiter":"meal-planning-expensive","reason":"kv-unbound","message":"Rate limiter degraded to isolate-local counters; enforcement is not globally reliable."}

stdout | tests/integration/t07-rate-limit.test.ts > T07 authenticated planner aggregate compute budget > shares a ten-request budget across plan IDs/actions (primary KV: false)
{"level":"info","event":"meal_planning_result","status":"feasible","conclusion":"feasible","truncated":false,"states":2}

stdout | tests/integration/t07-rate-limit.test.ts > T07 authenticated planner aggregate compute budget > shares a ten-request budget across plan IDs/actions (primary KV: false)
{"level":"info","event":"meal_planning_result","status":"feasible","conclusion":"feasible","truncated":false,"states":2}

stdout | tests/integration/t07-rate-limit.test.ts > T07 authenticated planner aggregate compute budget > shares a ten-request budget across plan IDs/actions (primary KV: false)
{"level":"info","event":"meal_planning_result","status":"feasible","conclusion":"feasible","truncated":false,"states":2}

stdout | tests/integration/t07-rate-limit.test.ts > T07 authenticated planner aggregate compute budget > shares a ten-request budget across plan IDs/actions (primary KV: false)
{"level":"info","event":"meal_planning_result","status":"feasible","conclusion":"feasible","truncated":false,"states":2}

stdout | tests/integration/t07-rate-limit.test.ts > T07 authenticated planner aggregate compute budget > shares a ten-request budget across plan IDs/actions (primary KV: false)
{"level":"info","event":"meal_planning_result","status":"feasible","conclusion":"feasible","truncated":false,"states":2}

stdout | tests/integration/t07-rate-limit.test.ts > T07 authenticated planner aggregate compute budget > shares a ten-request budget across plan IDs/actions (primary KV: false)
{"level":"info","event":"meal_planning_result","status":"feasible","conclusion":"feasible","truncated":false,"states":2}

stdout | tests/integration/t07-rate-limit.test.ts > T07 authenticated planner aggregate compute budget > shares a ten-request budget across plan IDs/actions (primary KV: false)
{"level":"info","event":"meal_planning_result","status":"feasible","conclusion":"feasible","truncated":false,"states":2}

stdout | tests/integration/t07-rate-limit.test.ts > T07 authenticated planner aggregate compute budget > shares a ten-request budget across plan IDs/actions (primary KV: false)
{"level":"info","event":"meal_planning_result","status":"feasible","conclusion":"feasible","truncated":false,"states":2}

stdout | tests/integration/t07-rate-limit.test.ts > T07 authenticated planner aggregate compute budget > shares a ten-request budget across plan IDs/actions (primary KV: false)
{"level":"info","event":"meal_planning_result","status":"feasible","conclusion":"feasible","truncated":false,"states":2}

stdout | tests/integration/t07-rate-limit.test.ts > T07 authenticated planner aggregate compute budget > shares a ten-request budget across plan IDs/actions (primary KV: false)
{"level":"info","event":"meal_planning_result","status":"feasible","conclusion":"feasible","truncated":false,"states":2}

stderr | tests/integration/t07-rate-limit.test.ts > T07 authenticated planner aggregate compute budget > shares a ten-request budget across plan IDs/actions (primary KV: false)
{"level":"warn","limiter":"meal-planning-read","reason":"kv-unbound","message":"Rate limiter degraded to isolate-local counters; enforcement is not globally reliable."}

stderr | tests/integration/t07-rate-limit.test.ts > T07 authenticated planner aggregate compute budget > shares a ten-request budget across plan IDs/actions (primary KV: false)
{"level":"warn","limiter":"meal-planning-feedback","reason":"kv-unbound","message":"Rate limiter degraded to isolate-local counters; enforcement is not globally reliable."}

stdout | tests/integration/t07-rate-limit.test.ts > T07 authenticated planner aggregate compute budget > shares a ten-request budget across plan IDs/actions (primary KV: false)
{"level":"info","event":"meal_planning_result","status":"feasible","conclusion":"feasible","truncated":false,"states":2}

 ✓ tests/integration/t07-rate-limit.test.ts (2 tests) 351ms
 ✓ tests/unit/d1-readonly-query.test.mjs (20 tests) 432ms
   ✓ read-only production D1 query proofs > queries the remote API and preserves one complete result per generated statement  417ms
stderr | tests/integration/week-core-flow.test.ts > Week core HTTP flow (in-memory D1) > creates, reads, regenerates, and swaps a plan while preserving relational state
{"level":"warn","limiter":"rl_week_w","reason":"kv-unbound","message":"Rate limiter degraded to isolate-local counters; enforcement is not globally reliable."}

stderr | tests/integration/week-core-flow.test.ts > Week core HTTP flow (in-memory D1) > creates, reads, regenerates, and swaps a plan while preserving relational state
{"level":"warn","limiter":"rl_gen","reason":"kv-unbound","message":"Rate limiter degraded to isolate-local counters; enforcement is not globally reliable."}

stderr | tests/integration/week-core-flow.test.ts > Week core HTTP flow (in-memory D1) > creates, reads, regenerates, and swaps a plan while preserving relational state
{"level":"warn","limiter":"rl_swap","reason":"kv-unbound","message":"Rate limiter degraded to isolate-local counters; enforcement is not globally reliable."}

 ✓ tests/unit/recipe-refresh-v2.test.ts (18 tests) 326ms
   ✓ committed Recipe Content Refresh V2 package > contains the independently audited 500-recipe corpus and reproduces the runtime fingerprint  303ms
 ✓ tests/integration/week-core-flow.test.ts (3 tests) 353ms
 ✓ tests/unit/weekly-planner.test.ts (25 tests) 306ms
 ✓ tests/unit/production-catalog-lineage.test.mjs (8 tests) 322ms
 ✓ tests/unit/ui07-brand-exports.test.mjs (5 tests) 316ms
 ✓ tests/unit/t21rc2t-production-receipt.test.mjs (9 tests) 329ms
 ✓ tests/unit/scan-route-errors.test.ts (3 tests) 281ms
 ✓ tests/unit/production-catalog-recovery-approval.test.mjs (13 tests) 281ms
 ✓ tests/integration/recipe-catalog-safety.test.ts (6 tests) 272ms
 ✓ tests/integration/recipe-catalog.test.ts (7 tests) 207ms
 ✓ tests/unit/runtime-ingredient-v2.test.ts (13 tests) 216ms
 ✓ tests/unit/t21rc2t-privacy.test.mjs (37 tests) 212ms
 ✓ tests/integration/shopping-optimizer.test.ts (3 tests) 211ms
 ✓ tests/integration/weekly-planner.test.ts (2 tests) 198ms
 ✓ tests/unit/frontend-services.test.ts (17 tests) 176ms
 ✓ tests/unit/t20-composer-candidates.test.ts (3 tests) 171ms
 ✓ tests/unit/ui04-scan-offline.test.ts (10 tests) 125ms
 ✓ tests/unit/takosan-brand.test.tsx (19 tests) 143ms
 ✓ tests/unit/inventory-adoption.test.ts (70 tests) 123ms
 ✓ tests/unit/inventory-lot-commands.test.ts (202 tests) 114ms
 ✓ tests/unit/shopping-optimizer.test.ts (56 tests) 105ms
 ✓ tests/unit/production-catalog-static-pin.test.mjs (51 tests) 102ms
stderr | tests/integration/scan-async-canary.test.ts > Fridge scan async canary (in-memory D1) > returns 202, persists a pending scan, and enqueues a tenant-scoped job
{"level":"warn","limiter":"rl_scan","reason":"kv-unbound","message":"Rate limiter degraded to isolate-local counters; enforcement is not globally reliable."}

 ✓ tests/integration/scan-async-canary.test.ts (1 test) 104ms
stderr | tests/unit/sync.test.ts > offline outbox and scan persistence contract > keeps guest outbox and scope unchanged when inventory transfer is deferred
Backend verify OTP failed: ApiError: HTTP 409: {"error":"Inventory transfer deferred","code":"INVENTORY_TRANSFER_DEFERRED"}
    at fetchJson (/Users/tunbee27/Documents/Tako-san-ui-rebuild/src/web/services/http.ts:125:11)
    at Object.verifyOtp (/Users/tunbee27/Documents/Tako-san-ui-rebuild/src/web/services/auth.ts:159:22)
    at /Users/tunbee27/Documents/Tako-san-ui-rebuild/tests/unit/sync.test.ts:300:5
    at file:///Users/tunbee27/Documents/Tako-san-ui-rebuild/node_modules/.pnpm/@vitest+runner@3.2.7/node_modules/@vitest/runner/dist/chunk-hooks.js:752:20 {
  kind: 'http',
  status: 409,
  retryable: undefined,
  requestId: undefined,
  payload: {
    error: 'Inventory transfer deferred',
    code: 'INVENTORY_TRANSFER_DEFERRED'
  }
}

 ✓ tests/unit/sync.test.ts (20 tests) 92ms
 ✓ tests/unit/shopping-catalog.test.ts (61 tests) 66ms
 ✓ tests/unit/auth.test.ts (19 tests) 63ms
 ✓ tests/integration/production-migration-bridge.test.ts (2 tests) 64ms
 ✓ tests/unit/staging-d1-runtime-readiness-check.test.mjs (22 tests) 69ms
 ✓ tests/unit/recipe-seed-readonly.test.ts (5 tests) 64ms
 ✓ tests/unit/production-catalog-import-output.test.mjs (106 tests) 51ms
 ✓ tests/unit/recipe-catalog-authority.test.ts (6 tests) 57ms
 ✓ tests/unit/recipe-ranking.test.ts (63 tests) 52ms
 ✓ tests/unit/production-cloudflare-credential-diagnostics.test.mjs (70 tests) 55ms
 ✓ tests/unit/wait-for-deployed-assets.test.mjs (44 tests) 48ms
 ✓ tests/unit/planner-contract.test.ts (22 tests) 46ms
 ✓ tests/unit/recipe-candidates.test.ts (43 tests) 46ms
 ✓ tests/unit/t20-meal-composition.test.ts (17 tests) 45ms
stderr | tests/unit/command-route-integrity.test.ts > inventory command integrity > requires a PATCH version instead of accepting blind writes
{"level":"warn","limiter":"rl_inv_w","reason":"kv-unbound","message":"Rate limiter degraded to isolate-local counters; enforcement is not globally reliable."}

stderr | tests/unit/command-route-integrity.test.ts > shopping-list command integrity > does not report success when PATCH loses the affected-row guard
{"level":"warn","limiter":"rl_shop_w","reason":"kv-unbound","message":"Rate limiter degraded to isolate-local counters; enforcement is not globally reliable."}

 ✓ tests/unit/command-route-integrity.test.ts (14 tests) 40ms
 ✓ tests/unit/recipe-families.test.ts (14 tests) 41ms
 ✓ tests/unit/t21rc4-identity-workflow.test.mjs (25 tests) 39ms
 ✓ tests/unit/t07-domain-integrity.test.ts (6 tests) 36ms
 ✓ tests/unit/shopping-hardening.test.ts (17 tests) 37ms
 ✓ tests/unit/t20-composition-safety.test.ts (13 tests) 34ms
 ✓ tests/unit/d1-temporal-forensics.test.mjs (39 tests) 35ms
 ✓ tests/unit/planner-presentation.test.ts (62 tests) 33ms
 ✓ tests/unit/runtime-recipe-contract.test.ts (5 tests) 29ms
 ✓ tests/unit/t21rc2t-production-capture.test.mjs (14 tests) 31ms
 ✓ tests/unit/t20-composition-shopping.test.ts (8 tests) 30ms
 ✓ tests/unit/t21rc2-workflow.test.mjs (21 tests) 27ms
 ✓ tests/unit/cloudflare-worker-rollback.test.mjs (10 tests) 27ms
stderr | tests/unit/health.test.ts > health endpoints > readiness never leaks secret values
{"level":"error","code":"CONFIG_INVALID","issues":["CONFIG_TURNSTILE_MISSING_SITE_KEY"],"message":"Production configuration gate rejected the deployment."}

stderr | tests/unit/health.test.ts > health endpoints > production gate fails closed with sanitized diagnostics on dangerous configuration
{"level":"error","code":"CONFIG_INVALID","issues":["CONFIG_PRODUCTION_APP_URL","CONFIG_MOCK_MODE_IN_PRODUCTION","CONFIG_BINDING_DB_MISSING","CONFIG_BINDING_CACHE_MISSING","CONFIG_JWT_SECRET_MISSING","CONFIG_OTP_HASH_SECRET_MISSING","CONFIG_QUEUE_BINDING_MISSING","CONFIG_TURNSTILE_MISSING_SECRET","CONFIG_TURNSTILE_MISSING_SITE_KEY"],"message":"Production configuration gate rejected the deployment."}

stderr | tests/unit/health.test.ts > health endpoints > readiness fails closed for unusable auth configuration {}
{"level":"error","code":"CONFIG_INVALID","issues":["CONFIG_OTP_HASH_SECRET_MISSING","CONFIG_TURNSTILE_MISSING_SECRET","CONFIG_TURNSTILE_MISSING_SITE_KEY"],"message":"Production configuration gate rejected the deployment."}

stderr | tests/unit/health.test.ts > health endpoints > readiness fails closed for unusable auth configuration {}
{"level":"error","code":"CONFIG_INVALID","issues":["CONFIG_PRODUCTION_APP_URL","CONFIG_TURNSTILE_MISSING_SECRET","CONFIG_TURNSTILE_MISSING_SITE_KEY"],"message":"Production configuration gate rejected the deployment."}

stderr | tests/unit/health.test.ts > health endpoints > readiness fails closed for unusable auth configuration {"APP_URL":"https://"}
{"level":"error","code":"CONFIG_INVALID","issues":["CONFIG_PRODUCTION_APP_URL","CONFIG_TURNSTILE_MISSING_SECRET","CONFIG_TURNSTILE_MISSING_SITE_KEY"],"message":"Production configuration gate rejected the deployment."}

stderr | tests/unit/health.test.ts > health endpoints > fails production readiness when Qwen is missing even if a native AI binding exists
{"level":"error","code":"CONFIG_INVALID","issues":["CONFIG_QWEN_API_KEY_MISSING"],"message":"Production configuration gate rejected the deployment."}

stderr | tests/unit/health.test.ts > health endpoints > fails production readiness when async scan image storage is missing
{"level":"error","code":"CONFIG_INVALID","issues":["CONFIG_SCAN_IMAGE_STORAGE_MISSING"],"message":"Production configuration gate rejected the deployment."}

 ✓ tests/unit/health.test.ts (15 tests) 26ms
 ✓ tests/unit/ai-runtime-governance.test.ts (21 tests) 24ms
 ✓ tests/unit/inventory-truth.test.ts (76 tests) 23ms
 ✓ tests/unit/ui11-navigation.test.tsx (29 tests) 25ms
 ✓ tests/unit/ui07-brand-shell.test.tsx (15 tests) 22ms
 ✓ tests/unit/ui02-presentation.test.ts (47 tests) 24ms
stderr | tests/unit/ai-provider-recovery.test.ts > vision provider recovery contract > marks a missing Groq model as permanent and preserves the typed error through the router
{"level":"warn","event":"ai_provider_failed","provider":"groq","model":"qwen/qwen3.6-27b","code":"MODEL_NOT_FOUND","retryable":false}

stderr | tests/unit/ai-provider-recovery.test.ts > vision provider recovery contract > does not activate legacy or future providers from stored keys alone
{"level":"warn","event":"ai_provider_failed","provider":"qwen","model":"qwen3.7-flash","code":"AUTHENTICATION_FAILED","retryable":false}

stderr | tests/unit/ai-provider-recovery.test.ts > vision provider recovery contract > falls through from a failed Qwen ranking request to the explicitly enabled DeepSeek fallback
{"level":"warn","event":"ai_recipe_rank_failed","provider":"qwen"}

 ✓ tests/unit/ai-provider-recovery.test.ts (23 tests) 20ms
 ✓ tests/unit/staging-d1-migration-check.test.mjs (6 tests) 20ms
 ✓ tests/unit/meal-shopping-dto.test.ts (3 tests) 21ms
 ✓ tests/unit/week-route-serialization.test.ts (6 tests) 19ms
 ✓ tests/unit/vietnamese-recipe-bank.test.ts (6 tests) 20ms
 ✓ tests/unit/meal-planning-client.test.ts (24 tests) 21ms
 ✓ tests/unit/shopping-plan-snapshot.test.ts (3 tests) 19ms
 ✓ tests/unit/t21rc4-identity-approval.test.mjs (14 tests) 19ms
 ✓ tests/unit/week-planner.test.ts (15 tests) 18ms
 ✓ tests/unit/ui08-route-scope.test.tsx (20 tests) 19ms
stderr | tests/unit/ai-router.test.ts > AI Router & Schema Verification > applies the quality gate before accepting provider output
{"level":"warn","event":"ai_provider_failed","provider":"groq","model":"qwen/qwen3.6-27b","code":"AI_SCAN_NO_USABLE_ITEMS","retryable":false}

stderr | tests/unit/ai-router.test.ts > AI Router & Schema Verification > applies the quality gate before accepting receipt provider output
{"level":"warn","event":"ai_receipt_provider_failed","provider":"groq","model":"qwen/qwen3.6-27b","code":"AI_SCAN_NO_USABLE_ITEMS","retryable":false}

 ✓ tests/unit/ai-router.test.ts (16 tests) 19ms
 ✓ tests/unit/ingredient-availability.test.ts (29 tests) 20ms
 ✓ tests/unit/scan-privacy.test.tsx (11 tests) 19ms
stdout | tests/integration/worker-cors.test.mjs > allows both request-owner headers through the Worker CORS preflight
[req] OPTIONS /api/v1/inventory 204 1ms 1187decb-ba0c-420d-83f5-975d7752b71d

stdout | tests/integration/worker-cors.test.mjs > CORS and CSRF agree: production / https://app.example.com => true
{"level":"info","requestId":"77640a68-d58e-47cf-9a77-1754c7de28a8","method":"OPTIONS","path":"/api/v1/inventory","status":204,"durationMs":0,"environment":"production"}

stdout | tests/integration/worker-cors.test.mjs > CORS and CSRF agree: production / https://app.example.com.evil.test => false
{"level":"info","requestId":"71550a05-60a8-492e-b98c-be668f49d596","method":"OPTIONS","path":"/api/v1/inventory","status":204,"durationMs":0,"environment":"production"}

stdout | tests/integration/worker-cors.test.mjs > CORS and CSRF agree: production / https://evil-app.example.com => false
{"level":"info","requestId":"db4a3229-5ba2-474a-9332-23bd9a067229","method":"OPTIONS","path":"/api/v1/inventory","status":204,"durationMs":0,"environment":"production"}

stdout | tests/integration/worker-cors.test.mjs > CORS and CSRF agree: production / https://app.example.com@evil.test => false
{"level":"info","requestId":"d2c73d57-bf8d-4fc9-9751-ec978dc2dd4e","method":"OPTIONS","path":"/api/v1/inventory","status":204,"durationMs":0,"environment":"production"}

stdout | tests/integration/worker-cors.test.mjs > CORS and CSRF agree: production / https://app.example.com/path => false
{"level":"info","requestId":"c2881130-4645-427c-ab77-4b46efd03bc6","method":"OPTIONS","path":"/api/v1/inventory","status":204,"durationMs":0,"environment":"production"}

stdout | tests/integration/worker-cors.test.mjs > CORS and CSRF agree: production / http://localhost:5173 => false
{"level":"info","requestId":"d55d856a-a31e-4767-b3e8-fd687af52452","method":"OPTIONS","path":"/api/v1/inventory","status":204,"durationMs":0,"environment":"production"}

stdout | tests/integration/worker-cors.test.mjs > CORS and CSRF agree: production / https://random.example.com => false
{"level":"info","requestId":"ce9da532-87fe-4cec-a612-6ae0786fbf6f","method":"OPTIONS","path":"/api/v1/inventory","status":204,"durationMs":0,"environment":"production"}

stdout | tests/integration/worker-cors.test.mjs > CORS and CSRF agree: production / https://frigo.tungjpstore.net => false
{"level":"info","requestId":"d1e2759a-d767-4135-8e4b-13f7b8a7c621","method":"OPTIONS","path":"/api/v1/inventory","status":204,"durationMs":0,"environment":"production"}

stdout | tests/integration/worker-cors.test.mjs > CORS and CSRF agree: production / null => false
{"level":"info","requestId":"7a20e9eb-ca44-4f3f-925b-9ea5dfb1cab6","method":"OPTIONS","path":"/api/v1/inventory","status":204,"durationMs":1,"environment":"production"}

stdout | tests/integration/worker-cors.test.mjs > CORS and CSRF agree: development / http://localhost:5173 => true
[req] OPTIONS /api/v1/inventory 204 0ms a25f8807-5a71-41c0-8327-7908c8088c3e

stdout | tests/integration/worker-cors.test.mjs > CORS and CSRF agree: development / http://127.0.0.1:8787 => true
[req] OPTIONS /api/v1/inventory 204 0ms c4610563-3db7-4247-a5f3-6192fd5b3682

stdout | tests/integration/worker-cors.test.mjs > CORS and CSRF agree: development / https://random.example.com => false
[req] OPTIONS /api/v1/inventory 204 0ms 5c7411de-72fd-4f61-a4d2-7b9cd696314a

stdout | tests/integration/worker-cors.test.mjs > CORS and CSRF agree: staging / http://localhost:5173 => false
[req] OPTIONS /api/v1/inventory 204 0ms 919e3b40-31c3-4d05-a700-a050b65e1356

stdout | tests/integration/worker-cors.test.mjs > exposes the request ID to the trusted separate frontend
{"level":"info","requestId":"frontend_test_123","method":"GET","path":"/api/v1/health","status":200,"durationMs":2,"environment":"production"}

stdout | tests/integration/worker-cors.test.mjs > does not emit a wildcard when the request has no Origin
{"level":"info","requestId":"a615f074-570a-4f2e-9db6-dbf947438552","method":"GET","path":"/api/v1/health","status":200,"durationMs":0,"environment":"production"}

stdout | tests/integration/worker-cors.test.mjs > allows Google GIS popup handshakes on the SPA without weakening API isolation
{"level":"info","requestId":"0ac4877f-23bc-4569-90b7-b10238a7277d","method":"GET","path":"/auth","status":200,"durationMs":0,"environment":"production"}

stdout | tests/integration/worker-cors.test.mjs > allows Google GIS popup handshakes on the SPA without weakening API isolation
{"level":"info","requestId":"076fef90-839b-4780-80ac-e99b32134ffb","method":"GET","path":"/api/v1/health","status":200,"durationMs":0,"environment":"production"}

 ✓ tests/integration/worker-cors.test.mjs (17 tests) 16ms
 ✓ tests/unit/scan-error-presentation.test.ts (4 tests) 16ms
 ✓ tests/unit/ingredient-images.test.ts (7 tests) 16ms
 ✓ tests/unit/ai-scan-failure-diagnostics.test.ts (7 tests) 15ms
 ✓ tests/unit/qwen-provider.test.ts (14 tests) 15ms
 ✓ tests/unit/account-gates.test.tsx (3 tests) 15ms
 ✓ tests/unit/planner-inventory.test.ts (10 tests) 16ms
 ✓ tests/unit/inventory-fefo.test.ts (20 tests) 15ms
 ✓ tests/unit/inventory-observations.test.ts (33 tests) 15ms
stderr | tests/unit/groq-provider.test.ts > GroqProvider > uses Groq before Workers AI and falls back when Groq fails
{"level":"warn","event":"ai_provider_failed","provider":"groq","model":"qwen/qwen3.6-27b","code":"UPSTREAM_ERROR","retryable":true}

 ✓ tests/unit/groq-provider.test.ts (8 tests) 15ms
 ✓ tests/unit/domain-foundation.test.ts (25 tests) 13ms
 ✓ tests/unit/ai-vision-repair-prompt.test.ts (7 tests) 13ms
 ✓ tests/unit/recipe-engine.test.ts (4 tests) 12ms
 ✓ tests/unit/week-reconciliation.test.ts (5 tests) 13ms
 ✓ tests/unit/t13-receipt-vision-truth.test.ts (41 tests) 13ms
 ✓ tests/unit/meal-planning-explanation.test.ts (18 tests) 12ms
 ✓ tests/unit/inventory-idempotency.test.ts (4 tests) 12ms
 ✓ tests/unit/wait-for-deployed-release.test.mjs (29 tests) 13ms
stderr | tests/unit/email-privacy.test.ts > transactional email provider routing > classifies Resend HTTP 429 as rate limited
{"event":"email_delivery_failed","provider":"resend","category":"rate_limited"}

stderr | tests/unit/email-privacy.test.ts > transactional email provider routing > distinguishes a Resend daily quota rejection from request-rate limiting
{"event":"email_delivery_failed","provider":"resend","category":"daily_limit"}

stderr | tests/unit/email-privacy.test.ts > transactional email provider routing > classifies Resend sender verification failures without exposing its response
{"event":"email_delivery_failed","provider":"resend","category":"sender_not_verified"}

stderr | tests/unit/email-privacy.test.ts > transactional email provider routing > classifies Resend network and timeout failures as provider unavailable
{"event":"email_delivery_failed","provider":"resend","category":"provider_unavailable"}

stderr | tests/unit/email-privacy.test.ts > transactional email provider routing > reports not configured when neither provider is available
{"event":"email_delivery_failed","provider":"none","category":"not_configured"}

stderr | tests/unit/email-privacy.test.ts > does not retain provider response bodies in delivery diagnostics
{"event":"email_delivery_failed","provider":"resend","category":"provider_unavailable"}

stderr | tests/unit/email-privacy.test.ts > does not retain network exception details in delivery diagnostics
{"event":"email_delivery_failed","provider":"resend","category":"provider_unavailable"}

 ✓ tests/unit/email-privacy.test.ts (16 tests) 11ms
 ✓ tests/unit/config-validation.test.ts (49 tests) 9ms
 ✓ tests/unit/ui09-route-scope.test.tsx (14 tests) 8ms
 ✓ tests/unit/planner-nutrition.test.ts (14 tests) 9ms
stderr | tests/unit/rate-limit.test.ts > rate limiter failure behavior > degrades explicitly (not silently) when KV fails in best-effort mode
{"level":"warn","limiter":"rl_t2","reason":"kv-error","message":"Rate limiter degraded to isolate-local counters; enforcement is not globally reliable."}

stderr | tests/unit/rate-limit.test.ts > rate limiter failure behavior > fails closed in production for critical limiters when the primary limiter fails
{"level":"warn","limiter":"rl_t3","reason":"kv-error","message":"Rate limiter failed closed in production."}

stderr | tests/unit/rate-limit.test.ts > rate limiter failure behavior > keeps best-effort behavior in non-production even with fail-closed enforcement
{"level":"warn","limiter":"rl_t4","reason":"kv-error","message":"Rate limiter degraded to isolate-local counters; enforcement is not globally reliable."}

stderr | tests/unit/rate-limit.test.ts > rate limiter failure behavior > marks an unbound KV namespace as degraded instead of implying global enforcement
{"level":"warn","limiter":"rl_t5","reason":"kv-unbound","message":"Rate limiter degraded to isolate-local counters; enforcement is not globally reliable."}

 ✓ tests/unit/rate-limit.test.ts (5 tests) 9ms
 ✓ tests/unit/canonical-ocr-normalization.test.ts (9 tests) 9ms
 ✓ tests/unit/production-d1-diagnostics.test.mjs (7 tests) 8ms
 ✓ tests/unit/recipe-seed-output-policy.test.mjs (29 tests) 8ms
stderr | tests/unit/turnstile.test.ts > Turnstile verification > fails closed on provider rejection/malformed responses
{"event":"turnstile_verification_failed"}

 ✓ tests/unit/turnstile.test.ts (14 tests) 8ms
 ✓ tests/unit/t07-rate-limit.test.ts (2 tests) 8ms
 ✓ tests/unit/shopping-search.test.ts (16 tests) 7ms
 ✓ tests/unit/planner-reason-coverage.test.ts (6 tests) 7ms
 ✓ tests/unit/receipt-scan.test.ts (4 tests) 9ms
 ✓ tests/unit/t21rc2t-workflow-safety.test.mjs (6 tests) 7ms
 ✓ tests/unit/ui-rebuild-availability.test.ts (6 tests) 6ms
 ✓ tests/unit/cleanup.test.ts (8 tests) 6ms
 ✓ tests/unit/t21rb-v1-production.test.mjs (5 tests) 5ms
 ✓ tests/unit/scan-queue.test.ts (21 tests) 6ms
 ✓ tests/unit/ingredient-authority-v2.test.ts (4 tests) 5ms
 ✓ tests/unit/scan-request-correlation.test.ts (1 test) 5ms
 ✓ tests/unit/scans.test.ts (5 tests) 4ms
 ✓ tests/unit/logout-dialog.test.tsx (1 test) 4ms
 ✓ tests/unit/cooking-store.test.ts (2 tests) 5ms
 ✓ tests/unit/ai-golden-dataset.test.ts (3 tests) 4ms
 ✓ tests/unit/quantity.test.ts (11 tests) 4ms
 ✓ tests/unit/query-client.test.ts (11 tests) 3ms
 ✓ tests/unit/csp.test.ts (5 tests) 3ms
 ✓ tests/unit/week-shopping-route-policy.test.ts (6 tests) 2ms
 ✓ tests/unit/cooking-route-allocation.test.ts (3 tests) 3ms
 ✓ tests/unit/logout-ux.test.ts (2 tests) 2ms
 ✓ tests/unit/production-d1-migration-runtime-proof.test.mjs (1 test) 1ms
stderr | tests/unit/t20-meal-composer-ui.test.tsx > T20 Meal composer UI > renders components with accessible role labels and lock state; lock is a server mutation at the current revision
⚠️ React Router Future Flag Warning: React Router will begin wrapping state updates in `React.startTransition` in v7. You can use the `v7_startTransition` future flag to opt-in early. For more information, see https://reactrouter.com/v6/upgrading/future#v7_starttransition.
⚠️ React Router Future Flag Warning: Relative route resolution within Splat routes is changing in v7. You can use the `v7_relativeSplatPath` future flag to opt-in early. For more information, see https://reactrouter.com/v6/upgrading/future#v7_relativesplatpath.

stderr | tests/unit/auth-verify-route.test.tsx > screen 03 — /auth/verify route > does not let a delayed unverified-login response attach to a replacement session
Backend login failed: ApiError: Phiên làm việc đã thay đổi. Vui lòng đăng nhập lại.
    at assertCurrent (/Users/tunbee27/Documents/Tako-san-ui-rebuild/src/web/services/http.ts:61:29)
    at fetchJson (/Users/tunbee27/Documents/Tako-san-ui-rebuild/src/web/services/http.ts:112:3)
    at Object.login (/Users/tunbee27/Documents/Tako-san-ui-rebuild/src/web/services/auth.ts:225:14)
    at handleLogin (/Users/tunbee27/Documents/Tako-san-ui-rebuild/src/web/pages/AuthPage.tsx:360:19) {
  kind: 'auth',
  status: undefined,
  retryable: undefined,
  requestId: undefined,
  payload: null
}

stderr | tests/unit/auth-verify-route.test.tsx > screen 03 — /auth/verify route > does not let a delayed login response navigate after the auth route is abandoned
Backend login failed: ApiError: HTTP 401: {"error":"Account verification required","requireOtp":true,"otpDelivered":true}
    at fetchJson (/Users/tunbee27/Documents/Tako-san-ui-rebuild/src/web/services/http.ts:120:13)
    at Object.login (/Users/tunbee27/Documents/Tako-san-ui-rebuild/src/web/services/auth.ts:225:14)
    at handleLogin (/Users/tunbee27/Documents/Tako-san-ui-rebuild/src/web/pages/AuthPage.tsx:360:19) {
  kind: 'auth',
  status: 401,
  retryable: undefined,
  requestId: undefined,
  payload: {
    error: 'Account verification required',
    requireOtp: true,
    otpDelivered: true
  }
}

stderr | tests/unit/auth-verify-route.test.tsx > screen 03 — /auth/verify route > invalid verification failure stays server-authoritative on /auth/verify
Backend verify OTP failed: ApiError: HTTP 400: {"error":"Mã OTP không chính xác hoặc đã được sử dụng"}
    at fetchJson (/Users/tunbee27/Documents/Tako-san-ui-rebuild/src/web/services/http.ts:125:11)
    at Object.verifyOtp (/Users/tunbee27/Documents/Tako-san-ui-rebuild/src/web/services/auth.ts:159:22)
    at submitOtpVerification (/Users/tunbee27/Documents/Tako-san-ui-rebuild/src/web/pages/AuthPage.tsx:512:19)
    at handleVerifyOtp (/Users/tunbee27/Documents/Tako-san-ui-rebuild/src/web/pages/AuthPage.tsx:560:5) {
  kind: 'http',
  status: 400,
  retryable: undefined,
  requestId: undefined,
  payload: { error: 'Mã OTP không chính xác hoặc đã được sử dụng' }
}

stderr | tests/unit/auth-verify-route.test.tsx > screen 03 — /auth/verify route > expired verification failure stays server-authoritative on /auth/verify
Backend verify OTP failed: ApiError: HTTP 400: {"error":"Mã OTP đã hết hạn. Vui lòng bấm gửi lại mã mới."}
    at fetchJson (/Users/tunbee27/Documents/Tako-san-ui-rebuild/src/web/services/http.ts:125:11)
    at Object.verifyOtp (/Users/tunbee27/Documents/Tako-san-ui-rebuild/src/web/services/auth.ts:159:22)
    at submitOtpVerification (/Users/tunbee27/Documents/Tako-san-ui-rebuild/src/web/pages/AuthPage.tsx:512:19)
    at handleVerifyOtp (/Users/tunbee27/Documents/Tako-san-ui-rebuild/src/web/pages/AuthPage.tsx:560:5) {
  kind: 'http',
  status: 400,
  retryable: undefined,
  requestId: undefined,
  payload: { error: 'Mã OTP đã hết hạn. Vui lòng bấm gửi lại mã mới.' }
}

stderr | tests/unit/auth-verify-route.test.tsx > screen 03 — /auth/verify route > rate-limited verification failure stays server-authoritative on /auth/verify
Backend verify OTP failed: ApiError: HTTP 429: {"error":"Bạn đã thử quá nhiều lần. Vui lòng chờ rồi thử lại."}
    at fetchJson (/Users/tunbee27/Documents/Tako-san-ui-rebuild/src/web/services/http.ts:125:11)
    at Object.verifyOtp (/Users/tunbee27/Documents/Tako-san-ui-rebuild/src/web/services/auth.ts:159:22)
    at submitOtpVerification (/Users/tunbee27/Documents/Tako-san-ui-rebuild/src/web/pages/AuthPage.tsx:512:19)
    at handleVerifyOtp (/Users/tunbee27/Documents/Tako-san-ui-rebuild/src/web/pages/AuthPage.tsx:560:5) {
  kind: 'http',
  status: 429,
  retryable: undefined,
  requestId: undefined,
  payload: { error: 'Bạn đã thử quá nhiều lần. Vui lòng chờ rồi thử lại.' }
}

stderr | tests/unit/auth-verify-route.test.tsx > screen 03 — /auth/verify route > reports an offline verification without consuming context or establishing a local session
Backend verify OTP failed: ApiError: Không có kết nối mạng khi gọi /auth/verify-otp
    at fetchJson (/Users/tunbee27/Documents/Tako-san-ui-rebuild/src/web/services/http.ts:109:11)
    at Object.verifyOtp (/Users/tunbee27/Documents/Tako-san-ui-rebuild/src/web/services/auth.ts:159:22)
    at submitOtpVerification (/Users/tunbee27/Documents/Tako-san-ui-rebuild/src/web/pages/AuthPage.tsx:512:19)
    at handleVerifyOtp (/Users/tunbee27/Documents/Tako-san-ui-rebuild/src/web/pages/AuthPage.tsx:560:5) {
  kind: 'offline',
  status: undefined,
  retryable: true,
  requestId: undefined,
  payload: null
}

stderr | tests/unit/auth-verify-route.test.tsx > screen 03 — /auth/verify route > ignores a delayed resend after session-change
Backend resend OTP failed: ApiError: Phiên làm việc đã thay đổi. Vui lòng đăng nhập lại.
    at assertCurrent (/Users/tunbee27/Documents/Tako-san-ui-rebuild/src/web/services/http.ts:61:29)
    at fetchJson (/Users/tunbee27/Documents/Tako-san-ui-rebuild/src/web/services/http.ts:112:3)
    at Object.resendOtp (/Users/tunbee27/Documents/Tako-san-ui-rebuild/src/web/services/auth.ts:204:14)
    at handleResendOtp (/Users/tunbee27/Documents/Tako-san-ui-rebuild/src/web/pages/AuthPage.tsx:580:19) {
  kind: 'auth',
  status: undefined,
  retryable: undefined,
  requestId: undefined,
  payload: null
}

stderr | tests/unit/auth-verify-route.test.tsx > screen 03 — /auth/verify route > ignores a delayed resend after logout
Backend resend OTP failed: ApiError: Phiên làm việc đã thay đổi. Vui lòng đăng nhập lại.
    at assertCurrent (/Users/tunbee27/Documents/Tako-san-ui-rebuild/src/web/services/http.ts:61:29)
    at fetchJson (/Users/tunbee27/Documents/Tako-san-ui-rebuild/src/web/services/http.ts:112:3)
    at Object.resendOtp (/Users/tunbee27/Documents/Tako-san-ui-rebuild/src/web/services/auth.ts:204:14)
    at handleResendOtp (/Users/tunbee27/Documents/Tako-san-ui-rebuild/src/web/pages/AuthPage.tsx:580:19) {
  kind: 'auth',
  status: undefined,
  retryable: undefined,
  requestId: undefined,
  payload: null
}

stderr | tests/unit/auth-verify-route.test.tsx > screen 03 — /auth/verify route > OTP_DELIVERY_UNAVAILABLE on register still reaches /auth/verify honestly: error shown, no cooldown, context marked undelivered
Backend register failed: ApiError: HTTP 503: {"error":"Email OTP chưa gửi được.","code":"OTP_DELIVERY_UNAVAILABLE","accountCreated":true}
    at fetchJson (/Users/tunbee27/Documents/Tako-san-ui-rebuild/src/web/services/http.ts:125:11)
    at Object.register (/Users/tunbee27/Documents/Tako-san-ui-rebuild/src/web/services/auth.ts:134:14)
    at handleRegister (/Users/tunbee27/Documents/Tako-san-ui-rebuild/src/web/pages/AuthPage.tsx:418:19) {
  kind: 'http',
  status: 503,
  retryable: undefined,
  requestId: undefined,
  payload: {
    error: 'Email OTP chưa gửi được.',
    code: 'OTP_DELIVERY_UNAVAILABLE',
    accountCreated: true
  }
}

stderr | tests/unit/auth-verify-route.test.tsx > screen 03 — /auth/verify route > a failed resend surfaces the server error and leaves resend available
Backend register failed: ApiError: HTTP 503: {"error":"Email OTP chưa gửi được.","code":"OTP_DELIVERY_UNAVAILABLE","accountCreated":true}
    at fetchJson (/Users/tunbee27/Documents/Tako-san-ui-rebuild/src/web/services/http.ts:125:11)
    at Object.register (/Users/tunbee27/Documents/Tako-san-ui-rebuild/src/web/services/auth.ts:134:14)
    at handleRegister (/Users/tunbee27/Documents/Tako-san-ui-rebuild/src/web/pages/AuthPage.tsx:418:19) {
  kind: 'http',
  status: 503,
  retryable: undefined,
  requestId: undefined,
  payload: {
    error: 'Email OTP chưa gửi được.',
    code: 'OTP_DELIVERY_UNAVAILABLE',
    accountCreated: true
  }
}

stderr | tests/unit/auth-verify-route.test.tsx > screen 03 — /auth/verify route > a failed resend surfaces the server error and leaves resend available
Backend resend OTP failed: ApiError: HTTP 429: {"error":"Vui lòng chờ trước khi gửi lại mã."}
    at fetchJson (/Users/tunbee27/Documents/Tako-san-ui-rebuild/src/web/services/http.ts:125:11)
    at Object.resendOtp (/Users/tunbee27/Documents/Tako-san-ui-rebuild/src/web/services/auth.ts:204:14)
    at handleResendOtp (/Users/tunbee27/Documents/Tako-san-ui-rebuild/src/web/pages/AuthPage.tsx:580:19) {
  kind: 'http',
  status: 429,
  retryable: undefined,
  requestId: undefined,
  payload: { error: 'Vui lòng chờ trước khi gửi lại mã.' }
}

stderr | tests/unit/auth-verify-route.test.tsx > screen 03 — /auth/verify route > invalidates stale delivery and expiry claims when the server cannot deliver a replacement
Backend resend OTP failed: ApiError: HTTP 503: {"error":"Email OTP chưa gửi được.","code":"OTP_DELIVERY_UNAVAILABLE"}
    at fetchJson (/Users/tunbee27/Documents/Tako-san-ui-rebuild/src/web/services/http.ts:125:11)
    at Object.resendOtp (/Users/tunbee27/Documents/Tako-san-ui-rebuild/src/web/services/auth.ts:204:14)
    at handleResendOtp (/Users/tunbee27/Documents/Tako-san-ui-rebuild/src/web/pages/AuthPage.tsx:580:19) {
  kind: 'http',
  status: 503,
  retryable: undefined,
  requestId: undefined,
  payload: {
    error: 'Email OTP chưa gửi được.',
    code: 'OTP_DELIVERY_UNAVAILABLE'
  }
}

stderr | tests/unit/auth-verify-route.test.tsx > screen 03 — /auth/verify route > reports an offline resend without fabricating delivery or expiry metadata
Backend resend OTP failed: ApiError: Không có kết nối mạng khi gọi /auth/resend-otp
    at fetchJson (/Users/tunbee27/Documents/Tako-san-ui-rebuild/src/web/services/http.ts:109:11)
    at Object.resendOtp (/Users/tunbee27/Documents/Tako-san-ui-rebuild/src/web/services/auth.ts:204:14)
    at handleResendOtp (/Users/tunbee27/Documents/Tako-san-ui-rebuild/src/web/pages/AuthPage.tsx:580:19) {
  kind: 'offline',
  status: undefined,
  retryable: true,
  requestId: undefined,
  payload: null
}

 ✓ tests/unit/auth-verify-route.test.tsx (39 tests) 2108ms
   ✓ screen 03 — /auth/verify route > refresh of /auth/verify restores the verification (email, cooldown) from the tab-scoped context and completes with the server  524ms
 ✓ tests/unit/t20-meal-composer-ui.test.tsx (23 tests) 2977ms
   ✓ T20 Meal composer UI > never exposes stale rows from a previous filter or a late load-more response  796ms
   ✓ T20 Meal composer UI > picker cuisine filter is a labelled control combined with search and role on the server query  534ms
   ✓ T20 Meal composer UI > an empty filtered picker result explains the filters and can clear them  778ms
stderr | tests/unit/auth-guest-transfer-deferred.test.tsx > D3 guest → email registration with deferred inventory transfer > B+D. the first guest attempt sends the transfer field; the 409 deferral is shown as an explicit choice, not as a wrong OTP, and the guest session is untouched
Backend verify OTP failed: ApiError: HTTP 409: {"error":"Chưa hỗ trợ chuyển dữ liệu từ hộ khách một cách an toàn. Hàng tồn kho vẫn được giữ nguyên trong hộ khách; tài khoản chưa được kích hoạt và mã OTP chưa được sử dụng.","code":"INVENTORY_TRANSFER_DEFERRED"}
    at fetchJson (/Users/tunbee27/Documents/Tako-san-ui-rebuild/src/web/services/http.ts:125:11)
    at Object.verifyOtp (/Users/tunbee27/Documents/Tako-san-ui-rebuild/src/web/services/auth.ts:159:22)
    at submitOtpVerification (/Users/tunbee27/Documents/Tako-san-ui-rebuild/src/web/pages/AuthPage.tsx:512:19)
    at handleVerifyOtp (/Users/tunbee27/Documents/Tako-san-ui-rebuild/src/web/pages/AuthPage.tsx:560:5) {
  kind: 'http',
  status: 409,
  retryable: undefined,
  requestId: undefined,
  payload: {
    error: 'Chưa hỗ trợ chuyển dữ liệu từ hộ khách một cách an toàn. Hàng tồn kho vẫn được giữ nguyên trong hộ khách; tài khoản chưa được kích hoạt và mã OTP chưa được sử dụng.',
    code: 'INVENTORY_TRANSFER_DEFERRED'
  }
}

 ✓ tests/unit/planner-hook.test.tsx (48 tests) 1500ms
stderr | tests/unit/auth-guest-transfer-deferred.test.tsx > D3 guest → email registration with deferred inventory transfer > C+F. continuing without transfer retries the same OTP without migrateFromHouseholdId and only then establishes the account session
Backend verify OTP failed: ApiError: HTTP 409: {"error":"Chưa hỗ trợ chuyển dữ liệu từ hộ khách một cách an toàn. Hàng tồn kho vẫn được giữ nguyên trong hộ khách; tài khoản chưa được kích hoạt và mã OTP chưa được sử dụng.","code":"INVENTORY_TRANSFER_DEFERRED"}
    at fetchJson (/Users/tunbee27/Documents/Tako-san-ui-rebuild/src/web/services/http.ts:125:11)
    at Object.verifyOtp (/Users/tunbee27/Documents/Tako-san-ui-rebuild/src/web/services/auth.ts:159:22)
    at submitOtpVerification (/Users/tunbee27/Documents/Tako-san-ui-rebuild/src/web/pages/AuthPage.tsx:512:19)
    at handleVerifyOtp (/Users/tunbee27/Documents/Tako-san-ui-rebuild/src/web/pages/AuthPage.tsx:560:5) {
  kind: 'http',
  status: 409,
  retryable: undefined,
  requestId: undefined,
  payload: {
    error: 'Chưa hỗ trợ chuyển dữ liệu từ hộ khách một cách an toàn. Hàng tồn kho vẫn được giữ nguyên trong hộ khách; tài khoản chưa được kích hoạt và mã OTP chưa được sử dụng.',
    code: 'INVENTORY_TRANSFER_DEFERRED'
  }
}

stderr | tests/unit/auth-guest-transfer-deferred.test.tsx > D3 guest → email registration with deferred inventory transfer > E. a failed continue-without-transfer retry leaves the guest session intact and never half-authenticates
Backend verify OTP failed: ApiError: HTTP 409: {"error":"Chưa hỗ trợ chuyển dữ liệu từ hộ khách một cách an toàn. Hàng tồn kho vẫn được giữ nguyên trong hộ khách; tài khoản chưa được kích hoạt và mã OTP chưa được sử dụng.","code":"INVENTORY_TRANSFER_DEFERRED"}
    at fetchJson (/Users/tunbee27/Documents/Tako-san-ui-rebuild/src/web/services/http.ts:125:11)
    at Object.verifyOtp (/Users/tunbee27/Documents/Tako-san-ui-rebuild/src/web/services/auth.ts:159:22)
    at submitOtpVerification (/Users/tunbee27/Documents/Tako-san-ui-rebuild/src/web/pages/AuthPage.tsx:512:19)
    at handleVerifyOtp (/Users/tunbee27/Documents/Tako-san-ui-rebuild/src/web/pages/AuthPage.tsx:560:5) {
  kind: 'http',
  status: 409,
  retryable: undefined,
  requestId: undefined,
  payload: {
    error: 'Chưa hỗ trợ chuyển dữ liệu từ hộ khách một cách an toàn. Hàng tồn kho vẫn được giữ nguyên trong hộ khách; tài khoản chưa được kích hoạt và mã OTP chưa được sử dụng.',
    code: 'INVENTORY_TRANSFER_DEFERRED'
  }
}

stderr | tests/unit/auth-guest-transfer-deferred.test.tsx > D3 guest → email registration with deferred inventory transfer > E. a failed continue-without-transfer retry leaves the guest session intact and never half-authenticates
Backend verify OTP failed: ApiError: HTTP 400: {"error":"Mã OTP đã hết hạn. Vui lòng bấm gửi lại mã mới."}
    at fetchJson (/Users/tunbee27/Documents/Tako-san-ui-rebuild/src/web/services/http.ts:125:11)
    at Object.verifyOtp (/Users/tunbee27/Documents/Tako-san-ui-rebuild/src/web/services/auth.ts:159:22)
    at submitOtpVerification (/Users/tunbee27/Documents/Tako-san-ui-rebuild/src/web/pages/AuthPage.tsx:512:19)
    at handleContinueWithoutTransfer (/Users/tunbee27/Documents/Tako-san-ui-rebuild/src/web/pages/AuthPage.tsx:566:5) {
  kind: 'http',
  status: 400,
  retryable: undefined,
  requestId: undefined,
  payload: { error: 'Mã OTP đã hết hạn. Vui lòng bấm gửi lại mã mới.' }
}

stderr | tests/unit/auth-guest-transfer-deferred.test.tsx > D3 guest → email registration with deferred inventory transfer > keeps unrelated OTP failures on the normal error path (no deferral state)
Backend verify OTP failed: ApiError: HTTP 400: {"error":"Mã OTP không chính xác hoặc đã được sử dụng"}
    at fetchJson (/Users/tunbee27/Documents/Tako-san-ui-rebuild/src/web/services/http.ts:125:11)
    at Object.verifyOtp (/Users/tunbee27/Documents/Tako-san-ui-rebuild/src/web/services/auth.ts:159:22)
    at submitOtpVerification (/Users/tunbee27/Documents/Tako-san-ui-rebuild/src/web/pages/AuthPage.tsx:512:19)
    at handleVerifyOtp (/Users/tunbee27/Documents/Tako-san-ui-rebuild/src/web/pages/AuthPage.tsx:560:5) {
  kind: 'http',
  status: 400,
  retryable: undefined,
  requestId: undefined,
  payload: { error: 'Mã OTP không chính xác hoặc đã được sử dụng' }
}

 ✓ tests/unit/auth-guest-transfer-deferred.test.tsx (6 tests) 1443ms
   ✓ D3 guest → email registration with deferred inventory transfer > A. a non-guest registration verifies the OTP once, without any transfer field, and opens the account session  615ms
   ✓ D3 guest → email registration with deferred inventory transfer > C+F. continuing without transfer retries the same OTP without migrateFromHouseholdId and only then establishes the account session  577ms
stderr | tests/unit/t13b-inventory-detail.test.tsx > T13B ingredient detail expiry truth > UNKNOWN never shows Tươi ngon despite the compatibility freshness field saying fresh
⚠️ React Router Future Flag Warning: React Router will begin wrapping state updates in `React.startTransition` in v7. You can use the `v7_startTransition` future flag to opt-in early. For more information, see https://reactrouter.com/v6/upgrading/future#v7_starttransition.
⚠️ React Router Future Flag Warning: Relative route resolution within Splat routes is changing in v7. You can use the `v7_relativeSplatPath` future flag to opt-in early. For more information, see https://reactrouter.com/v6/upgrading/future#v7_relativesplatpath.

 ✓ tests/unit/t13b-inventory-detail.test.tsx (25 tests) 1122ms
 ✓ tests/unit/ui02-surfaces.test.tsx (17 tests) 890ms
   ✓ Discovery mounted URL interactions > deep-linked search reaches later ingredients and reset restores all results/focus  302ms
 ✓ tests/integration/t13b-review-roundtrip.test.tsx (4 tests) 682ms
 ✓ tests/unit/t13r-a-lot-draft-ownership.test.tsx (7 tests) 533ms
 ✓ tests/unit/t13b-receipt-review.test.tsx (43 tests) 431ms
 ✓ tests/unit/t13b-fridge-review.test.tsx (35 tests) 466ms
 ✓ tests/unit/t07-planner-ui.test.tsx (12 tests) 392ms
 ✓ tests/unit/t13b-fridge-hardening.test.tsx (26 tests) 370ms
 ✓ tests/unit/ui11-shell-measurement.test.tsx (3 tests) 318ms
 ✓ tests/unit/ui-rebuild-surfaces.test.tsx (7 tests) 228ms
stderr | tests/unit/ui10-week-routes.test.tsx > planner on preserves /week → /planner
⚠️ React Router Future Flag Warning: React Router will begin wrapping state updates in `React.startTransition` in v7. You can use the `v7_startTransition` future flag to opt-in early. For more information, see https://reactrouter.com/v6/upgrading/future#v7_starttransition.
⚠️ React Router Future Flag Warning: Relative route resolution within Splat routes is changing in v7. You can use the `v7_relativeSplatPath` future flag to opt-in early. For more information, see https://reactrouter.com/v6/upgrading/future#v7_relativesplatpath.

 ✓ tests/unit/ui10-week-routes.test.tsx (14 tests) 218ms
stderr | tests/unit/ui10-week-presentation.test.tsx > UI10 truthful setup and generation > retains choices on back and submits four real stages only after explicit generation
⚠️ React Router Future Flag Warning: React Router will begin wrapping state updates in `React.startTransition` in v7. You can use the `v7_startTransition` future flag to opt-in early. For more information, see https://reactrouter.com/v6/upgrading/future#v7_starttransition.
⚠️ React Router Future Flag Warning: Relative route resolution within Splat routes is changing in v7. You can use the `v7_relativeSplatPath` future flag to opt-in early. For more information, see https://reactrouter.com/v6/upgrading/future#v7_relativesplatpath.

 ✓ tests/unit/ui10-week-presentation.test.tsx (18 tests) 212ms
stderr | tests/unit/ui09-stock-detail.test.tsx > UI09 detail interaction and honest state > keeps loading while the compatibility fallback is pending instead of claiming absence
⚠️ React Router Future Flag Warning: React Router will begin wrapping state updates in `React.startTransition` in v7. You can use the `v7_startTransition` future flag to opt-in early. For more information, see https://reactrouter.com/v6/upgrading/future#v7_starttransition.
⚠️ React Router Future Flag Warning: Relative route resolution within Splat routes is changing in v7. You can use the `v7_relativeSplatPath` future flag to opt-in early. For more information, see https://reactrouter.com/v6/upgrading/future#v7_relativesplatpath.

 ✓ tests/unit/ui09-stock-detail.test.tsx (5 tests) 220ms
stderr | tests/unit/ui08-onboarding-navigation.test.tsx > UI08 completion intent through actual App guards > today reaches its chosen destination after server confirmation
⚠️ React Router Future Flag Warning: React Router will begin wrapping state updates in `React.startTransition` in v7. You can use the `v7_startTransition` future flag to opt-in early. For more information, see https://reactrouter.com/v6/upgrading/future#v7_starttransition.
⚠️ React Router Future Flag Warning: Relative route resolution within Splat routes is changing in v7. You can use the `v7_relativeSplatPath` future flag to opt-in early. For more information, see https://reactrouter.com/v6/upgrading/future#v7_relativesplatpath.

 ✓ tests/unit/ui08-onboarding-navigation.test.tsx (6 tests) 201ms
 ✓ tests/unit/t13r-b-inventory-conflict.test.tsx (4 tests) 202ms
 ✓ tests/unit/ui08-account.test.tsx (11 tests) 190ms
stderr | tests/unit/onboarding-contract.test.tsx > screens 04-06 — onboarding contract > screen 04 owns only household size and exposes native single-select state
⚠️ React Router Future Flag Warning: React Router will begin wrapping state updates in `React.startTransition` in v7. You can use the `v7_startTransition` future flag to opt-in early. For more information, see https://reactrouter.com/v6/upgrading/future#v7_starttransition.
⚠️ React Router Future Flag Warning: Relative route resolution within Splat routes is changing in v7. You can use the `v7_relativeSplatPath` future flag to opt-in early. For more information, see https://reactrouter.com/v6/upgrading/future#v7_relativesplatpath.

 ✓ tests/unit/onboarding-contract.test.tsx (20 tests) 177ms
stderr | tests/unit/payment-checkout.test.tsx > server-authoritative payment checkout > renders arbitrary server prices and uses the selected plan without a client amount
⚠️ React Router Future Flag Warning: React Router will begin wrapping state updates in `React.startTransition` in v7. You can use the `v7_startTransition` future flag to opt-in early. For more information, see https://reactrouter.com/v6/upgrading/future#v7_starttransition.
⚠️ React Router Future Flag Warning: Relative route resolution within Splat routes is changing in v7. You can use the `v7_relativeSplatPath` future flag to opt-in early. For more information, see https://reactrouter.com/v6/upgrading/future#v7_relativesplatpath.

 ✓ tests/unit/payment-checkout.test.tsx (19 tests) 157ms
 ✓ tests/unit/t13r-a-receipt-ownership.test.tsx (6 tests) 153ms
 ✓ tests/unit/receipt-review-polling.test.tsx (3 tests) 131ms
stderr | tests/unit/ui09-reconciliation.test.tsx > UI09 reconciliation preserves server authority > echoes the existing PROPOSE_CORRECTION proposals and version without inventing stock
⚠️ React Router Future Flag Warning: React Router will begin wrapping state updates in `React.startTransition` in v7. You can use the `v7_startTransition` future flag to opt-in early. For more information, see https://reactrouter.com/v6/upgrading/future#v7_starttransition.
⚠️ React Router Future Flag Warning: Relative route resolution within Splat routes is changing in v7. You can use the `v7_relativeSplatPath` future flag to opt-in early. For more information, see https://reactrouter.com/v6/upgrading/future#v7_relativesplatpath.

 ✓ tests/unit/ui09-reconciliation.test.tsx (4 tests) 106ms
stderr | tests/unit/auth-resend-turnstile.test.tsx > registration-only Turnstile lifecycle > challenges once during registration and resends OTP without another widget
⚠️ React Router Future Flag Warning: React Router will begin wrapping state updates in `React.startTransition` in v7. You can use the `v7_startTransition` future flag to opt-in early. For more information, see https://reactrouter.com/v6/upgrading/future#v7_starttransition.
⚠️ React Router Future Flag Warning: Relative route resolution within Splat routes is changing in v7. You can use the `v7_relativeSplatPath` future flag to opt-in early. For more information, see https://reactrouter.com/v6/upgrading/future#v7_relativesplatpath.

stderr | tests/unit/auth-resend-turnstile.test.tsx > registration-only Turnstile lifecycle > challenges once during registration and resends OTP without another widget
Backend register failed: ApiError: HTTP 503: {"error":"Email OTP chưa gửi được.","code":"OTP_DELIVERY_UNAVAILABLE","accountCreated":true}
    at fetchJson (/Users/tunbee27/Documents/Tako-san-ui-rebuild/src/web/services/http.ts:125:11)
    at Object.register (/Users/tunbee27/Documents/Tako-san-ui-rebuild/src/web/services/auth.ts:134:14)
    at handleRegister (/Users/tunbee27/Documents/Tako-san-ui-rebuild/src/web/pages/AuthPage.tsx:418:19) {
  kind: 'http',
  status: 503,
  retryable: undefined,
  requestId: undefined,
  payload: {
    error: 'Email OTP chưa gửi được.',
    code: 'OTP_DELIVERY_UNAVAILABLE',
    accountCreated: true
  }
}

 ✓ tests/unit/auth-resend-turnstile.test.tsx (2 tests) 91ms
 ✓ tests/unit/planner-ui.test.tsx (58 tests) 85ms
stderr | tests/unit/t18c-keyboard-controls.test.tsx > Week PLANNED card exposes only actionable native controls
⚠️ React Router Future Flag Warning: React Router will begin wrapping state updates in `React.startTransition` in v7. You can use the `v7_startTransition` future flag to opt-in early. For more information, see https://reactrouter.com/v6/upgrading/future#v7_starttransition.
⚠️ React Router Future Flag Warning: Relative route resolution within Splat routes is changing in v7. You can use the `v7_relativeSplatPath` future flag to opt-in early. For more information, see https://reactrouter.com/v6/upgrading/future#v7_relativesplatpath.

 ✓ tests/unit/t18c-keyboard-controls.test.tsx (5 tests) 74ms
stderr | tests/unit/scan-ui-quota.test.tsx > scan quota UI > does not advance server processing stages just because time passes
⚠️ React Router Future Flag Warning: React Router will begin wrapping state updates in `React.startTransition` in v7. You can use the `v7_startTransition` future flag to opt-in early. For more information, see https://reactrouter.com/v6/upgrading/future#v7_starttransition.
⚠️ React Router Future Flag Warning: Relative route resolution within Splat routes is changing in v7. You can use the `v7_relativeSplatPath` future flag to opt-in early. For more information, see https://reactrouter.com/v6/upgrading/future#v7_relativesplatpath.

 ✓ tests/unit/scan-ui-quota.test.tsx (4 tests) 73ms
stderr | tests/unit/auth-google-credential.test.tsx > Google authentication entry point > renders only the real GIS entry point and never offers a credential-less fallback
⚠️ React Router Future Flag Warning: React Router will begin wrapping state updates in `React.startTransition` in v7. You can use the `v7_startTransition` future flag to opt-in early. For more information, see https://reactrouter.com/v6/upgrading/future#v7_starttransition.
⚠️ React Router Future Flag Warning: Relative route resolution within Splat routes is changing in v7. You can use the `v7_relativeSplatPath` future flag to opt-in early. For more information, see https://reactrouter.com/v6/upgrading/future#v7_relativesplatpath.

 ✓ tests/unit/auth-google-credential.test.tsx (2 tests) 60ms
 ✓ tests/unit/ui03-discovery.test.ts (14 tests) 61ms
stderr | tests/unit/ui09-system-states.test.tsx > UI09 system presentation preserves session gates > withholds children while verifying and renders one branded busy heading
⚠️ React Router Future Flag Warning: React Router will begin wrapping state updates in `React.startTransition` in v7. You can use the `v7_startTransition` future flag to opt-in early. For more information, see https://reactrouter.com/v6/upgrading/future#v7_starttransition.
⚠️ React Router Future Flag Warning: Relative route resolution within Splat routes is changing in v7. You can use the `v7_relativeSplatPath` future flag to opt-in early. For more information, see https://reactrouter.com/v6/upgrading/future#v7_relativesplatpath.

 ✓ tests/unit/ui09-system-states.test.tsx (4 tests) 49ms
stderr | tests/unit/auth-funnel-ui.test.tsx > auth funnel UI > honors the registration query parameter on first render
⚠️ React Router Future Flag Warning: React Router will begin wrapping state updates in `React.startTransition` in v7. You can use the `v7_startTransition` future flag to opt-in early. For more information, see https://reactrouter.com/v6/upgrading/future#v7_starttransition.
⚠️ React Router Future Flag Warning: Relative route resolution within Splat routes is changing in v7. You can use the `v7_relativeSplatPath` future flag to opt-in early. For more information, see https://reactrouter.com/v6/upgrading/future#v7_relativesplatpath.

 ✓ tests/unit/auth-funnel-ui.test.tsx (2 tests) 42ms
stderr | tests/unit/ui06-planner-lifecycle.test.tsx > ignores late generation after a pathname change and allows the new workspace to operate
⚠️ React Router Future Flag Warning: React Router will begin wrapping state updates in `React.startTransition` in v7. You can use the `v7_startTransition` future flag to opt-in early. For more information, see https://reactrouter.com/v6/upgrading/future#v7_starttransition.
⚠️ React Router Future Flag Warning: Relative route resolution within Splat routes is changing in v7. You can use the `v7_relativeSplatPath` future flag to opt-in early. For more information, see https://reactrouter.com/v6/upgrading/future#v7_relativesplatpath.

 ✓ tests/unit/ui06-planner-lifecycle.test.tsx (2 tests) 38ms
 ✓ tests/unit/ui05-cooking-state.test.ts (14 tests) 30ms
 ✓ tests/unit/ui04-camera-lifecycle.test.tsx (2 tests) 33ms
 ✓ tests/unit/scan-processing-state.test.tsx (2 tests) 29ms
 ✓ tests/unit/t13-inventory-ux.test.tsx (37 tests) 25ms
 ✓ tests/unit/billing-service.test.ts (14 tests) 15ms
 ✓ tests/unit/ui-rebuild-cooking.test.ts (7 tests) 16ms
 ✓ tests/unit/ui06-shopping.test.ts (9 tests) 23ms
 ✓ tests/unit/recipe-media-presentation.test.ts (8 tests) 10ms
stderr | tests/unit/ui05-cooking-voice.test.ts > non-permission no-speech events preserve listening and real errors stop auto-restart
Speech recognition event: not-allowed

 ✓ tests/unit/ui05-cooking-voice.test.ts (5 tests) 5ms
 ✓ tests/unit/voice-chef-a11y.test.ts (3 tests) 4ms

 Test Files  285 passed (285)
      Tests  6685 passed (6685)
   Start at  23:49:09
   Duration  344.71s (transform 4.35s, setup 1.13s, collect 37.28s, tests 583.31s, environment 9.18s, prepare 10.65s)

4. Replaying Database Migrations...

> frigo@0.1.0 check:migrations /Users/tunbee27/Documents/Tako-san-ui-rebuild
> bash scripts/migration-smoke.sh

migration-smoke=ok
5. Skipping Remote D1 Schema (set CHECK_REMOTE_SCHEMA=1 for release validation).
6. Skipping Remote Week Parity (set CHECK_WEEK_PARITY_REMOTE=1 before enabling dual-write).
7. Building Production Assets...

> frigo@0.1.0 build /Users/tunbee27/Documents/Tako-san-ui-rebuild
> vite build && tsc -p tsconfig.worker.json

vite v6.4.3 building for production...
transforming...
✓ 2534 modules transformed.
rendering chunks...
computing gzip size...
dist/client/index.html                                        2.94 kB │ gzip:   1.13 kB
dist/client/assets/index-CMjNgRKe.css                       129.33 kB │ gzip:  22.75 kB
dist/client/assets/Card-Cu5QsPEi.js                           0.41 kB │ gzip:   0.32 kB │ map:     0.97 kB
dist/client/assets/AccountPage-ChnEuKWa.js                    0.49 kB │ gzip:   0.33 kB │ map:     1.28 kB
dist/client/assets/KitchenDetailPage-WacM5pyv.js              0.52 kB │ gzip:   0.34 kB │ map:     1.27 kB
dist/client/assets/format-zRZ7DBjT.js                         0.71 kB │ gzip:   0.43 kB │ map:     2.88 kB
dist/client/assets/CookingCompletePage-D3_SKy3c.js            0.84 kB │ gzip:   0.54 kB │ map:     1.38 kB
dist/client/assets/WeekWorkspace-uAVfHeE1.js                  0.85 kB │ gzip:   0.58 kB │ map:     2.31 kB
dist/client/assets/use-modal-focus-DttN_fVe.js                1.34 kB │ gzip:   0.65 kB │ map:     4.02 kB
dist/client/assets/WeekSetupChoices-XnRIr-Jr.js               1.59 kB │ gzip:   0.75 kB │ map:     3.97 kB
dist/client/assets/ConfirmDialog-CgC60AW3.js                  1.64 kB │ gzip:   0.84 kB │ map:     3.87 kB
dist/client/assets/AsyncState-DSNgJZO1.js                     1.65 kB │ gzip:   0.88 kB │ map:     3.47 kB
dist/client/assets/KitchenHeader-D04eVKzs.js                  1.67 kB │ gzip:   0.74 kB │ map:     4.11 kB
dist/client/assets/recipe-media-VXy4cYzM.js                   1.67 kB │ gzip:   0.87 kB │ map:     6.33 kB
dist/client/assets/StatusChip-BP2464Lh.js                     1.72 kB │ gzip:   0.69 kB │ map:     3.55 kB
dist/client/assets/WeekSettingsPage-BtgLg_4g.js               1.73 kB │ gzip:   0.94 kB │ map:     4.13 kB
dist/client/assets/WeekGeneratingPage-BzVZrFEu.js             2.00 kB │ gzip:   1.19 kB │ map:     4.97 kB
dist/client/assets/FamilySharingPage-DiekGVXe.js              2.61 kB │ gzip:   1.18 kB │ map:     4.94 kB
dist/client/assets/MealSwapSheet-Cwp_TzJx.js                  2.72 kB │ gzip:   1.36 kB │ map:     7.15 kB
dist/client/assets/TopBar-CQ2l1rDy.js                         2.94 kB │ gzip:   1.10 kB │ map:     6.42 kB
dist/client/assets/NotificationsPage-BvqOmSH9.js              3.00 kB │ gzip:   1.41 kB │ map:     6.68 kB
dist/client/assets/LandingPage-Z3RH5KNg.js                    3.11 kB │ gzip:   1.49 kB │ map:     6.26 kB
dist/client/assets/PrivacyDataPage-HKz7fU4Y.js                3.15 kB │ gzip:   1.36 kB │ map:     5.43 kB
dist/client/assets/NotificationPreferencesPage-DZm3FrTK.js    3.80 kB │ gzip:   1.86 kB │ map:     8.90 kB
dist/client/assets/SettingsPage-xJCGe1yl.js                   3.84 kB │ gzip:   1.80 kB │ map:     8.16 kB
dist/client/assets/inventory-truth-BHprnlBW.js                3.88 kB │ gzip:   1.68 kB │ map:    11.89 kB
dist/client/assets/primitives-DI6aMwwZ.js                     4.82 kB │ gzip:   1.87 kB │ map:    16.94 kB
dist/client/assets/ReviewSource-BUYCT0L3.js                   4.88 kB │ gzip:   1.98 kB │ map:    12.84 kB
dist/client/assets/ProfilePage-CSIpwwBU.js                    4.89 kB │ gzip:   2.28 kB │ map:    11.61 kB
dist/client/assets/WeekSetupPage-DPHVd18o.js                  5.29 kB │ gzip:   2.29 kB │ map:    13.87 kB
dist/client/assets/useCookingStore-B3lnPLwH.js                5.38 kB │ gzip:   2.37 kB │ map:    18.16 kB
dist/client/assets/useWeekStore-DvuUds_u.js                   5.59 kB │ gzip:   1.86 kB │ map:    18.23 kB
dist/client/assets/ReconciliationPage-DCrRYbcq.js             5.77 kB │ gzip:   2.54 kB │ map:    14.23 kB
dist/client/assets/MealDetailPage-D1kw6Mvw.js                 6.02 kB │ gzip:   2.48 kB │ map:    15.23 kB
dist/client/assets/FoodPreferencesPage-C8RHwqSo.js            6.46 kB │ gzip:   2.37 kB │ map:    16.66 kB
dist/client/assets/WeekShoppingPage-BEl25t-k.js               6.69 kB │ gzip:   2.68 kB │ map:    19.15 kB
dist/client/assets/scan-errors-bvjxESVt.js                    7.24 kB │ gzip:   3.06 kB │ map:    18.14 kB
dist/client/assets/CookingReview-oyKJerw-.js                  7.34 kB │ gzip:   2.94 kB │ map:    20.07 kB
dist/client/assets/ShoppingPage-d2tzAL_M.js                   7.73 kB │ gzip:   3.31 kB │ map:    21.90 kB
dist/client/assets/PlanningSettingsPage-wCf1nmQq.js           7.88 kB │ gzip:   2.72 kB │ map:    18.11 kB
dist/client/assets/RecipesPage-K4InFqSU.js                    9.76 kB │ gzip:   3.86 kB │ map:    29.63 kB
dist/client/assets/RecipeCard-DNpgSesD.js                    10.49 kB │ gzip:   2.13 kB │ map:    20.52 kB
dist/client/assets/HomePage-CW7Zpqiq.js                      11.75 kB │ gzip:   4.28 kB │ map:    37.40 kB
dist/client/assets/WeekDashboardPage-DD1Bkef2.js             12.55 kB │ gzip:   4.72 kB │ map:    32.72 kB
dist/client/assets/ScanPage-CpfurFGH.js                      13.26 kB │ gzip:   5.09 kB │ map:    38.17 kB
dist/client/assets/OnboardingPage-BA05Y4Wt.js                13.53 kB │ gzip:   3.80 kB │ map:    34.26 kB
dist/client/assets/ScanResultPage-B770Q5l8.js                13.55 kB │ gzip:   4.93 kB │ map:    41.68 kB
dist/client/assets/ReceiptReviewPage-BYCyNBMh.js             13.60 kB │ gzip:   4.64 kB │ map:    39.54 kB
dist/client/assets/composition-DKywoE_1.js                   13.79 kB │ gzip:   5.19 kB │ map:    46.29 kB
dist/client/assets/RecipeDetailPage-DXFW84XP.js              14.48 kB │ gzip:   4.75 kB │ map:    36.12 kB
dist/client/assets/IngredientDetailPage-DS_CniPi.js          15.08 kB │ gzip:   4.64 kB │ map:    37.51 kB
dist/client/assets/CookingModePage-Cwp2zAMh.js               15.16 kB │ gzip:   5.29 kB │ map:    44.06 kB
dist/client/assets/PlusPaywallPage-Dww7rEGS.js               19.06 kB │ gzip:   5.85 kB │ map:    45.22 kB
dist/client/assets/ingredient-images-DMUMQtkM.js             20.22 kB │ gzip:   4.97 kB │ map:    19.75 kB
dist/client/assets/InventoryPage-BhpbChAr.js                 21.43 kB │ gzip:   7.42 kB │ map:    72.03 kB
dist/client/assets/Button-CJtAUqiY.js                        29.01 kB │ gzip:   9.35 kB │ map:   152.63 kB
dist/client/assets/AuthPage-D6fhie-o.js                      30.61 kB │ gzip:   9.19 kB │ map:    96.74 kB
dist/client/assets/vendor-icons-ul0AEewg.js                  33.19 kB │ gzip:   7.20 kB │ map:    88.47 kB
dist/client/assets/vendor-query-D03hXVOl.js                  42.42 kB │ gzip:  12.92 kB │ map:   155.73 kB
dist/client/assets/PlannerPage-C4HNLaOZ.js                   83.28 kB │ gzip:  24.10 kB │ map:   178.10 kB
dist/client/assets/vendor-react-B6oo3S7f.js                 164.07 kB │ gzip:  53.69 kB │ map:   705.96 kB
dist/client/assets/index-DsKXJ6qX.js                        463.56 kB │ gzip: 129.26 kB │ map: 1,755.78 kB
✓ built in 2.97s
=== ALL CHECKS PASSED SUCCESSFULLY! ===
Local gates are green. Production rollout still requires schema preflight, backup/export, and explicit deploy approval.
