10:54:52 PM [vite] (client) Re-optimizing dependencies because vite config has changed
Isolated security preview: Vite 5206, in-memory SQLite API 8906, external API fetch disabled; /__preview for synthetic login/reset
[req] GET /api/v1/me 200 2ms 1406e7c2-64df-4c61-b405-17fa432877b8
[req] GET /api/v1/me 200 1ms 4aa382a5-6281-41b5-a988-9288a1d3799c
[req] GET /api/v1/me 200 1ms de483ace-0688-40f1-888f-eb86d39165cb
[req] PATCH /api/v1/preferences 200 2ms 686b0236-fd36-4843-8baf-5a6623c9d561
[req] GET /api/v1/me 200 1ms de1f294c-7c9c-4362-a066-bb92b8f407a3
[req] GET /api/v1/shopping-list 200 0ms 2ce6a008-e1c2-470a-a791-958318bc9d53
[req] GET /api/v1/me 200 1ms 82225a40-e202-4123-b92c-e0a5d6c7e750
[req] GET /api/v1/shopping-list 200 1ms 162be3fb-9f99-415b-a0fe-793017ab71f2
[req] GET /api/v1/me 200 1ms b4a1fc77-ffe8-4076-851e-73fdcf1be480
[req] GET /api/v1/shopping-list 200 0ms 1ddfa15a-99c3-4a51-8658-de2ad1122426
[req] GET /api/v1/me 200 1ms 372789fe-d523-4cff-aede-25c5b8fd469a
[req] GET /api/v1/shopping-list 200 1ms 41fdc3f1-faef-4d92-a8cb-5a13185b4f29
[req] GET /api/v1/me 200 0ms 90d72082-9880-430f-9d85-d22150804b9f
[req] GET /api/v1/shopping-list 200 4ms 49d05726-96e8-4119-ab57-1037656de4c5
[req] GET /api/v1/me 200 1ms aa7eb2bb-82db-4e4a-ba6e-1165d29c90d3
[req] GET /api/v1/shopping-list 200 0ms 0e6643a5-f99f-4784-9c39-b3fdb0ecc4f8
[req] GET /api/v1/me 200 1ms 0cf51b2e-c36c-4d2e-b246-9633d15ec763
[req] GET /api/v1/shopping-list 200 1ms 5aba4339-9863-4e76-bb87-20443db9a814
[req] GET /api/v1/me 200 1ms 8ca43104-21c0-433d-90e5-0dcd52622e2e
[req] GET /api/v1/shopping-list 200 3ms 4d925607-7ca7-4075-a056-c3524d2aa7eb
[req] GET /api/v1/me 200 1ms d1c1c959-8611-434b-83d1-7e0b3fcec479
[req] GET /api/v1/shopping-list 200 2ms 529b2d52-2bd6-4378-86c1-55dd460396b5
[req] GET /api/v1/me 200 0ms 8c0675cb-8e0e-465f-a82c-06c47e88c143
[req] GET /api/v1/shopping-list 200 1ms 8b6591f5-dee6-4f62-9b04-5c51163127f2
11:04:46 PM [vite] (client) hmr update /src/web/design-system/navigation.tsx, /src/web/styles/index.css
11:04:46 PM [vite] (client) hmr update /src/web/components/common/KitchenHeader.tsx, /src/web/styles/index.css
11:04:46 PM [vite] (client) hmr update /src/web/components/layout/AppLayout.tsx, /src/web/styles/index.css
11:04:46 PM [vite] (client) page reload src/web/design-system/primitives.tsx
11:04:46 PM [vite] (client) hmr update /src/web/styles/index.css
[req] GET /api/v1/me 200 2ms 0aba8959-d0f6-4968-930b-f39dbd659e2e
[req] GET /api/v1/me 200 3ms 250b63c2-7aaf-4a16-8c52-e13f742a5a29
[req] PATCH /api/v1/preferences 200 0ms 32b49baf-a942-4b13-8c73-9ef8497dc43d
[req] GET /api/v1/me 200 1ms ee30161f-9e90-4b2c-aba8-43cfa421da26
[req] GET /api/v1/shopping-list 200 2ms fb6418fb-9560-4312-b6e1-bac9d0db42df
[req] GET /api/v1/me 200 1ms 4ce21d51-33ac-4ac3-82b9-e850d6157c13
[req] GET /api/v1/shopping-list 200 1ms a589fae9-6592-4f84-ae1d-26d3a7e88b19
[req] GET /api/v1/me 200 2ms bc02038f-f18b-4bfd-8d05-142e71ab627f
[req] GET /api/v1/shopping-list 200 0ms 63d4a5e5-b27e-4d67-b5d7-342b109447a9
[req] GET /api/v1/me 200 1ms b35eb07b-fbf1-48b1-9dc0-ea083aef1653
[req] GET /api/v1/shopping-list 200 1ms 3c3c118d-ad35-4a11-88bc-760ddc6d9d72
[req] GET /api/v1/me 200 1ms 61a47c59-92db-4dfc-a0c1-177c8714a2cd
[req] GET /api/v1/shopping-list 200 5ms d64b0f5b-1320-403e-8f0f-ccde00c1dba2
[req] GET /api/v1/me 200 1ms 752fbb02-7b79-4a41-a1b7-e2e25473a2d2
[req] GET /api/v1/shopping-list 200 1ms 0e6f41b3-bb2c-43cc-bd3a-1c8762873a52
[req] GET /api/v1/me 200 2ms 1642ba16-eeb4-436f-a813-474adc7fa1c9
[req] GET /api/v1/shopping-list 200 1ms 8a80b0f8-e8a3-4d98-bde9-8f059116cf91
[req] GET /api/v1/me 200 1ms e9da558e-0ed7-44b2-86c1-6582466b9aec
[req] GET /api/v1/shopping-list 200 1ms 7989a76f-b82d-4c43-91d1-43a30aacdcbb
[req] GET /api/v1/me 200 3ms 13f37aa7-55a9-43cd-a7cb-91ade76171b6
[req] GET /api/v1/shopping-list 200 1ms d782def2-5616-44a1-a509-14e2ab6b5b9c
[req] GET /api/v1/me 200 1ms fdba72c8-fa4a-4320-bac2-530893ef0cbc
[req] GET /api/v1/shopping-list 200 1ms b94d5ef3-d98f-41e1-9d28-ae6553b33bec
11:06:14 PM [vite] (client) hmr update /src/web/styles/index.css
11:06:14 PM [vite] (client) hmr update /src/web/components/layout/AppLayout.tsx, /src/web/styles/index.css
11:06:59 PM [vite] (client) hmr update /src/web/styles/index.css
[req] GET /api/v1/me 200 1ms 95a216cb-8f44-4167-b95f-74fe4e3159dc
[req] GET /api/v1/me 200 1ms d4809925-d46c-4e54-8a9f-9a826814354e
[req] PATCH /api/v1/preferences 200 1ms 71d39444-aa0c-49d0-b1fb-2788e9714e5e
[req] GET /api/v1/me 200 1ms bb19a303-e5a0-49ef-8d43-8e26a14f9fd7
[req] GET /api/v1/shopping-list 200 0ms 02fd16e8-9fa1-4bd8-ac6a-59d0d8bc0ebb
[req] GET /api/v1/me 200 0ms a24fd745-4da0-4160-9893-d0cf57410121
[req] GET /api/v1/shopping-list 200 0ms 2d620d83-91e0-4996-8823-6a4cf1bc8a91
[req] GET /api/v1/me 200 1ms b287773d-8f63-4f1e-8dda-2e4016207b77
[req] GET /api/v1/shopping-list 200 0ms c66b492f-c2b2-40ed-a88c-962202d21764
[req] GET /api/v1/me 200 2ms 7b78c314-ac1d-443c-803c-f6ca8f6dd705
[req] GET /api/v1/shopping-list 200 1ms 5cb9ab80-e64d-4073-88ce-bc74d920f595
[req] GET /api/v1/me 200 1ms b200e858-574f-48ad-8f70-464d888880b2
[req] GET /api/v1/shopping-list 200 1ms 69311015-c949-4ce4-bc25-943ecec479cb
[req] GET /api/v1/me 200 0ms 76ed1082-74a4-48c0-87f6-4e89954dc6cd
[req] GET /api/v1/shopping-list 200 1ms c5765202-cd45-4379-ab7a-e4e031817ff2
[req] GET /api/v1/me 200 1ms 78ff6c27-7f24-474c-9977-3205d8cfda24
[req] GET /api/v1/shopping-list 200 0ms d5ef5d74-284b-46bf-af05-b53fdf88cf47
[req] GET /api/v1/me 200 1ms dbf1e6b6-58d5-46c5-a69d-7a3309cdc7e5
[req] GET /api/v1/shopping-list 200 1ms 714c1fdb-deed-418e-973c-1206533803a2
[req] GET /api/v1/me 200 1ms 9cd7707f-ac8c-4991-ac46-d945811cd3f2
[req] GET /api/v1/shopping-list 200 1ms 81dae26d-9936-4554-a933-c1b25b22a19e
[req] GET /api/v1/me 200 1ms c2c38955-24b0-4778-8173-84ab52c39f26
[req] GET /api/v1/shopping-list 200 1ms e97ae05d-3487-445f-84ae-c6d9efa32013
[req] GET /api/v1/me 200 1ms 6ea6c7d7-3767-45bc-a13e-27778f39d9f1
[req] GET /api/v1/me 200 1ms 732ccd81-1fde-42a5-af48-93474fbf9770
[req] PATCH /api/v1/preferences 200 1ms fd71b682-9831-4f66-85d2-9da56f8638b6
[req] GET /api/v1/inventory 200 1ms 3ab1097d-1e6d-4c0e-9508-121e2369afe9
[req] GET /api/v1/inventory 200 1ms cc244644-e67e-4417-abb4-9264c3f3ca57
[req] GET /api/v1/me 200 1ms 39322f71-397c-4580-bfdb-68cb59dee483
[req] GET /api/v1/meal-planning/plans/current 200 4ms 0a9da7ce-9031-46fb-ac04-ae91b7970bf5
[req] GET /api/v1/inventory 200 1ms 6c6f5ec5-e087-4386-b900-c3e0d9e8e0ce
[req] GET /api/v1/recipe-discovery 200 19ms 25fbacac-a8f8-4319-97be-a9a86b9cccee
[req] GET /api/v1/me 200 0ms 387a0d39-e0c9-476f-8821-3ce1b08d5271
[req] GET /api/v1/inventory 200 5ms 315419e0-9bc5-46c0-b5e7-637e3736475d
11:12:12 PM [vite] (client) hmr update /src/web/components/layout/AppLayout.tsx, /src/web/styles/index.css
[req] GET /api/v1/me 200 1ms b45f24a5-8c61-4123-9178-1a0d4a3ac934
[req] GET /api/v1/me 200 0ms 8e583b67-516c-442c-a74d-a15bddeba011
[req] PATCH /api/v1/preferences 200 1ms a7507d8f-77ae-44dd-acf7-05701920334e
[req] GET /api/v1/inventory 200 0ms d1ab73d9-a3fd-4bf5-9843-190dbd7f9797
[req] GET /api/v1/me 200 2ms b2af2a4d-5909-4b6d-a2ec-cb5dbe67db90
[req] GET /api/v1/meal-planning/plans/current 200 1ms 1259bf26-d526-48bb-87c3-1fb5f5d88003
[req] GET /api/v1/inventory 200 1ms 9126d0fc-2fb7-4d6d-aa6e-c1adbdc945c6
[req] GET /api/v1/recipe-discovery 200 8ms 8cf0b8e5-4528-4f78-ba4b-64b76e65fa5e
[req] GET /api/v1/me 200 1ms 2a05e5e2-e4a4-499b-ad20-32343954947c
[req] GET /api/v1/inventory 200 0ms dd381b7e-6de0-4eee-97fb-13e4e839c681
[req] GET /api/v1/me 200 1ms 84168ee4-e58b-4a38-afb9-b9a86ad8e54b
[req] GET /api/v1/inventory/lots/preview-stock-egg 409 0ms ab05a244-29d1-47d6-b4f1-8c2f462d7236
[req] GET /api/v1/inventory 200 1ms bf36a219-fa7e-43ea-ba54-80d871130203
[req] GET /api/v1/me 200 1ms 26eb722f-579a-404d-917e-269fc7a60511
[req] GET /api/v1/me 200 1ms 155a5903-764c-4ac1-a6f4-bda620e64b38
[req] GET /api/v1/me 200 4ms 6810ad6d-6b92-4e24-b73a-ce1d0f0ad339
[req] GET /api/v1/recipes/thit-kho-trung 200 1ms 0b518514-6532-43f8-ab92-cbcb441feda2
[req] GET /api/v1/inventory 200 4ms bcba0273-7d23-47f7-b085-4b11808a6fcd
[req] GET /api/v1/me 200 1ms 30494260-4b7f-42bf-b6fa-8a22cf5f4f3f
[req] GET /api/v1/meal-planning/plans/current 200 1ms 8475021f-3784-4568-be10-3b26ca848451
[req] GET /api/v1/me 200 0ms f1efadd7-11f0-4c1f-823c-3d414408b85d
[req] GET /api/v1/shopping-list 200 1ms aabe535a-f077-4c61-a513-e0f7d8fa21d0
[req] GET /api/v1/me 200 4ms 9140f792-04ef-405e-aa3b-d9c26af642fb
[req] GET /api/v1/me 200 1ms dfbd4cfd-5fe9-458b-94e4-ab989031d1ab
[req] GET /api/v1/preferences 200 0ms 06910a59-8f76-4374-b936-71f7d62da795
[req] GET /api/v1/me 200 1ms c48acb60-14e3-4a2c-bfce-56318b1d0b36
[req] GET /api/v1/week/preferences 200 1ms 3c03f40e-a503-46a5-9fd8-a52f647165b5
[req] GET /api/v1/me 200 1ms 1d6d5a60-29b4-457e-9e88-27f0a19d5727
[req] GET /api/v1/meal-planning/plans/current 200 1ms 7e249fc0-f83a-4b11-82de-e161091c37fd
[req] GET /api/v1/inventory 200 1ms 40a2a5c7-3222-43f9-ae3f-00e9b002e9f4
[req] GET /api/v1/recipe-discovery 200 5ms d8f64672-987b-49fa-b79f-368b7b15b651
[req] GET /api/v1/me 200 1ms f3ea61df-d571-4be3-bbe1-cc4d6384fdaa
[req] GET /api/v1/inventory 200 1ms 62cff8de-25df-4a66-9a7e-b371528c26e7
[req] GET /api/v1/me 200 1ms 8569773f-e0b9-49a0-bbe0-243b8de8fd83
[req] GET /api/v1/inventory/lots/preview-stock-egg 409 1ms c2f89b2c-9659-43a7-87aa-7e2aaa926533
[req] GET /api/v1/inventory 200 17ms 000e48ba-2b33-4d9a-ac1b-95f97a18b178
[req] GET /api/v1/me 200 1ms 124a8f2d-7851-40ef-bde6-5c390be437bc
[req] GET /api/v1/me 200 1ms 5a5030ac-1a3f-49a0-83f2-769f92222bda
[req] GET /api/v1/me 200 1ms 80c6d8f7-510f-4631-8e01-7f5c8059b8e5
[req] GET /api/v1/recipes/thit-kho-trung 200 2ms 35a01f5a-a1f9-490b-9a43-da30c5959589
[req] GET /api/v1/inventory 200 0ms 07b3b0cb-ea16-4f3d-8ab5-4ea114d5fd9c
[req] GET /api/v1/me 200 1ms feedc229-b41f-4c83-8fad-5531f21e9aab
[req] GET /api/v1/meal-planning/plans/current 200 7ms 3eb865da-d10b-40f7-99dc-edf08dd829a5
[req] GET /api/v1/me 200 1ms c0daf13e-d433-4a2d-907b-fe06a4c0eb57
[req] GET /api/v1/shopping-list 200 1ms d05ddd6e-b8cd-42f6-b56c-d2d90a08877e
[req] GET /api/v1/me 200 2ms 6422a5be-da53-4d57-a560-b528e1820c0a
[req] GET /api/v1/me 200 0ms 10e82f46-f5fa-4117-a33d-7d7fc3251d3b
[req] GET /api/v1/preferences 200 1ms 797e94c2-6588-4d1c-8eb6-ae60985544ef
[req] GET /api/v1/me 200 0ms 2c10a1d8-45c4-499d-b63b-e96d7201e00c
[req] GET /api/v1/week/preferences 200 2ms 04353c9e-7894-4e27-b37e-598db5217e22
[req] GET /api/v1/me 200 2ms 2d0882c0-e0ec-4ed2-a01c-1039da3f34e0
[req] GET /api/v1/meal-planning/plans/current 200 1ms 6b86be40-b60e-48de-9cb4-ab5d1d54ebf1
[req] GET /api/v1/inventory 200 2ms 88a745f1-a298-4fff-9e1c-b359f4864bf0
[req] GET /api/v1/recipe-discovery 200 6ms 2a0d75d7-9627-4e02-8673-fcb5d5c0f1d3
[req] GET /api/v1/me 200 2ms 836a1e9b-1c20-48cc-9695-dc44b5efbdd3
[req] GET /api/v1/inventory 200 2ms 990bcfcb-c778-44a4-b426-ad315cb9fcbd
[req] GET /api/v1/me 200 1ms 0b5b7398-94c8-4867-9cef-6683b6fb18a3
[req] GET /api/v1/inventory/lots/preview-stock-egg 409 1ms 1db18d00-2d74-463d-8e79-2da7b29bc134
[req] GET /api/v1/inventory 200 1ms 4329e547-4b85-4655-bc91-b83322927091
[req] GET /api/v1/me 200 9ms daf23e03-e6c5-4476-88b4-81e7feac3852
[req] GET /api/v1/scans/t13b-preview-fridge 200 2ms 6a2f0f95-25ec-40c7-96ef-d76ba39ebb22
[req] GET /api/v1/me 200 1ms 6443ba00-2941-4787-b8cc-719bcaf4b415
[req] GET /api/v1/scans/t13b-preview-receipt 200 2ms cfc1f5c7-cc59-43bf-8b43-498396b998b9
[req] GET /api/v1/me 200 4ms defb9682-3e42-41c8-983a-a42e4e456d65
[req] GET /api/v1/recipes/thit-kho-trung 200 7ms 11946a52-8594-4687-ab13-dcfbdb167fff
[req] GET /api/v1/inventory 200 1ms 31c6c087-eab3-4e22-9180-b588ab3194d5
[req] GET /api/v1/me 200 1ms 93d17ac7-7c76-47f0-bba6-7d5f5255f265
[req] GET /api/v1/meal-planning/plans/current 200 33ms 0e9aa05b-d83b-45fc-ade0-0771f8570937
[req] GET /api/v1/me 200 6ms 2ab500c2-87e7-4352-b3b3-3f0af19096d6
[req] GET /api/v1/shopping-list 200 4ms 66b3fddc-3903-4f9c-954f-e80b2b19c02d
[req] GET /api/v1/me 200 1ms c3ffe153-b58f-4441-aa62-d5689c267652
[req] GET /api/v1/me 200 1ms 1d205819-1939-446c-8216-3c0dec68de57
[req] GET /api/v1/preferences 200 3ms 9fd3c20a-499a-48ed-a197-5e97edf5f235
[req] GET /api/v1/me 200 1ms 3323f8ee-3608-47c5-975a-850a6416b90f
[req] GET /api/v1/week/preferences 200 2ms 9ee97d42-04c8-470f-a9bc-805e8412c7e8
[req] GET /api/v1/me 200 2ms 0321490b-a128-42c5-9c7f-11f3e4b44719
[req] GET /api/v1/meal-planning/plans/current 200 5ms c778ae0a-9b1f-4906-af49-03e627b92a92
[req] GET /api/v1/inventory 200 7ms 3e062bf1-0e37-47cd-a55a-9f710138219e
[req] GET /api/v1/recipe-discovery 200 24ms 1a0bfe70-a577-4bc6-9ece-ddeefc2ce5fa
[req] GET /api/v1/me 200 1ms a69e6f2b-712f-4b48-96de-a63fac5a0a82
[req] GET /api/v1/inventory 200 3ms d57dae71-edaa-4ec4-9049-fabaa76fc25e
[req] GET /api/v1/me 200 6ms 977ef17e-9a4f-4561-b25a-d416092d7cb8
[req] GET /api/v1/inventory/lots/preview-stock-egg 409 1ms 1fc139d4-7ed5-4299-bf66-a9a837df7b5a
[req] GET /api/v1/inventory 200 3ms e3ef1d26-d346-4c7a-b23f-05658e5a619e
[req] GET /api/v1/me 200 5ms a1622b12-3e73-4684-8115-80f5bed70d20
[req] GET /api/v1/me 200 3ms 80541dd7-fe75-41eb-b39b-7a4b09f23aeb
[req] GET /api/v1/me 200 10ms a7e5b0ed-f83a-4712-ae7d-b89496b36a51
[req] GET /api/v1/recipes/thit-kho-trung 200 4ms bb73cdd7-f357-4a30-9dd8-66724aaac18f
[req] GET /api/v1/inventory 200 3ms 4bb5bde0-60fe-482a-887f-3e35f2c9c9da
[req] GET /api/v1/me 200 2ms 1f8f84f6-e564-45af-a2fe-8daf4e947737
[req] GET /api/v1/meal-planning/plans/current 200 2ms 12ee213c-4b6a-4ae3-a6c8-2536e994c898
[req] GET /api/v1/me 200 1ms ae2ecc93-834f-4f3d-9123-ec0481fc909e
[req] GET /api/v1/shopping-list 200 2ms 1e818336-6164-4c4a-a542-23c2023c79b4
[req] GET /api/v1/me 200 4ms 2308c931-df55-480d-bcbb-14edebcc40b1
[req] GET /api/v1/me 200 19ms f5a8b4dc-e2ae-4c05-95d6-1f848f619337
[req] GET /api/v1/preferences 200 2ms ed3e30a8-47c4-47c1-9000-1cd7b3e1241a
[req] GET /api/v1/me 200 3ms 8cff3df1-ea2a-4651-a1fb-66b4a4b747ae
[req] GET /api/v1/week/preferences 200 1ms 32ae355d-1f95-4577-bfc2-896f6f94b0bc
[req] GET /api/v1/me 200 1ms c6d8aa82-7b1d-4e23-8769-2f976b2c4ab1
[req] GET /api/v1/meal-planning/plans/current 200 2ms a75b9779-ceeb-46d0-b26f-2b28a31b211d
[req] GET /api/v1/inventory 200 5ms 7e5c376b-da75-4f52-9b83-f47f7af3920a
[req] GET /api/v1/recipe-discovery 200 14ms 64d5299a-0800-4d10-b4eb-cf30c7548b7e
[req] GET /api/v1/me 200 5ms 257e1f48-db12-4f42-9fc7-a54917b1ad80
[req] GET /api/v1/inventory 200 7ms d79b23cb-5045-47fa-8a91-c99138bcb016
[req] GET /api/v1/me 200 1ms d1a8dedf-4582-4b0d-bc3d-d17afe073819
[req] GET /api/v1/inventory/lots/preview-stock-egg 409 1ms 8dbb96d2-f490-48d3-ba4e-6198cf76deaa
[req] GET /api/v1/inventory 200 1ms fe78d561-3701-4dc7-83dd-7e952dad15dd
[req] GET /api/v1/me 200 1ms ecc6a554-85d5-42de-89f5-5a382ba768f1
[req] GET /api/v1/me 200 0ms cb3d484c-da78-4599-b782-b1d88792adf5
[req] GET /api/v1/me 200 3ms 0f91d17b-c11a-41a0-8116-41eb068f5d7f
[req] GET /api/v1/recipes/thit-kho-trung 200 2ms 3706c64c-a51b-4dca-854f-dd1368b10960
[req] GET /api/v1/inventory 200 1ms af60b9f6-2f64-4a9f-ab43-7fad7941b946
[req] GET /api/v1/me 200 1ms 9715378c-d1ad-4dab-a07d-dd46822d3a33
[req] GET /api/v1/meal-planning/plans/current 200 1ms 95a227f8-0fad-4355-83c3-796cc9b195ce
[req] GET /api/v1/me 200 1ms c73c81b4-571b-4555-b156-9cf1269ebb42
[req] GET /api/v1/shopping-list 200 1ms 7927ad1e-567f-45f7-89b1-4eeec8073ef3
[req] GET /api/v1/me 200 1ms cb3c8fa7-1c28-487b-b2c5-fe2f5b78ba53
[req] GET /api/v1/me 200 1ms 4438652e-69dc-4df3-8bf9-6d5a6714e4b8
[req] GET /api/v1/preferences 200 65ms 83c9db86-c87c-49b0-b7ce-839685d0c617
[req] GET /api/v1/me 200 1ms 280991d4-b424-442e-85f4-b298031ca810
[req] GET /api/v1/week/preferences 200 1ms 4acc6b00-24d0-48c9-928f-178629493eb1
[req] GET /api/v1/me 200 0ms 15f295c6-26b3-4bf2-be29-019ec6adf3fb
[req] GET /api/v1/meal-planning/plans/current 200 1ms 82a2a954-57f7-404c-9ef2-1d9ac4941f28
[req] GET /api/v1/inventory 200 3ms c728148d-db34-4702-be1a-c483335ca975
[req] GET /api/v1/recipe-discovery 200 6ms 5f8436a5-fa9d-4bed-9136-896085a9a644
[req] GET /api/v1/me 200 1ms f4588fe9-46b8-424d-a74c-341727767bb0
[req] GET /api/v1/inventory 200 1ms 81c9488c-9cb5-41d8-825e-e3ae4eb10714
[req] GET /api/v1/me 200 2ms 8a9c2a65-eb1e-4d77-bdc0-84f8e2516b90
[req] GET /api/v1/inventory/lots/preview-stock-egg 409 1ms a698c1ae-e109-4272-96ed-e9618ea85dd2
[req] GET /api/v1/inventory 200 0ms 4b9648c4-e753-48b6-b603-7a15ec6885dc
[req] GET /api/v1/me 200 0ms 197a9f9c-b4c1-4895-98ba-46c154b7328f
[req] GET /api/v1/me 200 1ms 33b09248-7517-4069-b382-ec35480a5350
[req] GET /api/v1/me 200 0ms 640ef047-e93d-4459-a977-7eb7d16833c8
[req] GET /api/v1/recipes/thit-kho-trung 200 1ms f5b57368-1df5-412c-bdcf-59df99da39e7
[req] GET /api/v1/inventory 200 1ms 3a743d9e-7c68-4aaa-bae8-b7aa0b0daaae
[req] GET /api/v1/me 200 0ms b9a9f3c5-d7af-40c3-a628-619d86a838d2
[req] GET /api/v1/meal-planning/plans/current 200 1ms 01a1b2b3-aa67-4ca2-979d-3ee9bc098d76
[req] GET /api/v1/me 200 1ms f159a80e-fe1b-4e39-9b65-5b9e46c5c904
[req] GET /api/v1/shopping-list 200 1ms b6aba858-0b8f-4d8d-b937-a02689b2a86c
[req] GET /api/v1/me 200 1ms 147aea85-6159-48d6-86d5-828669b74020
[req] GET /api/v1/me 200 2ms bf1652e9-c65e-4d3d-acab-48545cbb0cac
[req] GET /api/v1/preferences 200 1ms 45fd5cbb-799a-41e6-abe8-702042e9a211
[req] GET /api/v1/me 200 1ms a9688d81-c2f2-48fc-ab68-7e17f4aa2026
[req] GET /api/v1/week/preferences 200 0ms fd48df70-1fce-4173-9fd8-1a823e43527b
[req] GET /api/v1/me 200 2ms ddffce12-a8fe-49d8-ab5a-e1b8159c15a5
[req] GET /api/v1/meal-planning/plans/current 200 1ms acb6b2d8-c6e2-4b90-bca9-53a83fed10f7
[req] GET /api/v1/inventory 200 3ms e17dfb0b-ca94-4ee6-a0da-e68b7dd28f8c
[req] GET /api/v1/recipe-discovery 200 6ms 133dc6ce-6f3b-4bed-9d8f-627da1e62825
[req] GET /api/v1/me 200 1ms 85ceb05b-3ced-4ff1-bb45-9af69e90a856
[req] GET /api/v1/inventory 200 0ms 9e5e6310-c49b-433a-946f-d73670331664
[req] GET /api/v1/me 200 0ms 746ad0f7-ede8-4bc6-bfd0-58157ed1f003
[req] GET /api/v1/inventory/lots/preview-stock-egg 409 1ms 6097f7bd-af1e-4b8b-814f-b7fb4d99e613
[req] GET /api/v1/inventory 200 0ms f531f825-a8e7-4704-9dc7-a09cefbd21f2
[req] GET /api/v1/me 200 0ms 76f41431-f0e7-488d-ae2d-ec8dfe3fac4d
[req] GET /api/v1/me 200 0ms 9436019b-73ca-4b23-8c13-477aed993d9d
[req] GET /api/v1/me 200 1ms ef5e103d-5970-4864-96c4-2430499db95b
[req] GET /api/v1/recipes/thit-kho-trung 200 2ms 94063f67-8c5d-4bfe-9f01-76b51b20c5c0
[req] GET /api/v1/inventory 200 0ms 24aa40b0-32eb-44d9-aa55-b39863722ec4
[req] GET /api/v1/me 200 1ms cf575aa4-05de-49f0-b9bb-7eb9bc1d8573
[req] GET /api/v1/meal-planning/plans/current 200 1ms 1e4dea5d-5920-4fa7-a2b6-bd2242e181d8
[req] GET /api/v1/me 200 1ms 065c65d0-640f-4cbf-b05d-798597186507
[req] GET /api/v1/shopping-list 200 1ms 3c30c856-2673-4f30-9607-258b7d6030c3
[req] GET /api/v1/me 200 1ms 6357fd19-947a-440f-83cb-d4c2e1b60d8e
[req] GET /api/v1/me 200 1ms d3559f7d-ce3b-4b92-87bf-e1f209860d71
[req] GET /api/v1/preferences 200 0ms af23e4b3-3f4e-45bd-8396-4addecfe0e0c
[req] GET /api/v1/me 200 1ms f89e185f-0184-4927-a15a-cbb368a8c0cc
[req] GET /api/v1/week/preferences 200 1ms 918a555b-180e-4844-8929-b27ea6501e97
[req] GET /api/v1/me 200 1ms 65834af8-3c1a-4ba8-8774-2b1f2af561ed
[req] GET /api/v1/inventory 200 0ms 2df23f41-7e03-4f6b-a9e3-9d9b95068805
[req] GET /api/v1/me 200 1ms 4997875f-0fd8-4927-90e3-9acfa1d8a685
[req] GET /api/v1/me 200 1ms f33c4a5a-17be-4ca2-b043-79334b227e97
[req] GET /api/v1/recipes/thit-kho-trung 200 1ms e75a0f6e-4607-4a3a-aed0-2a65123fc9a1
[req] GET /api/v1/inventory 200 1ms eb444f71-3ec6-484f-a6de-b2e3df65e378
[req] GET /api/v1/me 200 0ms 17e4a34b-688d-4e70-8918-cc1fa69e4b3f
[req] GET /api/v1/shopping-list 200 1ms b5b81b0a-6d5b-4bdf-961c-c47abe7c6eba
[req] GET /api/v1/me 200 1ms c688923f-ca68-428c-9f06-a89cb35d54ec
[req] GET /api/v1/preferences 200 0ms 8b20b74d-4692-4868-a684-49b0b899b24c
[req] GET /api/v1/me 200 2ms 2f8b77b0-f855-4919-9159-04cd55ea1697
[req] GET /api/v1/week/preferences 200 1ms 09f56954-2f22-485f-bbf4-0694065d9962
11:14:20 PM [vite] (client) hmr update /src/web/styles/index.css
11:14:20 PM [vite] (client) hmr update /src/web/components/layout/AppLayout.tsx, /src/web/styles/index.css
11:14:20 PM [vite] (client) hmr update /src/web/design-system/primitives.tsx, /src/web/styles/index.css
11:14:20 PM [vite] (client) hmr update /src/web/components/layout/AppLayout.tsx, /src/web/styles/index.css
11:14:20 PM [vite] (client) hmr update /src/web/styles/index.css
[req] GET /api/v1/me 200 1ms 33ee3eee-972d-408f-a0ff-12b46e09f6ac
[req] GET /api/v1/me 200 0ms 6e042298-46a7-4f32-87ad-51a2136b5e1d
[req] GET /api/v1/me 200 0ms 52850ad6-503c-4a17-a530-1b7a3c69f028
[req] PATCH /api/v1/preferences 200 1ms fb685afb-bf0e-45c2-b78e-3cca8627eee2
[req] GET /api/v1/inventory 200 3ms 12c96ab0-d21b-42a1-a04b-596e317f3efc
[req] GET /api/v1/me 200 2ms d061c6eb-3266-44d6-ab49-b95cc4773ce4
[req] GET /api/v1/meal-planning/plans/current 200 1ms b87e442b-1219-4c20-9eea-7caf783bc175
[req] GET /api/v1/inventory 200 2ms 57e3501a-5d8f-492d-aaf8-88855fc158cf
[req] GET /api/v1/recipe-discovery 200 4ms f99be2b9-8c3e-40ab-a705-0236ab4d82f7
[req] GET /api/v1/me 200 1ms 5934f0b6-82f6-44b7-a6d3-71eb87c70925
[req] GET /api/v1/inventory 200 1ms 5a1dfe05-8891-4e2c-a36a-bd676ea3cb9e
[req] GET /api/v1/me 200 1ms 29d5d447-6db6-42eb-ba1e-a9ff67a7de64
[req] GET /api/v1/inventory/lots/preview-stock-egg 409 1ms a9a04f68-342f-41cc-ae60-8a5d3479c5ec
[req] GET /api/v1/inventory 200 1ms 3f85b137-8484-4c17-858d-955c0633620b
[req] GET /api/v1/me 200 0ms f6caad6e-fedd-4f8e-a3b8-e16ef5c3d16b
[req] GET /api/v1/me 200 1ms 78a20297-355e-4f14-95c5-39fa1e45d715
[req] GET /api/v1/me 200 1ms 4d9ce30a-972d-4d9a-9ee6-bac26c149921
[req] GET /api/v1/recipes/thit-kho-trung 200 1ms 1012e839-45f1-4205-a87c-fa1d9a899151
[req] GET /api/v1/inventory 200 2ms 2829e1f8-3932-4e32-8aa2-44ba59bc5cfc
[req] GET /api/v1/me 200 1ms ee7894a4-39e3-4c27-998f-7c9678323c28
[req] GET /api/v1/meal-planning/plans/current 200 1ms 944f8f4a-c3e3-4978-8753-c088e9dfee17
[req] GET /api/v1/me 200 1ms 88654834-fe4e-4d05-9747-0e87af2c3a8f
[req] GET /api/v1/shopping-list 200 1ms 62872e33-a5a9-404c-b4e3-084c1f0076f3
[req] GET /api/v1/me 200 1ms 9e6a29e2-4dcf-48b1-8712-c4e64355c06f
[req] GET /api/v1/me 200 1ms 51540862-8e05-434a-865b-40993ffd9eef
[req] GET /api/v1/preferences 200 0ms 1dc605d3-b191-45a2-9994-65e5fc8722d7
[req] GET /api/v1/me 200 1ms 84e9966b-359f-4507-9abb-e7a8b2c9496e
[req] GET /api/v1/week/preferences 200 2ms e21530e4-fc11-4770-bd7a-27ac2482dd06
[req] GET /api/v1/me 200 1ms 664c70be-760e-4a77-b747-fdb6e1e996ab
[req] GET /api/v1/meal-planning/plans/current 200 1ms fc38a5e1-cb51-46c0-a6be-b0a3b030e319
[req] GET /api/v1/inventory 200 2ms 129ed48b-b47b-409a-8bed-9348b557118f
[req] GET /api/v1/recipe-discovery 200 4ms 4fbd1ab7-40bf-4711-be78-c7335417b4be
[req] GET /api/v1/me 200 0ms 882bc8ce-2949-4e97-86cd-1890b1e9cff7
[req] GET /api/v1/inventory 200 1ms e864f631-4b98-401b-b8d2-621154e4870e
[req] GET /api/v1/me 200 1ms 598db052-a91c-4aad-9817-172585e9865f
[req] GET /api/v1/inventory/lots/preview-stock-egg 409 1ms efab0d19-9c88-4b41-b051-f805b15384b7
[req] GET /api/v1/inventory 200 1ms 3b6d9fd8-1833-4f74-bb6d-a1bdd753ac19
[req] GET /api/v1/me 200 0ms 2ae1fb6f-d82a-4bb4-aa7a-82bde1d5da32
[req] GET /api/v1/me 200 1ms f60f57df-2929-4a56-9a96-aa5d298359cc
[req] GET /api/v1/me 200 1ms 748ce575-0886-4641-9778-0480accc5c1b
[req] GET /api/v1/recipes/thit-kho-trung 200 8ms 054a8802-0167-43cc-bf1e-b1144c2740a4
[req] GET /api/v1/inventory 200 1ms b49a2837-d6b8-43af-b017-44f264823242
[req] GET /api/v1/me 200 1ms a872a64c-1ce5-4c7d-8376-e4f07c259460
[req] GET /api/v1/meal-planning/plans/current 200 1ms eb168528-68a8-470e-9507-c890d028f344
[req] GET /api/v1/me 200 3ms 12fddf51-3d56-4408-b67f-993de28be078
[req] GET /api/v1/shopping-list 200 0ms e5aee28c-6c14-4bc2-971f-24b58616fcbe
[req] GET /api/v1/me 200 1ms d4a10cce-bf20-4200-b0a5-8504b0fff4f5
[req] GET /api/v1/me 200 1ms 7df198b6-859a-4dba-98db-fb85d16ee5bb
[req] GET /api/v1/preferences 200 1ms 8d846370-694c-4b29-b265-b90de5404274
[req] GET /api/v1/me 200 0ms 617b372a-e8a6-4786-9191-b268848e95e7
[req] GET /api/v1/week/preferences 200 0ms 1c54ef8b-864e-4305-b535-f5604c6cf6d4
[req] GET /api/v1/me 200 1ms 21c30e05-cb63-4c71-b753-60287388cc4b
[req] GET /api/v1/meal-planning/plans/current 200 1ms 7f9ddb06-f907-4f58-aa0a-a76d00433d44
[req] GET /api/v1/inventory 200 1ms be8245d5-1ff3-4a28-a53d-6738e9916b02
[req] GET /api/v1/recipe-discovery 200 5ms ceca54c5-bead-43f1-928e-311f11e5181b
[req] GET /api/v1/me 200 0ms 4f32dc63-edc4-4e8a-8dcb-9281c3e2baf2
[req] GET /api/v1/inventory 200 1ms a8d03462-f88f-4004-b89a-d7e2d8dee7e6
[req] GET /api/v1/me 200 0ms d9b051d0-cbe3-483e-a1a5-e404337664b0
[req] GET /api/v1/inventory/lots/preview-stock-egg 409 1ms 39c6669d-fd41-434d-82b2-3b1d6037535a
[req] GET /api/v1/inventory 200 1ms f7f224f8-70a2-49db-9ebc-28eab63d045f
[req] GET /api/v1/me 200 0ms 50f9afd6-d9ba-4fe2-b40d-3af0cf18f3e2
[req] GET /api/v1/me 200 0ms c61c0bc3-7d3b-4d1a-bdaa-7ea1a004e41c
[req] GET /api/v1/me 200 1ms d665254b-bbc4-4c86-b05d-eb721dd3f6f8
[req] GET /api/v1/recipes/thit-kho-trung 200 1ms 5d0ee830-6261-44ac-8c1d-be2e04b65333
[req] GET /api/v1/inventory 200 1ms 5fcab12d-dd8d-4c90-8b62-9c98c48d4dd4
[req] GET /api/v1/me 200 0ms 6ed5a72e-befc-42f6-9e60-80e057739f55
[req] GET /api/v1/meal-planning/plans/current 200 1ms 1daacdda-cf65-459e-b9ef-547a7a5893c8
[req] GET /api/v1/me 200 1ms aa2b0e80-bb48-4b54-aceb-663102ff2dec
[req] GET /api/v1/shopping-list 200 0ms 075a6204-e75c-419e-8e81-fc36b8029ed3
[req] GET /api/v1/me 200 1ms d6d07021-2e99-4295-9a77-f2ce9256bca9
[req] GET /api/v1/me 200 0ms 371594f7-ef07-4c86-9623-dc60e3411b35
[req] GET /api/v1/preferences 200 1ms dbce6194-8745-41ff-b09c-ac96d104bf58
[req] GET /api/v1/me 200 1ms c30a02b0-52e6-483f-81f6-31ceb353d0ea
[req] GET /api/v1/week/preferences 200 2ms 97f33456-8b10-4798-a8e0-267e5530f411
[req] GET /api/v1/me 200 1ms d9752cdc-d4d1-4779-9ad8-1f7ff6561fe5
[req] GET /api/v1/meal-planning/plans/current 200 0ms b33bcd5c-ac67-4dcc-ad89-f55233c086fd
[req] GET /api/v1/inventory 200 2ms 159c092a-a4c6-4085-aa09-91e686ec49f0
[req] GET /api/v1/recipe-discovery 200 5ms 5a399094-32d0-4d96-9d42-8be530477fa7
[req] GET /api/v1/me 200 1ms 67a43752-a7a7-4f72-9206-61f5bef7e93e
[req] GET /api/v1/inventory 200 0ms 431f96c5-0d26-4b7f-b52b-94ad7224b0ba
[req] GET /api/v1/me 200 0ms d39b0f31-b7cc-40cb-8bcc-bcc3621ead97
[req] GET /api/v1/inventory/lots/preview-stock-egg 409 1ms 6347bbe8-42de-4977-bdc9-d859b195738d
[req] GET /api/v1/inventory 200 0ms ce5b7241-5188-4327-9b9c-fa5b55d924f7
[req] GET /api/v1/me 200 1ms cb1fd0a6-4eb9-4384-a180-caa71c4bb32c
[req] GET /api/v1/me 200 1ms 9b265e37-4978-4c68-a5dc-93ed85915646
[req] GET /api/v1/me 200 0ms ae09657f-e30a-4369-abea-7faabc32f773
[req] GET /api/v1/recipes/thit-kho-trung 200 1ms 73041b6c-8e2b-487c-a144-b6fe4d3ba635
[req] GET /api/v1/inventory 200 1ms 82d93279-849d-4d74-bc2b-d6e87e9fec02
[req] GET /api/v1/me 200 1ms 5649e86e-5858-48e6-9631-00069ae0cc9a
[req] GET /api/v1/meal-planning/plans/current 200 0ms 3e522fa4-0333-487e-82ad-ea0f76f8ea67
[req] GET /api/v1/me 200 0ms 4f56c7da-2414-47e8-a978-a798f1cc002b
[req] GET /api/v1/shopping-list 200 1ms d9fe6e19-3422-4ec0-a011-7744505e913a
[req] GET /api/v1/me 200 1ms f0003780-d408-4380-8abe-3190023d6947
[req] GET /api/v1/me 200 0ms e8761249-e8f7-47b4-a3ed-671d05b20142
[req] GET /api/v1/preferences 200 1ms 5e0dc05d-cc0f-4581-baf7-c25456eb85b8
[req] GET /api/v1/me 200 1ms ec6f7307-b55a-434f-870c-058b1bf6bc64
[req] GET /api/v1/week/preferences 200 1ms b89fead7-d57f-4cf9-b12e-22c2fe1eee72
[req] GET /api/v1/me 200 2ms 64de2cfe-17d3-46f9-98fe-d562aa984d70
[req] GET /api/v1/meal-planning/plans/current 200 0ms ee5d226f-b990-431a-83b5-58e160e5b52c
[req] GET /api/v1/inventory 200 1ms dd564ac3-82f4-4bc7-9a37-61181eeaa597
[req] GET /api/v1/recipe-discovery 200 5ms ed87dad9-fde8-4be8-9891-fca633a2e3a3
[req] GET /api/v1/me 200 1ms b1a72a97-f54e-4608-8650-fc3c281c65db
[req] GET /api/v1/inventory 200 1ms 52daca82-c0d0-46f5-9a73-fbb0ad35ed2d
[req] GET /api/v1/me 200 1ms f42708e6-9be0-48cd-94d2-6ab2b0d6db4a
[req] GET /api/v1/inventory/lots/preview-stock-egg 409 1ms 25aff18a-f502-4a6f-8c3d-7e196c00bbe5
[req] GET /api/v1/inventory 200 0ms 76e28756-f871-4aac-85c6-d514d207f81d
[req] GET /api/v1/me 200 0ms 021be812-27de-40b0-8676-ee96050d6a90
[req] GET /api/v1/me 200 2ms 02c80bf0-f3c6-4201-a059-b0726fb473bc
[req] GET /api/v1/me 200 1ms 8740b9c7-5aff-4ec8-86a7-2456b2773173
[req] GET /api/v1/recipes/thit-kho-trung 200 1ms 9cf16e96-08d2-4f08-961d-6c6e643b6fe8
[req] GET /api/v1/inventory 200 1ms c64d4206-64a5-4a23-a50d-d6ed9d0f27cf
[req] GET /api/v1/me 200 0ms 9f8f1586-aa9f-4ca0-90be-c6baac716433
[req] GET /api/v1/meal-planning/plans/current 200 1ms 353c1465-0cb0-41b4-9747-5bbbb6d4ef46
[req] GET /api/v1/me 200 0ms 93606ad5-0929-4ed9-afe1-b574cc15200d
[req] GET /api/v1/shopping-list 200 1ms 9044da58-9b3b-49a9-8050-9536d018749e
[req] GET /api/v1/me 200 1ms 183d9b5c-c938-4e21-b7a5-70bea2cb210a
[req] GET /api/v1/me 200 0ms 8d4afbcf-7709-47b5-b4b7-75068543d212
[req] GET /api/v1/preferences 200 0ms e5d45b6e-d16f-4705-a4d5-9b3ca91ea4c0
[req] GET /api/v1/me 200 0ms a6ab398d-8ec2-4eec-89ed-fc41fd7c6ed2
[req] GET /api/v1/week/preferences 200 1ms 04b79d31-8e97-440b-8e24-378c1dee8e55
[req] GET /api/v1/me 200 1ms 600cf306-30f1-41bd-9096-bf19d11798f7
[req] GET /api/v1/meal-planning/plans/current 200 1ms 5c665cd2-cda9-4280-8134-f02dd29c77a0
[req] GET /api/v1/inventory 200 1ms eb365795-ac35-407e-99ca-f83695875343
[req] GET /api/v1/recipe-discovery 200 4ms 301f273d-74c2-485b-9ea1-5d20f55a62cf
[req] GET /api/v1/me 200 1ms 2841e09b-f2a3-43a3-97be-d810bc8c1170
[req] GET /api/v1/inventory 200 1ms a6ae4a87-4e7a-4fa9-8ba3-14deaa24ceb8
[req] GET /api/v1/me 200 3ms d2350048-f1a3-4132-95b0-68afda55c0e5
[req] GET /api/v1/inventory/lots/preview-stock-egg 409 1ms 2dc84a84-13a0-4384-b52a-683e98b11b85
[req] GET /api/v1/inventory 200 1ms 62840a1d-ac31-4477-bb89-16c4cdebfeda
[req] GET /api/v1/me 200 0ms 9ba5ef30-efac-4f99-8c23-e13f548054ba
[req] GET /api/v1/me 200 1ms 7d438d83-6aa4-4e01-acfd-6d28c16f7597
[req] GET /api/v1/me 200 1ms 92c42981-fe57-4f25-ae04-2093ae6a1359
[req] GET /api/v1/recipes/thit-kho-trung 200 1ms 3cb63dae-ba97-4bcc-b1b1-5c089b0f2b2a
[req] GET /api/v1/inventory 200 2ms e225db06-db37-4ba3-9ea0-a4fbc9c44111
[req] GET /api/v1/me 200 2ms be9f2f19-2b3d-4a8c-ae90-1c5638f7c986
[req] GET /api/v1/meal-planning/plans/current 200 1ms bac7d0ea-435e-4b37-8907-ff94757bc983
[req] GET /api/v1/me 200 1ms 87faf24c-e039-44b0-aa34-a5dd92be42f7
[req] GET /api/v1/shopping-list 200 0ms 1af1a5af-1960-4513-82f5-b4a50852c93c
[req] GET /api/v1/me 200 1ms 69d350aa-4c46-4252-a12d-c175b6a726ce
[req] GET /api/v1/me 200 2ms b4a53244-1408-4ac0-867c-54c7e0eb361b
[req] GET /api/v1/preferences 200 0ms 1b868912-ce82-4fca-a878-6e98fd0b4751
[req] GET /api/v1/me 200 1ms 7c676372-80a7-4e21-8e43-b1e3a40ade0e
[req] GET /api/v1/week/preferences 200 0ms 22b9d950-0f3c-4ae1-8dce-e43b299e9941
[req] GET /api/v1/me 200 0ms 479d36e8-1a88-4935-bb27-ff822aa6be76
[req] GET /api/v1/meal-planning/plans/current 200 1ms 4ed8ab74-b57c-484d-b951-b30bea5fe4a0
[req] GET /api/v1/inventory 200 3ms 11a3acf2-6a76-4568-8d02-6684e7837199
[req] GET /api/v1/recipe-discovery 200 4ms d6a489a0-fb54-45d9-a1c4-707deafe687d
[req] GET /api/v1/me 200 2ms a88c9cd9-40d1-4649-8924-8fa5df6a57bc
[req] GET /api/v1/inventory 200 0ms 9b966e98-2848-4233-8a77-88637d70cf87
[req] GET /api/v1/me 200 3ms 665ae9c2-3ae8-46af-9af7-4734473948c3
[req] GET /api/v1/inventory/lots/preview-stock-egg 409 1ms 1b2b19fc-2d43-4090-8913-19405f4e3e26
[req] GET /api/v1/inventory 200 0ms f8589525-7d8b-4286-87ca-460ebf59e3c7
[req] GET /api/v1/me 200 1ms 742aad5a-bad8-4599-acff-be90566b9b6b
[req] GET /api/v1/me 200 2ms fb41fd8a-2aa1-4918-a316-2e64a47306d8
[req] GET /api/v1/me 200 1ms 3d48d96f-b3c1-4a07-96f3-40ec1ea34a29
[req] GET /api/v1/recipes/thit-kho-trung 200 1ms c86145a6-6879-442c-9e63-563d221c8a78
[req] GET /api/v1/inventory 200 0ms 2a59c4bb-9dae-4b58-b58f-a1a6dcf1fe95
[req] GET /api/v1/me 200 1ms 307300aa-b41d-4db2-b493-197c80c17c43
[req] GET /api/v1/meal-planning/plans/current 200 1ms e24bcad3-edd7-4c44-8feb-cf64ba2861f7
[req] GET /api/v1/me 200 1ms 0c8a97b7-f9a0-4eb1-8f25-24aeceba753e
[req] GET /api/v1/shopping-list 200 1ms 596919c2-a04f-4871-a2cd-8d4594ef2f56
[req] GET /api/v1/me 200 1ms 39bbe86f-ef90-49c8-8a79-eda7e31dda0b
[req] GET /api/v1/me 200 1ms 17bb983a-27e4-4084-8dae-f405207085ba
[req] GET /api/v1/preferences 200 0ms a3c6a5a0-94c9-4938-a086-18696fb87719
[req] GET /api/v1/me 200 1ms bb9c783e-e7d3-43e3-87cd-5579ff91cdd5
[req] GET /api/v1/week/preferences 200 1ms 00fb3012-5b6f-42b1-bf5d-6b2067dfd308
[req] GET /api/v1/me 200 1ms 0b95a012-9f4e-4004-8e97-3b57d6159b84
[req] GET /api/v1/inventory 200 0ms ae0c0dcf-16b0-44cf-9fb7-7cf46d7a9a1a
[req] GET /api/v1/me 200 1ms 8d457d68-77e7-40a7-af88-59727613d433
[req] GET /api/v1/me 200 1ms e7807ae1-3c7d-4d0c-8237-00506256be90
[req] GET /api/v1/recipes/thit-kho-trung 200 2ms d6f06cc1-4c4d-4468-82f5-410f62b97120
[req] GET /api/v1/inventory 200 1ms 0455a070-6bf8-4187-8b25-ca8e4a5c9cde
[req] GET /api/v1/me 200 1ms 9040e0b7-55a9-490f-ad64-483720b065e1
[req] GET /api/v1/shopping-list 200 0ms 5cb72aee-fa46-4bb9-ba74-008a935fe3f7
[req] GET /api/v1/me 200 0ms 4e8a9107-50df-496e-b904-2a868a81432d
[req] GET /api/v1/preferences 200 0ms 8c9a491a-0fd8-45f3-88c5-8a6b960d6588
[req] GET /api/v1/me 200 1ms 41c5ebac-0dca-49c6-b596-c5cfb47b7b8d
[req] GET /api/v1/week/preferences 200 0ms 72092984-918c-47d3-9a2c-c8e190cdaa89
[req] GET /api/v1/me 200 1ms 5f3a5939-32ec-489d-ab0b-5a47a896e48c
[req] GET /api/v1/inventory 200 1ms 2bf9c1aa-0a8a-4912-be43-196160fae24b
[req] GET /api/v1/me 200 1ms 4e74527a-ca54-4e88-b6dd-3a7ab455e36c
[req] GET /api/v1/me 200 0ms 5e5e60a0-a294-4665-a3ee-5b7f47ce2f01
[req] GET /api/v1/recipes/thit-kho-trung 200 2ms fbcf7b7b-8847-42cf-a69e-c4e9f6f086a8
[req] GET /api/v1/inventory 200 1ms 0f37c032-8df3-42c1-8510-9b004fa9e74d
[req] GET /api/v1/me 200 0ms b65c51e6-8814-4c62-a71c-03e82f95d4b9
[req] GET /api/v1/shopping-list 200 1ms 2dff80f3-fb97-42f3-97e9-4da4d9e3e112
[req] GET /api/v1/me 200 0ms fc2ae57f-d114-44e0-9edf-5219173f6d8e
[req] GET /api/v1/preferences 200 1ms b389a04c-f0ba-4fe8-9764-0d31c9432311
[req] GET /api/v1/me 200 1ms 75939cd5-42db-4243-b8f4-46fdf4811bfd
[req] GET /api/v1/week/preferences 200 1ms f898d361-0638-4b50-b7a0-800106dcbe58
[req] GET /api/v1/me 200 1ms fcba3676-73b6-4561-b466-9a36779bb262
[req] GET /api/v1/inventory 200 1ms ff57dd5f-1e7a-415f-a1c7-bb9149c68ec0
[req] GET /api/v1/me 200 1ms 8ff45186-313d-4771-a9c0-fe05e496148d
[req] GET /api/v1/me 200 1ms 3ad16383-e767-4918-90b2-96bf4953aaa5
[req] GET /api/v1/recipes/thit-kho-trung 200 1ms 80c50148-4734-4907-bd36-dc6720050d41
[req] GET /api/v1/inventory 200 1ms dad7ffd2-a1c6-4376-a8db-23e0c45c3cae
[req] GET /api/v1/me 200 1ms 578af037-df82-4962-af10-69282e6fa0bb
[req] GET /api/v1/shopping-list 200 1ms f370cccd-7212-4f49-a6df-49f5c5d6a557
[req] GET /api/v1/me 200 1ms 7dc74cfc-2f41-4b53-a421-2a1112b658e3
[req] GET /api/v1/preferences 200 1ms 89c6e4b1-52f1-469c-afb7-9132c681d4b6
[req] GET /api/v1/me 200 1ms 603848ae-88cb-4ab9-9f3b-b88c3d592d87
[req] GET /api/v1/week/preferences 200 1ms b1f44632-8b92-419f-8026-c25019a05f63
[req] GET /api/v1/me 200 1ms ebebeab3-1814-4901-a7a3-7aa261dafbeb
[req] GET /api/v1/inventory 200 0ms 976fc095-a1be-424e-b061-2cc668c212da
[req] GET /api/v1/me 200 1ms 21e8e2f6-40a3-4841-870a-5828fc8f974b
[req] GET /api/v1/me 200 0ms 9671774d-1bcf-4673-afd8-8cf0a2d9c6b4
[req] GET /api/v1/recipes/thit-kho-trung 200 2ms 532a529f-9b18-4faf-9989-107b50045441
[req] GET /api/v1/inventory 200 1ms e9bd436a-3385-4264-b20d-fc8e24d7f60c
[req] GET /api/v1/me 200 0ms fa31be6d-af2d-4a17-9496-55d6fa47cf66
[req] GET /api/v1/shopping-list 200 1ms 3e1e6cf2-7617-41a9-9b37-c443b98bc152
[req] GET /api/v1/me 200 1ms 4278c0f4-f315-472e-b2b6-f19b5c6bfa04
[req] GET /api/v1/preferences 200 1ms 7a93b12e-29e0-468d-876a-cf54ee26c07e
[req] GET /api/v1/me 200 0ms d5bc5a28-bc4b-4f34-913b-fdde07c5fcd0
[req] GET /api/v1/week/preferences 200 0ms e9f9da52-ce2a-48bb-9b29-3b6a3e171d3a
[req] GET /api/v1/me 200 2ms 7529a47a-090e-4f5d-ab08-2a432b6dce06
[req] GET /api/v1/inventory 200 0ms 73ce1dfc-7fb8-4ff3-a110-68db24946000
[req] GET /api/v1/me 200 0ms f6bdff8f-bed7-4542-9c21-13e694657ce3
[req] GET /api/v1/me 200 1ms a0c55943-b183-4be9-9782-69e85f088d8d
[req] GET /api/v1/recipes/thit-kho-trung 200 1ms 3b3fe3c9-a842-4629-980d-ff9139ff4127
[req] GET /api/v1/inventory 200 1ms 7e2405fa-818b-46c9-8624-64844756cc55
[req] GET /api/v1/me 200 0ms 3a100788-22a7-49d0-b2c6-0a9ab878e081
[req] GET /api/v1/shopping-list 200 1ms 25d04d2e-9dcf-4c7d-98c5-3d5f9cd69455
[req] GET /api/v1/me 200 0ms 1fb51b69-2c76-4fbb-a44d-fcb4f2e8f55a
[req] GET /api/v1/preferences 200 0ms bf85e025-1ff1-44fe-ae25-e066dc7a3df0
[req] GET /api/v1/me 200 1ms 4a82289d-3ae8-4cbe-beea-4905c13fe46f
[req] GET /api/v1/week/preferences 200 1ms ab547a29-ec3d-44af-ba94-139eb82eb186
[req] GET /api/v1/me 200 2ms 5c3f542b-9d06-4cf0-a8bb-b44c875ee6ee
[req] GET /api/v1/shopping-list 200 1ms e266fe1f-0127-4ccb-9a4d-011d2a08bbd4
[req] GET /api/v1/me 200 2ms d1658f7f-6a54-4399-9561-e64a5840d2ca
[req] GET /api/v1/inventory 200 0ms af87c885-eb44-4d26-a629-63bd9d783e8e
[req] GET /api/v1/me 200 2ms 9a131083-da47-4524-93c7-5435951bc952
[req] GET /api/v1/inventory/lots/preview-stock-egg 409 0ms e0997d00-2c4e-41bb-89d3-b27b5ec8f359
[req] GET /api/v1/inventory 200 0ms 79fe1093-26fc-42cc-b669-f234cbac99a7
[req] GET /api/v1/me 200 1ms bab7d451-8a09-4eae-87d2-6eafd730188b
[req] GET /api/v1/shopping-list 200 1ms ad311793-35e8-4bbe-90f0-e37f7fd04838
11:15:35 PM [vite] (client) hmr update /src/web/design-system/navigation.tsx, /src/web/styles/index.css
11:15:35 PM [vite] (client) hmr update /src/web/components/layout/AppLayout.tsx, /src/web/styles/index.css
11:15:35 PM [vite] (client) hmr invalidate /src/web/design-system/navigation.tsx Could not Fast Refresh ("NAV_ITEMS" export is incompatible). Learn more at https://github.com/vitejs/vite-plugin-react/tree/main/packages/plugin-react#consistent-components-exports
11:15:35 PM [vite] (client) hmr update /src/web/components/layout/AppLayout.tsx, /src/web/styles/index.css, /src/web/components/common/KitchenHeader.tsx
11:15:35 PM [vite] (client) hmr invalidate /src/web/components/layout/AppLayout.tsx Could not Fast Refresh ("isKitchenSurface" export is incompatible). Learn more at https://github.com/vitejs/vite-plugin-react/tree/main/packages/plugin-react#consistent-components-exports
11:15:35 PM [vite] (client) hmr update /src/web/App.tsx, /src/web/styles/index.css
[req] GET /api/v1/me 200 1ms 3c6ec233-b898-4c53-8004-bdd5ea5e3da0
11:15:49 PM [vite] (client) hmr update /src/web/components/layout/AppLayout.tsx, /src/web/styles/index.css
11:15:49 PM [vite] (client) hmr update /src/web/styles/index.css
11:15:50 PM [vite] (client) hmr invalidate /src/web/components/layout/AppLayout.tsx Could not Fast Refresh ("isKitchenSurface" export is incompatible). Learn more at https://github.com/vitejs/vite-plugin-react/tree/main/packages/plugin-react#consistent-components-exports
11:15:50 PM [vite] (client) hmr update /src/web/App.tsx, /src/web/styles/index.css
[req] GET /api/v1/me 200 1ms 5faaa78d-7e13-40ab-85d0-1e0d3938d74e
11:15:50 PM [vite] (client) hmr update /src/web/components/layout/AppLayout.tsx, /src/web/styles/index.css
11:15:50 PM [vite] (client) hmr invalidate /src/web/components/layout/AppLayout.tsx Could not Fast Refresh ("isKitchenSurface" export is incompatible). Learn more at https://github.com/vitejs/vite-plugin-react/tree/main/packages/plugin-react#consistent-components-exports
11:15:50 PM [vite] (client) hmr update /src/web/App.tsx, /src/web/styles/index.css
[req] GET /api/v1/me 200 0ms 0859cb57-5fb4-466f-baa0-7aff5d62d570
[req] GET /api/v1/me 200 1ms 856f3f14-9361-4be8-8959-651b2656a8dd
[req] GET /api/v1/me 200 3ms 4d6bc75a-52b9-4fad-b391-341dab1f1c07
[req] PATCH /api/v1/preferences 200 0ms 7a60f078-72fa-4d39-996d-4572117474c0
[req] GET /api/v1/inventory 200 1ms 5013a80f-93f3-498e-bcbb-70076826a8b5
[req] GET /api/v1/me 200 1ms f393bd9e-493a-4948-bf16-078db0b5d487
[req] GET /api/v1/meal-planning/plans/current 200 1ms 0bfbeed9-cbe8-4150-9de3-ecdeadf9cfda
[req] GET /api/v1/inventory 200 0ms 38095360-74f6-4225-b9e8-2cc586c9265d
[req] GET /api/v1/recipe-discovery 200 4ms 3609951d-faa7-44ff-b907-13bff2f16d8d
[req] GET /api/v1/me 200 1ms b1784bf9-706f-4c3b-a7d9-d45caba891b4
[req] GET /api/v1/inventory 200 0ms 5cdf60bf-5baf-44fb-b57d-eaef3582c8fb
[req] GET /api/v1/me 200 3ms 473b17ad-99e0-4e19-8d6c-bc5cfb2da8df
[req] GET /api/v1/inventory/lots/preview-stock-egg 409 1ms c659dc5e-d506-42e5-81da-b6fae978ea37
[req] GET /api/v1/inventory 200 1ms a891c06c-037f-41e2-9ce6-1bfac1137cef
[req] GET /api/v1/me 200 1ms 24e699de-a483-4001-b854-cb1cc8c91aaf
[req] GET /api/v1/me 200 1ms 1857a82e-90ee-423a-b13d-74fd8566d79f
[req] GET /api/v1/me 200 1ms 3eb4b110-2629-497c-9e5a-2be1cca3b3bf
[req] GET /api/v1/recipes/thit-kho-trung 200 2ms 226a12aa-5b71-4c20-973a-3288da9f3610
[req] GET /api/v1/inventory 200 1ms db12e444-8892-4c61-835c-10904518c9c9
[req] GET /api/v1/me 200 1ms 3ca61d4e-6648-4af4-a4a6-d7b6afb04fde
[req] GET /api/v1/meal-planning/plans/current 200 2ms b90cef7f-83dc-4b8e-a96d-6f9c1e77c973
[req] GET /api/v1/me 200 1ms d71733d0-ad2a-4094-9e27-4aca9bfe0f87
[req] GET /api/v1/shopping-list 200 1ms 3ed4a238-743e-4c83-ad5e-3518b41ef80c
[req] GET /api/v1/me 200 1ms 63c096ec-332c-4818-a9a3-c1e6e8952d26
[req] GET /api/v1/me 200 1ms ea3b61be-2354-4e61-a719-e492c7504f04
[req] GET /api/v1/preferences 200 1ms fe46dc04-e2e2-42f7-ac9f-ee8714f278d1
[req] GET /api/v1/me 200 1ms 554cf546-0e0b-4f5b-a800-62db81a024c0
[req] GET /api/v1/week/preferences 200 1ms e8aebff7-fadb-4df8-82b2-d296e5d8fee2
[req] GET /api/v1/me 200 1ms 834eeb96-437a-4fcb-91bb-657a9e75f53c
[req] GET /api/v1/meal-planning/plans/current 200 0ms 870d72e3-8105-47ef-b96a-2fc1568b19b9
[req] GET /api/v1/inventory 200 2ms 121c72d8-54c4-4d91-8f01-93ab8427ba34
[req] GET /api/v1/recipe-discovery 200 3ms ff7c1a31-e35b-42ff-a1a8-a3928f08c2ca
[req] GET /api/v1/me 200 0ms ba5fd6c7-af50-4c53-aec3-339dd63094cd
[req] GET /api/v1/inventory 200 19ms 76fb5167-f03c-4a7e-bebe-5cbf1f630829
[req] GET /api/v1/me 200 0ms 53521177-ab04-478f-8a73-d456791a8896
[req] GET /api/v1/inventory/lots/preview-stock-egg 409 1ms f1c3ecc5-43ca-41b6-8aa7-628d3acea8a3
[req] GET /api/v1/inventory 200 1ms f39ab72c-5dc5-4a29-bbaa-0a9d5d6f1527
[req] GET /api/v1/me 200 1ms b6c7d35c-81f6-41ef-8a36-b10a6e61a6ed
[req] GET /api/v1/me 200 2ms f4ebfe68-cde0-4360-aa64-963519ea9798
[req] GET /api/v1/me 200 0ms 8998d4f4-f9c7-411e-a6f2-6af2346f5f8e
[req] GET /api/v1/recipes/thit-kho-trung 200 1ms bb40d720-0b18-4fbe-8861-c682be72fe61
[req] GET /api/v1/inventory 200 0ms 59471e28-aa9a-4e07-baa7-6107143d99b7
[req] GET /api/v1/me 200 0ms 47df3fa9-2603-47dc-a374-92b477dc74b8
[req] GET /api/v1/meal-planning/plans/current 200 1ms f4359052-6d79-4a72-b41e-4c3e36d3b507
[req] GET /api/v1/me 200 0ms 0a38e086-2ab4-4e7d-bea1-c59f1ef8849c
[req] GET /api/v1/shopping-list 200 0ms a5164f1a-be0f-4947-811f-ed25dd13c697
[req] GET /api/v1/me 200 1ms 9413a525-43e0-43cc-af76-5641d3e15696
[req] GET /api/v1/me 200 1ms b1bfc541-1bb2-4391-895b-1904ec790292
[req] GET /api/v1/preferences 200 1ms d73f5c56-af0b-4ded-938c-8436e6304e0a
[req] GET /api/v1/me 200 1ms 2c96a496-1628-4123-8219-3f96fb69263a
[req] GET /api/v1/week/preferences 200 0ms d40cbc80-be3b-4d0e-97f6-7ee076576b96
[req] GET /api/v1/me 200 1ms 4864163d-d1c8-46e9-a727-684926ab59bb
[req] GET /api/v1/meal-planning/plans/current 200 1ms a918b86a-805a-4412-bdf4-dfe4a04b1f04
[req] GET /api/v1/inventory 200 0ms 93e70289-67cb-4890-ad37-f9bd2f4bccc7
[req] GET /api/v1/recipe-discovery 200 3ms 5dfe3a6d-5b34-4027-b8a0-a4dd00fb07c3
[req] GET /api/v1/me 200 1ms 4aaf3ee2-1515-44d4-9e8e-c7e921578b9f
[req] GET /api/v1/inventory 200 1ms fa9998c4-babe-4490-9ca0-34d21e63ecdc
[req] GET /api/v1/me 200 0ms 9e231ec5-c611-4303-bbcc-3c008ce6807a
[req] GET /api/v1/inventory/lots/preview-stock-egg 409 0ms 14c532b0-53d4-4363-8874-f2e1aac32d37
[req] GET /api/v1/inventory 200 0ms 0096d84a-2459-4719-a8dd-9d6e4b7bda04
[req] GET /api/v1/me 200 0ms caddcf5d-dfe5-4a61-a581-4d91674a9076
[req] GET /api/v1/me 200 0ms 78397a96-9e3d-4813-b531-5274756aa36b
[req] GET /api/v1/me 200 0ms f7e114a9-245d-48a5-b4b6-4957c7d4e7e6
[req] GET /api/v1/recipes/thit-kho-trung 200 1ms 51c90154-93e6-4903-b876-b87f299c24d7
[req] GET /api/v1/inventory 200 1ms 8a080892-602a-4f2f-8974-a47001b797e8
[req] GET /api/v1/me 200 1ms 393a2607-a8d2-436b-8745-5f9ab7078f49
[req] GET /api/v1/meal-planning/plans/current 200 1ms a168d983-31f6-4d8d-9d58-07727a917d81
[req] GET /api/v1/me 200 1ms 8589d381-4ec1-49c5-b5d3-b746195e0df4
[req] GET /api/v1/shopping-list 200 1ms 39d315d1-6b5c-4df4-93e2-64565f2ed0b8
[req] GET /api/v1/me 200 1ms 11a0c137-d284-40bb-b949-295f13b0d14b
[req] GET /api/v1/me 200 0ms e815d7a9-bc69-4e43-93bd-59c01ae18e9f
[req] GET /api/v1/preferences 200 1ms 676c4c48-f770-4c5c-86e1-db6021c61859
[req] GET /api/v1/me 200 1ms e868ed81-9106-459c-83ff-3d5789719d64
[req] GET /api/v1/week/preferences 200 0ms 62620a59-be99-4092-9df1-5ed32ee3f9ff
[req] GET /api/v1/me 200 1ms cb058e88-7b5b-41a4-98dd-6f1ce4dc49d2
[req] GET /api/v1/meal-planning/plans/current 200 1ms f8872c38-7ecc-464c-a42f-885a83a1b51a
[req] GET /api/v1/inventory 200 3ms e52fe2f7-c0a5-4d00-9618-f62c3aa9c92e
[req] GET /api/v1/recipe-discovery 200 4ms ad2f7b42-8e17-4d20-be6f-e9b6a8ead7ca
[req] GET /api/v1/me 200 1ms 0bccc366-2401-426a-b632-77c671450e52
[req] GET /api/v1/inventory 200 0ms a67b696e-0f96-4c8d-acd6-5ae39fe588b7
[req] GET /api/v1/me 200 0ms cdab80f2-194d-4df7-96c6-9b9acab5b350
[req] GET /api/v1/inventory/lots/preview-stock-egg 409 1ms 88d38f6c-b5c9-44a3-af98-9637253ed463
[req] GET /api/v1/inventory 200 1ms b2a4f7d9-071d-47c2-a0e7-b862966dc021
[req] GET /api/v1/me 200 1ms a91077e2-471b-42bd-beea-67c796df6353
[req] GET /api/v1/me 200 1ms 41597bb2-35ea-4ad7-a170-0442758a4c8e
[req] GET /api/v1/me 200 1ms 5339ba0c-c3b6-4f8d-a19a-0843812afe3c
[req] GET /api/v1/recipes/thit-kho-trung 200 2ms 132afe09-2c9b-4695-8a44-7ddac6e0bc46
[req] GET /api/v1/inventory 200 2ms 2e21b8be-8f90-400c-9b15-a78c949a9453
[req] GET /api/v1/me 200 1ms f8f29e48-72c7-40d2-af9b-a48c0b4973f1
[req] GET /api/v1/meal-planning/plans/current 200 0ms 8830e76e-5ab6-406a-8490-0c0c4cc93842
[req] GET /api/v1/me 200 1ms db9fa08b-c820-4b6a-b48d-68f63179da98
[req] GET /api/v1/shopping-list 200 1ms ed8d75fa-7ac1-4d9f-93f5-7ae4ba1ed45a
[req] GET /api/v1/me 200 1ms c0561cd5-c3bf-45ee-9a84-f5a2fb6a94ee
[req] GET /api/v1/me 200 1ms 49918d1b-b8bf-4d08-99dc-baf652513387
[req] GET /api/v1/preferences 200 1ms dd2f8217-d22f-4cb7-872d-1d9d600cf814
[req] GET /api/v1/me 200 1ms 10c3f339-1d28-4ca6-9ffc-9b81af96a2ce
[req] GET /api/v1/week/preferences 200 1ms 2c95c39d-63fa-4476-a78c-6eabe6f6b3d3
[req] GET /api/v1/me 200 0ms 07c86564-9686-4901-abb2-a47eb08d590b
[req] GET /api/v1/meal-planning/plans/current 200 1ms d6559131-dfe4-45a0-975b-22b305627e96
[req] GET /api/v1/inventory 200 2ms 62bcca45-78f0-4cb1-9104-2486ec4cc7b4
[req] GET /api/v1/recipe-discovery 200 4ms feb6a90a-9a9d-4e6a-9db2-3a9b4d726ad1
[req] GET /api/v1/me 200 1ms 2ef72a93-1490-4b55-9d60-20d8ea358dd8
[req] GET /api/v1/inventory 200 0ms 7a420002-d551-4aab-8cc1-aa62165ca6d6
[req] GET /api/v1/me 200 2ms 35490e45-eb25-4dae-b597-8e634f94aeb2
[req] GET /api/v1/inventory/lots/preview-stock-egg 409 0ms 591ccd78-54b5-432f-b6a9-cdebc909b38e
[req] GET /api/v1/inventory 200 1ms 551043b8-8e67-4aca-b1fa-ca1735667ba1
[req] GET /api/v1/me 200 0ms eb130128-d636-4155-a791-6e29ad1d946b
[req] GET /api/v1/me 200 1ms 9715a568-97f5-4967-9581-e5ee1db3f026
[req] GET /api/v1/me 200 1ms 2db18686-b3bf-4f33-9737-7f0cacf8a0eb
[req] GET /api/v1/recipes/thit-kho-trung 200 2ms 48e64758-922c-4887-bd49-acea7b3165e0
[req] GET /api/v1/inventory 200 1ms 769e6fc5-2e93-4343-8d45-29fa9333ed5f
[req] GET /api/v1/me 200 1ms 43683c40-dfbf-4027-bdea-f215e4c27b7e
[req] GET /api/v1/meal-planning/plans/current 200 0ms a3bbadf3-c50c-4f83-b346-d15625b464c8
[req] GET /api/v1/me 200 0ms 7f80b802-b5eb-4107-ac9e-c99dce2a5b71
[req] GET /api/v1/shopping-list 200 2ms 5c52e14d-290a-460e-ba20-42afb594eda3
[req] GET /api/v1/me 200 1ms c4c8bfb5-e4ef-4f64-aee1-1598684258de
[req] GET /api/v1/me 200 3ms fd578200-82a3-40d5-b8c2-6376b53b4f66
[req] GET /api/v1/preferences 200 1ms 264ca855-217c-4bf3-ada7-b719c75b4564
[req] GET /api/v1/me 200 0ms f4e22c27-a18a-4be7-8df1-46e4ea678e8b
[req] GET /api/v1/week/preferences 200 0ms e2893a75-7e12-4171-ab2e-46ab96f59000
[req] GET /api/v1/me 200 1ms 7ceca238-b1c0-4814-ac9f-ea6a3a64f55f
[req] GET /api/v1/meal-planning/plans/current 200 1ms f29614e8-a114-4a09-83dc-5559409de616
[req] GET /api/v1/inventory 200 2ms 39725f30-0ae7-4d51-90ff-3a2d3f929d5e
[req] GET /api/v1/recipe-discovery 200 4ms 5878c496-dfa9-49f0-ab0c-db6260269e33
[req] GET /api/v1/me 200 0ms 05e02601-7e92-4b75-a271-80118a0cd597
[req] GET /api/v1/inventory 200 1ms b0a9b3fb-2f58-48e6-9c41-3c7439bbc5a0
[req] GET /api/v1/me 200 0ms dd2cfd53-b938-4984-b864-58e67e38def3
[req] GET /api/v1/inventory/lots/preview-stock-egg 409 1ms e2065856-8984-4108-83f9-29298ec615a0
[req] GET /api/v1/inventory 200 1ms 5bd6e89e-8cc4-4f72-ac15-f53c67a92c37
[req] GET /api/v1/me 200 0ms 6af20589-9127-46f9-bcd6-028db6150f51
[req] GET /api/v1/me 200 1ms fbf45512-bd35-46ae-8633-5a33642150b6
[req] GET /api/v1/me 200 1ms 8f191564-01c9-4527-ad47-aca6ce3abfe7
[req] GET /api/v1/recipes/thit-kho-trung 200 2ms d4fa3990-8951-4cd2-bd77-acaec4567fa2
[req] GET /api/v1/inventory 200 2ms b3786ae6-6165-4296-8db1-5cf15f76e2bb
[req] GET /api/v1/me 200 0ms e84feb15-3596-4ae5-b668-64d54d39f50e
[req] GET /api/v1/meal-planning/plans/current 200 1ms 32bbafd7-90b2-44e4-a7de-f761eb283e7e
[req] GET /api/v1/me 200 1ms a4285a92-51e9-4c02-a8fd-178f13607ed7
[req] GET /api/v1/shopping-list 200 1ms d359faee-9960-4421-92aa-c941ff086fed
[req] GET /api/v1/me 200 1ms fb1d863e-41cc-452c-94c9-22e6bf496a42
[req] GET /api/v1/me 200 1ms 4237cc3b-acdd-4ff7-baa5-b84135beeed0
[req] GET /api/v1/preferences 200 1ms 57612852-a774-4ba3-a467-84d8267a68f2
[req] GET /api/v1/me 200 1ms 4fe5303e-fe32-4c12-894f-ce714a8ae858
[req] GET /api/v1/week/preferences 200 1ms 4a59230c-4e57-4fc0-9847-901d46958e42
[req] GET /api/v1/me 200 1ms a7bd3e6b-2c7d-4f14-b2fd-c1c507d6dbcc
[req] GET /api/v1/meal-planning/plans/current 200 3ms 8bf21008-aa4f-4bf0-a5c2-91a9c4aadfd4
[req] GET /api/v1/inventory 200 3ms 75d6b382-75d4-4a7a-8350-dcf557bce311
[req] GET /api/v1/recipe-discovery 200 9ms e3b2b360-10a2-4269-8e91-fbee00dfcbcc
[req] GET /api/v1/me 200 4ms 0f1970f2-b886-423c-9527-2901cfc0fc19
[req] GET /api/v1/inventory 200 1ms 28fa0dc0-6b88-474c-80ce-75ad4402e082
[req] GET /api/v1/me 200 1ms 9719ff79-4dce-48a0-a083-babc8915561b
[req] GET /api/v1/inventory/lots/preview-stock-egg 409 2ms 50b70c85-58cd-4107-a2b3-bd1d1d262ffd
[req] GET /api/v1/inventory 200 1ms 9c8f4119-f10a-41e4-ad55-ef8a1a04d3ae
[req] GET /api/v1/me 200 3ms 85b7ecf8-65c5-4d7e-870b-1b236badbb77
[req] GET /api/v1/scans/t13b-preview-fridge 200 2ms f974c945-dd10-492b-a490-8d8382b3cddf
[req] GET /api/v1/me 200 3ms 040aec03-a6d1-410f-9143-7c3ebcc43f6d
[req] GET /api/v1/scans/t13b-preview-receipt 200 4ms 3c3a1386-f18b-4305-83e5-f1dd96e989c9
[req] GET /api/v1/me 200 3ms a090f9b5-54d7-4c2a-b362-36528b25f01b
[req] GET /api/v1/recipes/thit-kho-trung 200 3ms da1e610b-a2aa-4f50-8124-859855310e2d
[req] GET /api/v1/inventory 200 5ms 9ceb359f-7e09-4f32-8d6c-99f6feddf792
[req] GET /api/v1/me 200 2ms 723d6342-ad49-43b9-a70a-91d35087ea55
[req] GET /api/v1/meal-planning/plans/current 200 3ms 813279cd-4f1e-40a9-8471-05d87668f37f
[req] GET /api/v1/me 200 4ms 0c17e082-8e87-469b-aefe-732df412e198
[req] GET /api/v1/shopping-list 200 2ms 855d7a8b-4515-4d40-9edf-98f557f9e970
[req] GET /api/v1/me 200 2ms f0961e7d-cae3-4c84-b976-aa33f9e52b2c
[req] GET /api/v1/me 200 7ms d85984db-deda-42d9-aa1b-d31832990b39
[req] GET /api/v1/preferences 200 1ms 2f5ddf1e-d910-4900-bc91-d8ebc049ed20
[req] GET /api/v1/me 200 1ms 50d3bd1b-9f7e-4416-86b6-056f61415801
[req] GET /api/v1/week/preferences 200 1ms 38e3188a-2d88-44d8-948c-7c17e84f55a1
[req] GET /api/v1/me 200 1ms 9e0faa5c-acfe-402c-8ae0-b29f3059f787
[req] GET /api/v1/inventory 200 6ms 681d9e56-b71f-4301-b60c-5c9d4e754016
[req] GET /api/v1/me 200 4ms 73649fdf-1583-4beb-ac0b-5e949513bc80
[req] GET /api/v1/me 200 1ms 525c32a3-ac79-496b-beb8-412ac62beadc
[req] GET /api/v1/recipes/thit-kho-trung 200 1ms dff1e5ba-bda8-4b4f-87ad-501aa3f6da7d
[req] GET /api/v1/inventory 200 3ms c6d32cf1-3111-4c44-809d-88e104df7336
[req] GET /api/v1/me 200 0ms 0816ac70-8ba8-4e9a-825a-fdac3adc3bb3
[req] GET /api/v1/shopping-list 200 0ms 837ef23b-0000-43bb-92d2-23de60acea89
[req] GET /api/v1/me 200 2ms b8a75135-dbeb-432d-b1ef-d9b37bc65be1
[req] GET /api/v1/preferences 200 3ms 17be3001-f2c4-4b88-84af-66cba72e0a6e
[req] GET /api/v1/me 200 1ms bde4b84b-1031-4801-8926-0d4d25a486e6
[req] GET /api/v1/week/preferences 200 6ms 913e527e-1569-4313-a814-c4d088c8ac34
[req] GET /api/v1/me 200 2ms ec1b840e-b04d-4d4c-937d-5fa02fb559c3
[req] GET /api/v1/inventory 200 1ms 399776f0-00db-47f5-a2c3-3f3600ae633e
[req] GET /api/v1/me 200 2ms ca4957e5-539a-4bc7-869a-4faa0ebdba5f
[req] GET /api/v1/me 200 0ms c9340bf3-8c82-4634-8e69-f2be43c8493f
[req] GET /api/v1/recipes/thit-kho-trung 200 4ms 1625d3f6-c600-49d2-b840-9fe0cafa31fa
[req] GET /api/v1/inventory 200 1ms 32eb9941-2765-4416-a55a-a8e5a66de152
[req] GET /api/v1/me 200 1ms 2bb1b82b-32ff-425d-ac03-23270d9d8423
[req] GET /api/v1/shopping-list 200 1ms a14102dd-0e92-4cc3-8d95-bcce5060ffb0
[req] GET /api/v1/me 200 1ms 7302710c-d733-4c3b-a502-9c5b1edce8bf
[req] GET /api/v1/preferences 200 1ms d97332dc-3927-4f0e-994b-9839bcd81d23
[req] GET /api/v1/me 200 2ms 14f1389a-e52a-4de6-8c1b-948dbeedb24b
[req] GET /api/v1/week/preferences 200 1ms 5465ddd3-7473-4baa-8676-bbc164167463
[req] GET /api/v1/me 200 4ms 09161ac4-d44e-463f-905a-ed90f2417b28
[req] GET /api/v1/inventory 200 1ms 05aba376-bbd1-4bde-9c6d-4883b0ace989
[req] GET /api/v1/me 200 1ms b4f0daee-8139-4ccd-9194-f9566020b78d
[req] GET /api/v1/me 200 1ms 4a1b0d4f-6afa-477a-8fc6-6fc17633a460
[req] GET /api/v1/recipes/thit-kho-trung 200 1ms 564cfeff-d1fc-4792-8bf4-a84453ae43cf
[req] GET /api/v1/inventory 200 1ms 26dbb518-c310-4792-88bf-44574e2e3112
[req] GET /api/v1/me 200 1ms 25675900-00f5-4a8c-a93e-ca5595b390a9
[req] GET /api/v1/shopping-list 200 0ms 73c4e2ee-9b40-41d1-b089-bbcac8801b05
[req] GET /api/v1/me 200 1ms c8538c14-8a26-4d5b-8dd9-abc7d4673e51
[req] GET /api/v1/preferences 200 1ms c1bd8cab-88ca-4bc2-bca3-b0c2727f77d7
[req] GET /api/v1/me 200 1ms 063c0a8b-a92d-4b1b-bbcf-9427787a424b
[req] GET /api/v1/week/preferences 200 1ms 5c1e3ce4-326f-4e8b-8ac1-fc092b9568d7
[req] GET /api/v1/me 200 3ms 6e1fd47c-c984-4f04-99cb-b34c0e1644ea
[req] GET /api/v1/inventory 200 1ms 6df0f1ab-4ff8-4a44-928f-a8ea5bf13d12
[req] GET /api/v1/me 200 1ms 4aeeda89-99a6-48db-8e9b-9cc3d53aeefc
[req] GET /api/v1/me 200 1ms 15c40a05-7786-4a6f-8464-d3d1af4787df
[req] GET /api/v1/recipes/thit-kho-trung 200 3ms b98ec036-594b-48e2-aa69-d4ea50e83677
[req] GET /api/v1/inventory 200 1ms 5d540d75-a028-4d0a-885b-74cf51a811ba
[req] GET /api/v1/me 200 1ms 8f444677-0e23-415e-8c47-d8f005f985dc
[req] GET /api/v1/shopping-list 200 0ms 6a423aa1-aa56-4164-801a-15d10d6a18d9
[req] GET /api/v1/me 200 1ms c3a4093d-9ad6-4ef3-9570-a8c713641216
[req] GET /api/v1/preferences 200 1ms 319e67f0-7556-4ace-9a99-114ccd091703
[req] GET /api/v1/me 200 2ms 2e4c97fc-3165-42a2-82fa-0c5ce3f135bb
[req] GET /api/v1/week/preferences 200 1ms d5b83226-d711-4b52-9b03-770c1e0a1653
[req] GET /api/v1/me 200 1ms 4ee841d4-d3cc-420c-ab65-4d68e68e7d8c
[req] GET /api/v1/inventory 200 1ms 492da109-3d27-4943-a5fd-7cac71a3ade3
[req] GET /api/v1/me 200 1ms 53933f1c-c2ae-4e81-a92d-cdc5dd71b3f5
[req] GET /api/v1/me 200 1ms 28603ed3-2a47-492b-8e6e-637bfbacd980
[req] GET /api/v1/recipes/thit-kho-trung 200 4ms 595f89d9-345f-45a3-9c89-d1d99ec8d0de
[req] GET /api/v1/inventory 200 1ms d82864ef-5d9d-47f7-9f55-42b54ce75491
[req] GET /api/v1/me 200 1ms 1132a525-4ba6-49fd-bfa2-a3a2c446bb19
[req] GET /api/v1/shopping-list 200 0ms 8f927885-1434-4b6a-a318-8da974b7d492
[req] GET /api/v1/me 200 1ms 7356b0c1-42a0-4d73-8214-764f44a728c1
[req] GET /api/v1/preferences 200 1ms 1fa431cc-a3c8-4ee2-8aef-fea1d4fabd69
[req] GET /api/v1/me 200 0ms e8e1d1c0-69ae-4e5b-a569-892967e6ebfb
[req] GET /api/v1/week/preferences 200 1ms 523aa359-41c1-404d-816c-c20e2b585949
[req] GET /api/v1/me 200 1ms 2b94eb29-d24d-40fd-b24d-57b7f951aea5
[req] GET /api/v1/shopping-list 200 1ms 44ef061b-6ff2-4170-8cbf-cac915802925
[req] GET /api/v1/me 200 1ms 0fbf7094-d475-409a-a26c-c716c8ff0554
[req] GET /api/v1/inventory 200 1ms f701ffa9-96c2-4238-b3a9-c84e30a1cc86
[req] GET /api/v1/me 200 0ms 87b6b034-59cc-4342-a21b-63cee5f806bf
[req] GET /api/v1/inventory/lots/preview-stock-egg 409 0ms ef09a9a9-656f-4c5a-a015-c4c439087510
[req] GET /api/v1/inventory 200 1ms 456c0962-51af-48d7-a0db-b1b502312f5d
[req] GET /api/v1/me 200 1ms 77886e40-f9ec-4ac2-b550-d5c1a35fb202
[req] GET /api/v1/shopping-list 200 0ms bc8f03ad-bca2-42b0-983b-2de794d1a064
[req] GET /api/v1/me 200 1ms 23d37f49-ac09-4623-92e5-02b78ccb29a0
[req] GET /api/v1/me 200 0ms f5af1a78-0946-4c5e-8e74-05560262bd93
[req] GET /api/v1/me 200 0ms 390c5a4a-3d75-4814-8f8a-7f97c134105c
[req] GET /api/v1/recipes/thit-kho-trung 200 2ms b8c36280-a8e7-4206-8a31-a638f13df500
[req] GET /api/v1/inventory 200 2ms 8c213ae2-5530-4c87-8294-4ed97b67e283
[req] GET /api/v1/me 200 1ms 8a1b544d-dd16-4aa8-9df9-d480ab4fef29
[req] GET /api/v1/week/preferences 200 1ms f0feb383-2afa-4035-9d36-88b5a126cc28
11:20:21 PM [vite] (client) hmr update /src/web/styles/index.css
11:20:21 PM [vite] (client) hmr update /src/web/styles/index.css
[req] GET /api/v1/me 200 1ms 04a3bb0e-5beb-438d-b0d2-5c111046fac9
[req] GET /api/v1/me 200 1ms 2ed81fd8-8654-45eb-ba4c-4d8ee488a88f
[req] GET /api/v1/me 200 1ms 6c3a6c58-a114-443f-8194-b96b781f0fbe
[req] PATCH /api/v1/preferences 200 0ms fc9ae6ab-bac4-4ff6-9adf-9ce138e177a7
[req] GET /api/v1/inventory 200 4ms e243ae8e-20d5-45ca-9a91-3d2da2a2f368
[req] GET /api/v1/me 200 1ms 52dbe5a7-fb86-4d68-ba48-e4aa96997e80
[req] GET /api/v1/meal-planning/plans/current 200 2ms 63085530-b6da-496e-8e20-317ffc8f0cc9
[req] GET /api/v1/inventory 200 2ms 844b9c99-7ae1-4bab-a6fb-945f8b05dcc9
[req] GET /api/v1/recipe-discovery 200 5ms 208dd519-2885-4e62-a649-b6254d42101f
[req] GET /api/v1/me 200 0ms 83c01321-b839-4571-bc26-bb4697fc2eea
[req] GET /api/v1/inventory 200 1ms 911475d0-0725-4219-b8c4-880a7ff232f8
[req] GET /api/v1/me 200 0ms 36af9f69-29a8-4a3d-a640-23056b7d8e69
[req] GET /api/v1/inventory/lots/preview-stock-egg 409 1ms afadcec1-ece4-4568-934d-f7f2e699bea5
[req] GET /api/v1/inventory 200 2ms 7605e579-5da2-4a95-8843-0904fe00ef86
[req] GET /api/v1/me 200 1ms ca71a03d-633d-4a54-b842-29f367a0aa7f
[req] GET /api/v1/scans/t13b-preview-fridge 200 0ms 4697954a-2943-4bca-b156-2384187284e9
[req] GET /api/v1/me 200 2ms f88a7dc7-2b3b-4701-a21e-29c942baeaba
[req] GET /api/v1/scans/t13b-preview-receipt 200 1ms 1a2bff03-981f-4bf2-9f42-c08b03baf610
[req] GET /api/v1/me 200 1ms 2440da8a-8cac-44e7-b320-1b5fc878057c
[req] GET /api/v1/recipes/thit-kho-trung 200 1ms a8d1225a-a403-4599-8ce2-b56255f216c3
[req] GET /api/v1/inventory 200 2ms 5eeb7b15-3ad1-4eae-b0a4-cd928c98a474
[req] GET /api/v1/me 200 1ms 414499a9-b0dd-42e7-b4ea-c747a2307e4d
[req] GET /api/v1/meal-planning/plans/current 200 1ms ad73b4c9-ef72-4e6e-83f3-06d9dfe27d9f
[req] GET /api/v1/me 200 1ms 311a852d-6abe-43e5-b9bf-d5534b000792
[req] GET /api/v1/shopping-list 200 1ms d40bc851-c636-4d0a-89da-6e2bd9df422f
[req] GET /api/v1/me 200 0ms 6acfd882-ee99-41c5-aac8-847fc785caf0
[req] GET /api/v1/me 200 1ms 6ca1d08c-22c7-4dff-8413-0e562ac6ac4f
[req] GET /api/v1/preferences 200 0ms 6b190d6d-f053-4d32-b62a-83314774d348
[req] GET /api/v1/me 200 2ms 82cfc881-d2a1-43c4-abf5-ddbf6d2881d7
[req] GET /api/v1/week/preferences 200 0ms 0b8be1a3-b332-4f50-b119-36a3014e71d8
[req] GET /api/v1/me 200 1ms 28fd4e99-5639-4698-a12f-ebb236267969
[req] GET /api/v1/meal-planning/plans/current 200 1ms 38abc10a-5c25-4288-830f-5b39c758ca60
[req] GET /api/v1/inventory 200 2ms fb24d6a4-ed31-4d27-b229-af47606b03cd
[req] GET /api/v1/recipe-discovery 200 5ms b58a2ba6-7be1-451d-af3a-c75aa9e6d0a9
[req] GET /api/v1/me 200 0ms d9cd98ab-cb93-45b3-a920-bae8782c0d56
[req] GET /api/v1/inventory 200 1ms 28126429-ba03-4108-b7a5-4aa18efb3f27
[req] GET /api/v1/me 200 1ms 5162c0a0-bbd5-4166-8716-afe4926907b6
[req] GET /api/v1/inventory/lots/preview-stock-egg 409 0ms efb2880a-a3c5-446d-af0d-b49f3e46b942
[req] GET /api/v1/inventory 200 0ms 463428f3-2ae1-45f4-a64e-0255e007ab4c
[req] GET /api/v1/me 200 0ms fb139636-4758-4b45-97ef-f64faa7ee8ac
[req] GET /api/v1/scans/t13b-preview-fridge 200 5ms 5d504aff-5535-47b8-b072-4a9807653d7e
[req] GET /api/v1/me 200 1ms 9ad54bda-61e8-47c5-af33-69a0659f1af5
[req] GET /api/v1/scans/t13b-preview-receipt 200 1ms 9d45a67b-133e-4326-9b85-1ee4ba78bd2b
[req] GET /api/v1/me 200 1ms f2219a68-afa6-44d1-b5ca-6c7135de4c3d
[req] GET /api/v1/recipes/thit-kho-trung 200 2ms b8d4e177-712b-4c1f-9acc-2fcb9a60511c
[req] GET /api/v1/inventory 200 1ms 55917a43-7f0e-4b73-a636-a3b224b5a906
[req] GET /api/v1/me 200 1ms 15c5918a-40e5-4143-a9da-223f03cfe548
[req] GET /api/v1/meal-planning/plans/current 200 1ms 3e274e1b-8815-4075-b61b-176d8b1bf98e
[req] GET /api/v1/me 200 1ms 52b5ae96-0784-4de7-b258-d15334a2e736
[req] GET /api/v1/shopping-list 200 1ms 96931cc0-6ada-481a-88b2-494068c70420
[req] GET /api/v1/me 200 1ms 35b929d3-345f-4f65-8cf1-b77d47534307
[req] GET /api/v1/me 200 1ms 0a243925-567a-41c0-8459-e4a51e83b134
[req] GET /api/v1/preferences 200 0ms b3671f23-15b7-492e-af0c-50a537535731
[req] GET /api/v1/me 200 0ms d7eb8e3b-59d2-4076-97b0-1f6b5dbae51b
[req] GET /api/v1/week/preferences 200 1ms 491046e8-d4e3-4caa-9ddf-f842451fc5bd
[req] GET /api/v1/me 200 1ms dda109f9-d8a9-4d90-bab4-c52ab94ee3dd
[req] GET /api/v1/meal-planning/plans/current 200 1ms a1d671e6-8e0c-4c0c-b5a7-f80a43e7e129
[req] GET /api/v1/inventory 200 1ms 13da2c25-2f1e-46c5-8928-70e620018e0b
[req] GET /api/v1/recipe-discovery 200 5ms fd81a17b-900d-46c1-89db-a1844c120ae4
[req] GET /api/v1/me 200 1ms c6a36b6d-541f-4dc6-bbc9-a6f27a0a02d4
[req] GET /api/v1/inventory 200 1ms 9184bf3a-732d-4420-b633-578531734140
[req] GET /api/v1/me 200 1ms b34a1d16-ba50-4445-bdbc-63e016b53009
[req] GET /api/v1/inventory/lots/preview-stock-egg 409 1ms 160904e3-522a-4ff0-b163-1b5d925478b5
[req] GET /api/v1/inventory 200 1ms ba1a9406-d6e2-46b2-a1f9-db57ebd93420
[req] GET /api/v1/me 200 0ms 9e3742f7-24a8-4d02-96d3-98dfc9594e4f
[req] GET /api/v1/scans/t13b-preview-fridge 200 1ms 97e17b93-9e1f-48b7-ab58-87484fc11005
[req] GET /api/v1/me 200 1ms 8cfc9850-0886-47b4-b50f-8949d5e10ddd
[req] GET /api/v1/scans/t13b-preview-receipt 200 2ms c37a3954-4d18-477b-8e40-32518e0b55a4
[req] GET /api/v1/me 200 1ms 6d0dc652-22d4-4adc-8c86-954f2e8c4c11
[req] GET /api/v1/recipes/thit-kho-trung 200 1ms b1018381-d693-47a0-81ee-c5d477380e99
[req] GET /api/v1/inventory 200 0ms 245cb488-de9c-42ce-9af0-8d6143624c72
[req] GET /api/v1/me 200 1ms 0c7a10ab-17d2-4717-a91e-c5cc104eb21f
[req] GET /api/v1/meal-planning/plans/current 200 1ms 2ea1f8ac-8f56-4531-a7e2-f3e7d4d8ea64
[req] GET /api/v1/me 200 1ms 4e3f975b-cc91-453c-be83-da7713b8ae5d
[req] GET /api/v1/shopping-list 200 1ms 544d5230-0413-4190-bc00-e167bf8d1a72
[req] GET /api/v1/me 200 1ms f2b0f4a2-d4ad-42fa-9812-fb0cbb993678
[req] GET /api/v1/me 200 1ms b58bbb3f-0d2c-4c7e-ab65-9f04101f4f5f
[req] GET /api/v1/preferences 200 1ms e6c69a77-75fa-4384-bbf1-ed06274f49f1
[req] GET /api/v1/me 200 1ms ac98c76c-b0cd-4616-9c50-9741b418a99d
[req] GET /api/v1/week/preferences 200 1ms 0e52433e-bd74-453e-baf9-6f0fe5f84f40
[req] GET /api/v1/me 200 0ms d698a598-0fab-47ca-98e1-64dcb9be836c
[req] GET /api/v1/meal-planning/plans/current 200 2ms dc7403b6-082f-419d-a434-95b04c7622f5
[req] GET /api/v1/inventory 200 1ms 81ce3079-2ff5-48d4-88f5-72902d2ea9c1
[req] GET /api/v1/recipe-discovery 200 6ms b7cf7e98-1404-4cd9-b902-d9437bafb2b5
[req] GET /api/v1/me 200 0ms 7e698b22-0264-46e9-b386-4421d21dce01
[req] GET /api/v1/inventory 200 0ms d6f7710f-b336-4770-abde-5998f8c8ff61
[req] GET /api/v1/me 200 0ms d7a6bc14-301c-42ec-b5c5-d28b51b8a4b7
[req] GET /api/v1/inventory/lots/preview-stock-egg 409 1ms 01e2d436-2de0-4a9e-a27a-65b1f2d57bf7
[req] GET /api/v1/inventory 200 1ms a97b68d6-db60-4f54-9a8d-9b81140ac5b4
[req] GET /api/v1/me 200 1ms a6baab29-b24b-4c15-8c19-d1412945b173
[req] GET /api/v1/scans/t13b-preview-fridge 200 1ms c2e4b864-b266-4de2-a629-6b22f7a86fa3
[req] GET /api/v1/me 200 1ms 105415d5-4abf-4c27-b174-0859c27cb316
[req] GET /api/v1/scans/t13b-preview-receipt 200 1ms 70fdd24e-004a-4079-9444-c7e1c96800fc
[req] GET /api/v1/me 200 1ms 14245b48-aa06-41c1-b3c5-c6e096bbd409
[req] GET /api/v1/recipes/thit-kho-trung 200 2ms 42b53d1c-f7ba-4452-a55d-b9debfec0dba
[req] GET /api/v1/inventory 200 3ms 35dcf58e-6a97-45ad-94bd-0bf1d0546220
[req] GET /api/v1/me 200 1ms cd9e75f6-9e90-43ed-8e83-65c6468383d1
[req] GET /api/v1/meal-planning/plans/current 200 1ms 8d643f39-3119-45d1-b43f-8f23a95171cf
[req] GET /api/v1/me 200 0ms b2ad6d4b-b6c1-4ee3-806c-8dc483738b9a
[req] GET /api/v1/shopping-list 200 1ms 211810dc-df8b-4736-8366-f0b349853fdc
[req] GET /api/v1/me 200 0ms dab2c777-2c0f-463d-a9aa-0316100924a0
[req] GET /api/v1/me 200 0ms 4c7433a5-2dd9-4fe3-87a8-4dfb1eb628f4
[req] GET /api/v1/preferences 200 1ms 5bbccf84-c4db-4fc5-83fc-07c2c4e7a972
[req] GET /api/v1/me 200 1ms ef267211-51f0-46df-be8d-1b708b626091
[req] GET /api/v1/week/preferences 200 1ms 18d98395-f609-4e7d-af70-0e4feff7c48d
[req] GET /api/v1/me 200 1ms 8aa00106-b1cd-4255-93fe-0b08cc28de58
[req] GET /api/v1/meal-planning/plans/current 200 2ms 16f0eb75-68a4-42c5-b018-81029c1feca0
[req] GET /api/v1/inventory 200 3ms 5586e7ea-04df-4e9d-a7e8-f0b3f7805957
[req] GET /api/v1/recipe-discovery 200 10ms 6bc67182-434b-42c3-9ef4-4c85fc785101
[req] GET /api/v1/me 200 1ms 32163709-3108-40b1-b6d1-9a63c175c03c
[req] GET /api/v1/inventory 200 1ms 035e2c8e-9e2d-497b-8d81-f2dd222ff22c
[req] GET /api/v1/me 200 0ms 2edf12f1-6410-4ea5-9a17-23311e5cf708
[req] GET /api/v1/inventory/lots/preview-stock-egg 409 1ms b4273096-f872-4bd2-b2f5-407f895a0b33
[req] GET /api/v1/inventory 200 1ms 6d418339-0693-42ce-aa0d-720d621f2966
[req] GET /api/v1/me 200 1ms a5fa7b8c-ab96-45f1-bc77-29821bee6aff
[req] GET /api/v1/scans/t13b-preview-fridge 200 0ms d30d2ee4-27b7-4308-9c78-51a3db136b48
[req] GET /api/v1/me 200 1ms 9712c73f-01e1-4f68-90e7-f072ef94df29
[req] GET /api/v1/scans/t13b-preview-receipt 200 1ms e1c5ce87-a31b-473c-8595-cd5dcb1ec196
[req] GET /api/v1/me 200 10ms 0c1d61d2-313e-4cf8-9fa1-6c0894793166
[req] GET /api/v1/recipes/thit-kho-trung 200 3ms ed043d99-08b7-4a88-b1d9-19b2b1cb76d0
[req] GET /api/v1/inventory 200 1ms f3150230-88ad-4f6b-95a5-ed2d85432fb8
[req] GET /api/v1/me 200 4ms 309beaff-cb44-43fb-9320-6cf3fc4df6ac
[req] GET /api/v1/meal-planning/plans/current 200 2ms 3de3146a-4309-4b7d-835f-b99cc57ac975
[req] GET /api/v1/me 200 2ms ac722f89-6c99-4a9d-b4b2-6252a5e093a5
[req] GET /api/v1/shopping-list 200 1ms 05b7cdcc-e0a2-4586-864c-d9f534c32b8e
[req] GET /api/v1/me 200 1ms d2d06609-9c92-439b-bcdf-e656e468b508
[req] GET /api/v1/me 200 2ms d8cb13a7-5087-42d4-9722-c42ab9f1c766
[req] GET /api/v1/preferences 200 1ms f8ed3a88-a7c9-4d1f-94c8-bb7b42272834
[req] GET /api/v1/me 200 2ms 5a5050fd-bc00-44d3-91c1-9c30113de247
[req] GET /api/v1/week/preferences 200 3ms 5a512c95-3694-497c-a000-a23cf6683974
[req] GET /api/v1/me 200 3ms 71c41579-75b9-42c9-8ade-b03300d3cd3c
[req] GET /api/v1/meal-planning/plans/current 200 3ms 0f71f24d-06fc-4c21-a04d-93ca41cc6113
[req] GET /api/v1/inventory 200 5ms b3b378eb-f075-44ca-8d85-18a2ecdae868
[req] GET /api/v1/recipe-discovery 200 20ms 90ba9080-ca34-41d2-9476-272b4d158b9d
[req] GET /api/v1/me 200 18ms 2f5c0086-b1a0-47fd-9129-9371c0c58ec0
[req] GET /api/v1/inventory 200 3ms f72593f2-ef28-4aec-9951-8c3b385a1797
[req] GET /api/v1/me 200 1ms 8e76abb7-d0dd-4206-9937-10d0aecbb398
[req] GET /api/v1/inventory/lots/preview-stock-egg 409 2ms 2f054d7d-a657-44f2-a863-d63175b12da6
[req] GET /api/v1/inventory 200 1ms 8c1f3135-ff75-455d-9fae-f012c8c8c949
[req] GET /api/v1/me 200 1ms 5fab174f-4626-46c0-9325-b889aeb302e0
[req] GET /api/v1/scans/t13b-preview-fridge 200 1ms cbbd4d3f-1160-42fd-8847-36b97420090a
[req] GET /api/v1/me 200 1ms def27e38-da9d-4e61-b15e-632bc450fb93
[req] GET /api/v1/scans/t13b-preview-receipt 200 8ms 20b3e47a-67b6-4732-bede-78fdff85fec2
[req] GET /api/v1/me 200 1ms 8a5e087a-368c-4bb5-a1d9-030217986edc
[req] GET /api/v1/recipes/thit-kho-trung 200 3ms 7d22a678-ccd6-4bf7-b12f-3b0d48511530
[req] GET /api/v1/inventory 200 1ms 3bd04a73-93c5-4711-9b75-9002f23d189b
[req] GET /api/v1/me 200 1ms 8b60180b-5280-451e-97e5-3bab09983243
[req] GET /api/v1/meal-planning/plans/current 200 1ms 84539233-4163-48af-8a63-7433fe41538f
[req] GET /api/v1/me 200 3ms 576b55d4-b3a8-4bf9-bfb6-6db650f57de1
[req] GET /api/v1/shopping-list 200 1ms 8743fe8d-f650-4e32-9dd5-625f31c9c2b5
[req] GET /api/v1/me 200 3ms e0714e01-698d-481c-a06d-3d13cffbc63f
[req] GET /api/v1/me 200 2ms 792ff396-a622-4248-ba54-2647dea55705
[req] GET /api/v1/preferences 200 1ms 7c13d1b1-2f23-4bc1-922e-40deda61d574
[req] GET /api/v1/me 200 0ms b4a62d86-3408-4fba-a021-1c9ed228a199
[req] GET /api/v1/week/preferences 200 2ms 7bf660f4-1b7d-4fcd-b911-345f0a6f39fd
[req] GET /api/v1/me 200 1ms 4ec4f00d-fb16-46f6-bad6-2b4f1beb78e2
[req] GET /api/v1/meal-planning/plans/current 200 2ms 351b4710-292c-457b-a9ac-0b13ad207b63
[req] GET /api/v1/inventory 200 1ms 269d0bf9-40b0-4a15-b314-2a4158b9fe0a
[req] GET /api/v1/recipe-discovery 200 13ms 359145a3-1f1c-404e-94bc-eeeaf10e9aaa
[req] GET /api/v1/me 200 3ms 4369d8c4-58fb-4dcb-ac21-ced132eef25a
[req] GET /api/v1/inventory 200 2ms 9198b0f2-5aaf-4823-a2ed-dd58ae47dd68
[req] GET /api/v1/me 200 7ms edc587d0-80e5-495e-9745-243f8acf5bc5
[req] GET /api/v1/inventory/lots/preview-stock-egg 409 6ms bcf51efd-4259-4cbb-bf95-b3dd22eaa210
[req] GET /api/v1/inventory 200 2ms 164cf503-7755-46d6-84fa-513d8e51f9e8
[req] GET /api/v1/me 200 1ms 08f5f6d9-9f11-424d-9a2e-1040baebe569
[req] GET /api/v1/scans/t13b-preview-fridge 200 2ms 9eae2809-c0c8-4d0b-95ea-c743568e2294
[req] GET /api/v1/me 200 2ms 7ee2bdd3-207f-4aaa-89b3-333eac8401db
[req] GET /api/v1/scans/t13b-preview-receipt 200 1ms ca0510d0-79b8-4278-be36-0cf4e8850233
[req] GET /api/v1/me 200 1ms 2432bbbf-cca1-4e82-a658-5572f79972e7
[req] GET /api/v1/recipes/thit-kho-trung 200 2ms 047c783b-16ce-41d4-8c18-0b632b4939bd
[req] GET /api/v1/inventory 200 2ms 9a83a194-ae6d-458b-9bd3-885dec58a3c5
[req] GET /api/v1/me 200 1ms dfbf8703-9940-4c69-a65b-1f4d9f264e3c
[req] GET /api/v1/meal-planning/plans/current 200 1ms 495a6369-0cb4-4271-8e2c-08ea51df4d49
[req] GET /api/v1/me 200 2ms 52b09633-0df0-4d2f-9f25-d20fa1f248da
[req] GET /api/v1/shopping-list 200 1ms beea8035-b6bb-4c83-b7fd-71c5e914ce1b
[req] GET /api/v1/me 200 2ms 7b773651-d200-4dba-b91e-89b7652f47fd
[req] GET /api/v1/me 200 0ms 2c67a237-6052-4769-903d-df75eb97129d
[req] GET /api/v1/preferences 200 0ms 5bb7b0ee-2002-4bf6-99e4-2e903fb173ce
[req] GET /api/v1/me 200 0ms eb0a88b9-c82c-435d-8887-6772f94a6f06
[req] GET /api/v1/week/preferences 200 3ms 62954c66-da50-44e0-8329-a3ae66e04b8e
[req] GET /api/v1/me 200 0ms a7fa07ff-cb6b-4711-b9f9-228bec79ab1c
[req] GET /api/v1/inventory 200 1ms 300c2883-de81-43c1-bff3-8f8e8ede91c2
[req] GET /api/v1/me 200 0ms 1afd5c65-8db1-4034-b411-161b53ceff46
[req] GET /api/v1/scans/t13b-preview-fridge 200 1ms adb4eea2-1a4b-4ffc-bd85-4bd983b1e1e1
[req] GET /api/v1/me 200 3ms c2b20897-265c-417c-beea-01b02670eab4
[req] GET /api/v1/recipes/thit-kho-trung 200 2ms 71db47ff-4142-4b5f-bc1c-62d300d3477d
[req] GET /api/v1/inventory 200 0ms 31ddbb62-8089-4dee-9c37-a1a19914046d
[req] GET /api/v1/me 200 5ms 240ca92d-4d3a-4252-ae62-b787f290e2b1
[req] GET /api/v1/shopping-list 200 0ms 5cb162bb-92ae-463c-a61c-39937b2f70d6
[req] GET /api/v1/me 200 1ms f50ab589-91df-44df-9ce0-fde718dec9de
[req] GET /api/v1/preferences 200 1ms 8052ce71-ca34-4397-8e80-e04b455c62bc
[req] GET /api/v1/me 200 2ms a2b39a57-85bf-488b-b3dc-98f2a3c097b2
[req] GET /api/v1/week/preferences 200 0ms 563a02e4-d47c-4bb7-80c4-b12a50140741
[req] GET /api/v1/me 200 1ms 13276d60-d0ae-45a5-a0c0-6519a162e770
[req] GET /api/v1/inventory 200 1ms 448a74e5-1fbb-4970-be52-20929eb6b265
[req] GET /api/v1/me 200 4ms 4a1f86f4-718b-4a5c-bfb0-3b86d0940b56
[req] GET /api/v1/scans/t13b-preview-fridge 200 1ms 36879058-c389-4d43-8237-c86f3ee1e954
[req] GET /api/v1/me 200 1ms a7df36a0-57c6-4458-9ffd-fababe10a76f
[req] GET /api/v1/recipes/thit-kho-trung 200 2ms 3751e626-5845-4a76-b6d2-1f7cc3a8acc1
[req] GET /api/v1/inventory 200 1ms 83b7df8f-b002-42c7-8040-c2410c2ef028
[req] GET /api/v1/me 200 1ms a742dc22-0dc2-4a6f-92c2-42f4384fcf38
[req] GET /api/v1/shopping-list 200 1ms 56231e6b-338a-4664-b52c-0410f535e518
[req] GET /api/v1/me 200 6ms 97ca4ca1-244c-4f48-8351-e9b24eb9b185
[req] GET /api/v1/preferences 200 1ms 95417e93-24ba-4fea-923f-0191d0f925de
[req] GET /api/v1/me 200 1ms 67e4cae3-ea9d-4297-a56f-24cb1cdd6de7
[req] GET /api/v1/week/preferences 200 1ms 3776325c-5460-4b98-86b0-34d744db2944
[req] GET /api/v1/me 200 1ms ca324ce3-d6b8-44cb-bce5-8ec7ce731cc1
[req] GET /api/v1/inventory 200 1ms c3bfc7e3-cabd-457b-b8ee-50e022c9b81f
[req] GET /api/v1/me 200 1ms 1a4a890c-5b0a-406e-b5ab-8903c4395110
[req] GET /api/v1/scans/t13b-preview-fridge 200 0ms 98b51a57-9063-4e4c-8b3a-f9b22cafd661
[req] GET /api/v1/me 200 1ms 3e1f0124-a9c3-4d82-b05e-a4053afe190d
[req] GET /api/v1/recipes/thit-kho-trung 200 2ms 6fe901a0-fb83-4ba8-8f80-403404b21705
[req] GET /api/v1/inventory 200 1ms c26ac2d0-40f1-471d-ad94-cc22807a3c8c
[req] GET /api/v1/me 200 2ms 3040224b-cf17-4c27-9d08-859dab96de2b
[req] GET /api/v1/shopping-list 200 1ms 887f3be4-9227-4494-bb45-9b2395d5e45e
[req] GET /api/v1/me 200 2ms 1c2933b9-48a9-49f5-ab67-d1d2bd956423
[req] GET /api/v1/preferences 200 1ms 41036683-feab-47b0-84ae-c177fd56bc4b
[req] GET /api/v1/me 200 1ms 58f42a00-1374-4156-8d53-970ac2637b54
[req] GET /api/v1/week/preferences 200 0ms e27869d7-c8b3-461f-9c87-b573e7a553ee
[req] GET /api/v1/me 200 1ms 07a8480d-7818-494c-9be8-56bd6eec99e5
[req] GET /api/v1/inventory 200 1ms c18043ca-94c0-43e1-9d61-08cc02bc82f0
[req] GET /api/v1/me 200 1ms 5e040219-b2a0-4946-8098-1532f4363840
[req] GET /api/v1/scans/t13b-preview-fridge 200 1ms 92d0e9cf-039c-41aa-9231-e8b764231d1e
[req] GET /api/v1/me 200 1ms d563521d-ffef-45ea-a642-afe1b4c29d47
[req] GET /api/v1/recipes/thit-kho-trung 200 1ms 98a77b90-013b-4f8c-8cff-934f48e5155f
[req] GET /api/v1/inventory 200 2ms 5cb684fd-8595-48d4-865b-f7fc121ff48d
[req] GET /api/v1/me 200 2ms bb88918c-3ea4-4b50-929c-fff0bc5d6a5a
[req] GET /api/v1/shopping-list 200 1ms 058a12d5-c620-4315-93d4-beec4bc32a28
[req] GET /api/v1/me 200 1ms 3ece136e-9122-4ebb-8057-9a8124209bb5
[req] GET /api/v1/preferences 200 3ms 375bb0f9-4041-4d18-b51e-78aef6689308
[req] GET /api/v1/me 200 1ms 2a1bb5cb-2de1-4c72-8c32-dd7e61f5caa3
[req] GET /api/v1/week/preferences 200 4ms c48f4f54-ca1e-403e-a52f-6954e2a2a89e
[req] GET /api/v1/me 200 0ms d76fbfab-ae56-41e4-a23a-03d094477269
[req] GET /api/v1/inventory 200 1ms b0e5106e-1d50-4cb6-bfb3-2641e48f302b
[req] GET /api/v1/me 200 0ms acc5a820-5ae5-4a22-8237-068c39a01c95
[req] GET /api/v1/scans/t13b-preview-fridge 200 1ms a2d4cfd7-f3a9-4207-9fed-824bf99e0245
[req] GET /api/v1/me 200 0ms ea50d1d7-d641-442d-9a87-bca3d43799c7
[req] GET /api/v1/recipes/thit-kho-trung 200 1ms 471595d0-019f-41d3-95f4-2f98d85e534a
[req] GET /api/v1/inventory 200 1ms e625b629-2c0f-4eb4-9371-0b71df5c8755
[req] GET /api/v1/me 200 1ms f5bd1d3a-eb97-4a40-b786-13c7e936c7ed
[req] GET /api/v1/shopping-list 200 0ms 590f7853-8fac-4bda-9f9b-caf596155c7c
[req] GET /api/v1/me 200 1ms c424c48e-a384-49af-bb4b-b3a961b7d020
[req] GET /api/v1/preferences 200 0ms 4a8ef54a-df11-461e-ba84-fcd3159ce0c9
[req] GET /api/v1/me 200 2ms b833f22e-5b30-436e-b6a3-0bcea3ad99a7
[req] GET /api/v1/week/preferences 200 0ms 55652c6e-5c35-4af2-a854-8e089d1da6e2
[req] GET /api/v1/me 200 1ms ba610d29-d0ca-4be9-a99a-4aa9156f81ec
[req] GET /api/v1/shopping-list 200 0ms 73cf405e-24c7-405c-985d-ee40bba3bf98
[req] GET /api/v1/me 200 1ms c0511a4b-319b-4b89-a10d-c63a703e1e0b
[req] GET /api/v1/inventory 200 0ms 4c940bf5-9f5e-4adf-ba5e-bc66369c6bfb
[req] GET /api/v1/me 200 1ms feebe81a-750c-4d70-8a00-51db19643e8b
[req] GET /api/v1/inventory/lots/preview-stock-egg 409 0ms c927281d-a37c-4b1d-8e2f-c7733cf734bc
[req] GET /api/v1/inventory 200 1ms 61b4a13a-c839-4081-a797-48898b4ea52c
[req] GET /api/v1/me 200 0ms a3d44aa6-f2cc-4086-b6d7-119b85f637a5
[req] GET /api/v1/shopping-list 200 1ms c9a1a3ae-91b3-4437-b2de-ca317933b0ec
[req] GET /api/v1/me 200 1ms fa1ed427-724e-4a39-9b1b-cf2e640d373a
[req] GET /api/v1/me 200 1ms 08fc8a54-8e91-42a3-8261-753eea2e6c0f
[req] GET /api/v1/me 200 1ms 5c4c2dab-d432-4d82-ae9d-0fe4b3bddba9
[req] GET /api/v1/recipes/thit-kho-trung 200 2ms 0c019c71-99eb-4d7d-95b8-f50a625ca77f
[req] GET /api/v1/inventory 200 1ms f4fc194a-9b95-4719-8537-e4df9ee57dc5
[req] GET /api/v1/me 200 1ms 03df5944-d3d7-4a5f-a2f2-f50e98ed8eec
[req] GET /api/v1/week/preferences 200 1ms a8d04179-0526-4250-b40b-eb83d4b70183
[req] GET /api/v1/me 200 1ms 2b0a892c-a0cf-4a8c-acb7-ffb34ce4246c
[req] GET /api/v1/preferences 200 0ms b2dba91c-9c09-4c8d-bca4-067925bb864b
[req] GET /api/v1/me 200 0ms 84edd3e6-40fa-48ae-8630-497051e0b45d
[req] GET /api/v1/me 200 1ms b5dc1df9-c65d-4cb9-b6b8-b1ad4abc0a8a
[req] GET /api/v1/me 200 0ms c76ec5d6-9363-4c53-969b-4779dbea4ceb
[req] PATCH /api/v1/preferences 200 1ms 9df11146-06c9-4b41-b063-8753452750f8
[req] GET /api/v1/inventory 200 1ms 2993f3b2-5414-41aa-86b5-ab41b1d8ee54
[req] GET /api/v1/meal-planning/plans/current 200 2ms 39ce52d1-6150-45fc-929c-ba866e607e09
[req] GET /api/v1/inventory 200 0ms 95c2aec2-db0c-4bbc-9eef-7a21c4dcc3e9
[req] GET /api/v1/recipe-discovery 200 10ms 1f821f3c-c429-4bc2-b639-7984bcd087c6
[req] GET /api/v1/me 200 1ms 25cb8960-449a-49d9-ad78-9229b77a2ba5
[req] GET /api/v1/meal-planning/plans/current 200 2ms 3e54306a-7f43-434a-96eb-ed0d28f9397e
[req] GET /api/v1/inventory 200 1ms 314e5d14-e774-456c-a6f2-99f9c66d1e98
[req] GET /api/v1/recipe-discovery 200 6ms 577eae8c-2f96-4db2-a7e5-e38a30cd5250
[req] GET /api/v1/me 200 0ms a20663a4-b777-4103-b43f-deb3119f3caf
[req] GET /api/v1/inventory 200 0ms f752a185-d374-4a0a-ab2e-f7e56c1aa0cc
[req] GET /api/v1/me 200 2ms 1e4fb933-2430-45bf-97af-2cc27b8c28cf
[req] GET /api/v1/inventory/lots/preview-stock-egg 409 1ms d864eb35-3136-4a04-bee8-3ed8e0393292
[req] GET /api/v1/inventory 200 0ms 8862d43d-bb7b-4fdb-81f8-23fa6dd4f91a
[req] GET /api/v1/me 200 0ms 94e3ec7e-f92d-49f2-91f0-f048599ac65b
[req] GET /api/v1/scans/t13b-preview-fridge 200 1ms 2b196780-9eae-4824-b4b9-44d2b71b87e5
[req] GET /api/v1/me 200 2ms bc09e277-1438-4f15-81c0-3d6a834b6646
[req] GET /api/v1/scans/t13b-preview-receipt 200 1ms 55cfb041-f489-4ab7-be1d-a5f6a5612d2f
[req] GET /api/v1/me 200 0ms af820245-3060-4a0e-9c20-0a4c17e5906f
[req] GET /api/v1/recipes/thit-kho-trung 200 1ms a032c8a6-c765-4c04-8783-9c4b572f89c4
[req] GET /api/v1/inventory 200 1ms e5fe73ea-4d56-4254-b53d-e48a699a6a67
[req] GET /api/v1/me 200 0ms 038faaa0-6be1-4315-8ee1-02357f4650a8
[req] GET /api/v1/meal-planning/plans/current 200 1ms c8c1014a-ef41-44f3-8309-b9ffd03f3dce
[req] GET /api/v1/me 200 1ms 01ae0070-b55c-40a6-9054-8a43703fa13a
[req] GET /api/v1/shopping-list 200 1ms 6f6bcb74-1fde-4b37-823a-47033ff3823d
[req] GET /api/v1/me 200 1ms a602d0c5-69c1-4416-9fd2-3280564f27e1
[req] GET /api/v1/me 200 0ms c2b14ef8-f608-4471-baa6-d85cfbe97911
[req] GET /api/v1/preferences 200 0ms 15c4c92d-0832-4064-aeb2-934df21566ed
[req] GET /api/v1/me 200 5ms 16f43d98-f1e3-42c8-ab31-a8544029a59d
[req] GET /api/v1/week/preferences 200 1ms a9398049-9fb8-4a94-899d-f3abbe254714
[req] GET /api/v1/me 200 1ms 4c351664-d8af-4fd5-8ffd-d523f723125f
[req] GET /api/v1/meal-planning/plans/current 200 1ms 2866daf5-75a7-4270-baa6-cbdbf95bd94a
[req] GET /api/v1/inventory 200 2ms e37e3785-d951-456d-afdc-90b44b66af6b
[req] GET /api/v1/recipe-discovery 200 4ms 88dd9216-7598-4646-b335-7168709707a5
[req] GET /api/v1/me 200 3ms f1591f7a-18d2-4af7-b781-6f6614ed1ae6
[req] GET /api/v1/inventory 200 0ms af8f9046-a5c6-4d48-b6ca-b2eb27e3746d
[req] GET /api/v1/me 200 2ms 2399997d-3ea1-42a3-a112-c87d5f0aa68a
[req] GET /api/v1/inventory/lots/preview-stock-egg 409 1ms 443ba15c-4e2b-440a-85ed-4658479af906
[req] GET /api/v1/inventory 200 0ms 29f06a59-3e88-469a-876b-f36e4606c3cd
[req] GET /api/v1/me 200 1ms 43a183c4-2dd6-4365-8c6f-7af99f429fed
[req] GET /api/v1/scans/t13b-preview-fridge 200 0ms e360341d-8f49-41e3-b541-2dc33d35581f
[req] GET /api/v1/me 200 0ms 984e064f-9d5c-4b4f-be96-d5dd7c3c0722
[req] GET /api/v1/scans/t13b-preview-receipt 200 1ms b145cf52-8541-40a4-83cf-94a27e9c1501
[req] GET /api/v1/me 200 0ms 55818c5e-7ce2-4cc0-b59f-20ae8a63b764
[req] GET /api/v1/recipes/thit-kho-trung 200 1ms 523b02a8-00ca-4931-951d-a75ae157a1ad
[req] GET /api/v1/inventory 200 0ms 747bb949-3978-49bf-b077-667c890376ad
[req] GET /api/v1/me 200 2ms 037346af-144a-409f-a65b-4f0c64f8453a
[req] GET /api/v1/meal-planning/plans/current 200 1ms 5e5f0f47-9a32-4b2e-bb2b-e71cdd3418c4
[req] GET /api/v1/me 200 1ms 71e235aa-2fb9-4d51-b9d8-134d5790cdbf
[req] GET /api/v1/shopping-list 200 1ms 92d05cc6-89d9-4ce1-b60e-6b1701f46c29
[req] GET /api/v1/me 200 1ms 11e2a541-116e-4b36-95d9-ae93085dc2b8
[req] GET /api/v1/me 200 1ms e95e7134-9f7a-48b0-8ca2-92decda03f7b
[req] GET /api/v1/preferences 200 1ms 2936f4f6-d6fc-40c0-a409-5e2fde33e521
[req] GET /api/v1/me 200 1ms 89c2ef53-b0fa-4b88-8bd3-a47676130ea4
[req] GET /api/v1/week/preferences 200 1ms fd62b10d-6a37-4f70-8088-e7df592768a0
[req] GET /api/v1/me 200 0ms c29ff28b-4513-4ba9-8cc7-edbb9e4032fb
[req] GET /api/v1/meal-planning/plans/current 200 1ms 033703fc-67c3-419b-a141-8e636fac1183
[req] GET /api/v1/inventory 200 1ms 6fe54341-c39a-4e73-a4a2-02666e8c8280
[req] GET /api/v1/recipe-discovery 200 5ms a40ea58e-9df1-4083-8b47-4d7dfb798d51
[req] GET /api/v1/me 200 1ms f7fd700c-9499-459f-8b3d-8d349e1bd181
[req] GET /api/v1/inventory 200 1ms 86592670-88dc-4f90-9d07-02a1f18f9216
[req] GET /api/v1/me 200 1ms 6f479f74-a43d-47df-9459-4887ee0948e0
[req] GET /api/v1/inventory/lots/preview-stock-egg 409 0ms d8a4f9f4-7f6f-4c3a-a46f-7299ddd8452a
[req] GET /api/v1/inventory 200 1ms 25f2320e-c4b3-486e-8202-a7c2087277bb
[req] GET /api/v1/me 200 0ms 9d4b64dc-26b8-46d3-b344-86c441c52025
[req] GET /api/v1/scans/t13b-preview-fridge 200 0ms d39b2123-61ae-414f-83eb-9de1119b1e55
[req] GET /api/v1/me 200 1ms aef9b795-1223-4d20-baeb-95650720be1a
[req] GET /api/v1/scans/t13b-preview-receipt 200 0ms e11b9d7c-8c96-47f1-88ba-c732ca542ed2
[req] GET /api/v1/me 200 0ms d41d9774-b80c-4ec0-8c48-d08e881b9122
[req] GET /api/v1/recipes/thit-kho-trung 200 2ms 95e407ca-fa57-4228-857b-b6c9db744701
[req] GET /api/v1/inventory 200 1ms a5377ec0-8066-4a16-821b-52cb0c0c7641
[req] GET /api/v1/me 200 1ms bd91675e-cf59-4ac1-842c-09b365ca6254
[req] GET /api/v1/meal-planning/plans/current 200 0ms 75ae8572-b31b-4903-a466-fcaa595c7078
[req] GET /api/v1/me 200 1ms 5a0a7be0-a777-4a30-b9ee-865eed25df28
[req] GET /api/v1/shopping-list 200 0ms d6f6f185-1d94-4385-82e2-a34f1840af3e
[req] GET /api/v1/me 200 1ms a414da5c-e79b-41d6-ade0-c0e8a7417989
[req] GET /api/v1/me 200 0ms 2b362056-80f6-4960-be4d-87dc32a54b17
[req] GET /api/v1/preferences 200 0ms 0cf5f62c-91b6-45f2-894d-6aa6e28ed29a
[req] GET /api/v1/me 200 2ms e337fad1-aeff-4aaf-ab5d-554bbe373aec
[req] GET /api/v1/week/preferences 200 2ms 4ece168d-5fa4-4069-984b-5e35ceb10243
[req] GET /api/v1/me 200 0ms 6ae9986e-e30c-4e11-839b-d0a09e2804c0
[req] GET /api/v1/meal-planning/plans/current 200 1ms b0e8bc94-efb3-4af6-8975-16a2f81f249b
[req] GET /api/v1/inventory 200 0ms 556b22b6-ca36-448f-8ca8-1b8b89468e8f
[req] GET /api/v1/recipe-discovery 200 3ms 8361b834-fc55-40bf-a5fa-bcee9e4a48a8
[req] GET /api/v1/me 200 1ms bea5b099-3292-4343-a497-398037390111
[req] GET /api/v1/inventory 200 1ms 0aaf4371-547e-4234-b4b8-66e2714ebc32
[req] GET /api/v1/me 200 1ms c82504ae-53bd-40b1-967f-32c751d9544e
[req] GET /api/v1/inventory/lots/preview-stock-egg 409 0ms 4455eab6-a0aa-4a15-803c-2f85c1d8438b
[req] GET /api/v1/inventory 200 0ms 3afd4ffb-0071-4333-b203-d64bbc00a976
[req] GET /api/v1/me 200 1ms 699c49a3-9ea9-4dff-82d7-ba6825ac50bd
[req] GET /api/v1/scans/t13b-preview-fridge 200 1ms a037aaee-7225-48b6-8e1b-e86b8108a358
[req] GET /api/v1/me 200 0ms 6b9e87a5-efc8-4ed3-9c80-b3245fcdbbf6
[req] GET /api/v1/scans/t13b-preview-receipt 200 0ms 61fe4169-b15a-4278-baff-84127a72a2ff
[req] GET /api/v1/me 200 1ms 46f85d52-0436-42cb-99e9-520c3dafd68c
[req] GET /api/v1/recipes/thit-kho-trung 200 1ms 7e844c20-69a6-42d8-83cc-859bc404ff35
[req] GET /api/v1/inventory 200 1ms d5dea93d-0513-4864-8391-d47bf99c4164
[req] GET /api/v1/me 200 1ms 7e8bd38c-bb26-4757-88f6-788a6dc8197b
[req] GET /api/v1/meal-planning/plans/current 200 1ms 1b128a60-5ec4-47ea-97dd-905cae440665
[req] GET /api/v1/me 200 1ms 5449791b-44b9-4352-b31e-f53cf3bf83b2
[req] GET /api/v1/shopping-list 200 0ms ed51030f-de66-4d38-9932-840ae6c585b4
[req] GET /api/v1/me 200 1ms 864af7eb-cc62-47b9-b400-e0c11a276855
[req] GET /api/v1/me 200 1ms a9658a6d-3752-4848-b9f3-bd6802570a05
[req] GET /api/v1/preferences 200 0ms 79179483-0dcb-466a-b7fc-48f02a0c1326
[req] GET /api/v1/me 200 1ms 4dda6197-8b1c-48fa-956c-ee0f25ff13d1
[req] GET /api/v1/week/preferences 200 1ms 10da54c1-7fb4-469b-bcaa-14508a8b3604
[req] GET /api/v1/me 200 1ms 2f2cfcf1-88b0-4f18-a71e-691819f3c185
[req] GET /api/v1/meal-planning/plans/current 200 0ms ff16841e-43c0-48e1-b5af-4add9898b691
[req] GET /api/v1/inventory 200 0ms 8b38ece2-d50a-46b6-a41d-e5cb13bb717d
[req] GET /api/v1/recipe-discovery 200 4ms 0340ea12-5412-45a5-995b-8122d96ed117
[req] GET /api/v1/me 200 0ms 21a8a628-a614-4921-8b06-538e1b3230cd
[req] GET /api/v1/inventory 200 1ms e43678ee-1327-4028-9b4a-2e342f56b10b
[req] GET /api/v1/me 200 0ms 0b1c2b90-f571-4736-83db-eeee9d7bfa81
[req] GET /api/v1/inventory/lots/preview-stock-egg 409 5ms b910965c-7e1d-4d0e-b8c7-0a0c2173bdd4
[req] GET /api/v1/inventory 200 0ms a3fd5996-2e43-4e96-9f09-f1ef7631a1cc
[req] GET /api/v1/me 200 0ms 1313f349-9c74-4635-8213-5ef1ebbc8334
[req] GET /api/v1/scans/t13b-preview-fridge 200 1ms 1dc1a974-1736-485f-b37d-0dfbecd09020
[req] GET /api/v1/me 200 1ms 7a880107-3147-40a0-8235-52897aaa8939
[req] GET /api/v1/scans/t13b-preview-receipt 200 0ms ab7010f0-54e4-4b7a-8741-62e9544d9e51
[req] GET /api/v1/me 200 0ms 9dcd62d2-c763-4c23-9b5e-655af01a634f
[req] GET /api/v1/recipes/thit-kho-trung 200 2ms 46c1ff7a-9168-4df2-b0d2-b468c95791c6
[req] GET /api/v1/inventory 200 2ms 11b1b598-d7d3-49ee-b2b4-ebe7e1842daa
[req] GET /api/v1/me 200 0ms e3eba43b-f0d6-4bf9-8a4d-24c9f31f0e53
[req] GET /api/v1/meal-planning/plans/current 200 1ms 8482039c-5117-49c6-9e96-d6f61e881247
[req] GET /api/v1/me 200 1ms 4aa6d414-6b39-45a8-880f-6da8b515136e
[req] GET /api/v1/shopping-list 200 0ms 720a3057-fbd9-4f09-a112-e782fd605f92
[req] GET /api/v1/me 200 1ms e9656e31-f350-4b87-a0dd-f2fd9307dade
[req] GET /api/v1/me 200 1ms f43bc770-6963-488e-ade5-dac86eb28c7c
[req] GET /api/v1/preferences 200 0ms 379e31b5-93bc-41a5-80f1-a3555d8d9e1c
[req] GET /api/v1/me 200 1ms 1cbc16b8-1682-427f-ad26-d7e4f56e2015
[req] GET /api/v1/week/preferences 200 0ms c6149772-e90e-4b0a-a771-8e765f4da01e
[req] GET /api/v1/me 200 1ms 283ce5a7-6acf-4be1-9a3e-a27e9864aa4d
[req] GET /api/v1/meal-planning/plans/current 200 0ms d7ad35ff-aeed-4c6b-a175-a4fe6623493f
[req] GET /api/v1/inventory 200 2ms 39306b4e-02fd-4a14-873a-b1602bc9c8ea
[req] GET /api/v1/recipe-discovery 200 5ms c8396668-0acf-446e-883a-b8f60577b0ec
[req] GET /api/v1/me 200 1ms f0b351ae-9975-4a80-911e-d366fbf98e28
[req] GET /api/v1/inventory 200 1ms 368deb35-9bf0-4dea-a82e-44fc2cdbb26a
[req] GET /api/v1/me 200 1ms b3117505-b844-4a8b-8754-93b332186f26
[req] GET /api/v1/inventory/lots/preview-stock-egg 409 1ms 87e1118b-3d3d-4dd5-960a-e31980c0168b
[req] GET /api/v1/inventory 200 1ms 62ad9918-e221-40ee-b925-72e7f972f541
[req] GET /api/v1/me 200 0ms 1fe7507a-86de-4dda-b109-ad65658b4b2d
[req] GET /api/v1/scans/t13b-preview-fridge 200 1ms 592752bc-2ed7-4b6b-88f6-7b599de6bad1
[req] GET /api/v1/me 200 0ms 778ed421-bf1a-4bce-b7e5-abf7a6fe66aa
[req] GET /api/v1/scans/t13b-preview-receipt 200 1ms 514c36bb-27e7-42bb-9c80-59b0e74bf54f
[req] GET /api/v1/me 200 0ms 86255079-b727-4a55-92da-55765b328406
[req] GET /api/v1/recipes/thit-kho-trung 200 1ms 7a988fc7-6f76-4b2a-9733-6628f9191f31
[req] GET /api/v1/inventory 200 1ms 9f2efad9-9ebe-4bc7-975b-e62dee3d08d5
[req] GET /api/v1/me 200 1ms 303409d4-bf64-40c2-bc2d-0188bdf7372d
[req] GET /api/v1/meal-planning/plans/current 200 1ms fefd0b00-c77f-4009-bbeb-e781cf61ceac
[req] GET /api/v1/me 200 2ms 9c6b99f1-c01d-4f2e-9d45-6736ff73974b
[req] GET /api/v1/shopping-list 200 0ms 9cf3a5a6-1f6c-4f54-a58a-43fac504049e
[req] GET /api/v1/me 200 1ms eb3d69f1-e771-4524-b8b7-08defe031db7
[req] GET /api/v1/me 200 1ms 1c68c626-3ac1-43c2-9ecf-c2af15fd4a29
[req] GET /api/v1/preferences 200 0ms b7555495-4ea5-405a-96b5-3b23565ebe96
[req] GET /api/v1/me 200 2ms 503c3bed-3a23-40bc-adb2-8f67b82aa271
[req] GET /api/v1/week/preferences 200 1ms 92b4ec42-3a41-49de-ba85-a3fa8a35e4c9
[req] GET /api/v1/me 200 1ms 415928b7-5b0c-406e-9913-122da90fd428
[req] GET /api/v1/meal-planning/plans/current 200 1ms dc9d743c-7c4d-444f-b07b-bef4feb96fdd
[req] GET /api/v1/inventory 200 1ms 015e7e96-22cb-410d-8d82-004642248e4c
[req] GET /api/v1/recipe-discovery 200 6ms a8311980-1951-4323-933e-6ac694288e50
[req] GET /api/v1/me 200 1ms aff9e5fd-ccfb-4ac7-ba30-89be6de5c0fa
[req] GET /api/v1/inventory 200 0ms 66c63ec5-ed83-4294-9fba-4519027e4353
[req] GET /api/v1/me 200 1ms 15698ce7-9739-4053-97c6-34ff21a52b68
[req] GET /api/v1/inventory/lots/preview-stock-egg 409 2ms 716e3e93-b32c-4bc7-9181-64cd639fa1cd
[req] GET /api/v1/inventory 200 1ms c3fd4f0c-77ad-4162-bf2c-95f8c08e5c2a
[req] GET /api/v1/me 200 1ms 8423e778-b8b8-405e-bb0f-61155b268998
[req] GET /api/v1/scans/t13b-preview-fridge 200 0ms 28a2a989-85c6-44ab-91fa-daf57d290cba
[req] GET /api/v1/me 200 0ms 8d07b55d-d8fd-4136-969b-68eb421b6fcc
[req] GET /api/v1/scans/t13b-preview-receipt 200 0ms 68648409-7475-465b-a032-de72c3369f5b
[req] GET /api/v1/me 200 1ms b5f8d257-4d28-4083-928b-2432a8dc055c
[req] GET /api/v1/recipes/thit-kho-trung 200 1ms 59400dfb-22cc-45bc-9629-eb11dd5541a1
[req] GET /api/v1/inventory 200 1ms 2b5cf1e7-94a2-4e1b-8ca9-635f51f0704b
[req] GET /api/v1/me 200 1ms 6119781d-ca9a-4ef3-919d-a34ef2bdd3d6
[req] GET /api/v1/meal-planning/plans/current 200 1ms 4c96f56e-90ac-4c1c-a8cf-db2dc13a3d96
[req] GET /api/v1/me 200 0ms 519b44b1-cbed-40b9-a7bc-33e18e26e0f6
[req] GET /api/v1/shopping-list 200 0ms b2e66073-b773-4f0a-be17-be94c68cbb99
[req] GET /api/v1/me 200 1ms 6f6e6eb1-4451-4c4a-a854-a9a9d6b1f6eb
[req] GET /api/v1/me 200 0ms 3ab78fba-c186-4987-86e2-013a9c6d4825
[req] GET /api/v1/preferences 200 0ms c700a7f6-d9c8-419b-b9c4-5152a5e2c079
[req] GET /api/v1/me 200 1ms 750725bc-8c47-48a0-ae88-012c4d4a4b16
[req] GET /api/v1/week/preferences 200 0ms d798a47f-5a4b-47ed-88ae-8c746e310d95
[req] GET /api/v1/me 200 1ms 016a23e3-6a42-44ce-8b07-d9a2b949e3ac
[req] GET /api/v1/inventory 200 1ms ec628082-16d9-4642-82da-b8aab56fa8cb
[req] GET /api/v1/me 200 1ms 6b282fb8-30ec-40eb-bc3c-401c93da493d
[req] GET /api/v1/scans/t13b-preview-fridge 200 1ms a48119d9-fd5c-43b5-b642-e8de3158305a
[req] GET /api/v1/me 200 2ms 9653bb50-7bce-4640-bf5e-bc8989cb3b36
[req] GET /api/v1/recipes/thit-kho-trung 200 1ms 7b2af4b3-8606-422b-8f9d-0f3a212545d4
[req] GET /api/v1/inventory 200 0ms 32a943c0-ed57-4c61-9d1b-dc94b41c6789
[req] GET /api/v1/me 200 0ms 3ab28fdd-460c-413e-89c6-bb67f72a608c
[req] GET /api/v1/shopping-list 200 1ms ec87badd-7fbf-44ec-a601-63c0fb0b3e74
[req] GET /api/v1/me 200 0ms f7ab1522-026b-4f8d-9136-65aa6db1ff55
[req] GET /api/v1/preferences 200 0ms 97c82ca9-a45f-4288-bc30-2305c093e24b
[req] GET /api/v1/me 200 0ms 4e47ce62-680d-42e6-87ac-da5f77c3a698
[req] GET /api/v1/week/preferences 200 1ms a922b645-298a-43a5-92a2-f2602c6878c9
[req] GET /api/v1/me 200 1ms 446cabe6-2deb-49c2-8955-d96fa6243dee
[req] GET /api/v1/inventory 200 1ms 05414087-bfe8-4f8a-93ca-5177aeeec27a
[req] GET /api/v1/me 200 1ms 6501ea3c-873f-46f6-b35f-79943ac21a97
[req] GET /api/v1/scans/t13b-preview-fridge 200 1ms ce76940c-ec3e-4110-ad17-855267d32500
[req] GET /api/v1/me 200 1ms e9ec919a-ee17-4fad-99fd-691c912aaf18
[req] GET /api/v1/recipes/thit-kho-trung 200 2ms 24524c39-2dec-49db-af0b-396d441c98e6
[req] GET /api/v1/inventory 200 1ms b82107f8-f07e-462d-a63f-b97c87106005
[req] GET /api/v1/me 200 1ms 845ac38f-4ce2-4ffa-9267-e469f6241636
[req] GET /api/v1/shopping-list 200 1ms 732fcfa0-c335-4af6-8bb9-31c7c1f74822
[req] GET /api/v1/me 200 1ms 1daa1737-3031-4b52-bb69-e163e3bea7da
[req] GET /api/v1/preferences 200 0ms 505a7bc6-ecf4-4943-81e3-a38218b5d0bb
[req] GET /api/v1/me 200 1ms 520d2fdb-51a1-479b-b21c-d1052b3c11a9
[req] GET /api/v1/week/preferences 200 0ms 6cc9a3a7-060f-4763-840b-6a1d2724ca33
[req] GET /api/v1/me 200 0ms 9348ac28-0888-41ff-856a-8aa32ac2f8d7
[req] GET /api/v1/inventory 200 1ms a8a42837-2581-47f8-8e6b-d83f7e1d73d6
[req] GET /api/v1/me 200 1ms ac10a12f-63a7-4d11-968e-b58a8eafec91
[req] GET /api/v1/scans/t13b-preview-fridge 200 0ms 9874192a-3d67-4d14-9dc8-112f80cbcf98
[req] GET /api/v1/me 200 0ms 4d68bc8b-50c1-49e0-ad10-e090f9012d16
[req] GET /api/v1/recipes/thit-kho-trung 200 3ms d79b8f09-2774-4f35-a26e-5076cf1f22aa
[req] GET /api/v1/inventory 200 1ms 0debb24e-ccd7-4cf0-8546-557398ecc90e
[req] GET /api/v1/me 200 1ms 2207aa0d-b8a4-43f2-8c36-9e8f33102998
[req] GET /api/v1/shopping-list 200 1ms cf6e7bf8-bd43-4966-8431-7f6c15c40845
[req] GET /api/v1/me 200 1ms 84ef94e0-93e7-4072-ba24-1d32673ad4cb
[req] GET /api/v1/preferences 200 0ms 3f51540e-4764-4c26-b586-44e1d94836cc
[req] GET /api/v1/me 200 1ms 6b39d781-7563-40b3-9f09-4d9c63b36f05
[req] GET /api/v1/week/preferences 200 0ms f66e7db2-7ffc-4e79-a303-68a4b7b69d3a
[req] GET /api/v1/me 200 0ms a55c0942-a260-4a5c-a555-dddf250d14fe
[req] GET /api/v1/inventory 200 1ms f9881911-ec81-40d7-98b6-32dba3cd23f0
[req] GET /api/v1/me 200 1ms a2757f9a-111c-47b4-aece-ad27dc393bf2
[req] GET /api/v1/scans/t13b-preview-fridge 200 0ms 4f658d57-0b35-43b0-9c5e-914ec39db3e9
[req] GET /api/v1/me 200 1ms 2e8b8318-0be2-4c52-9d08-4abdc89350a7
[req] GET /api/v1/recipes/thit-kho-trung 200 1ms 3ec34a9c-d68b-403d-87f5-bbb2fd22c5d8
[req] GET /api/v1/inventory 200 2ms 5a7b4499-9c21-48fc-b105-4f45f750d18c
[req] GET /api/v1/me 200 1ms e5fb5bbf-4c14-4adf-9822-81d42c688cd4
[req] GET /api/v1/shopping-list 200 1ms f02c9ec9-552b-4efe-9d6a-e6ea17114a9b
[req] GET /api/v1/me 200 1ms b580f8f3-229e-42c3-b5eb-b268690275c4
[req] GET /api/v1/preferences 200 1ms 4d8b9fb7-be1c-4a3c-8c75-f0676a459578
[req] GET /api/v1/me 200 2ms 502fbf88-44ac-46d3-9d80-945b9c45d46e
[req] GET /api/v1/week/preferences 200 0ms 9c9d7388-1e7b-4a70-a504-b2160ca531f1
[req] GET /api/v1/me 200 1ms 102196bf-e9f8-4a8a-91ef-91fc30dbd573
[req] GET /api/v1/inventory 200 1ms 6debdf66-241b-40f7-a4ac-7e157246f5b7
[req] GET /api/v1/me 200 0ms c266d478-fec0-4fd2-98cd-3d84bd0e4a6d
[req] GET /api/v1/scans/t13b-preview-fridge 200 1ms ee0b9c93-4e5e-4891-99de-f17dff221c44
[req] GET /api/v1/me 200 1ms 12f05d47-e13c-4799-8579-2bee371bf2cc
[req] GET /api/v1/recipes/thit-kho-trung 200 0ms d4271a49-a3bc-491c-bebe-43d61ae610fc
[req] GET /api/v1/inventory 200 2ms cf707a99-0581-45f5-b0ba-52f83b390f31
[req] GET /api/v1/me 200 1ms 7d3be03c-1b3a-4161-a2f2-a969d682098b
[req] GET /api/v1/shopping-list 200 2ms 39065caa-6b11-4b65-a2c2-97ed1e42b7ac
[req] GET /api/v1/me 200 1ms 9be4c41d-4e6b-4c3d-abbe-62107fdc5d1b
[req] GET /api/v1/preferences 200 1ms 6af90bc7-cb72-4ac6-b4e6-a6f13d3c7738
[req] GET /api/v1/me 200 0ms a077862a-7a2c-4650-804a-af9c5c27efed
[req] GET /api/v1/week/preferences 200 0ms 88f648cc-37ad-46c1-be6f-9c8e5705fa04
[req] GET /api/v1/me 200 1ms 7abf2804-2857-47ff-8771-7f57817bea04
[req] GET /api/v1/shopping-list 200 1ms b658b8e9-6e13-4729-972d-14fdc77bb63d
[req] GET /api/v1/me 200 1ms df96dd22-81a0-4f10-9dbc-138d0fc8d47e
[req] GET /api/v1/inventory 200 1ms 7a4ebc27-ac5f-4c3f-aa4e-a0682fdfbbe2
[req] GET /api/v1/me 200 0ms b03e7537-9ed8-4353-8038-50e3a27805fd
[req] GET /api/v1/inventory/lots/preview-stock-egg 409 0ms 7bdc28b4-e632-4c05-a118-0b4ad21e1eb2
[req] GET /api/v1/inventory 200 0ms b467d09b-b714-40ef-bb7a-baf3fb2f13e6
[req] GET /api/v1/me 200 1ms aba8bc82-c420-4d4b-839c-b243c32cc0c9
[req] GET /api/v1/shopping-list 200 1ms df07f006-adfb-4070-a370-85c4c3850e43
[req] GET /api/v1/me 200 1ms fb0663e8-b7b8-4d63-bc0d-3e99772886d8
[req] GET /api/v1/me 200 0ms 39965c3f-754f-4991-b2be-877d0322bd70
[req] GET /api/v1/me 200 1ms b28deff7-ed81-4fbf-9529-3c9922679e1a
[req] GET /api/v1/recipes/thit-kho-trung 200 2ms c8cd9040-7916-4899-9762-dc360d457fa6
[req] GET /api/v1/inventory 200 1ms a66a3868-8816-4766-add8-8a5799205c35
[req] GET /api/v1/me 200 0ms 780651f0-3159-4768-90c8-efd2ba21b00f
[req] GET /api/v1/week/preferences 200 1ms a99dfc49-c2d9-411d-a018-dcec87ded62f
[req] GET /api/v1/me 200 4ms 594fe695-d195-4a78-b79a-c9b73482c389
[req] GET /api/v1/preferences 200 1ms 4c43712e-0e64-40eb-95d9-c4d59ef0643b
[req] GET /api/v1/me 200 1ms 350f8051-e4b7-41ed-bcc2-30c3b27f9bba
[req] GET /api/v1/scans/t13b-preview-fridge 200 0ms 1b11b6ac-6ac5-4fb2-bbc5-e818b5f441ab
[req] GET /api/v1/me 200 0ms 584168cc-fe6a-4fdf-a4f5-5d3adcc45b4a
[req] GET /api/v1/shopping-list 200 1ms 02e00e94-254a-41f8-b544-efef45f25335
[req] GET /api/v1/me 200 1ms 7d859c5d-ca6c-4e42-b2bc-3191aa99b2b0
[req] GET /api/v1/shopping-list 200 0ms 9131f07d-08f2-4cb6-821c-d29b87ff5299
[req] GET /api/v1/shopping-list 200 1ms 0e9d7584-011f-4116-a863-0b66fd4ffd16
[req] GET /api/v1/me 200 1ms 78f37c68-3d9c-4bc8-a564-08c22e81c4d1
[req] GET /api/v1/shopping-list 200 1ms deff7e5b-3539-4dbb-b25f-49896ed59ffa
11:25:46 PM [vite] (client) hmr update /src/web/components/layout/AppLayout.tsx, /src/web/styles/index.css
[req] GET /api/v1/me 200 1ms 067af6b0-492e-4760-b580-47c5ce256e52
[req] GET /api/v1/me 200 1ms 31fa399a-5622-4908-a2bc-586560892bc3
[req] PATCH /api/v1/preferences 200 1ms 36a17830-e996-4d03-a7e3-a2ea2f0364d3
[req] GET /api/v1/inventory 200 1ms 8c672ae3-8feb-4fd8-bb6e-e54ae2ea24e5
[req] GET /api/v1/me 200 2ms a563361e-deb9-4498-8590-2ff5f0afb949
[req] GET /api/v1/meal-planning/plans/current 200 1ms e82c61c6-3116-4d53-b7ff-a8aa3cfc7792
[req] GET /api/v1/inventory 200 1ms ef6e310b-1cc8-4681-a578-b53051b83e53
[req] GET /api/v1/recipe-discovery 200 3ms 97509bbf-b360-4723-9a9e-a00c842a3cbb
[req] GET /api/v1/me 200 0ms b12b2f1f-e15d-42dd-b451-b5e94ce04793
[req] GET /api/v1/inventory 200 1ms a70f482a-3129-4731-aeac-3d7192b5cad6
[req] GET /api/v1/me 200 0ms 5ef1138d-6f5a-4f4e-8c85-79febbb80882
[req] GET /api/v1/inventory/lots/preview-stock-egg 409 0ms 5b3fadcf-3332-4fb0-a560-ecf210a95e7c
[req] GET /api/v1/inventory 200 4ms 5b0cc7ea-31d1-4291-8718-57c4d87603cc
[req] GET /api/v1/me 200 0ms 794b550d-62b1-4679-b6cd-d7b81bd545f3
[req] GET /api/v1/scans/t13b-preview-fridge 200 2ms 038e9ab9-2317-4aca-89bb-68e5a8b7a951
[req] GET /api/v1/me 200 0ms ea466c7d-97f8-475d-86cb-cf1d1e52af51
[req] GET /api/v1/scans/t13b-preview-receipt 200 1ms a262e7f6-487b-48ad-949d-5ed7112c881b
[req] GET /api/v1/me 200 0ms 53198c60-7826-473f-a9a8-59ed7e5146ed
[req] GET /api/v1/recipes/thit-kho-trung 200 1ms a8a938c7-e18b-48e7-90e9-1df076bd56ba
[req] GET /api/v1/inventory 200 1ms 6c6acdf6-7630-4580-ae3d-03b1d5904d06
[req] GET /api/v1/me 200 0ms edc3e58c-1dee-4697-bbcf-1e5a1b958570
[req] GET /api/v1/meal-planning/plans/current 200 1ms df4ff126-a588-4295-84c7-daafb71fe5ed
[req] GET /api/v1/me 200 1ms 553c896c-58ff-47ba-a095-eb71262761dc
[req] GET /api/v1/shopping-list 200 1ms aebf5243-e596-40fe-97cb-e96e8e7905d0
[req] GET /api/v1/me 200 1ms d4b14390-b10f-4417-b724-b5622996a1a8
[req] GET /api/v1/me 200 0ms fd2d8fb0-d747-4a43-95ec-90ed1f22feca
[req] GET /api/v1/preferences 200 1ms 3ff7f7b1-25aa-4c24-90d4-b6f5a986b982
[req] GET /api/v1/me 200 0ms 34610c57-1a8e-4c9a-8d8c-6a343fe92a6d
[req] GET /api/v1/week/preferences 200 1ms f5097e7f-da93-42d9-8b53-bb259bd89956
[req] GET /api/v1/me 200 1ms 8ad327f2-c83f-4300-a9cd-ee0f2353891d
[req] GET /api/v1/meal-planning/plans/current 200 1ms f9a83479-61ff-455a-844e-722e28ecd6de
[req] GET /api/v1/inventory 200 0ms 838b9ae7-a841-4b8b-aea2-d66aad9a80f8
[req] GET /api/v1/recipe-discovery 200 4ms 5d6d4c7d-c086-4b60-8633-1e6f5ccb43a6
[req] GET /api/v1/me 200 0ms 9b1cb4f0-a45e-40cd-9239-062878018443
[req] GET /api/v1/inventory 200 0ms b950542d-8ebe-4a53-97b7-4207bdd355c5
[req] GET /api/v1/me 200 1ms 13287fae-0bf1-48d5-9f6c-a608a1d2898d
[req] GET /api/v1/inventory/lots/preview-stock-egg 409 1ms b5bb5db0-bc23-41e1-868e-af6801d5eb7f
[req] GET /api/v1/inventory 200 1ms ee3e60e5-9cff-4fae-96b7-cae8e8dbc4aa
[req] GET /api/v1/me 200 0ms 27bee341-49e9-4d08-b33a-306dfe6da90e
[req] GET /api/v1/scans/t13b-preview-fridge 200 1ms 222787a5-d7f5-4f94-bb0e-a90f4550fdc5
[req] GET /api/v1/me 200 1ms 29667dcc-1ed6-4e89-9bd4-25d1f0b5a798
[req] GET /api/v1/scans/t13b-preview-receipt 200 1ms 4bebb1b6-d017-4009-aba8-35a2c84053cc
[req] GET /api/v1/me 200 0ms f097d151-f8bf-4557-9061-1f50822ee290
[req] GET /api/v1/recipes/thit-kho-trung 200 1ms f5174011-94ee-4ed0-ae40-1c180658c051
[req] GET /api/v1/inventory 200 1ms 9ebc3c36-efd9-42bc-9e1f-849beff75385
[req] GET /api/v1/me 200 1ms 9a86c8b1-1063-4f76-9f7e-9621c8da62d4
[req] GET /api/v1/meal-planning/plans/current 200 0ms 3b0e348e-7627-4ce5-af85-ecb57119a0b7
[req] GET /api/v1/me 200 0ms 3d0c8219-bc98-4f82-a131-633d396031b9
[req] GET /api/v1/shopping-list 200 1ms aa7743f6-a65e-44dc-a180-bb434d0cb498
[req] GET /api/v1/me 200 1ms c08973b0-f5d4-4298-be92-28d4369b7a0c
[req] GET /api/v1/me 200 0ms 6db02cc6-be55-41e7-90d8-8465f2a13335
[req] GET /api/v1/preferences 200 0ms 245aee59-c917-4431-928a-d40252ea098d
[req] GET /api/v1/me 200 0ms 19da5061-ed58-4583-a208-b362214a03d6
[req] GET /api/v1/week/preferences 200 1ms 9b2b1452-48d8-4907-916e-e294da3b0d57
[req] GET /api/v1/me 200 1ms 5fec4304-dcb3-4c26-a41e-874a36ad3bfb
[req] GET /api/v1/meal-planning/plans/current 200 1ms 90e72b19-fb97-49ca-9108-13ba4fce011d
[req] GET /api/v1/inventory 200 0ms 18c02b2d-8df3-4bec-b520-b5ba86f5a919
[req] GET /api/v1/recipe-discovery 200 2ms 45eac284-8bbd-4613-b592-2949441efe2c
[req] GET /api/v1/me 200 0ms 5603a98d-5b39-478e-a0b4-da5bc79e476c
[req] GET /api/v1/inventory 200 0ms 6720061c-eb87-4e5a-ae82-d645a336e9a0
[req] GET /api/v1/me 200 1ms 3be731a1-7f51-409b-b69b-0486cce10116
[req] GET /api/v1/inventory/lots/preview-stock-egg 409 0ms a5b1f49d-865d-4ee5-a1df-b7f02731dd09
[req] GET /api/v1/inventory 200 1ms ec9f7ffe-e2fa-40f6-a682-a369be4d34ca
[req] GET /api/v1/me 200 0ms 4f2a9491-305c-4b7c-82ae-346d8e378b5f
[req] GET /api/v1/scans/t13b-preview-fridge 200 1ms 7972a030-bc6b-4dab-bf62-da3815bb95a7
[req] GET /api/v1/me 200 1ms b95a6b72-ea88-4e43-8b99-0dbb557de65c
[req] GET /api/v1/scans/t13b-preview-receipt 200 2ms 2c60314d-436f-4da9-88f2-be3ec5ab8fbf
[req] GET /api/v1/me 200 1ms 61e77440-0e23-42a7-97af-4d3ccabf4049
[req] GET /api/v1/recipes/thit-kho-trung 200 1ms 6653ec3f-ff99-431c-b7dc-ce466ef000a9
[req] GET /api/v1/inventory 200 0ms ce8dfa51-8b13-43c7-b6c3-618a88d8acd7
[req] GET /api/v1/me 200 1ms ae8e8e75-4ef4-4fd6-aff5-ca75ec4d4ca0
[req] GET /api/v1/meal-planning/plans/current 200 1ms 95399970-220f-41e8-85ca-43d6236d51d4
[req] GET /api/v1/me 200 2ms cdb21051-631e-42b5-9c49-0096ce9ea82e
[req] GET /api/v1/shopping-list 200 0ms b10b91c8-6008-4d7a-bfb8-d84647ba5042
[req] GET /api/v1/me 200 1ms 17242ca8-6662-4708-9c5b-e86c6cb35934
[req] GET /api/v1/me 200 1ms bf6a1b92-19b2-49b2-96d3-f8cc10d53059
[req] GET /api/v1/preferences 200 0ms 2ac09ac0-ba6d-417d-8df4-a6eb8eb981c1
[req] GET /api/v1/me 200 1ms bb95177c-9e30-4f74-9085-5d45f8070a95
[req] GET /api/v1/week/preferences 200 0ms dc771483-3341-45fa-9678-6db515ffdaf2
[req] GET /api/v1/me 200 1ms e60005ef-bd86-4869-853d-30b2d00b6467
[req] GET /api/v1/meal-planning/plans/current 200 2ms f54bff41-ee30-4094-9b59-cee2813ade56
[req] GET /api/v1/inventory 200 0ms 71c8252e-3ef8-48ee-b28f-8ea72b0e449a
[req] GET /api/v1/recipe-discovery 200 3ms 8c95144c-9826-4a8e-9f1b-c25f9dde770b
[req] GET /api/v1/me 200 1ms b1b11290-493c-4a7b-9e4a-9b52ec767234
[req] GET /api/v1/inventory 200 0ms a77aebe2-48e7-45fa-bfa6-a80937551daf
[req] GET /api/v1/me 200 1ms e1902dfd-f759-48bd-ac70-027285459115
[req] GET /api/v1/inventory/lots/preview-stock-egg 409 0ms 9da20e29-dcc5-40f4-932a-088f6b783673
[req] GET /api/v1/inventory 200 0ms 282b3282-919f-4cce-8454-b48027224c96
[req] GET /api/v1/me 200 0ms e07260db-3fb7-41a4-a7c2-04cd97ebb6e1
[req] GET /api/v1/scans/t13b-preview-fridge 200 1ms 8462f776-965c-461f-99e2-bb9dab84b589
[req] GET /api/v1/me 200 0ms 6ac63cfe-1504-49eb-a46b-6093c7ac0557
[req] GET /api/v1/scans/t13b-preview-receipt 200 1ms 53947a3d-b021-469d-9745-6441620aaae3
[req] GET /api/v1/me 200 0ms a1c7e663-276b-48ca-aee2-d96b04f38673
[req] GET /api/v1/recipes/thit-kho-trung 200 1ms be2e0612-6bc7-45eb-a751-0979056f4820
[req] GET /api/v1/inventory 200 1ms fb84c84e-4b34-4ff4-b2a4-ffd7e873fba5
[req] GET /api/v1/me 200 1ms b32b8bf9-c0d4-41b1-be56-7d6863f0ce31
[req] GET /api/v1/meal-planning/plans/current 200 0ms 0ab9e2e8-e5b0-4bb7-a6aa-d002d12e36d4
[req] GET /api/v1/me 200 1ms 7426c366-cd4e-4cb4-8bbc-350d529f238b
[req] GET /api/v1/shopping-list 200 0ms 1d4c9914-7b77-4766-a4e1-587c479eec97
[req] GET /api/v1/me 200 1ms e892cc14-3b35-4ff3-9dc1-3f52d180dbf9
[req] GET /api/v1/me 200 0ms 5369371e-5bf7-4314-94fe-6a98526c8bc1
[req] GET /api/v1/preferences 200 0ms 03cd8130-be1b-4360-9384-55281b974954
[req] GET /api/v1/me 200 0ms e3cfe558-c20b-4b54-b007-4d301b02d050
[req] GET /api/v1/week/preferences 200 1ms 71c0900e-11bd-45a7-9616-6b5dd9135363
[req] GET /api/v1/me 200 1ms 39745943-549f-450b-86ce-d53ac05e935f
[req] GET /api/v1/meal-planning/plans/current 200 1ms a2120c84-d4e5-4e36-a1c6-3273789f14c7
[req] GET /api/v1/inventory 200 0ms 9e2cb9f5-75cf-4579-90fa-bc844c3c5a6d
[req] GET /api/v1/recipe-discovery 200 4ms 408a44aa-5f27-42fd-9939-15aebe14d731
[req] GET /api/v1/me 200 1ms 73d8ff07-1cff-4a58-82c1-812224959d96
[req] GET /api/v1/inventory 200 1ms 50ab7d42-e952-4b1a-8773-bf1b61ea225c
[req] GET /api/v1/me 200 1ms b6c8c1ff-5d95-4c9e-8566-b168c7a6480a
[req] GET /api/v1/inventory/lots/preview-stock-egg 409 0ms f3515cd6-f8c3-4bb3-8f95-732088bfa69f
[req] GET /api/v1/inventory 200 1ms b2fd6c63-eb4c-4771-ba04-372350a3129f
[req] GET /api/v1/me 200 1ms 0ce0d862-519e-48a8-a277-c061ee73cd4c
[req] GET /api/v1/scans/t13b-preview-fridge 200 1ms e3f2fec3-661e-4329-9e5d-4a94280bcfa5
[req] GET /api/v1/me 200 1ms e097658d-aefd-430c-bbe1-0adb0340a75f
[req] GET /api/v1/scans/t13b-preview-receipt 200 1ms bfb29279-7c54-4722-bc05-bb7a32e436fe
[req] GET /api/v1/me 200 1ms 8e42b9ae-0407-479b-b6ea-8960b3a2d6fa
[req] GET /api/v1/recipes/thit-kho-trung 200 2ms 4b921039-a182-4ab5-94d7-9db6bb9265e0
[req] GET /api/v1/inventory 200 1ms b7e43f68-e751-437a-906a-28fa3d835763
[req] GET /api/v1/me 200 1ms cc7edeba-15aa-4c17-af53-2e972886cf62
[req] GET /api/v1/meal-planning/plans/current 200 1ms 8af0d37f-c4a8-4398-82e7-d7d8011ef6ce
[req] GET /api/v1/me 200 1ms 1c2ab333-97ad-4e3c-9fff-b9692658d311
[req] GET /api/v1/shopping-list 200 1ms a14be457-f96e-49a7-9441-0d4ed2112c6c
[req] GET /api/v1/me 200 1ms 59a07717-d838-4ca9-bd47-393699f0d92f
[req] GET /api/v1/me 200 0ms 2fc8ed8b-b499-4787-8d83-808ee7f6d7dd
[req] GET /api/v1/preferences 200 1ms d306cf66-895e-4740-8c66-a8228d0142d6
[req] GET /api/v1/me 200 0ms 5f717513-754a-4306-af74-ddd0db9b6aec
[req] GET /api/v1/week/preferences 200 0ms b1ab8bb7-516b-4f10-adfe-e380c8e4b36f
[req] GET /api/v1/me 200 1ms fc606954-4b6c-42fa-bd48-d310f539724f
[req] GET /api/v1/meal-planning/plans/current 200 1ms 1bb348ea-7df2-492e-91b2-4092e63f2119
[req] GET /api/v1/inventory 200 1ms 0523ad92-71eb-4672-b3d2-79f1c946de0e
[req] GET /api/v1/recipe-discovery 200 3ms c0898d82-cf67-41df-a9b1-bc5fce963eba
[req] GET /api/v1/me 200 0ms c579e5f0-9bbb-4d80-aef0-90861517dc0f
[req] GET /api/v1/inventory 200 1ms 53f30dc3-ccb8-4f23-8b02-52c3b61eeebe
[req] GET /api/v1/me 200 0ms 7395fdf3-a79f-49db-92ad-44e63a2b85e8
[req] GET /api/v1/inventory/lots/preview-stock-egg 409 0ms 87f071c4-69b3-40bc-9abc-a5131321fea9
[req] GET /api/v1/inventory 200 1ms d396bd56-e886-442d-b488-401f17f7345c
[req] GET /api/v1/me 200 1ms 5a2f6a93-3571-4649-aac2-f0d8cb24c22d
[req] GET /api/v1/scans/t13b-preview-fridge 200 1ms a52f1e20-82ec-4f55-a785-a38cfbd4824d
[req] GET /api/v1/me 200 1ms f9775045-972c-49af-a75c-664b5614c8a5
[req] GET /api/v1/scans/t13b-preview-receipt 200 1ms c1224ea8-32aa-42c5-b7df-25da26ac85df
[req] GET /api/v1/me 200 1ms 954e2460-e43c-4b16-8443-61cec8052408
[req] GET /api/v1/recipes/thit-kho-trung 200 1ms 9c364446-3ca3-4275-91df-86243d9e999d
[req] GET /api/v1/inventory 200 0ms a976704a-c17f-48d8-abd2-4dfd913ff621
[req] GET /api/v1/me 200 0ms 6085f5cf-3406-4cd0-a016-74b503babded
[req] GET /api/v1/meal-planning/plans/current 200 1ms 85662c99-fc98-42c4-8bd9-679ced92e04d
[req] GET /api/v1/me 200 1ms 73df2c08-9c7a-4c89-9a2f-4a209bacc0b4
[req] GET /api/v1/shopping-list 200 1ms 2d2a2b35-36d1-4b1e-8822-b1b8bc8ddd2e
[req] GET /api/v1/me 200 1ms 5e7d5aa6-6fbb-4a25-b37f-2934da99f82b
[req] GET /api/v1/me 200 0ms 0efafdaa-86c9-496d-a329-838d3eef841b
[req] GET /api/v1/preferences 200 1ms 627912a2-1cbc-410c-bf13-c157caf96eaf
[req] GET /api/v1/me 200 0ms 22a9ccde-31b1-487d-93cf-635489ccc887
[req] GET /api/v1/week/preferences 200 1ms 48ef97e3-596f-4017-97c9-44fc71cc03bb
[req] GET /api/v1/me 200 0ms 292589b1-b769-4140-9d60-43d05b3b8129
[req] GET /api/v1/meal-planning/plans/current 200 1ms 22bcca9f-7e8e-43b6-a7ca-5d9339f27ff6
[req] GET /api/v1/inventory 200 1ms eb40e160-d5a1-4da3-9041-8083ad58f742
[req] GET /api/v1/recipe-discovery 200 4ms e3ef17c6-06ac-4cd0-8fcd-b833bee6b5b2
[req] GET /api/v1/me 200 1ms d8490d98-5a61-4ef6-835e-3c008c8f4f85
[req] GET /api/v1/inventory 200 0ms f5b60b11-87ab-4a5b-a61e-0d146eb1af4a
[req] GET /api/v1/me 200 1ms 7a14b440-d070-4a0f-bc05-aaf8047c68e1
[req] GET /api/v1/inventory/lots/preview-stock-egg 409 1ms 0d874558-5ebc-40c7-907a-2e9331c46d77
[req] GET /api/v1/inventory 200 0ms eb702bd9-6780-44db-a086-ed2fdb5d2b31
[req] GET /api/v1/me 200 11ms 184c46ca-d7cb-4e3a-9d8b-62f1a003d5e1
[req] GET /api/v1/scans/t13b-preview-fridge 200 1ms ed550f6f-ab6f-4884-a30b-9b9c9b39e43d
[req] GET /api/v1/me 200 1ms 8b81b735-50b5-4d9a-9e60-b7919c16030c
[req] GET /api/v1/scans/t13b-preview-receipt 200 1ms 3bb08c65-374e-461c-bbd7-df7d353ec170
[req] GET /api/v1/me 200 1ms 61432a41-8335-4634-b342-b85f5006b85a
[req] GET /api/v1/recipes/thit-kho-trung 200 1ms c8f319c5-2c39-47f2-8599-217a1afc365a
[req] GET /api/v1/inventory 200 2ms 0462d6d9-91ef-4b4c-a2b0-58dacec06c84
[req] GET /api/v1/me 200 0ms e3664970-1dab-4188-a37e-143b8b58b108
[req] GET /api/v1/meal-planning/plans/current 200 0ms 5f60ed37-2132-47c7-b6ad-2c70337df7de
[req] GET /api/v1/me 200 0ms 10620648-6c43-4aa9-8c5f-416458e504ee
[req] GET /api/v1/shopping-list 200 1ms bf05787e-db71-4e7e-a96c-9356b3221126
[req] GET /api/v1/me 200 1ms 5846db73-be04-447f-9525-2e8c4a47e835
[req] GET /api/v1/me 200 0ms cb5801d1-775a-4130-9214-b0b62a56a701
[req] GET /api/v1/preferences 200 2ms 81f9733f-a0c5-42b3-b826-baf8d045f434
[req] GET /api/v1/me 200 0ms bbebf266-da2f-4266-abe6-3e84af48bb22
[req] GET /api/v1/week/preferences 200 0ms 9b02e954-587f-49b5-8187-ab7f32e74bcf
[req] GET /api/v1/me 200 1ms 91b84c26-b6e9-4c66-a5f7-646a35f5e98c
[req] GET /api/v1/inventory 200 1ms 39781189-abef-4d8e-b6a6-017562ce26b3
[req] GET /api/v1/me 200 0ms 06ba9030-0764-4787-81a2-daf4206fae57
[req] GET /api/v1/scans/t13b-preview-fridge 200 1ms e78e88e7-5114-4c10-aa6f-1b0ed51c24e6
[req] GET /api/v1/me 200 1ms 75a1f00a-b5d9-480d-bb9d-8b18410350c4
[req] GET /api/v1/recipes/thit-kho-trung 200 1ms d68cca4a-2ab4-43ab-8f3b-2205ac908c67
[req] GET /api/v1/inventory 200 1ms 865e9f8b-6ab2-443b-85a8-7fa1a5d5f0a9
[req] GET /api/v1/me 200 1ms 406d1db0-da12-484b-9bf3-b703b3279265
[req] GET /api/v1/shopping-list 200 1ms 56b28599-4217-4604-9a1c-f154ce9579e0
[req] GET /api/v1/me 200 0ms 7556d851-2970-4a01-b8c8-afafce8fc414
[req] GET /api/v1/preferences 200 0ms a078e4b6-74ad-43ea-9acf-0036dd12e7e1
[req] GET /api/v1/me 200 0ms e8a89577-0922-40de-8b15-47c0db2f7433
[req] GET /api/v1/week/preferences 200 1ms 48eaada0-14fc-433c-b718-7dab8e9f5cc4
[req] GET /api/v1/me 200 1ms c54d8d63-d1a9-45cc-9137-491a0bf7c618
[req] GET /api/v1/inventory 200 1ms 7991379a-e68c-47f6-9f83-bacde6918518
[req] GET /api/v1/me 200 1ms a67e8727-0906-41d0-b613-3add69f35851
[req] GET /api/v1/scans/t13b-preview-fridge 200 1ms 468fd663-2123-404e-ae8b-1ac77e405deb
[req] GET /api/v1/me 200 2ms a4908a4e-2097-47a9-890d-3fdfb2ff9e30
[req] GET /api/v1/recipes/thit-kho-trung 200 1ms 7ddf3b4b-4dfd-4f42-9cfb-c0919c3df31b
[req] GET /api/v1/inventory 200 2ms 1a4df11c-25ea-44b7-8b69-4927529b78d6
[req] GET /api/v1/me 200 0ms e39044cc-2e96-4038-8d6d-6420ca10b6ab
[req] GET /api/v1/shopping-list 200 1ms f37d24c1-a856-4d63-9f9f-7b2823c37359
[req] GET /api/v1/me 200 1ms 68c9347d-5fc0-4a99-8763-5cd5a27510f4
[req] GET /api/v1/preferences 200 1ms db3712e1-0fa7-4e89-a9fc-e18e3a985943
[req] GET /api/v1/me 200 0ms 32340a0f-3673-4909-8672-0723576b6f77
[req] GET /api/v1/week/preferences 200 1ms 95d21170-1228-49a8-8994-233368201d12
[req] GET /api/v1/me 200 1ms 1a74ba97-5834-4dab-a3e8-15615428fc43
[req] GET /api/v1/inventory 200 1ms 2997fd07-da14-4623-814c-e868a0b0e8ab
[req] GET /api/v1/me 200 0ms 8f16415f-38c5-4f33-858f-8275864a6d4a
[req] GET /api/v1/scans/t13b-preview-fridge 200 1ms fcc6dda6-9542-4faf-9ef4-dcf5373cb8c3
[req] GET /api/v1/me 200 1ms 592dc408-8831-4c80-96d6-79bf21a82e2e
[req] GET /api/v1/recipes/thit-kho-trung 200 1ms 2b01d66f-e3a6-4e00-ac0c-6892d08ecacb
[req] GET /api/v1/inventory 200 0ms 70c7fb5a-60a7-47a1-8692-c961b94864f1
[req] GET /api/v1/me 200 1ms 416a8947-5198-420a-861e-b234afd7d240
[req] GET /api/v1/shopping-list 200 1ms 7ff073b0-e645-4d9a-90df-80985257bcb8
[req] GET /api/v1/me 200 0ms f2fc8dfb-8800-4ed8-aee0-b716a54ad49f
[req] GET /api/v1/preferences 200 1ms fb880d37-12c3-4dd3-bd4a-ac852a6a5702
[req] GET /api/v1/me 200 1ms 6fbcd393-ded2-4127-9306-3f1af90200c3
[req] GET /api/v1/week/preferences 200 0ms b354bdf3-1f21-4e2f-acae-178252ce780b
[req] GET /api/v1/me 200 1ms be997f52-9ab5-414b-95d7-36d116c4e34c
[req] GET /api/v1/inventory 200 0ms a0f762bf-03a3-4525-bebb-e9ebc2968087
[req] GET /api/v1/me 200 1ms 9dde1f92-5fac-4d77-bc5d-487bad24adbc
[req] GET /api/v1/scans/t13b-preview-fridge 200 1ms 5fb3447d-b81e-41a4-a57e-4697c994756f
[req] GET /api/v1/me 200 0ms ebcee8eb-e253-441f-b53e-03b1c3f05725
[req] GET /api/v1/recipes/thit-kho-trung 200 1ms edd06f24-46de-4479-acd8-112c387358c9
[req] GET /api/v1/inventory 200 1ms 9d9a3302-f5c1-4166-875a-9a39cf6a604b
[req] GET /api/v1/me 200 1ms 342ef336-4c07-43a7-b453-b583ce5079c7
[req] GET /api/v1/shopping-list 200 0ms deb06b33-1712-456e-a124-f8e000660f73
[req] GET /api/v1/me 200 0ms 6aef8c05-d8fb-488e-bbfa-1266e1278170
[req] GET /api/v1/preferences 200 1ms 73314b71-1abd-4262-8978-f019f0d1896f
[req] GET /api/v1/me 200 1ms 12ca76a4-86de-4f9c-a9e6-192182b899be
[req] GET /api/v1/week/preferences 200 1ms dd16f64d-1a9e-4d73-b788-d09623929086
[req] GET /api/v1/me 200 1ms 36b341cc-fd04-4e26-8f95-066d7b2bd0b9
[req] GET /api/v1/inventory 200 0ms 7f3372c8-85a6-463e-81e1-e8fe80f8fbd4
[req] GET /api/v1/me 200 0ms 37242a4c-486f-4c28-a387-22d29be23e7f
[req] GET /api/v1/scans/t13b-preview-fridge 200 1ms 764d14ec-a63e-43b1-9329-45b6b2cb335e
[req] GET /api/v1/me 200 1ms 1d8723a1-2e65-4c53-a09a-f9939386fb9d
[req] GET /api/v1/recipes/thit-kho-trung 200 1ms 2ef8ba41-5ef3-49b9-9af4-33f2e2ad06ca
[req] GET /api/v1/inventory 200 1ms ad296996-7581-458a-90b1-cbef06a381c0
[req] GET /api/v1/me 200 1ms d5a8ba22-f5ae-46f0-8202-3d723647f827
[req] GET /api/v1/shopping-list 200 1ms b91e595b-ffe4-49c6-ae4f-7bf8eae3940d
[req] GET /api/v1/me 200 1ms 1da49901-a8cc-4f66-a572-315743c78764
[req] GET /api/v1/preferences 200 0ms 4f35af05-5c03-4875-8b9d-bd53b2619ce4
[req] GET /api/v1/me 200 1ms c6908a0c-ac89-42c9-a649-5a8dd41ca3f7
[req] GET /api/v1/week/preferences 200 0ms c177be74-8b2c-41aa-934e-a851a46041ac
[req] GET /api/v1/me 200 0ms c1634b7a-ffe2-43ee-b920-754a0d9ce5fd
[req] GET /api/v1/shopping-list 200 1ms 90db993d-01da-453e-8cbf-dea08aebbbbb
[req] GET /api/v1/me 200 1ms 0255e8c9-2e58-4f0c-b43c-4be2ef9f5d3d
[req] GET /api/v1/inventory 200 1ms 646ad240-8520-43ac-9b9a-c83f9a1e8ab4
[req] GET /api/v1/me 200 0ms 7cec34cd-df00-4bf5-a170-f515f0ea53d0
[req] GET /api/v1/inventory/lots/preview-stock-egg 409 0ms cde690e6-fc14-4102-bf9d-e9b05faa39af
[req] GET /api/v1/inventory 200 1ms 747ea9ba-0449-4a43-ab9b-5176f43dab24
[req] GET /api/v1/me 200 1ms 12a646c5-a9fb-4a0f-ac81-137e3dcb2000
[req] GET /api/v1/shopping-list 200 1ms a4665a7b-c749-4b5d-96e8-bb415fec4240
[req] GET /api/v1/me 200 0ms 08b68446-0c44-4baf-abcc-1b53d3df2ebe
[req] GET /api/v1/me 200 0ms b34fa50f-5eb9-4761-a397-a39f3240e416
[req] GET /api/v1/me 200 0ms 025d7eee-5d30-4ba4-81af-34a802e06132
[req] GET /api/v1/recipes/thit-kho-trung 200 1ms 78c7d98c-e022-467c-9009-756fa2a77888
[req] GET /api/v1/inventory 200 1ms 9d28e5a4-a41c-434e-9b8b-e14e594d522e
[req] GET /api/v1/me 200 0ms eedddf50-ba56-4303-b582-e9c87ef8d098
[req] GET /api/v1/week/preferences 200 0ms 58064161-4a3b-441e-b48f-93845d870848
[req] GET /api/v1/me 200 2ms ea268af6-7356-4ee0-811c-67a05821335b
[req] GET /api/v1/preferences 200 1ms da5a04d9-4aff-4c2c-abd8-0dd04ed3ae65
[req] GET /api/v1/me 200 1ms f1b4d8de-3f41-4f12-bbd0-ecdbe194b468
[req] GET /api/v1/scans/t13b-preview-fridge 200 2ms 6d026317-bd56-4821-b59f-cade1ab6b5ed
[req] GET /api/v1/me 200 1ms 76a355dc-6a7c-4df4-93bb-503d8286de50
[req] GET /api/v1/shopping-list 200 1ms 93e9639d-4c96-4af4-af7a-200505d18a4f
[req] GET /api/v1/me 200 0ms 21bc8652-ee88-497a-a825-cb82ffe6c49e
[req] GET /api/v1/shopping-list 200 0ms 373aea8c-c64f-4781-b5a7-268f360416a9
[req] GET /api/v1/shopping-list 200 0ms 9aa4b272-b649-4751-a8f5-ae6ea57855b9
[req] GET /api/v1/me 200 1ms fd52ecf8-6a4f-4dae-b07d-1a827440646b
[req] GET /api/v1/shopping-list 200 0ms 17866e73-ffaa-4835-8a90-22c47f7e87b8
[req] GET /api/v1/me 200 0ms ba47faa9-27cf-4bf9-baf5-c6f7b5e56e3b
[req] GET /api/v1/shopping-list 200 0ms 32be1f07-89ef-42c3-a818-8694ec936b60
[req] GET /api/v1/me 200 0ms 83745211-5f98-4dd5-b447-e2692f787e7a
[req] GET /api/v1/meal-planning/plans/current 200 0ms 6990591a-3751-47b7-b122-85e29d119aa0
[req] GET /api/v1/inventory 200 0ms e9962aaa-59d0-451c-ad50-ca65026ee152
[req] GET /api/v1/recipe-discovery 200 5ms f3d112d4-28e7-497e-b486-aa0a4ff8e5a7
[req] GET /api/v1/inventory 200 1ms 5d9240a0-4b15-4b93-985c-bcacbc55b5bf
[req] GET /api/v1/me 200 1ms 4d491b9c-8866-43ea-bb51-a4db9324c515
[req] GET /api/v1/me 200 0ms bc60d1fb-9e80-496a-a705-711db09e8306
[req] GET /api/v1/recipe-discovery 200 5ms 454a4413-5490-43b1-a752-f610e7d54102
[req] GET /api/v1/me 200 1ms b357f546-271f-4ac2-8f06-1d17cc42d57b
[req] GET /api/v1/recipe-discovery 200 8ms 4b78b4fc-20ae-4c22-b68d-8add400a3c3e
[req] GET /api/v1/me 200 6ms 0ef70d8d-5087-4bbb-9d2e-3a9d82008197
[req] GET /api/v1/inventory 200 1ms 7beb7e73-7f25-42ea-a1f7-86b9b1934c94
[req] GET /api/v1/me 200 2ms e138b34c-d502-42aa-aa3e-a227d35e89f0
[req] GET /api/v1/scans/t13b-preview-fridge 200 2ms 60d4dfe8-1a29-4bf2-9cfb-5efb951dfa43
[req] GET /api/v1/me 200 2ms 103467ff-c8a5-41e5-afe6-818b1a37f879
[req] GET /api/v1/recipe-discovery 200 11ms 67900f5d-32ee-4df7-b82d-41ea2344b836
[req] GET /api/v1/me 200 1ms eed34eaf-ed49-43e4-9a02-7b10678fd0ac
[req] GET /api/v1/recipe-discovery 200 6ms f550cd04-96d3-408e-9435-879ee75c421d
[req] GET /api/v1/me 200 1ms baf0ee3c-7e2d-4d08-822a-50728785915b
[req] GET /api/v1/inventory 200 1ms 3a70a602-4022-49d5-8082-1d477b6979b1
[req] GET /api/v1/me 200 0ms e7b47147-76cc-4cbc-ab28-a7fe7fd91f8f
[req] GET /api/v1/scans/t13b-preview-fridge 200 1ms 5dd47105-52f0-4403-8203-fb140b225ffc
[req] GET /api/v1/me 200 1ms 2aefb7be-c214-4562-87ac-b42cce1b2087
[req] GET /api/v1/recipe-discovery 200 18ms f591964c-bbdd-45a8-b878-1c9c63dca68c
[req] GET /api/v1/me 200 1ms 0fe3395a-18ed-4748-9165-0e3673ad8708
[req] GET /api/v1/recipe-discovery 200 9ms 3ab19a85-ab80-4e54-b43c-cdb442723ee8
[req] GET /api/v1/me 401 1ms 6b9a6343-af2c-4c37-a7e7-fb4e9686a11e
[req] GET /api/v1/me 200 0ms 3e156760-feea-4325-a536-51ceaf734504
[req] GET /api/v1/me 200 1ms f6741438-6b88-4d4f-a6ce-8792c5f7f3c9
[req] PATCH /api/v1/preferences 200 1ms 8b928ae7-2ed9-41b4-a3a6-d29c1ed1ce11
[req] GET /api/v1/me 200 1ms a4ff9ab9-1ea8-445c-8de7-efe25175ac32
[req] GET /api/v1/meal-planning/plans/current 200 1ms 2e427293-0ed9-453e-857f-37c98457d85e
[req] GET /api/v1/inventory 200 0ms 7a366715-a44c-4e54-885e-0d52cc0feecf
[req] GET /api/v1/recipe-discovery 200 7ms 12ebe189-01db-4948-a62a-c5147c139fa5
[req] GET /api/v1/me 200 0ms 1986764b-3aa4-41fe-bfc9-faf3c542ec51
[req] GET /api/v1/recipe-discovery 200 10ms f6a03be8-249b-4a16-984f-03f9b2763cbb
[req] GET /api/v1/recipes/sup-ga-ngo-non-nam-huong 200 1ms 581b2e80-5ff6-4456-8bff-339fa058c76a
[req] GET /api/v1/inventory 200 2ms e4b1a640-1e63-4b84-a765-e1bd36d5d4a6
[req] GET /api/v1/me 200 0ms f6cd3324-ab95-4ea2-912f-007f5f636884
[req] GET /api/v1/me 200 0ms 4c20d0cf-634d-40cb-ae3a-d2d794797b32
[req] GET /api/v1/me 200 0ms 6d1db8d4-ae86-4268-a779-bda75d698377
[req] GET /api/v1/me 200 1ms 66bb91f1-0934-4ed9-ba59-cf0b0ad7e9f9
[req] GET /api/v1/inventory 200 1ms 1d46a598-5e24-443d-970f-688f1f0aec63
[req] GET /api/v1/me 200 1ms d80d1873-5c70-47ec-aa47-17038b89f483
[req] GET /api/v1/scans/t13b-preview-fridge 200 0ms 77a7833a-c84b-4760-bd18-31f3ab1b1e32
[req] GET /api/v1/me 200 1ms 2a041aa6-6ba2-452f-b77d-1a78131ddbc1
[req] GET /api/v1/me 200 0ms 25c24797-beb7-464e-ab38-04b1804d4a73
[req] PATCH /api/v1/preferences 200 1ms 05ec69b4-8173-469a-bd0d-b8169e7ffdc3
[req] GET /api/v1/me 200 1ms f14bc81f-9c4c-476e-9ce0-e122d20c799a
[req] GET /api/v1/meal-planning/plans/current 200 2ms e7c23c9d-9d5a-4166-81e0-e70f705dbcab
[req] GET /api/v1/inventory 200 1ms b4b6aea3-c657-4970-8629-5ffce9508026
[req] GET /api/v1/recipe-discovery 200 7ms 8279d89b-569b-47d6-ae39-ce298bbaaf10
[req] GET /api/v1/me 200 1ms 22a98242-48ea-443c-bf52-0985bbde942e
[req] GET /api/v1/recipe-discovery 200 5ms 7f51066d-5928-4d41-a995-7b6ba66cd116
[req] GET /api/v1/recipes/sup-ga-ngo-non-nam-huong 200 1ms 33f2be8a-ed54-43df-b7b7-10a4ca6016be
[req] GET /api/v1/inventory 200 1ms 29dd397d-eb41-4a93-9ee2-34b7c0556c4e
[req] GET /api/v1/me 200 0ms f5989463-9466-4636-b3e2-abfb61e9256a
[req] GET /api/v1/me 200 1ms ef1adc03-7a6a-4167-aaa9-6fc92a5014f8
[req] GET /api/v1/me 200 0ms 8048511a-d8ba-4fe9-8288-c6d29f13c380
[req] GET /api/v1/me 200 1ms 275d927c-e8ce-4cad-be22-010b00a247e1
[req] GET /api/v1/me 200 0ms eac27869-7f95-4504-af2c-58d011f9865f
[req] GET /api/v1/recipe-discovery 200 4ms 61c15cef-cd33-4995-92be-81e071b62239
[req] GET /api/v1/me 200 1ms 3939f28e-52e6-4fb0-9c6c-dfb4237a6f74
[req] GET /api/v1/recipe-discovery 200 4ms 331a07d7-3f2f-4d1f-bc37-6356d09a016c
[req] GET /api/v1/me 200 0ms 5e160306-7fe6-4b6a-a0b3-b6faf8f58c5e
[req] GET /api/v1/inventory 200 0ms ae237796-2c24-42c3-93a1-badbd4189fcb
[req] GET /api/v1/me 200 1ms 5cf81ad0-6a2e-4e49-aa4d-46648ab89dc2
[req] GET /api/v1/scans/t13b-preview-fridge 200 0ms fbed5251-d365-47f7-9399-760c8adce806
[req] GET /api/v1/me 200 1ms 8a3323a7-2db7-41fc-b4ae-bc42d756ed02
[req] GET /api/v1/recipe-discovery 200 5ms cec4417f-6998-4afc-bb90-edc11d996ec5
[req] GET /api/v1/me 200 1ms 99e1da25-0378-4ec1-81c9-74c5464d3909
[req] GET /api/v1/recipe-discovery 200 4ms 332f51bd-65be-4dd0-9185-d822f095fbb4
[req] GET /api/v1/me 200 1ms 3568f6bd-cc22-405f-9948-7ee667422853
[req] GET /api/v1/inventory 200 1ms 498a2753-72fc-464a-920a-532104896109
[req] GET /api/v1/me 200 0ms 23d45f7c-7035-464b-81c1-7e4ae812a63c
[req] GET /api/v1/scans/t13b-preview-fridge 200 0ms 2f4f6975-6862-4688-829b-c70f3b283916
[req] GET /api/v1/me 200 1ms 02b54529-7933-4a87-954c-be9e3207cd9f
[req] GET /api/v1/recipe-discovery 200 8ms 339a7c05-7638-4d85-a212-c3a0e3d5aaa5
[req] GET /api/v1/me 200 1ms 35d05b4f-a238-4352-aa4c-b72828eb5303
[req] GET /api/v1/recipe-discovery 200 5ms 46c2f229-57d7-46d9-902b-ab9797bd72c6
[req] GET /api/v1/me 401 1ms aab1d966-e724-4115-a61b-196d23bcfff3
[req] GET /api/v1/me 200 1ms d761033c-c11d-4b0f-b2d7-6b29c54ab376
[req] GET /api/v1/me 200 0ms c540663a-0b37-4a62-bca2-c4d8e680b919
[req] GET /api/v1/inventory 200 0ms 54fe10b9-8f41-4e45-afa2-3553ae0a36d2
[req] GET /api/v1/me 200 2ms 84829f58-c99f-4c71-bb76-22c1d204558d
[req] GET /api/v1/scans/t13b-preview-fridge 200 1ms 3e95a64a-83d7-4b7f-ad1d-f0080ca3fcbd
[req] GET /api/v1/me 200 0ms d7bcef3d-5fea-41db-9a19-e5092dad5aaa
[req] GET /api/v1/me 200 1ms 55afee3d-9426-48e5-a111-42954036e794
[req] PATCH /api/v1/preferences 200 0ms dd6d4351-4864-40e5-8bc2-272ac3fd5135
[req] GET /api/v1/me 200 1ms 78e6e8ee-6f1f-4b2f-a982-9317dbe7292e
[req] GET /api/v1/meal-planning/plans/current 200 1ms a4004098-77c1-422a-8fda-dd746275fd70
[req] GET /api/v1/inventory 200 1ms eff766e5-8071-4685-be49-19b8062b44ab
[req] GET /api/v1/recipe-discovery 200 5ms e08b877d-392b-43fe-96bc-ff6450044835
[req] GET /api/v1/me 200 1ms 44ebb31b-a7dd-401f-85aa-e6e37c640d6e
[req] GET /api/v1/recipe-discovery 200 7ms 40778507-f766-485b-9181-f7d32c21d014
[req] GET /api/v1/recipes/sup-ga-ngo-non-nam-huong 200 1ms 4be39a77-5d91-463a-9f24-5c50c186d3c2
[req] GET /api/v1/inventory 200 0ms 9da094f0-00f5-4abc-be9f-5179a0943bcc
[req] GET /api/v1/me 200 0ms b478e302-3666-4863-a3ef-600d8890a713
[req] GET /api/v1/me 200 1ms bc26013b-1c61-4c11-88ba-d4b226665b87
[req] GET /api/v1/me 200 1ms 4b76efc9-d2cf-46c9-943d-08dfb345cfd3
[req] GET /api/v1/me 200 1ms bae7f143-5212-45b9-9319-4d3ec658adea
[req] GET /api/v1/inventory 200 1ms 5b3ed9d3-c121-4d3e-81ed-4cbb5fadc012
[req] GET /api/v1/me 200 2ms f980d5ab-3190-404c-8d0b-3e063df7cafb
[req] GET /api/v1/scans/t13b-preview-fridge 200 1ms 94f6cd94-9894-4df7-95cb-fd62b2128d20
[req] GET /api/v1/me 200 0ms 767e058e-e98a-4dc0-b849-45a5d6b593ae
[req] GET /api/v1/me 200 0ms ad636b4b-d7ef-4d4e-bd9b-64110ffea282
[req] PATCH /api/v1/preferences 200 1ms aa736f7c-88a8-49a4-8582-b7d3c6aa5d0b
[req] GET /api/v1/me 200 2ms d0d5c73e-59e7-4336-884f-bb7c54023b63
[req] GET /api/v1/meal-planning/plans/current 200 1ms 668d3052-4464-4baf-a6c9-879cafa028a4
[req] GET /api/v1/inventory 200 0ms 32eec6c6-8368-439e-975b-8760fac57388
[req] GET /api/v1/recipe-discovery 200 5ms c78d1b8a-1b70-4aca-b0d7-409df33329c5
[req] GET /api/v1/me 200 0ms 20a90f13-71fc-48e4-bcb1-99f8ed5ea749
[req] GET /api/v1/recipe-discovery 200 5ms 66309aad-867d-4b3d-b8eb-96f90b6a89a6
[req] GET /api/v1/me 200 0ms bf68472d-6ec6-451c-9c1c-aa1f1dbca7ee
[req] GET /api/v1/me 200 0ms 8e2abb20-85bb-4dc5-8586-6a66d7ca366c
[req] GET /api/v1/me 200 0ms 402a5adc-c423-4d86-981d-91e24c2a2cb7
[req] GET /api/v1/me 200 1ms 3c8b29b8-26df-4767-9f45-f650b2fb9586
[req] GET /api/v1/inventory 200 1ms d335a335-7266-428e-a746-020fff32192b
[req] GET /api/v1/me 200 1ms 499a0117-4ef7-47cb-b306-2344b1cbaacb
[req] GET /api/v1/scans/t13b-preview-fridge 200 1ms 4fe520c6-eeab-4d42-bd88-a3fb97e97fa7
[req] GET /api/v1/me 200 0ms 240d9e4e-0205-4d2d-a2e8-35d6602f5f41
[req] GET /api/v1/me 200 0ms 7666d5bd-9158-42d2-972e-10027e3275e5
[req] PATCH /api/v1/preferences 200 1ms 14a28a40-5a6d-4402-b956-27106e5a9529
[req] GET /api/v1/me 200 1ms b74bfe72-5544-4501-8cd9-8c105f8561e3
[req] GET /api/v1/meal-planning/plans/current 200 1ms dd15e612-2d68-42f9-8408-eecf09157475
[req] GET /api/v1/inventory 200 1ms 076ace77-fd69-4855-8248-32c7ea5aeb22
[req] GET /api/v1/recipe-discovery 200 5ms edf1e98d-23a0-45c1-8afd-2915e56236f6
[req] GET /api/v1/me 200 1ms 931244af-5c36-4df5-95cf-1234a45e8573
[req] GET /api/v1/recipe-discovery 200 4ms 1fc4025f-b5a8-4096-aad4-b01c31eeaf89
[req] GET /api/v1/me 200 0ms 383faf59-2631-4f81-88a1-2412d4a1cc10
[req] GET /api/v1/me 200 1ms 973b555c-d900-4e65-83aa-0875570aa7ff
[req] GET /api/v1/me 200 0ms 327908e8-9671-4686-b487-c350925840cd
[req] GET /api/v1/me 200 2ms a12f73fa-0c86-4454-a0dd-a074f57c446d
[req] GET /api/v1/inventory 200 1ms b633ccab-1522-414c-b9fc-350af7a35784
[req] GET /api/v1/me 200 0ms ee3ade06-4dfc-4de5-a8a0-35b664409ba5
[req] GET /api/v1/scans/t13b-preview-fridge 200 1ms 34ecd1ea-dfbf-4909-b2cb-dbe5391572eb
[req] GET /api/v1/me 200 0ms 8c107899-7aca-4173-ae0e-e6b1ed1c9e56
[req] GET /api/v1/me 200 0ms a6f359c0-4699-44e5-a9a1-72ca7f54fd0e
[req] PATCH /api/v1/preferences 200 1ms 135ed258-3ac1-4de8-8494-e65d1ef4d9a5
[req] GET /api/v1/me 200 1ms 3668a89f-2272-4535-83b5-325bc6490980
[req] GET /api/v1/meal-planning/plans/current 200 1ms 7856bec4-a0b7-4873-8323-026225e58b0b
[req] GET /api/v1/inventory 200 0ms a297bbd3-6a6b-4467-9e05-24aed766c9d8
[req] GET /api/v1/recipe-discovery 200 4ms 3f052ff9-12ed-4271-902e-637def364663
[req] GET /api/v1/me 200 1ms b1f4a510-da4a-4554-b6a6-f559a8f8fbe8
[req] GET /api/v1/recipe-discovery 200 3ms 78d8a338-b037-425b-b2cf-2616dc87aff4
[req] GET /api/v1/recipes/sup-ga-ngo-non-nam-huong 200 1ms 5610b9c4-2870-4842-82cb-4b7fe130355a
[req] GET /api/v1/inventory 200 1ms 51bfe162-0160-406f-9ae9-91e0b9732486
[req] GET /api/v1/me 200 1ms 7b63b4f4-4b8e-4988-a98f-8b5453497392
[req] GET /api/v1/me 200 1ms 5699fac2-1aab-4ae1-865c-3ce8b2b74b31
[req] GET /api/v1/me 200 0ms e55d8400-627f-449e-bf08-a286b2d1e67a
[req] GET /api/v1/me 200 0ms 3229054e-e567-4032-94f3-7d455b6957d6
[req] GET /api/v1/inventory 200 0ms 2358d01d-a393-4d14-af54-f3e3a6b1a054
[req] GET /api/v1/me 200 1ms 153e4ad5-4ae8-436e-8d27-84ec4a546ef8
[req] GET /api/v1/scans/t13b-preview-fridge 200 2ms 3c03f264-9815-4029-9f86-4567536b587f
[req] GET /api/v1/me 200 2ms f845b6f0-704a-495b-8556-bbf481f213d1
[req] GET /api/v1/me 200 1ms b037f87e-a4c7-4166-95c3-4076e6506cd9
[req] GET /api/v1/me 200 2ms 1cb66997-1291-464a-9cac-572df38e4aac
[req] PATCH /api/v1/preferences 200 0ms 0434260d-4038-4c22-ac97-c6b568c20ffb
[req] GET /api/v1/me 200 0ms 21d84361-72ce-4364-8feb-1851ab39201f
[req] GET /api/v1/meal-planning/plans/current 200 1ms e43dcef0-3208-4191-8ca8-99d8486b0a57
[req] GET /api/v1/me 200 0ms d1e89b8d-f3a9-475e-9281-d88e2bdb3f0f
[req] GET /api/v1/me 200 1ms 9d0cc1d9-17d3-401f-9917-8e3c0d67af82
[req] GET /api/v1/meal-planning/plans/current 200 1ms 029e9466-ac95-4a7a-8e88-2cca0233f6a8
[req] GET /api/v1/me 200 3ms ff7ac251-8f13-4acf-9620-52079d28f392
[req] GET /api/v1/me 200 1ms 5b13209e-8a86-41c7-bc2c-7f15a93b7a3b
[req] GET /api/v1/me 200 0ms f63eb6c7-7f2e-4ee8-9271-a30626ab844a
[req] GET /api/v1/me 200 2ms 596e5e7f-0a07-4e2e-ac20-beca07088020
[req] GET /api/v1/week/preferences 200 0ms 5873d957-0284-4ad7-8d1e-c995f2478a5c
