
 RUN  v3.2.7 /Users/tunbee27/Documents/Tako-san-ui-rebuild

 ✓ tests/unit/week-shopping-route-policy.test.ts (6 tests) 4ms
 ✓ tests/unit/week-reconciliation.test.ts (5 tests) 20ms
 ✓ tests/unit/week-planner.test.ts (15 tests) 38ms
 ✓ tests/unit/week-route-serialization.test.ts (6 tests) 52ms
stderr | tests/integration/week-core-flow.test.ts > Week core HTTP flow (in-memory D1) > creates, reads, regenerates, and swaps a plan while preserving relational state
{"level":"warn","limiter":"rl_week_w","reason":"kv-unbound","message":"Rate limiter degraded to isolate-local counters; enforcement is not globally reliable."}

stderr | tests/integration/week-core-flow.test.ts > Week core HTTP flow (in-memory D1) > creates, reads, regenerates, and swaps a plan while preserving relational state
{"level":"warn","limiter":"rl_gen","reason":"kv-unbound","message":"Rate limiter degraded to isolate-local counters; enforcement is not globally reliable."}

stderr | tests/integration/week-core-flow.test.ts > Week core HTTP flow (in-memory D1) > creates, reads, regenerates, and swaps a plan while preserving relational state
{"level":"warn","limiter":"rl_swap","reason":"kv-unbound","message":"Rate limiter degraded to isolate-local counters; enforcement is not globally reliable."}

stderr | tests/unit/ui08-onboarding-navigation.test.tsx > UI08 completion intent through actual App guards > today reaches its chosen destination after server confirmation
⚠️ React Router Future Flag Warning: React Router will begin wrapping state updates in `React.startTransition` in v7. You can use the `v7_startTransition` future flag to opt-in early. For more information, see https://reactrouter.com/v6/upgrading/future#v7_starttransition.
⚠️ React Router Future Flag Warning: Relative route resolution within Splat routes is changing in v7. You can use the `v7_relativeSplatPath` future flag to opt-in early. For more information, see https://reactrouter.com/v6/upgrading/future#v7_relativesplatpath.

 ✓ tests/integration/week-core-flow.test.ts (3 tests) 777ms
   ✓ Week core HTTP flow (in-memory D1) > creates, reads, regenerates, and swaps a plan while preserving relational state  360ms
stderr | tests/integration/frontend-ui-integration.test.tsx > real Home data rendered through the shared QueryClient > renders honest empty states without fake meal, budget, expiry items, progress, or notification badges
Warning: useLayoutEffect does nothing on the server, because its effect cannot be encoded into the server renderer's output format. This will lead to a mismatch between the initial, non-hydrated UI and the intended UI. To avoid this, useLayoutEffect should only be used in components that render exclusively on the client. See https://reactjs.org/link/uselayouteffect-ssr for common fixes.
    at MemoryRouter (/Users/tunbee27/Documents/Tako-san-ui-rebuild/node_modules/.pnpm/react-router@6.30.6_react@18.3.1/node_modules/react-router/dist/umd/react-router.development.js:1097:7)
    at QueryClientProvider (file:///Users/tunbee27/Documents/Tako-san-ui-rebuild/node_modules/.pnpm/@tanstack+react-query@5.102.8_react@18.3.1/node_modules/@tanstack/react-query/build/modern/QueryClientProvider.js:12:32)
Warning: useLayoutEffect does nothing on the server, because its effect cannot be encoded into the server renderer's output format. This will lead to a mismatch between the initial, non-hydrated UI and the intended UI. To avoid this, useLayoutEffect should only be used in components that render exclusively on the client. See https://reactjs.org/link/uselayouteffect-ssr for common fixes.
    at LinkWithRef (/Users/tunbee27/Documents/Tako-san-ui-rebuild/node_modules/.pnpm/react-router-dom@6.30.6_react-dom@18.3.1_react@18.3.1__react@18.3.1/node_modules/react-router-dom/dist/umd/react-router-dom.development.js:807:9)
    at div
    at header
    at KitchenHeader (/Users/tunbee27/Documents/Tako-san-ui-rebuild/src/web/components/common/KitchenHeader.tsx:9:3)
    at TopBar (/Users/tunbee27/Documents/Tako-san-ui-rebuild/src/web/components/common/TopBar.tsx:9:3)
    at div
    at HomePage (/Users/tunbee27/Documents/Tako-san-ui-rebuild/src/web/pages/HomePage.tsx:161:65)
    at Router (/Users/tunbee27/Documents/Tako-san-ui-rebuild/node_modules/.pnpm/react-router@6.30.6_react@18.3.1/node_modules/react-router/dist/umd/react-router.development.js:1203:17)
    at MemoryRouter (/Users/tunbee27/Documents/Tako-san-ui-rebuild/node_modules/.pnpm/react-router@6.30.6_react@18.3.1/node_modules/react-router/dist/umd/react-router.development.js:1097:7)
    at QueryClientProvider (file:///Users/tunbee27/Documents/Tako-san-ui-rebuild/node_modules/.pnpm/@tanstack+react-query@5.102.8_react@18.3.1/node_modules/@tanstack/react-query/build/modern/QueryClientProvider.js:12:32)
Warning: useLayoutEffect does nothing on the server, because its effect cannot be encoded into the server renderer's output format. This will lead to a mismatch between the initial, non-hydrated UI and the intended UI. To avoid this, useLayoutEffect should only be used in components that render exclusively on the client. See https://reactjs.org/link/uselayouteffect-ssr for common fixes.
    at LinkWithRef (/Users/tunbee27/Documents/Tako-san-ui-rebuild/node_modules/.pnpm/react-router-dom@6.30.6_react-dom@18.3.1_react@18.3.1__react@18.3.1/node_modules/react-router-dom/dist/umd/react-router-dom.development.js:807:9)
    at div
    at header
    at KitchenHeader (/Users/tunbee27/Documents/Tako-san-ui-rebuild/src/web/components/common/KitchenHeader.tsx:9:3)
    at TopBar (/Users/tunbee27/Documents/Tako-san-ui-rebuild/src/web/components/common/TopBar.tsx:9:3)
    at div
    at HomePage (/Users/tunbee27/Documents/Tako-san-ui-rebuild/src/web/pages/HomePage.tsx:161:65)
    at Router (/Users/tunbee27/Documents/Tako-san-ui-rebuild/node_modules/.pnpm/react-router@6.30.6_react@18.3.1/node_modules/react-router/dist/umd/react-router.development.js:1203:17)
    at MemoryRouter (/Users/tunbee27/Documents/Tako-san-ui-rebuild/node_modules/.pnpm/react-router@6.30.6_react@18.3.1/node_modules/react-router/dist/umd/react-router.development.js:1097:7)
    at QueryClientProvider (file:///Users/tunbee27/Documents/Tako-san-ui-rebuild/node_modules/.pnpm/@tanstack+react-query@5.102.8_react@18.3.1/node_modules/@tanstack/react-query/build/modern/QueryClientProvider.js:12:32)
Warning: useLayoutEffect does nothing on the server, because its effect cannot be encoded into the server renderer's output format. This will lead to a mismatch between the initial, non-hydrated UI and the intended UI. To avoid this, useLayoutEffect should only be used in components that render exclusively on the client. See https://reactjs.org/link/uselayouteffect-ssr for common fixes.
    at LinkWithRef (/Users/tunbee27/Documents/Tako-san-ui-rebuild/node_modules/.pnpm/react-router-dom@6.30.6_react-dom@18.3.1_react@18.3.1__react@18.3.1/node_modules/react-router-dom/dist/umd/react-router-dom.development.js:807:9)
    at div
    at header
    at KitchenHeader (/Users/tunbee27/Documents/Tako-san-ui-rebuild/src/web/components/common/KitchenHeader.tsx:9:3)
    at TopBar (/Users/tunbee27/Documents/Tako-san-ui-rebuild/src/web/components/common/TopBar.tsx:9:3)
    at div
    at HomePage (/Users/tunbee27/Documents/Tako-san-ui-rebuild/src/web/pages/HomePage.tsx:161:65)
    at Router (/Users/tunbee27/Documents/Tako-san-ui-rebuild/node_modules/.pnpm/react-router@6.30.6_react@18.3.1/node_modules/react-router/dist/umd/react-router.development.js:1203:17)
    at MemoryRouter (/Users/tunbee27/Documents/Tako-san-ui-rebuild/node_modules/.pnpm/react-router@6.30.6_react@18.3.1/node_modules/react-router/dist/umd/react-router.development.js:1097:7)
    at QueryClientProvider (file:///Users/tunbee27/Documents/Tako-san-ui-rebuild/node_modules/.pnpm/@tanstack+react-query@5.102.8_react@18.3.1/node_modules/@tanstack/react-query/build/modern/QueryClientProvider.js:12:32)
Warning: useLayoutEffect does nothing on the server, because its effect cannot be encoded into the server renderer's output format. This will lead to a mismatch between the initial, non-hydrated UI and the intended UI. To avoid this, useLayoutEffect should only be used in components that render exclusively on the client. See https://reactjs.org/link/uselayouteffect-ssr for common fixes.
    at LinkWithRef (/Users/tunbee27/Documents/Tako-san-ui-rebuild/node_modules/.pnpm/react-router-dom@6.30.6_react-dom@18.3.1_react@18.3.1__react@18.3.1/node_modules/react-router-dom/dist/umd/react-router-dom.development.js:807:9)
    at div
    at section
    at div
    at div
    at div
    at div
    at HomePage (/Users/tunbee27/Documents/Tako-san-ui-rebuild/src/web/pages/HomePage.tsx:161:65)
    at Router (/Users/tunbee27/Documents/Tako-san-ui-rebuild/node_modules/.pnpm/react-router@6.30.6_react@18.3.1/node_modules/react-router/dist/umd/react-router.development.js:1203:17)
    at MemoryRouter (/Users/tunbee27/Documents/Tako-san-ui-rebuild/node_modules/.pnpm/react-router@6.30.6_react@18.3.1/node_modules/react-router/dist/umd/react-router.development.js:1097:7)
    at QueryClientProvider (file:///Users/tunbee27/Documents/Tako-san-ui-rebuild/node_modules/.pnpm/@tanstack+react-query@5.102.8_react@18.3.1/node_modules/@tanstack/react-query/build/modern/QueryClientProvider.js:12:32)
Warning: useLayoutEffect does nothing on the server, because its effect cannot be encoded into the server renderer's output format. This will lead to a mismatch between the initial, non-hydrated UI and the intended UI. To avoid this, useLayoutEffect should only be used in components that render exclusively on the client. See https://reactjs.org/link/uselayouteffect-ssr for common fixes.
    at LinkWithRef (/Users/tunbee27/Documents/Tako-san-ui-rebuild/node_modules/.pnpm/react-router-dom@6.30.6_react-dom@18.3.1_react@18.3.1__react@18.3.1/node_modules/react-router-dom/dist/umd/react-router-dom.development.js:807:9)
    at div
    at section
    at div
    at div
    at div
    at div
    at HomePage (/Users/tunbee27/Documents/Tako-san-ui-rebuild/src/web/pages/HomePage.tsx:161:65)
    at Router (/Users/tunbee27/Documents/Tako-san-ui-rebuild/node_modules/.pnpm/react-router@6.30.6_react@18.3.1/node_modules/react-router/dist/umd/react-router.development.js:1203:17)
    at MemoryRouter (/Users/tunbee27/Documents/Tako-san-ui-rebuild/node_modules/.pnpm/react-router@6.30.6_react@18.3.1/node_modules/react-router/dist/umd/react-router.development.js:1097:7)
    at QueryClientProvider (file:///Users/tunbee27/Documents/Tako-san-ui-rebuild/node_modules/.pnpm/@tanstack+react-query@5.102.8_react@18.3.1/node_modules/@tanstack/react-query/build/modern/QueryClientProvider.js:12:32)
Warning: useLayoutEffect does nothing on the server, because its effect cannot be encoded into the server renderer's output format. This will lead to a mismatch between the initial, non-hydrated UI and the intended UI. To avoid this, useLayoutEffect should only be used in components that render exclusively on the client. See https://reactjs.org/link/uselayouteffect-ssr for common fixes.
    at LinkWithRef (/Users/tunbee27/Documents/Tako-san-ui-rebuild/node_modules/.pnpm/react-router-dom@6.30.6_react-dom@18.3.1_react@18.3.1__react@18.3.1/node_modules/react-router-dom/dist/umd/react-router-dom.development.js:807:9)
    at div
    at section
    at div
    at div
    at div
    at div
    at HomePage (/Users/tunbee27/Documents/Tako-san-ui-rebuild/src/web/pages/HomePage.tsx:161:65)
    at Router (/Users/tunbee27/Documents/Tako-san-ui-rebuild/node_modules/.pnpm/react-router@6.30.6_react@18.3.1/node_modules/react-router/dist/umd/react-router.development.js:1203:17)
    at MemoryRouter (/Users/tunbee27/Documents/Tako-san-ui-rebuild/node_modules/.pnpm/react-router@6.30.6_react@18.3.1/node_modules/react-router/dist/umd/react-router.development.js:1097:7)
    at QueryClientProvider (file:///Users/tunbee27/Documents/Tako-san-ui-rebuild/node_modules/.pnpm/@tanstack+react-query@5.102.8_react@18.3.1/node_modules/@tanstack/react-query/build/modern/QueryClientProvider.js:12:32)
Warning: useLayoutEffect does nothing on the server, because its effect cannot be encoded into the server renderer's output format. This will lead to a mismatch between the initial, non-hydrated UI and the intended UI. To avoid this, useLayoutEffect should only be used in components that render exclusively on the client. See https://reactjs.org/link/uselayouteffect-ssr for common fixes.
    at LinkWithRef (/Users/tunbee27/Documents/Tako-san-ui-rebuild/node_modules/.pnpm/react-router-dom@6.30.6_react-dom@18.3.1_react@18.3.1__react@18.3.1/node_modules/react-router-dom/dist/umd/react-router-dom.development.js:807:9)
    at div
    at section
    at div
    at div
    at div
    at HomePage (/Users/tunbee27/Documents/Tako-san-ui-rebuild/src/web/pages/HomePage.tsx:161:65)
    at Router (/Users/tunbee27/Documents/Tako-san-ui-rebuild/node_modules/.pnpm/react-router@6.30.6_react@18.3.1/node_modules/react-router/dist/umd/react-router.development.js:1203:17)
    at MemoryRouter (/Users/tunbee27/Documents/Tako-san-ui-rebuild/node_modules/.pnpm/react-router@6.30.6_react@18.3.1/node_modules/react-router/dist/umd/react-router.development.js:1097:7)
    at QueryClientProvider (file:///Users/tunbee27/Documents/Tako-san-ui-rebuild/node_modules/.pnpm/@tanstack+react-query@5.102.8_react@18.3.1/node_modules/@tanstack/react-query/build/modern/QueryClientProvider.js:12:32)
Warning: useLayoutEffect does nothing on the server, because its effect cannot be encoded into the server renderer's output format. This will lead to a mismatch between the initial, non-hydrated UI and the intended UI. To avoid this, useLayoutEffect should only be used in components that render exclusively on the client. See https://reactjs.org/link/uselayouteffect-ssr for common fixes.
    at LinkWithRef (/Users/tunbee27/Documents/Tako-san-ui-rebuild/node_modules/.pnpm/react-router-dom@6.30.6_react-dom@18.3.1_react@18.3.1__react@18.3.1/node_modules/react-router-dom/dist/umd/react-router-dom.development.js:807:9)
    at div
    at section
    at div
    at div
    at div
    at HomePage (/Users/tunbee27/Documents/Tako-san-ui-rebuild/src/web/pages/HomePage.tsx:161:65)
    at Router (/Users/tunbee27/Documents/Tako-san-ui-rebuild/node_modules/.pnpm/react-router@6.30.6_react@18.3.1/node_modules/react-router/dist/umd/react-router.development.js:1203:17)
    at MemoryRouter (/Users/tunbee27/Documents/Tako-san-ui-rebuild/node_modules/.pnpm/react-router@6.30.6_react@18.3.1/node_modules/react-router/dist/umd/react-router.development.js:1097:7)
    at QueryClientProvider (file:///Users/tunbee27/Documents/Tako-san-ui-rebuild/node_modules/.pnpm/@tanstack+react-query@5.102.8_react@18.3.1/node_modules/@tanstack/react-query/build/modern/QueryClientProvider.js:12:32)
Warning: useLayoutEffect does nothing on the server, because its effect cannot be encoded into the server renderer's output format. This will lead to a mismatch between the initial, non-hydrated UI and the intended UI. To avoid this, useLayoutEffect should only be used in components that render exclusively on the client. See https://reactjs.org/link/uselayouteffect-ssr for common fixes.
    at LinkWithRef (/Users/tunbee27/Documents/Tako-san-ui-rebuild/node_modules/.pnpm/react-router-dom@6.30.6_react-dom@18.3.1_react@18.3.1__react@18.3.1/node_modules/react-router-dom/dist/umd/react-router-dom.development.js:807:9)
    at section
    at div
    at div
    at div
    at HomePage (/Users/tunbee27/Documents/Tako-san-ui-rebuild/src/web/pages/HomePage.tsx:161:65)
    at Router (/Users/tunbee27/Documents/Tako-san-ui-rebuild/node_modules/.pnpm/react-router@6.30.6_react@18.3.1/node_modules/react-router/dist/umd/react-router.development.js:1203:17)
    at MemoryRouter (/Users/tunbee27/Documents/Tako-san-ui-rebuild/node_modules/.pnpm/react-router@6.30.6_react@18.3.1/node_modules/react-router/dist/umd/react-router.development.js:1097:7)
    at QueryClientProvider (file:///Users/tunbee27/Documents/Tako-san-ui-rebuild/node_modules/.pnpm/@tanstack+react-query@5.102.8_react@18.3.1/node_modules/@tanstack/react-query/build/modern/QueryClientProvider.js:12:32)

 ✓ tests/unit/ui08-onboarding-navigation.test.tsx (6 tests) 457ms
stderr | tests/integration/frontend-ui-integration.test.tsx > real Home data rendered through the shared QueryClient > derives the current meal, week progress, budget, and use-soon inventory from query data
Warning: useLayoutEffect does nothing on the server, because its effect cannot be encoded into the server renderer's output format. This will lead to a mismatch between the initial, non-hydrated UI and the intended UI. To avoid this, useLayoutEffect should only be used in components that render exclusively on the client. See https://reactjs.org/link/uselayouteffect-ssr for common fixes.
    at MemoryRouter (/Users/tunbee27/Documents/Tako-san-ui-rebuild/node_modules/.pnpm/react-router@6.30.6_react@18.3.1/node_modules/react-router/dist/umd/react-router.development.js:1097:7)
    at QueryClientProvider (file:///Users/tunbee27/Documents/Tako-san-ui-rebuild/node_modules/.pnpm/@tanstack+react-query@5.102.8_react@18.3.1/node_modules/@tanstack/react-query/build/modern/QueryClientProvider.js:12:32)
Warning: useLayoutEffect does nothing on the server, because its effect cannot be encoded into the server renderer's output format. This will lead to a mismatch between the initial, non-hydrated UI and the intended UI. To avoid this, useLayoutEffect should only be used in components that render exclusively on the client. See https://reactjs.org/link/uselayouteffect-ssr for common fixes.
    at LinkWithRef (/Users/tunbee27/Documents/Tako-san-ui-rebuild/node_modules/.pnpm/react-router-dom@6.30.6_react-dom@18.3.1_react@18.3.1__react@18.3.1/node_modules/react-router-dom/dist/umd/react-router-dom.development.js:807:9)
    at div
    at header
    at KitchenHeader (/Users/tunbee27/Documents/Tako-san-ui-rebuild/src/web/components/common/KitchenHeader.tsx:9:3)
    at TopBar (/Users/tunbee27/Documents/Tako-san-ui-rebuild/src/web/components/common/TopBar.tsx:9:3)
    at div
    at HomePage (/Users/tunbee27/Documents/Tako-san-ui-rebuild/src/web/pages/HomePage.tsx:161:65)
    at Router (/Users/tunbee27/Documents/Tako-san-ui-rebuild/node_modules/.pnpm/react-router@6.30.6_react@18.3.1/node_modules/react-router/dist/umd/react-router.development.js:1203:17)
    at MemoryRouter (/Users/tunbee27/Documents/Tako-san-ui-rebuild/node_modules/.pnpm/react-router@6.30.6_react@18.3.1/node_modules/react-router/dist/umd/react-router.development.js:1097:7)
    at QueryClientProvider (file:///Users/tunbee27/Documents/Tako-san-ui-rebuild/node_modules/.pnpm/@tanstack+react-query@5.102.8_react@18.3.1/node_modules/@tanstack/react-query/build/modern/QueryClientProvider.js:12:32)
Warning: useLayoutEffect does nothing on the server, because its effect cannot be encoded into the server renderer's output format. This will lead to a mismatch between the initial, non-hydrated UI and the intended UI. To avoid this, useLayoutEffect should only be used in components that render exclusively on the client. See https://reactjs.org/link/uselayouteffect-ssr for common fixes.
    at LinkWithRef (/Users/tunbee27/Documents/Tako-san-ui-rebuild/node_modules/.pnpm/react-router-dom@6.30.6_react-dom@18.3.1_react@18.3.1__react@18.3.1/node_modules/react-router-dom/dist/umd/react-router-dom.development.js:807:9)
    at div
    at header
    at KitchenHeader (/Users/tunbee27/Documents/Tako-san-ui-rebuild/src/web/components/common/KitchenHeader.tsx:9:3)
    at TopBar (/Users/tunbee27/Documents/Tako-san-ui-rebuild/src/web/components/common/TopBar.tsx:9:3)
    at div
    at HomePage (/Users/tunbee27/Documents/Tako-san-ui-rebuild/src/web/pages/HomePage.tsx:161:65)
    at Router (/Users/tunbee27/Documents/Tako-san-ui-rebuild/node_modules/.pnpm/react-router@6.30.6_react@18.3.1/node_modules/react-router/dist/umd/react-router.development.js:1203:17)
    at MemoryRouter (/Users/tunbee27/Documents/Tako-san-ui-rebuild/node_modules/.pnpm/react-router@6.30.6_react@18.3.1/node_modules/react-router/dist/umd/react-router.development.js:1097:7)
    at QueryClientProvider (file:///Users/tunbee27/Documents/Tako-san-ui-rebuild/node_modules/.pnpm/@tanstack+react-query@5.102.8_react@18.3.1/node_modules/@tanstack/react-query/build/modern/QueryClientProvider.js:12:32)
Warning: useLayoutEffect does nothing on the server, because its effect cannot be encoded into the server renderer's output format. This will lead to a mismatch between the initial, non-hydrated UI and the intended UI. To avoid this, useLayoutEffect should only be used in components that render exclusively on the client. See https://reactjs.org/link/uselayouteffect-ssr for common fixes.
    at LinkWithRef (/Users/tunbee27/Documents/Tako-san-ui-rebuild/node_modules/.pnpm/react-router-dom@6.30.6_react-dom@18.3.1_react@18.3.1__react@18.3.1/node_modules/react-router-dom/dist/umd/react-router-dom.development.js:807:9)
    at div
    at header
    at KitchenHeader (/Users/tunbee27/Documents/Tako-san-ui-rebuild/src/web/components/common/KitchenHeader.tsx:9:3)
    at TopBar (/Users/tunbee27/Documents/Tako-san-ui-rebuild/src/web/components/common/TopBar.tsx:9:3)
    at div
    at HomePage (/Users/tunbee27/Documents/Tako-san-ui-rebuild/src/web/pages/HomePage.tsx:161:65)
    at Router (/Users/tunbee27/Documents/Tako-san-ui-rebuild/node_modules/.pnpm/react-router@6.30.6_react@18.3.1/node_modules/react-router/dist/umd/react-router.development.js:1203:17)
    at MemoryRouter (/Users/tunbee27/Documents/Tako-san-ui-rebuild/node_modules/.pnpm/react-router@6.30.6_react@18.3.1/node_modules/react-router/dist/umd/react-router.development.js:1097:7)
    at QueryClientProvider (file:///Users/tunbee27/Documents/Tako-san-ui-rebuild/node_modules/.pnpm/@tanstack+react-query@5.102.8_react@18.3.1/node_modules/@tanstack/react-query/build/modern/QueryClientProvider.js:12:32)
Warning: useLayoutEffect does nothing on the server, because its effect cannot be encoded into the server renderer's output format. This will lead to a mismatch between the initial, non-hydrated UI and the intended UI. To avoid this, useLayoutEffect should only be used in components that render exclusively on the client. See https://reactjs.org/link/uselayouteffect-ssr for common fixes.
    at LinkWithRef (/Users/tunbee27/Documents/Tako-san-ui-rebuild/node_modules/.pnpm/react-router-dom@6.30.6_react-dom@18.3.1_react@18.3.1__react@18.3.1/node_modules/react-router-dom/dist/umd/react-router-dom.development.js:807:9)
    at div
    at section
    at PlannedMeal (/Users/tunbee27/Documents/Tako-san-ui-rebuild/src/web/pages/HomePage.tsx:22:24)
    at div
    at div
    at div
    at div
    at HomePage (/Users/tunbee27/Documents/Tako-san-ui-rebuild/src/web/pages/HomePage.tsx:161:65)
    at Router (/Users/tunbee27/Documents/Tako-san-ui-rebuild/node_modules/.pnpm/react-router@6.30.6_react@18.3.1/node_modules/react-router/dist/umd/react-router.development.js:1203:17)
    at MemoryRouter (/Users/tunbee27/Documents/Tako-san-ui-rebuild/node_modules/.pnpm/react-router@6.30.6_react@18.3.1/node_modules/react-router/dist/umd/react-router.development.js:1097:7)
    at QueryClientProvider (file:///Users/tunbee27/Documents/Tako-san-ui-rebuild/node_modules/.pnpm/@tanstack+react-query@5.102.8_react@18.3.1/node_modules/@tanstack/react-query/build/modern/QueryClientProvider.js:12:32)
Warning: useLayoutEffect does nothing on the server, because its effect cannot be encoded into the server renderer's output format. This will lead to a mismatch between the initial, non-hydrated UI and the intended UI. To avoid this, useLayoutEffect should only be used in components that render exclusively on the client. See https://reactjs.org/link/uselayouteffect-ssr for common fixes.
    at LinkWithRef (/Users/tunbee27/Documents/Tako-san-ui-rebuild/node_modules/.pnpm/react-router-dom@6.30.6_react-dom@18.3.1_react@18.3.1__react@18.3.1/node_modules/react-router-dom/dist/umd/react-router-dom.development.js:807:9)
    at section
    at div
    at div
    at div
    at div
    at HomePage (/Users/tunbee27/Documents/Tako-san-ui-rebuild/src/web/pages/HomePage.tsx:161:65)
    at Router (/Users/tunbee27/Documents/Tako-san-ui-rebuild/node_modules/.pnpm/react-router@6.30.6_react@18.3.1/node_modules/react-router/dist/umd/react-router.development.js:1203:17)
    at MemoryRouter (/Users/tunbee27/Documents/Tako-san-ui-rebuild/node_modules/.pnpm/react-router@6.30.6_react@18.3.1/node_modules/react-router/dist/umd/react-router.development.js:1097:7)
    at QueryClientProvider (file:///Users/tunbee27/Documents/Tako-san-ui-rebuild/node_modules/.pnpm/@tanstack+react-query@5.102.8_react@18.3.1/node_modules/@tanstack/react-query/build/modern/QueryClientProvider.js:12:32)
Warning: useLayoutEffect does nothing on the server, because its effect cannot be encoded into the server renderer's output format. This will lead to a mismatch between the initial, non-hydrated UI and the intended UI. To avoid this, useLayoutEffect should only be used in components that render exclusively on the client. See https://reactjs.org/link/uselayouteffect-ssr for common fixes.
    at LinkWithRef (/Users/tunbee27/Documents/Tako-san-ui-rebuild/node_modules/.pnpm/react-router-dom@6.30.6_react-dom@18.3.1_react@18.3.1__react@18.3.1/node_modules/react-router-dom/dist/umd/react-router-dom.development.js:807:9)
    at div
    at section
    at div
    at div
    at div
    at div
    at HomePage (/Users/tunbee27/Documents/Tako-san-ui-rebuild/src/web/pages/HomePage.tsx:161:65)
    at Router (/Users/tunbee27/Documents/Tako-san-ui-rebuild/node_modules/.pnpm/react-router@6.30.6_react@18.3.1/node_modules/react-router/dist/umd/react-router.development.js:1203:17)
    at MemoryRouter (/Users/tunbee27/Documents/Tako-san-ui-rebuild/node_modules/.pnpm/react-router@6.30.6_react@18.3.1/node_modules/react-router/dist/umd/react-router.development.js:1097:7)
    at QueryClientProvider (file:///Users/tunbee27/Documents/Tako-san-ui-rebuild/node_modules/.pnpm/@tanstack+react-query@5.102.8_react@18.3.1/node_modules/@tanstack/react-query/build/modern/QueryClientProvider.js:12:32)
Warning: useLayoutEffect does nothing on the server, because its effect cannot be encoded into the server renderer's output format. This will lead to a mismatch between the initial, non-hydrated UI and the intended UI. To avoid this, useLayoutEffect should only be used in components that render exclusively on the client. See https://reactjs.org/link/uselayouteffect-ssr for common fixes.
    at LinkWithRef (/Users/tunbee27/Documents/Tako-san-ui-rebuild/node_modules/.pnpm/react-router-dom@6.30.6_react-dom@18.3.1_react@18.3.1__react@18.3.1/node_modules/react-router-dom/dist/umd/react-router-dom.development.js:807:9)
    at div
    at section
    at div
    at div
    at div
    at div
    at HomePage (/Users/tunbee27/Documents/Tako-san-ui-rebuild/src/web/pages/HomePage.tsx:161:65)
    at Router (/Users/tunbee27/Documents/Tako-san-ui-rebuild/node_modules/.pnpm/react-router@6.30.6_react@18.3.1/node_modules/react-router/dist/umd/react-router.development.js:1203:17)
    at MemoryRouter (/Users/tunbee27/Documents/Tako-san-ui-rebuild/node_modules/.pnpm/react-router@6.30.6_react@18.3.1/node_modules/react-router/dist/umd/react-router.development.js:1097:7)
    at QueryClientProvider (file:///Users/tunbee27/Documents/Tako-san-ui-rebuild/node_modules/.pnpm/@tanstack+react-query@5.102.8_react@18.3.1/node_modules/@tanstack/react-query/build/modern/QueryClientProvider.js:12:32)
Warning: useLayoutEffect does nothing on the server, because its effect cannot be encoded into the server renderer's output format. This will lead to a mismatch between the initial, non-hydrated UI and the intended UI. To avoid this, useLayoutEffect should only be used in components that render exclusively on the client. See https://reactjs.org/link/uselayouteffect-ssr for common fixes.
    at LinkWithRef (/Users/tunbee27/Documents/Tako-san-ui-rebuild/node_modules/.pnpm/react-router-dom@6.30.6_react-dom@18.3.1_react@18.3.1__react@18.3.1/node_modules/react-router-dom/dist/umd/react-router-dom.development.js:807:9)
    at div
    at section
    at div
    at div
    at div
    at HomePage (/Users/tunbee27/Documents/Tako-san-ui-rebuild/src/web/pages/HomePage.tsx:161:65)
    at Router (/Users/tunbee27/Documents/Tako-san-ui-rebuild/node_modules/.pnpm/react-router@6.30.6_react@18.3.1/node_modules/react-router/dist/umd/react-router.development.js:1203:17)
    at MemoryRouter (/Users/tunbee27/Documents/Tako-san-ui-rebuild/node_modules/.pnpm/react-router@6.30.6_react@18.3.1/node_modules/react-router/dist/umd/react-router.development.js:1097:7)
    at QueryClientProvider (file:///Users/tunbee27/Documents/Tako-san-ui-rebuild/node_modules/.pnpm/@tanstack+react-query@5.102.8_react@18.3.1/node_modules/@tanstack/react-query/build/modern/QueryClientProvider.js:12:32)
Warning: useLayoutEffect does nothing on the server, because its effect cannot be encoded into the server renderer's output format. This will lead to a mismatch between the initial, non-hydrated UI and the intended UI. To avoid this, useLayoutEffect should only be used in components that render exclusively on the client. See https://reactjs.org/link/uselayouteffect-ssr for common fixes.
    at LinkWithRef (/Users/tunbee27/Documents/Tako-san-ui-rebuild/node_modules/.pnpm/react-router-dom@6.30.6_react-dom@18.3.1_react@18.3.1__react@18.3.1/node_modules/react-router-dom/dist/umd/react-router-dom.development.js:807:9)
    at div
    at section
    at div
    at div
    at div
    at HomePage (/Users/tunbee27/Documents/Tako-san-ui-rebuild/src/web/pages/HomePage.tsx:161:65)
    at Router (/Users/tunbee27/Documents/Tako-san-ui-rebuild/node_modules/.pnpm/react-router@6.30.6_react@18.3.1/node_modules/react-router/dist/umd/react-router.development.js:1203:17)
    at MemoryRouter (/Users/tunbee27/Documents/Tako-san-ui-rebuild/node_modules/.pnpm/react-router@6.30.6_react@18.3.1/node_modules/react-router/dist/umd/react-router.development.js:1097:7)
    at QueryClientProvider (file:///Users/tunbee27/Documents/Tako-san-ui-rebuild/node_modules/.pnpm/@tanstack+react-query@5.102.8_react@18.3.1/node_modules/@tanstack/react-query/build/modern/QueryClientProvider.js:12:32)
Warning: useLayoutEffect does nothing on the server, because its effect cannot be encoded into the server renderer's output format. This will lead to a mismatch between the initial, non-hydrated UI and the intended UI. To avoid this, useLayoutEffect should only be used in components that render exclusively on the client. See https://reactjs.org/link/uselayouteffect-ssr for common fixes.
    at LinkWithRef (/Users/tunbee27/Documents/Tako-san-ui-rebuild/node_modules/.pnpm/react-router-dom@6.30.6_react-dom@18.3.1_react@18.3.1__react@18.3.1/node_modules/react-router-dom/dist/umd/react-router-dom.development.js:807:9)
    at section
    at div
    at div
    at div
    at HomePage (/Users/tunbee27/Documents/Tako-san-ui-rebuild/src/web/pages/HomePage.tsx:161:65)
    at Router (/Users/tunbee27/Documents/Tako-san-ui-rebuild/node_modules/.pnpm/react-router@6.30.6_react@18.3.1/node_modules/react-router/dist/umd/react-router.development.js:1203:17)
    at MemoryRouter (/Users/tunbee27/Documents/Tako-san-ui-rebuild/node_modules/.pnpm/react-router@6.30.6_react@18.3.1/node_modules/react-router/dist/umd/react-router.development.js:1097:7)
    at QueryClientProvider (file:///Users/tunbee27/Documents/Tako-san-ui-rebuild/node_modules/.pnpm/@tanstack+react-query@5.102.8_react@18.3.1/node_modules/@tanstack/react-query/build/modern/QueryClientProvider.js:12:32)

stderr | tests/integration/frontend-ui-integration.test.tsx > real Home data rendered through the shared QueryClient > qualifies estimated expiry on Home and keeps KNOWN/ESTIMATED/UNKNOWN visually distinct
Warning: useLayoutEffect does nothing on the server, because its effect cannot be encoded into the server renderer's output format. This will lead to a mismatch between the initial, non-hydrated UI and the intended UI. To avoid this, useLayoutEffect should only be used in components that render exclusively on the client. See https://reactjs.org/link/uselayouteffect-ssr for common fixes.
    at MemoryRouter (/Users/tunbee27/Documents/Tako-san-ui-rebuild/node_modules/.pnpm/react-router@6.30.6_react@18.3.1/node_modules/react-router/dist/umd/react-router.development.js:1097:7)
    at QueryClientProvider (file:///Users/tunbee27/Documents/Tako-san-ui-rebuild/node_modules/.pnpm/@tanstack+react-query@5.102.8_react@18.3.1/node_modules/@tanstack/react-query/build/modern/QueryClientProvider.js:12:32)
Warning: useLayoutEffect does nothing on the server, because its effect cannot be encoded into the server renderer's output format. This will lead to a mismatch between the initial, non-hydrated UI and the intended UI. To avoid this, useLayoutEffect should only be used in components that render exclusively on the client. See https://reactjs.org/link/uselayouteffect-ssr for common fixes.
    at LinkWithRef (/Users/tunbee27/Documents/Tako-san-ui-rebuild/node_modules/.pnpm/react-router-dom@6.30.6_react-dom@18.3.1_react@18.3.1__react@18.3.1/node_modules/react-router-dom/dist/umd/react-router-dom.development.js:807:9)
    at div
    at header
    at KitchenHeader (/Users/tunbee27/Documents/Tako-san-ui-rebuild/src/web/components/common/KitchenHeader.tsx:9:3)
    at TopBar (/Users/tunbee27/Documents/Tako-san-ui-rebuild/src/web/components/common/TopBar.tsx:9:3)
    at div
    at HomePage (/Users/tunbee27/Documents/Tako-san-ui-rebuild/src/web/pages/HomePage.tsx:161:65)
    at Router (/Users/tunbee27/Documents/Tako-san-ui-rebuild/node_modules/.pnpm/react-router@6.30.6_react@18.3.1/node_modules/react-router/dist/umd/react-router.development.js:1203:17)
    at MemoryRouter (/Users/tunbee27/Documents/Tako-san-ui-rebuild/node_modules/.pnpm/react-router@6.30.6_react@18.3.1/node_modules/react-router/dist/umd/react-router.development.js:1097:7)
    at QueryClientProvider (file:///Users/tunbee27/Documents/Tako-san-ui-rebuild/node_modules/.pnpm/@tanstack+react-query@5.102.8_react@18.3.1/node_modules/@tanstack/react-query/build/modern/QueryClientProvider.js:12:32)
Warning: useLayoutEffect does nothing on the server, because its effect cannot be encoded into the server renderer's output format. This will lead to a mismatch between the initial, non-hydrated UI and the intended UI. To avoid this, useLayoutEffect should only be used in components that render exclusively on the client. See https://reactjs.org/link/uselayouteffect-ssr for common fixes.
    at LinkWithRef (/Users/tunbee27/Documents/Tako-san-ui-rebuild/node_modules/.pnpm/react-router-dom@6.30.6_react-dom@18.3.1_react@18.3.1__react@18.3.1/node_modules/react-router-dom/dist/umd/react-router-dom.development.js:807:9)
    at div
    at header
    at KitchenHeader (/Users/tunbee27/Documents/Tako-san-ui-rebuild/src/web/components/common/KitchenHeader.tsx:9:3)
    at TopBar (/Users/tunbee27/Documents/Tako-san-ui-rebuild/src/web/components/common/TopBar.tsx:9:3)
    at div
    at HomePage (/Users/tunbee27/Documents/Tako-san-ui-rebuild/src/web/pages/HomePage.tsx:161:65)
    at Router (/Users/tunbee27/Documents/Tako-san-ui-rebuild/node_modules/.pnpm/react-router@6.30.6_react@18.3.1/node_modules/react-router/dist/umd/react-router.development.js:1203:17)
    at MemoryRouter (/Users/tunbee27/Documents/Tako-san-ui-rebuild/node_modules/.pnpm/react-router@6.30.6_react@18.3.1/node_modules/react-router/dist/umd/react-router.development.js:1097:7)
    at QueryClientProvider (file:///Users/tunbee27/Documents/Tako-san-ui-rebuild/node_modules/.pnpm/@tanstack+react-query@5.102.8_react@18.3.1/node_modules/@tanstack/react-query/build/modern/QueryClientProvider.js:12:32)
Warning: useLayoutEffect does nothing on the server, because its effect cannot be encoded into the server renderer's output format. This will lead to a mismatch between the initial, non-hydrated UI and the intended UI. To avoid this, useLayoutEffect should only be used in components that render exclusively on the client. See https://reactjs.org/link/uselayouteffect-ssr for common fixes.
    at LinkWithRef (/Users/tunbee27/Documents/Tako-san-ui-rebuild/node_modules/.pnpm/react-router-dom@6.30.6_react-dom@18.3.1_react@18.3.1__react@18.3.1/node_modules/react-router-dom/dist/umd/react-router-dom.development.js:807:9)
    at div
    at header
    at KitchenHeader (/Users/tunbee27/Documents/Tako-san-ui-rebuild/src/web/components/common/KitchenHeader.tsx:9:3)
    at TopBar (/Users/tunbee27/Documents/Tako-san-ui-rebuild/src/web/components/common/TopBar.tsx:9:3)
    at div
    at HomePage (/Users/tunbee27/Documents/Tako-san-ui-rebuild/src/web/pages/HomePage.tsx:161:65)
    at Router (/Users/tunbee27/Documents/Tako-san-ui-rebuild/node_modules/.pnpm/react-router@6.30.6_react@18.3.1/node_modules/react-router/dist/umd/react-router.development.js:1203:17)
    at MemoryRouter (/Users/tunbee27/Documents/Tako-san-ui-rebuild/node_modules/.pnpm/react-router@6.30.6_react@18.3.1/node_modules/react-router/dist/umd/react-router.development.js:1097:7)
    at QueryClientProvider (file:///Users/tunbee27/Documents/Tako-san-ui-rebuild/node_modules/.pnpm/@tanstack+react-query@5.102.8_react@18.3.1/node_modules/@tanstack/react-query/build/modern/QueryClientProvider.js:12:32)
Warning: useLayoutEffect does nothing on the server, because its effect cannot be encoded into the server renderer's output format. This will lead to a mismatch between the initial, non-hydrated UI and the intended UI. To avoid this, useLayoutEffect should only be used in components that render exclusively on the client. See https://reactjs.org/link/uselayouteffect-ssr for common fixes.
    at LinkWithRef (/Users/tunbee27/Documents/Tako-san-ui-rebuild/node_modules/.pnpm/react-router-dom@6.30.6_react-dom@18.3.1_react@18.3.1__react@18.3.1/node_modules/react-router-dom/dist/umd/react-router-dom.development.js:807:9)
    at div
    at section
    at div
    at div
    at div
    at div
    at HomePage (/Users/tunbee27/Documents/Tako-san-ui-rebuild/src/web/pages/HomePage.tsx:161:65)
    at Router (/Users/tunbee27/Documents/Tako-san-ui-rebuild/node_modules/.pnpm/react-router@6.30.6_react@18.3.1/node_modules/react-router/dist/umd/react-router.development.js:1203:17)
    at MemoryRouter (/Users/tunbee27/Documents/Tako-san-ui-rebuild/node_modules/.pnpm/react-router@6.30.6_react@18.3.1/node_modules/react-router/dist/umd/react-router.development.js:1097:7)
    at QueryClientProvider (file:///Users/tunbee27/Documents/Tako-san-ui-rebuild/node_modules/.pnpm/@tanstack+react-query@5.102.8_react@18.3.1/node_modules/@tanstack/react-query/build/modern/QueryClientProvider.js:12:32)
Warning: useLayoutEffect does nothing on the server, because its effect cannot be encoded into the server renderer's output format. This will lead to a mismatch between the initial, non-hydrated UI and the intended UI. To avoid this, useLayoutEffect should only be used in components that render exclusively on the client. See https://reactjs.org/link/uselayouteffect-ssr for common fixes.
    at LinkWithRef (/Users/tunbee27/Documents/Tako-san-ui-rebuild/node_modules/.pnpm/react-router-dom@6.30.6_react-dom@18.3.1_react@18.3.1__react@18.3.1/node_modules/react-router-dom/dist/umd/react-router-dom.development.js:807:9)
    at div
    at section
    at div
    at div
    at div
    at div
    at HomePage (/Users/tunbee27/Documents/Tako-san-ui-rebuild/src/web/pages/HomePage.tsx:161:65)
    at Router (/Users/tunbee27/Documents/Tako-san-ui-rebuild/node_modules/.pnpm/react-router@6.30.6_react@18.3.1/node_modules/react-router/dist/umd/react-router.development.js:1203:17)
    at MemoryRouter (/Users/tunbee27/Documents/Tako-san-ui-rebuild/node_modules/.pnpm/react-router@6.30.6_react@18.3.1/node_modules/react-router/dist/umd/react-router.development.js:1097:7)
    at QueryClientProvider (file:///Users/tunbee27/Documents/Tako-san-ui-rebuild/node_modules/.pnpm/@tanstack+react-query@5.102.8_react@18.3.1/node_modules/@tanstack/react-query/build/modern/QueryClientProvider.js:12:32)
Warning: useLayoutEffect does nothing on the server, because its effect cannot be encoded into the server renderer's output format. This will lead to a mismatch between the initial, non-hydrated UI and the intended UI. To avoid this, useLayoutEffect should only be used in components that render exclusively on the client. See https://reactjs.org/link/uselayouteffect-ssr for common fixes.
    at LinkWithRef (/Users/tunbee27/Documents/Tako-san-ui-rebuild/node_modules/.pnpm/react-router-dom@6.30.6_react-dom@18.3.1_react@18.3.1__react@18.3.1/node_modules/react-router-dom/dist/umd/react-router-dom.development.js:807:9)
    at div
    at section
    at div
    at div
    at div
    at div
    at HomePage (/Users/tunbee27/Documents/Tako-san-ui-rebuild/src/web/pages/HomePage.tsx:161:65)
    at Router (/Users/tunbee27/Documents/Tako-san-ui-rebuild/node_modules/.pnpm/react-router@6.30.6_react@18.3.1/node_modules/react-router/dist/umd/react-router.development.js:1203:17)
    at MemoryRouter (/Users/tunbee27/Documents/Tako-san-ui-rebuild/node_modules/.pnpm/react-router@6.30.6_react@18.3.1/node_modules/react-router/dist/umd/react-router.development.js:1097:7)
    at QueryClientProvider (file:///Users/tunbee27/Documents/Tako-san-ui-rebuild/node_modules/.pnpm/@tanstack+react-query@5.102.8_react@18.3.1/node_modules/@tanstack/react-query/build/modern/QueryClientProvider.js:12:32)
Warning: useLayoutEffect does nothing on the server, because its effect cannot be encoded into the server renderer's output format. This will lead to a mismatch between the initial, non-hydrated UI and the intended UI. To avoid this, useLayoutEffect should only be used in components that render exclusively on the client. See https://reactjs.org/link/uselayouteffect-ssr for common fixes.
    at LinkWithRef (/Users/tunbee27/Documents/Tako-san-ui-rebuild/node_modules/.pnpm/react-router-dom@6.30.6_react-dom@18.3.1_react@18.3.1__react@18.3.1/node_modules/react-router-dom/dist/umd/react-router-dom.development.js:807:9)
    at div
    at section
    at div
    at div
    at div
    at div
    at HomePage (/Users/tunbee27/Documents/Tako-san-ui-rebuild/src/web/pages/HomePage.tsx:161:65)
    at Router (/Users/tunbee27/Documents/Tako-san-ui-rebuild/node_modules/.pnpm/react-router@6.30.6_react@18.3.1/node_modules/react-router/dist/umd/react-router.development.js:1203:17)
    at MemoryRouter (/Users/tunbee27/Documents/Tako-san-ui-rebuild/node_modules/.pnpm/react-router@6.30.6_react@18.3.1/node_modules/react-router/dist/umd/react-router.development.js:1097:7)
    at QueryClientProvider (file:///Users/tunbee27/Documents/Tako-san-ui-rebuild/node_modules/.pnpm/@tanstack+react-query@5.102.8_react@18.3.1/node_modules/@tanstack/react-query/build/modern/QueryClientProvider.js:12:32)
Warning: useLayoutEffect does nothing on the server, because its effect cannot be encoded into the server renderer's output format. This will lead to a mismatch between the initial, non-hydrated UI and the intended UI. To avoid this, useLayoutEffect should only be used in components that render exclusively on the client. See https://reactjs.org/link/uselayouteffect-ssr for common fixes.
    at LinkWithRef (/Users/tunbee27/Documents/Tako-san-ui-rebuild/node_modules/.pnpm/react-router-dom@6.30.6_react-dom@18.3.1_react@18.3.1__react@18.3.1/node_modules/react-router-dom/dist/umd/react-router-dom.development.js:807:9)
    at div
    at section
    at div
    at div
    at div
    at div
    at HomePage (/Users/tunbee27/Documents/Tako-san-ui-rebuild/src/web/pages/HomePage.tsx:161:65)
    at Router (/Users/tunbee27/Documents/Tako-san-ui-rebuild/node_modules/.pnpm/react-router@6.30.6_react@18.3.1/node_modules/react-router/dist/umd/react-router.development.js:1203:17)
    at MemoryRouter (/Users/tunbee27/Documents/Tako-san-ui-rebuild/node_modules/.pnpm/react-router@6.30.6_react@18.3.1/node_modules/react-router/dist/umd/react-router.development.js:1097:7)
    at QueryClientProvider (file:///Users/tunbee27/Documents/Tako-san-ui-rebuild/node_modules/.pnpm/@tanstack+react-query@5.102.8_react@18.3.1/node_modules/@tanstack/react-query/build/modern/QueryClientProvider.js:12:32)
Warning: useLayoutEffect does nothing on the server, because its effect cannot be encoded into the server renderer's output format. This will lead to a mismatch between the initial, non-hydrated UI and the intended UI. To avoid this, useLayoutEffect should only be used in components that render exclusively on the client. See https://reactjs.org/link/uselayouteffect-ssr for common fixes.
    at LinkWithRef (/Users/tunbee27/Documents/Tako-san-ui-rebuild/node_modules/.pnpm/react-router-dom@6.30.6_react-dom@18.3.1_react@18.3.1__react@18.3.1/node_modules/react-router-dom/dist/umd/react-router-dom.development.js:807:9)
    at div
    at section
    at div
    at div
    at div
    at HomePage (/Users/tunbee27/Documents/Tako-san-ui-rebuild/src/web/pages/HomePage.tsx:161:65)
    at Router (/Users/tunbee27/Documents/Tako-san-ui-rebuild/node_modules/.pnpm/react-router@6.30.6_react@18.3.1/node_modules/react-router/dist/umd/react-router.development.js:1203:17)
    at MemoryRouter (/Users/tunbee27/Documents/Tako-san-ui-rebuild/node_modules/.pnpm/react-router@6.30.6_react@18.3.1/node_modules/react-router/dist/umd/react-router.development.js:1097:7)
    at QueryClientProvider (file:///Users/tunbee27/Documents/Tako-san-ui-rebuild/node_modules/.pnpm/@tanstack+react-query@5.102.8_react@18.3.1/node_modules/@tanstack/react-query/build/modern/QueryClientProvider.js:12:32)
Warning: useLayoutEffect does nothing on the server, because its effect cannot be encoded into the server renderer's output format. This will lead to a mismatch between the initial, non-hydrated UI and the intended UI. To avoid this, useLayoutEffect should only be used in components that render exclusively on the client. See https://reactjs.org/link/uselayouteffect-ssr for common fixes.
    at LinkWithRef (/Users/tunbee27/Documents/Tako-san-ui-rebuild/node_modules/.pnpm/react-router-dom@6.30.6_react-dom@18.3.1_react@18.3.1__react@18.3.1/node_modules/react-router-dom/dist/umd/react-router-dom.development.js:807:9)
    at div
    at section
    at div
    at div
    at div
    at HomePage (/Users/tunbee27/Documents/Tako-san-ui-rebuild/src/web/pages/HomePage.tsx:161:65)
    at Router (/Users/tunbee27/Documents/Tako-san-ui-rebuild/node_modules/.pnpm/react-router@6.30.6_react@18.3.1/node_modules/react-router/dist/umd/react-router.development.js:1203:17)
    at MemoryRouter (/Users/tunbee27/Documents/Tako-san-ui-rebuild/node_modules/.pnpm/react-router@6.30.6_react@18.3.1/node_modules/react-router/dist/umd/react-router.development.js:1097:7)
    at QueryClientProvider (file:///Users/tunbee27/Documents/Tako-san-ui-rebuild/node_modules/.pnpm/@tanstack+react-query@5.102.8_react@18.3.1/node_modules/@tanstack/react-query/build/modern/QueryClientProvider.js:12:32)
Warning: useLayoutEffect does nothing on the server, because its effect cannot be encoded into the server renderer's output format. This will lead to a mismatch between the initial, non-hydrated UI and the intended UI. To avoid this, useLayoutEffect should only be used in components that render exclusively on the client. See https://reactjs.org/link/uselayouteffect-ssr for common fixes.
    at LinkWithRef (/Users/tunbee27/Documents/Tako-san-ui-rebuild/node_modules/.pnpm/react-router-dom@6.30.6_react-dom@18.3.1_react@18.3.1__react@18.3.1/node_modules/react-router-dom/dist/umd/react-router-dom.development.js:807:9)
    at section
    at div
    at div
    at div
    at HomePage (/Users/tunbee27/Documents/Tako-san-ui-rebuild/src/web/pages/HomePage.tsx:161:65)
    at Router (/Users/tunbee27/Documents/Tako-san-ui-rebuild/node_modules/.pnpm/react-router@6.30.6_react@18.3.1/node_modules/react-router/dist/umd/react-router.development.js:1203:17)
    at MemoryRouter (/Users/tunbee27/Documents/Tako-san-ui-rebuild/node_modules/.pnpm/react-router@6.30.6_react@18.3.1/node_modules/react-router/dist/umd/react-router.development.js:1097:7)
    at QueryClientProvider (file:///Users/tunbee27/Documents/Tako-san-ui-rebuild/node_modules/.pnpm/@tanstack+react-query@5.102.8_react@18.3.1/node_modules/@tanstack/react-query/build/modern/QueryClientProvider.js:12:32)

stderr | tests/integration/frontend-ui-integration.test.tsx > real Home data rendered through the shared QueryClient > keeps successful widgets visible while a failed Home query offers retry
Warning: useLayoutEffect does nothing on the server, because its effect cannot be encoded into the server renderer's output format. This will lead to a mismatch between the initial, non-hydrated UI and the intended UI. To avoid this, useLayoutEffect should only be used in components that render exclusively on the client. See https://reactjs.org/link/uselayouteffect-ssr for common fixes.
    at MemoryRouter (/Users/tunbee27/Documents/Tako-san-ui-rebuild/node_modules/.pnpm/react-router@6.30.6_react@18.3.1/node_modules/react-router/dist/umd/react-router.development.js:1097:7)
    at QueryClientProvider (file:///Users/tunbee27/Documents/Tako-san-ui-rebuild/node_modules/.pnpm/@tanstack+react-query@5.102.8_react@18.3.1/node_modules/@tanstack/react-query/build/modern/QueryClientProvider.js:12:32)
Warning: useLayoutEffect does nothing on the server, because its effect cannot be encoded into the server renderer's output format. This will lead to a mismatch between the initial, non-hydrated UI and the intended UI. To avoid this, useLayoutEffect should only be used in components that render exclusively on the client. See https://reactjs.org/link/uselayouteffect-ssr for common fixes.
    at LinkWithRef (/Users/tunbee27/Documents/Tako-san-ui-rebuild/node_modules/.pnpm/react-router-dom@6.30.6_react-dom@18.3.1_react@18.3.1__react@18.3.1/node_modules/react-router-dom/dist/umd/react-router-dom.development.js:807:9)
    at div
    at header
    at KitchenHeader (/Users/tunbee27/Documents/Tako-san-ui-rebuild/src/web/components/common/KitchenHeader.tsx:9:3)
    at TopBar (/Users/tunbee27/Documents/Tako-san-ui-rebuild/src/web/components/common/TopBar.tsx:9:3)
    at div
    at HomePage (/Users/tunbee27/Documents/Tako-san-ui-rebuild/src/web/pages/HomePage.tsx:161:65)
    at Router (/Users/tunbee27/Documents/Tako-san-ui-rebuild/node_modules/.pnpm/react-router@6.30.6_react@18.3.1/node_modules/react-router/dist/umd/react-router.development.js:1203:17)
    at MemoryRouter (/Users/tunbee27/Documents/Tako-san-ui-rebuild/node_modules/.pnpm/react-router@6.30.6_react@18.3.1/node_modules/react-router/dist/umd/react-router.development.js:1097:7)
    at QueryClientProvider (file:///Users/tunbee27/Documents/Tako-san-ui-rebuild/node_modules/.pnpm/@tanstack+react-query@5.102.8_react@18.3.1/node_modules/@tanstack/react-query/build/modern/QueryClientProvider.js:12:32)
Warning: useLayoutEffect does nothing on the server, because its effect cannot be encoded into the server renderer's output format. This will lead to a mismatch between the initial, non-hydrated UI and the intended UI. To avoid this, useLayoutEffect should only be used in components that render exclusively on the client. See https://reactjs.org/link/uselayouteffect-ssr for common fixes.
    at LinkWithRef (/Users/tunbee27/Documents/Tako-san-ui-rebuild/node_modules/.pnpm/react-router-dom@6.30.6_react-dom@18.3.1_react@18.3.1__react@18.3.1/node_modules/react-router-dom/dist/umd/react-router-dom.development.js:807:9)
    at div
    at header
    at KitchenHeader (/Users/tunbee27/Documents/Tako-san-ui-rebuild/src/web/components/common/KitchenHeader.tsx:9:3)
    at TopBar (/Users/tunbee27/Documents/Tako-san-ui-rebuild/src/web/components/common/TopBar.tsx:9:3)
    at div
    at HomePage (/Users/tunbee27/Documents/Tako-san-ui-rebuild/src/web/pages/HomePage.tsx:161:65)
    at Router (/Users/tunbee27/Documents/Tako-san-ui-rebuild/node_modules/.pnpm/react-router@6.30.6_react@18.3.1/node_modules/react-router/dist/umd/react-router.development.js:1203:17)
    at MemoryRouter (/Users/tunbee27/Documents/Tako-san-ui-rebuild/node_modules/.pnpm/react-router@6.30.6_react@18.3.1/node_modules/react-router/dist/umd/react-router.development.js:1097:7)
    at QueryClientProvider (file:///Users/tunbee27/Documents/Tako-san-ui-rebuild/node_modules/.pnpm/@tanstack+react-query@5.102.8_react@18.3.1/node_modules/@tanstack/react-query/build/modern/QueryClientProvider.js:12:32)
Warning: useLayoutEffect does nothing on the server, because its effect cannot be encoded into the server renderer's output format. This will lead to a mismatch between the initial, non-hydrated UI and the intended UI. To avoid this, useLayoutEffect should only be used in components that render exclusively on the client. See https://reactjs.org/link/uselayouteffect-ssr for common fixes.
    at LinkWithRef (/Users/tunbee27/Documents/Tako-san-ui-rebuild/node_modules/.pnpm/react-router-dom@6.30.6_react-dom@18.3.1_react@18.3.1__react@18.3.1/node_modules/react-router-dom/dist/umd/react-router-dom.development.js:807:9)
    at div
    at header
    at KitchenHeader (/Users/tunbee27/Documents/Tako-san-ui-rebuild/src/web/components/common/KitchenHeader.tsx:9:3)
    at TopBar (/Users/tunbee27/Documents/Tako-san-ui-rebuild/src/web/components/common/TopBar.tsx:9:3)
    at div
    at HomePage (/Users/tunbee27/Documents/Tako-san-ui-rebuild/src/web/pages/HomePage.tsx:161:65)
    at Router (/Users/tunbee27/Documents/Tako-san-ui-rebuild/node_modules/.pnpm/react-router@6.30.6_react@18.3.1/node_modules/react-router/dist/umd/react-router.development.js:1203:17)
    at MemoryRouter (/Users/tunbee27/Documents/Tako-san-ui-rebuild/node_modules/.pnpm/react-router@6.30.6_react@18.3.1/node_modules/react-router/dist/umd/react-router.development.js:1097:7)
    at QueryClientProvider (file:///Users/tunbee27/Documents/Tako-san-ui-rebuild/node_modules/.pnpm/@tanstack+react-query@5.102.8_react@18.3.1/node_modules/@tanstack/react-query/build/modern/QueryClientProvider.js:12:32)
Warning: useLayoutEffect does nothing on the server, because its effect cannot be encoded into the server renderer's output format. This will lead to a mismatch between the initial, non-hydrated UI and the intended UI. To avoid this, useLayoutEffect should only be used in components that render exclusively on the client. See https://reactjs.org/link/uselayouteffect-ssr for common fixes.
    at LinkWithRef (/Users/tunbee27/Documents/Tako-san-ui-rebuild/node_modules/.pnpm/react-router-dom@6.30.6_react-dom@18.3.1_react@18.3.1__react@18.3.1/node_modules/react-router-dom/dist/umd/react-router-dom.development.js:807:9)
    at div
    at section
    at div
    at div
    at div
    at div
    at HomePage (/Users/tunbee27/Documents/Tako-san-ui-rebuild/src/web/pages/HomePage.tsx:161:65)
    at Router (/Users/tunbee27/Documents/Tako-san-ui-rebuild/node_modules/.pnpm/react-router@6.30.6_react@18.3.1/node_modules/react-router/dist/umd/react-router.development.js:1203:17)
    at MemoryRouter (/Users/tunbee27/Documents/Tako-san-ui-rebuild/node_modules/.pnpm/react-router@6.30.6_react@18.3.1/node_modules/react-router/dist/umd/react-router.development.js:1097:7)
    at QueryClientProvider (file:///Users/tunbee27/Documents/Tako-san-ui-rebuild/node_modules/.pnpm/@tanstack+react-query@5.102.8_react@18.3.1/node_modules/@tanstack/react-query/build/modern/QueryClientProvider.js:12:32)
Warning: useLayoutEffect does nothing on the server, because its effect cannot be encoded into the server renderer's output format. This will lead to a mismatch between the initial, non-hydrated UI and the intended UI. To avoid this, useLayoutEffect should only be used in components that render exclusively on the client. See https://reactjs.org/link/uselayouteffect-ssr for common fixes.
    at LinkWithRef (/Users/tunbee27/Documents/Tako-san-ui-rebuild/node_modules/.pnpm/react-router-dom@6.30.6_react-dom@18.3.1_react@18.3.1__react@18.3.1/node_modules/react-router-dom/dist/umd/react-router-dom.development.js:807:9)
    at div
    at section
    at div
    at div
    at div
    at div
    at HomePage (/Users/tunbee27/Documents/Tako-san-ui-rebuild/src/web/pages/HomePage.tsx:161:65)
    at Router (/Users/tunbee27/Documents/Tako-san-ui-rebuild/node_modules/.pnpm/react-router@6.30.6_react@18.3.1/node_modules/react-router/dist/umd/react-router.development.js:1203:17)
    at MemoryRouter (/Users/tunbee27/Documents/Tako-san-ui-rebuild/node_modules/.pnpm/react-router@6.30.6_react@18.3.1/node_modules/react-router/dist/umd/react-router.development.js:1097:7)
    at QueryClientProvider (file:///Users/tunbee27/Documents/Tako-san-ui-rebuild/node_modules/.pnpm/@tanstack+react-query@5.102.8_react@18.3.1/node_modules/@tanstack/react-query/build/modern/QueryClientProvider.js:12:32)
Warning: useLayoutEffect does nothing on the server, because its effect cannot be encoded into the server renderer's output format. This will lead to a mismatch between the initial, non-hydrated UI and the intended UI. To avoid this, useLayoutEffect should only be used in components that render exclusively on the client. See https://reactjs.org/link/uselayouteffect-ssr for common fixes.
    at LinkWithRef (/Users/tunbee27/Documents/Tako-san-ui-rebuild/node_modules/.pnpm/react-router-dom@6.30.6_react-dom@18.3.1_react@18.3.1__react@18.3.1/node_modules/react-router-dom/dist/umd/react-router-dom.development.js:807:9)
    at div
    at section
    at div
    at div
    at div
    at HomePage (/Users/tunbee27/Documents/Tako-san-ui-rebuild/src/web/pages/HomePage.tsx:161:65)
    at Router (/Users/tunbee27/Documents/Tako-san-ui-rebuild/node_modules/.pnpm/react-router@6.30.6_react@18.3.1/node_modules/react-router/dist/umd/react-router.development.js:1203:17)
    at MemoryRouter (/Users/tunbee27/Documents/Tako-san-ui-rebuild/node_modules/.pnpm/react-router@6.30.6_react@18.3.1/node_modules/react-router/dist/umd/react-router.development.js:1097:7)
    at QueryClientProvider (file:///Users/tunbee27/Documents/Tako-san-ui-rebuild/node_modules/.pnpm/@tanstack+react-query@5.102.8_react@18.3.1/node_modules/@tanstack/react-query/build/modern/QueryClientProvider.js:12:32)
Warning: useLayoutEffect does nothing on the server, because its effect cannot be encoded into the server renderer's output format. This will lead to a mismatch between the initial, non-hydrated UI and the intended UI. To avoid this, useLayoutEffect should only be used in components that render exclusively on the client. See https://reactjs.org/link/uselayouteffect-ssr for common fixes.
    at LinkWithRef (/Users/tunbee27/Documents/Tako-san-ui-rebuild/node_modules/.pnpm/react-router-dom@6.30.6_react-dom@18.3.1_react@18.3.1__react@18.3.1/node_modules/react-router-dom/dist/umd/react-router-dom.development.js:807:9)
    at div
    at section
    at div
    at div
    at div
    at HomePage (/Users/tunbee27/Documents/Tako-san-ui-rebuild/src/web/pages/HomePage.tsx:161:65)
    at Router (/Users/tunbee27/Documents/Tako-san-ui-rebuild/node_modules/.pnpm/react-router@6.30.6_react@18.3.1/node_modules/react-router/dist/umd/react-router.development.js:1203:17)
    at MemoryRouter (/Users/tunbee27/Documents/Tako-san-ui-rebuild/node_modules/.pnpm/react-router@6.30.6_react@18.3.1/node_modules/react-router/dist/umd/react-router.development.js:1097:7)
    at QueryClientProvider (file:///Users/tunbee27/Documents/Tako-san-ui-rebuild/node_modules/.pnpm/@tanstack+react-query@5.102.8_react@18.3.1/node_modules/@tanstack/react-query/build/modern/QueryClientProvider.js:12:32)
Warning: useLayoutEffect does nothing on the server, because its effect cannot be encoded into the server renderer's output format. This will lead to a mismatch between the initial, non-hydrated UI and the intended UI. To avoid this, useLayoutEffect should only be used in components that render exclusively on the client. See https://reactjs.org/link/uselayouteffect-ssr for common fixes.
    at LinkWithRef (/Users/tunbee27/Documents/Tako-san-ui-rebuild/node_modules/.pnpm/react-router-dom@6.30.6_react-dom@18.3.1_react@18.3.1__react@18.3.1/node_modules/react-router-dom/dist/umd/react-router-dom.development.js:807:9)
    at section
    at div
    at div
    at div
    at HomePage (/Users/tunbee27/Documents/Tako-san-ui-rebuild/src/web/pages/HomePage.tsx:161:65)
    at Router (/Users/tunbee27/Documents/Tako-san-ui-rebuild/node_modules/.pnpm/react-router@6.30.6_react@18.3.1/node_modules/react-router/dist/umd/react-router.development.js:1203:17)
    at MemoryRouter (/Users/tunbee27/Documents/Tako-san-ui-rebuild/node_modules/.pnpm/react-router@6.30.6_react@18.3.1/node_modules/react-router/dist/umd/react-router.development.js:1097:7)
    at QueryClientProvider (file:///Users/tunbee27/Documents/Tako-san-ui-rebuild/node_modules/.pnpm/@tanstack+react-query@5.102.8_react@18.3.1/node_modules/@tanstack/react-query/build/modern/QueryClientProvider.js:12:32)

stderr | tests/integration/frontend-ui-integration.test.tsx > real Home data rendered through the shared QueryClient > renders recommendations from server-state data rather than a hardcoded featured recipe
Warning: useLayoutEffect does nothing on the server, because its effect cannot be encoded into the server renderer's output format. This will lead to a mismatch between the initial, non-hydrated UI and the intended UI. To avoid this, useLayoutEffect should only be used in components that render exclusively on the client. See https://reactjs.org/link/uselayouteffect-ssr for common fixes.
    at MemoryRouter (/Users/tunbee27/Documents/Tako-san-ui-rebuild/node_modules/.pnpm/react-router@6.30.6_react@18.3.1/node_modules/react-router/dist/umd/react-router.development.js:1097:7)
    at QueryClientProvider (file:///Users/tunbee27/Documents/Tako-san-ui-rebuild/node_modules/.pnpm/@tanstack+react-query@5.102.8_react@18.3.1/node_modules/@tanstack/react-query/build/modern/QueryClientProvider.js:12:32)
Warning: useLayoutEffect does nothing on the server, because its effect cannot be encoded into the server renderer's output format. This will lead to a mismatch between the initial, non-hydrated UI and the intended UI. To avoid this, useLayoutEffect should only be used in components that render exclusively on the client. See https://reactjs.org/link/uselayouteffect-ssr for common fixes.
    at LinkWithRef (/Users/tunbee27/Documents/Tako-san-ui-rebuild/node_modules/.pnpm/react-router-dom@6.30.6_react-dom@18.3.1_react@18.3.1__react@18.3.1/node_modules/react-router-dom/dist/umd/react-router-dom.development.js:807:9)
    at div
    at header
    at KitchenHeader (/Users/tunbee27/Documents/Tako-san-ui-rebuild/src/web/components/common/KitchenHeader.tsx:9:3)
    at TopBar (/Users/tunbee27/Documents/Tako-san-ui-rebuild/src/web/components/common/TopBar.tsx:9:3)
    at div
    at HomePage (/Users/tunbee27/Documents/Tako-san-ui-rebuild/src/web/pages/HomePage.tsx:161:65)
    at Router (/Users/tunbee27/Documents/Tako-san-ui-rebuild/node_modules/.pnpm/react-router@6.30.6_react@18.3.1/node_modules/react-router/dist/umd/react-router.development.js:1203:17)
    at MemoryRouter (/Users/tunbee27/Documents/Tako-san-ui-rebuild/node_modules/.pnpm/react-router@6.30.6_react@18.3.1/node_modules/react-router/dist/umd/react-router.development.js:1097:7)
    at QueryClientProvider (file:///Users/tunbee27/Documents/Tako-san-ui-rebuild/node_modules/.pnpm/@tanstack+react-query@5.102.8_react@18.3.1/node_modules/@tanstack/react-query/build/modern/QueryClientProvider.js:12:32)
Warning: useLayoutEffect does nothing on the server, because its effect cannot be encoded into the server renderer's output format. This will lead to a mismatch between the initial, non-hydrated UI and the intended UI. To avoid this, useLayoutEffect should only be used in components that render exclusively on the client. See https://reactjs.org/link/uselayouteffect-ssr for common fixes.
    at LinkWithRef (/Users/tunbee27/Documents/Tako-san-ui-rebuild/node_modules/.pnpm/react-router-dom@6.30.6_react-dom@18.3.1_react@18.3.1__react@18.3.1/node_modules/react-router-dom/dist/umd/react-router-dom.development.js:807:9)
    at div
    at header
    at KitchenHeader (/Users/tunbee27/Documents/Tako-san-ui-rebuild/src/web/components/common/KitchenHeader.tsx:9:3)
    at TopBar (/Users/tunbee27/Documents/Tako-san-ui-rebuild/src/web/components/common/TopBar.tsx:9:3)
    at div
    at HomePage (/Users/tunbee27/Documents/Tako-san-ui-rebuild/src/web/pages/HomePage.tsx:161:65)
    at Router (/Users/tunbee27/Documents/Tako-san-ui-rebuild/node_modules/.pnpm/react-router@6.30.6_react@18.3.1/node_modules/react-router/dist/umd/react-router.development.js:1203:17)
    at MemoryRouter (/Users/tunbee27/Documents/Tako-san-ui-rebuild/node_modules/.pnpm/react-router@6.30.6_react@18.3.1/node_modules/react-router/dist/umd/react-router.development.js:1097:7)
    at QueryClientProvider (file:///Users/tunbee27/Documents/Tako-san-ui-rebuild/node_modules/.pnpm/@tanstack+react-query@5.102.8_react@18.3.1/node_modules/@tanstack/react-query/build/modern/QueryClientProvider.js:12:32)
Warning: useLayoutEffect does nothing on the server, because its effect cannot be encoded into the server renderer's output format. This will lead to a mismatch between the initial, non-hydrated UI and the intended UI. To avoid this, useLayoutEffect should only be used in components that render exclusively on the client. See https://reactjs.org/link/uselayouteffect-ssr for common fixes.
    at LinkWithRef (/Users/tunbee27/Documents/Tako-san-ui-rebuild/node_modules/.pnpm/react-router-dom@6.30.6_react-dom@18.3.1_react@18.3.1__react@18.3.1/node_modules/react-router-dom/dist/umd/react-router-dom.development.js:807:9)
    at div
    at header
    at KitchenHeader (/Users/tunbee27/Documents/Tako-san-ui-rebuild/src/web/components/common/KitchenHeader.tsx:9:3)
    at TopBar (/Users/tunbee27/Documents/Tako-san-ui-rebuild/src/web/components/common/TopBar.tsx:9:3)
    at div
    at HomePage (/Users/tunbee27/Documents/Tako-san-ui-rebuild/src/web/pages/HomePage.tsx:161:65)
    at Router (/Users/tunbee27/Documents/Tako-san-ui-rebuild/node_modules/.pnpm/react-router@6.30.6_react@18.3.1/node_modules/react-router/dist/umd/react-router.development.js:1203:17)
    at MemoryRouter (/Users/tunbee27/Documents/Tako-san-ui-rebuild/node_modules/.pnpm/react-router@6.30.6_react@18.3.1/node_modules/react-router/dist/umd/react-router.development.js:1097:7)
    at QueryClientProvider (file:///Users/tunbee27/Documents/Tako-san-ui-rebuild/node_modules/.pnpm/@tanstack+react-query@5.102.8_react@18.3.1/node_modules/@tanstack/react-query/build/modern/QueryClientProvider.js:12:32)
Warning: useLayoutEffect does nothing on the server, because its effect cannot be encoded into the server renderer's output format. This will lead to a mismatch between the initial, non-hydrated UI and the intended UI. To avoid this, useLayoutEffect should only be used in components that render exclusively on the client. See https://reactjs.org/link/uselayouteffect-ssr for common fixes.
    at LinkWithRef (/Users/tunbee27/Documents/Tako-san-ui-rebuild/node_modules/.pnpm/react-router-dom@6.30.6_react-dom@18.3.1_react@18.3.1__react@18.3.1/node_modules/react-router-dom/dist/umd/react-router-dom.development.js:807:9)
    at div
    at section
    at div
    at div
    at div
    at div
    at HomePage (/Users/tunbee27/Documents/Tako-san-ui-rebuild/src/web/pages/HomePage.tsx:161:65)
    at Router (/Users/tunbee27/Documents/Tako-san-ui-rebuild/node_modules/.pnpm/react-router@6.30.6_react@18.3.1/node_modules/react-router/dist/umd/react-router.development.js:1203:17)
    at MemoryRouter (/Users/tunbee27/Documents/Tako-san-ui-rebuild/node_modules/.pnpm/react-router@6.30.6_react@18.3.1/node_modules/react-router/dist/umd/react-router.development.js:1097:7)
    at QueryClientProvider (file:///Users/tunbee27/Documents/Tako-san-ui-rebuild/node_modules/.pnpm/@tanstack+react-query@5.102.8_react@18.3.1/node_modules/@tanstack/react-query/build/modern/QueryClientProvider.js:12:32)
Warning: useLayoutEffect does nothing on the server, because its effect cannot be encoded into the server renderer's output format. This will lead to a mismatch between the initial, non-hydrated UI and the intended UI. To avoid this, useLayoutEffect should only be used in components that render exclusively on the client. See https://reactjs.org/link/uselayouteffect-ssr for common fixes.
    at LinkWithRef (/Users/tunbee27/Documents/Tako-san-ui-rebuild/node_modules/.pnpm/react-router-dom@6.30.6_react-dom@18.3.1_react@18.3.1__react@18.3.1/node_modules/react-router-dom/dist/umd/react-router-dom.development.js:807:9)
    at div
    at section
    at div
    at div
    at div
    at div
    at HomePage (/Users/tunbee27/Documents/Tako-san-ui-rebuild/src/web/pages/HomePage.tsx:161:65)
    at Router (/Users/tunbee27/Documents/Tako-san-ui-rebuild/node_modules/.pnpm/react-router@6.30.6_react@18.3.1/node_modules/react-router/dist/umd/react-router.development.js:1203:17)
    at MemoryRouter (/Users/tunbee27/Documents/Tako-san-ui-rebuild/node_modules/.pnpm/react-router@6.30.6_react@18.3.1/node_modules/react-router/dist/umd/react-router.development.js:1097:7)
    at QueryClientProvider (file:///Users/tunbee27/Documents/Tako-san-ui-rebuild/node_modules/.pnpm/@tanstack+react-query@5.102.8_react@18.3.1/node_modules/@tanstack/react-query/build/modern/QueryClientProvider.js:12:32)
Warning: useLayoutEffect does nothing on the server, because its effect cannot be encoded into the server renderer's output format. This will lead to a mismatch between the initial, non-hydrated UI and the intended UI. To avoid this, useLayoutEffect should only be used in components that render exclusively on the client. See https://reactjs.org/link/uselayouteffect-ssr for common fixes.
    at LinkWithRef (/Users/tunbee27/Documents/Tako-san-ui-rebuild/node_modules/.pnpm/react-router-dom@6.30.6_react-dom@18.3.1_react@18.3.1__react@18.3.1/node_modules/react-router-dom/dist/umd/react-router-dom.development.js:807:9)
    at div
    at section
    at div
    at div
    at div
    at div
    at HomePage (/Users/tunbee27/Documents/Tako-san-ui-rebuild/src/web/pages/HomePage.tsx:161:65)
    at Router (/Users/tunbee27/Documents/Tako-san-ui-rebuild/node_modules/.pnpm/react-router@6.30.6_react@18.3.1/node_modules/react-router/dist/umd/react-router.development.js:1203:17)
    at MemoryRouter (/Users/tunbee27/Documents/Tako-san-ui-rebuild/node_modules/.pnpm/react-router@6.30.6_react@18.3.1/node_modules/react-router/dist/umd/react-router.development.js:1097:7)
    at QueryClientProvider (file:///Users/tunbee27/Documents/Tako-san-ui-rebuild/node_modules/.pnpm/@tanstack+react-query@5.102.8_react@18.3.1/node_modules/@tanstack/react-query/build/modern/QueryClientProvider.js:12:32)
Warning: useLayoutEffect does nothing on the server, because its effect cannot be encoded into the server renderer's output format. This will lead to a mismatch between the initial, non-hydrated UI and the intended UI. To avoid this, useLayoutEffect should only be used in components that render exclusively on the client. See https://reactjs.org/link/uselayouteffect-ssr for common fixes.
    at LinkWithRef (/Users/tunbee27/Documents/Tako-san-ui-rebuild/node_modules/.pnpm/react-router-dom@6.30.6_react-dom@18.3.1_react@18.3.1__react@18.3.1/node_modules/react-router-dom/dist/umd/react-router-dom.development.js:807:9)
    at div
    at section
    at div
    at div
    at div
    at HomePage (/Users/tunbee27/Documents/Tako-san-ui-rebuild/src/web/pages/HomePage.tsx:161:65)
    at Router (/Users/tunbee27/Documents/Tako-san-ui-rebuild/node_modules/.pnpm/react-router@6.30.6_react@18.3.1/node_modules/react-router/dist/umd/react-router.development.js:1203:17)
    at MemoryRouter (/Users/tunbee27/Documents/Tako-san-ui-rebuild/node_modules/.pnpm/react-router@6.30.6_react@18.3.1/node_modules/react-router/dist/umd/react-router.development.js:1097:7)
    at QueryClientProvider (file:///Users/tunbee27/Documents/Tako-san-ui-rebuild/node_modules/.pnpm/@tanstack+react-query@5.102.8_react@18.3.1/node_modules/@tanstack/react-query/build/modern/QueryClientProvider.js:12:32)
Warning: useLayoutEffect does nothing on the server, because its effect cannot be encoded into the server renderer's output format. This will lead to a mismatch between the initial, non-hydrated UI and the intended UI. To avoid this, useLayoutEffect should only be used in components that render exclusively on the client. See https://reactjs.org/link/uselayouteffect-ssr for common fixes.
    at LinkWithRef (/Users/tunbee27/Documents/Tako-san-ui-rebuild/node_modules/.pnpm/react-router-dom@6.30.6_react-dom@18.3.1_react@18.3.1__react@18.3.1/node_modules/react-router-dom/dist/umd/react-router-dom.development.js:807:9)
    at section
    at div
    at div
    at div
    at HomePage (/Users/tunbee27/Documents/Tako-san-ui-rebuild/src/web/pages/HomePage.tsx:161:65)
    at Router (/Users/tunbee27/Documents/Tako-san-ui-rebuild/node_modules/.pnpm/react-router@6.30.6_react@18.3.1/node_modules/react-router/dist/umd/react-router.development.js:1203:17)
    at MemoryRouter (/Users/tunbee27/Documents/Tako-san-ui-rebuild/node_modules/.pnpm/react-router@6.30.6_react@18.3.1/node_modules/react-router/dist/umd/react-router.development.js:1097:7)
    at QueryClientProvider (file:///Users/tunbee27/Documents/Tako-san-ui-rebuild/node_modules/.pnpm/@tanstack+react-query@5.102.8_react@18.3.1/node_modules/@tanstack/react-query/build/modern/QueryClientProvider.js:12:32)

stderr | tests/integration/frontend-ui-integration.test.tsx > RecipeDetail loading, not-found, error, and success remain distinct > renders a real pending state before recipe data arrives
Warning: useLayoutEffect does nothing on the server, because its effect cannot be encoded into the server renderer's output format. This will lead to a mismatch between the initial, non-hydrated UI and the intended UI. To avoid this, useLayoutEffect should only be used in components that render exclusively on the client. See https://reactjs.org/link/uselayouteffect-ssr for common fixes.
    at MemoryRouter (/Users/tunbee27/Documents/Tako-san-ui-rebuild/node_modules/.pnpm/react-router@6.30.6_react@18.3.1/node_modules/react-router/dist/umd/react-router.development.js:1097:7)
    at QueryClientProvider (file:///Users/tunbee27/Documents/Tako-san-ui-rebuild/node_modules/.pnpm/@tanstack+react-query@5.102.8_react@18.3.1/node_modules/@tanstack/react-query/build/modern/QueryClientProvider.js:12:32)
Warning: useLayoutEffect does nothing on the server, because its effect cannot be encoded into the server renderer's output format. This will lead to a mismatch between the initial, non-hydrated UI and the intended UI. To avoid this, useLayoutEffect should only be used in components that render exclusively on the client. See https://reactjs.org/link/uselayouteffect-ssr for common fixes.
    at LinkWithRef (/Users/tunbee27/Documents/Tako-san-ui-rebuild/node_modules/.pnpm/react-router-dom@6.30.6_react-dom@18.3.1_react@18.3.1__react@18.3.1/node_modules/react-router-dom/dist/umd/react-router-dom.development.js:807:9)
    at div
    at header
    at KitchenHeader (/Users/tunbee27/Documents/Tako-san-ui-rebuild/src/web/components/common/KitchenHeader.tsx:9:3)
    at TopBar (/Users/tunbee27/Documents/Tako-san-ui-rebuild/src/web/components/common/TopBar.tsx:9:3)
    at div
    at RecipeDetailPage (/Users/tunbee27/Documents/Tako-san-ui-rebuild/src/web/pages/RecipeDetailPage.tsx:51:63)
    at Router (/Users/tunbee27/Documents/Tako-san-ui-rebuild/node_modules/.pnpm/react-router@6.30.6_react@18.3.1/node_modules/react-router/dist/umd/react-router.development.js:1203:17)
    at MemoryRouter (/Users/tunbee27/Documents/Tako-san-ui-rebuild/node_modules/.pnpm/react-router@6.30.6_react@18.3.1/node_modules/react-router/dist/umd/react-router.development.js:1097:7)
    at QueryClientProvider (file:///Users/tunbee27/Documents/Tako-san-ui-rebuild/node_modules/.pnpm/@tanstack+react-query@5.102.8_react@18.3.1/node_modules/@tanstack/react-query/build/modern/QueryClientProvider.js:12:32)
Warning: useLayoutEffect does nothing on the server, because its effect cannot be encoded into the server renderer's output format. This will lead to a mismatch between the initial, non-hydrated UI and the intended UI. To avoid this, useLayoutEffect should only be used in components that render exclusively on the client. See https://reactjs.org/link/uselayouteffect-ssr for common fixes.
    at LinkWithRef (/Users/tunbee27/Documents/Tako-san-ui-rebuild/node_modules/.pnpm/react-router-dom@6.30.6_react-dom@18.3.1_react@18.3.1__react@18.3.1/node_modules/react-router-dom/dist/umd/react-router-dom.development.js:807:9)
    at div
    at header
    at KitchenHeader (/Users/tunbee27/Documents/Tako-san-ui-rebuild/src/web/components/common/KitchenHeader.tsx:9:3)
    at TopBar (/Users/tunbee27/Documents/Tako-san-ui-rebuild/src/web/components/common/TopBar.tsx:9:3)
    at div
    at RecipeDetailPage (/Users/tunbee27/Documents/Tako-san-ui-rebuild/src/web/pages/RecipeDetailPage.tsx:51:63)
    at Router (/Users/tunbee27/Documents/Tako-san-ui-rebuild/node_modules/.pnpm/react-router@6.30.6_react@18.3.1/node_modules/react-router/dist/umd/react-router.development.js:1203:17)
    at MemoryRouter (/Users/tunbee27/Documents/Tako-san-ui-rebuild/node_modules/.pnpm/react-router@6.30.6_react@18.3.1/node_modules/react-router/dist/umd/react-router.development.js:1097:7)
    at QueryClientProvider (file:///Users/tunbee27/Documents/Tako-san-ui-rebuild/node_modules/.pnpm/@tanstack+react-query@5.102.8_react@18.3.1/node_modules/@tanstack/react-query/build/modern/QueryClientProvider.js:12:32)
Warning: useLayoutEffect does nothing on the server, because its effect cannot be encoded into the server renderer's output format. This will lead to a mismatch between the initial, non-hydrated UI and the intended UI. To avoid this, useLayoutEffect should only be used in components that render exclusively on the client. See https://reactjs.org/link/uselayouteffect-ssr for common fixes.
    at LinkWithRef (/Users/tunbee27/Documents/Tako-san-ui-rebuild/node_modules/.pnpm/react-router-dom@6.30.6_react-dom@18.3.1_react@18.3.1__react@18.3.1/node_modules/react-router-dom/dist/umd/react-router-dom.development.js:807:9)
    at div
    at header
    at KitchenHeader (/Users/tunbee27/Documents/Tako-san-ui-rebuild/src/web/components/common/KitchenHeader.tsx:9:3)
    at TopBar (/Users/tunbee27/Documents/Tako-san-ui-rebuild/src/web/components/common/TopBar.tsx:9:3)
    at div
    at RecipeDetailPage (/Users/tunbee27/Documents/Tako-san-ui-rebuild/src/web/pages/RecipeDetailPage.tsx:51:63)
    at Router (/Users/tunbee27/Documents/Tako-san-ui-rebuild/node_modules/.pnpm/react-router@6.30.6_react@18.3.1/node_modules/react-router/dist/umd/react-router.development.js:1203:17)
    at MemoryRouter (/Users/tunbee27/Documents/Tako-san-ui-rebuild/node_modules/.pnpm/react-router@6.30.6_react@18.3.1/node_modules/react-router/dist/umd/react-router.development.js:1097:7)
    at QueryClientProvider (file:///Users/tunbee27/Documents/Tako-san-ui-rebuild/node_modules/.pnpm/@tanstack+react-query@5.102.8_react@18.3.1/node_modules/@tanstack/react-query/build/modern/QueryClientProvider.js:12:32)
Warning: useLayoutEffect does nothing on the server, because its effect cannot be encoded into the server renderer's output format. This will lead to a mismatch between the initial, non-hydrated UI and the intended UI. To avoid this, useLayoutEffect should only be used in components that render exclusively on the client. See https://reactjs.org/link/uselayouteffect-ssr for common fixes.
    at LinkWithRef (/Users/tunbee27/Documents/Tako-san-ui-rebuild/node_modules/.pnpm/react-router-dom@6.30.6_react-dom@18.3.1_react@18.3.1__react@18.3.1/node_modules/react-router-dom/dist/umd/react-router-dom.development.js:807:9)
    at div
    at header
    at KitchenHeader (/Users/tunbee27/Documents/Tako-san-ui-rebuild/src/web/components/common/KitchenHeader.tsx:9:3)
    at TopBar (/Users/tunbee27/Documents/Tako-san-ui-rebuild/src/web/components/common/TopBar.tsx:9:3)
    at div
    at RecipeDetailPage (/Users/tunbee27/Documents/Tako-san-ui-rebuild/src/web/pages/RecipeDetailPage.tsx:51:63)
    at Router (/Users/tunbee27/Documents/Tako-san-ui-rebuild/node_modules/.pnpm/react-router@6.30.6_react@18.3.1/node_modules/react-router/dist/umd/react-router.development.js:1203:17)
    at MemoryRouter (/Users/tunbee27/Documents/Tako-san-ui-rebuild/node_modules/.pnpm/react-router@6.30.6_react@18.3.1/node_modules/react-router/dist/umd/react-router.development.js:1097:7)
    at QueryClientProvider (file:///Users/tunbee27/Documents/Tako-san-ui-rebuild/node_modules/.pnpm/@tanstack+react-query@5.102.8_react@18.3.1/node_modules/@tanstack/react-query/build/modern/QueryClientProvider.js:12:32)

stderr | tests/unit/ui10-week-presentation.test.tsx > UI10 truthful setup and generation > retains choices on back and submits four real stages only after explicit generation
⚠️ React Router Future Flag Warning: React Router will begin wrapping state updates in `React.startTransition` in v7. You can use the `v7_startTransition` future flag to opt-in early. For more information, see https://reactrouter.com/v6/upgrading/future#v7_starttransition.
⚠️ React Router Future Flag Warning: Relative route resolution within Splat routes is changing in v7. You can use the `v7_relativeSplatPath` future flag to opt-in early. For more information, see https://reactrouter.com/v6/upgrading/future#v7_relativesplatpath.

stderr | tests/integration/frontend-ui-integration.test.tsx > RecipeDetail loading, not-found, error, and success remain distinct > does not spin forever when a successful response has no recipe
Warning: useLayoutEffect does nothing on the server, because its effect cannot be encoded into the server renderer's output format. This will lead to a mismatch between the initial, non-hydrated UI and the intended UI. To avoid this, useLayoutEffect should only be used in components that render exclusively on the client. See https://reactjs.org/link/uselayouteffect-ssr for common fixes.
    at MemoryRouter (/Users/tunbee27/Documents/Tako-san-ui-rebuild/node_modules/.pnpm/react-router@6.30.6_react@18.3.1/node_modules/react-router/dist/umd/react-router.development.js:1097:7)
    at QueryClientProvider (file:///Users/tunbee27/Documents/Tako-san-ui-rebuild/node_modules/.pnpm/@tanstack+react-query@5.102.8_react@18.3.1/node_modules/@tanstack/react-query/build/modern/QueryClientProvider.js:12:32)
Warning: useLayoutEffect does nothing on the server, because its effect cannot be encoded into the server renderer's output format. This will lead to a mismatch between the initial, non-hydrated UI and the intended UI. To avoid this, useLayoutEffect should only be used in components that render exclusively on the client. See https://reactjs.org/link/uselayouteffect-ssr for common fixes.
    at LinkWithRef (/Users/tunbee27/Documents/Tako-san-ui-rebuild/node_modules/.pnpm/react-router-dom@6.30.6_react-dom@18.3.1_react@18.3.1__react@18.3.1/node_modules/react-router-dom/dist/umd/react-router-dom.development.js:807:9)
    at div
    at header
    at KitchenHeader (/Users/tunbee27/Documents/Tako-san-ui-rebuild/src/web/components/common/KitchenHeader.tsx:9:3)
    at TopBar (/Users/tunbee27/Documents/Tako-san-ui-rebuild/src/web/components/common/TopBar.tsx:9:3)
    at div
    at RecipeDetailPage (/Users/tunbee27/Documents/Tako-san-ui-rebuild/src/web/pages/RecipeDetailPage.tsx:51:63)
    at Router (/Users/tunbee27/Documents/Tako-san-ui-rebuild/node_modules/.pnpm/react-router@6.30.6_react@18.3.1/node_modules/react-router/dist/umd/react-router.development.js:1203:17)
    at MemoryRouter (/Users/tunbee27/Documents/Tako-san-ui-rebuild/node_modules/.pnpm/react-router@6.30.6_react@18.3.1/node_modules/react-router/dist/umd/react-router.development.js:1097:7)
    at QueryClientProvider (file:///Users/tunbee27/Documents/Tako-san-ui-rebuild/node_modules/.pnpm/@tanstack+react-query@5.102.8_react@18.3.1/node_modules/@tanstack/react-query/build/modern/QueryClientProvider.js:12:32)
Warning: useLayoutEffect does nothing on the server, because its effect cannot be encoded into the server renderer's output format. This will lead to a mismatch between the initial, non-hydrated UI and the intended UI. To avoid this, useLayoutEffect should only be used in components that render exclusively on the client. See https://reactjs.org/link/uselayouteffect-ssr for common fixes.
    at LinkWithRef (/Users/tunbee27/Documents/Tako-san-ui-rebuild/node_modules/.pnpm/react-router-dom@6.30.6_react-dom@18.3.1_react@18.3.1__react@18.3.1/node_modules/react-router-dom/dist/umd/react-router-dom.development.js:807:9)
    at div
    at header
    at KitchenHeader (/Users/tunbee27/Documents/Tako-san-ui-rebuild/src/web/components/common/KitchenHeader.tsx:9:3)
    at TopBar (/Users/tunbee27/Documents/Tako-san-ui-rebuild/src/web/components/common/TopBar.tsx:9:3)
    at div
    at RecipeDetailPage (/Users/tunbee27/Documents/Tako-san-ui-rebuild/src/web/pages/RecipeDetailPage.tsx:51:63)
    at Router (/Users/tunbee27/Documents/Tako-san-ui-rebuild/node_modules/.pnpm/react-router@6.30.6_react@18.3.1/node_modules/react-router/dist/umd/react-router.development.js:1203:17)
    at MemoryRouter (/Users/tunbee27/Documents/Tako-san-ui-rebuild/node_modules/.pnpm/react-router@6.30.6_react@18.3.1/node_modules/react-router/dist/umd/react-router.development.js:1097:7)
    at QueryClientProvider (file:///Users/tunbee27/Documents/Tako-san-ui-rebuild/node_modules/.pnpm/@tanstack+react-query@5.102.8_react@18.3.1/node_modules/@tanstack/react-query/build/modern/QueryClientProvider.js:12:32)
Warning: useLayoutEffect does nothing on the server, because its effect cannot be encoded into the server renderer's output format. This will lead to a mismatch between the initial, non-hydrated UI and the intended UI. To avoid this, useLayoutEffect should only be used in components that render exclusively on the client. See https://reactjs.org/link/uselayouteffect-ssr for common fixes.
    at LinkWithRef (/Users/tunbee27/Documents/Tako-san-ui-rebuild/node_modules/.pnpm/react-router-dom@6.30.6_react-dom@18.3.1_react@18.3.1__react@18.3.1/node_modules/react-router-dom/dist/umd/react-router-dom.development.js:807:9)
    at div
    at header
    at KitchenHeader (/Users/tunbee27/Documents/Tako-san-ui-rebuild/src/web/components/common/KitchenHeader.tsx:9:3)
    at TopBar (/Users/tunbee27/Documents/Tako-san-ui-rebuild/src/web/components/common/TopBar.tsx:9:3)
    at div
    at RecipeDetailPage (/Users/tunbee27/Documents/Tako-san-ui-rebuild/src/web/pages/RecipeDetailPage.tsx:51:63)
    at Router (/Users/tunbee27/Documents/Tako-san-ui-rebuild/node_modules/.pnpm/react-router@6.30.6_react@18.3.1/node_modules/react-router/dist/umd/react-router.development.js:1203:17)
    at MemoryRouter (/Users/tunbee27/Documents/Tako-san-ui-rebuild/node_modules/.pnpm/react-router@6.30.6_react@18.3.1/node_modules/react-router/dist/umd/react-router.development.js:1097:7)
    at QueryClientProvider (file:///Users/tunbee27/Documents/Tako-san-ui-rebuild/node_modules/.pnpm/@tanstack+react-query@5.102.8_react@18.3.1/node_modules/@tanstack/react-query/build/modern/QueryClientProvider.js:12:32)
Warning: useLayoutEffect does nothing on the server, because its effect cannot be encoded into the server renderer's output format. This will lead to a mismatch between the initial, non-hydrated UI and the intended UI. To avoid this, useLayoutEffect should only be used in components that render exclusively on the client. See https://reactjs.org/link/uselayouteffect-ssr for common fixes.
    at LinkWithRef (/Users/tunbee27/Documents/Tako-san-ui-rebuild/node_modules/.pnpm/react-router-dom@6.30.6_react-dom@18.3.1_react@18.3.1__react@18.3.1/node_modules/react-router-dom/dist/umd/react-router-dom.development.js:807:9)
    at div
    at header
    at KitchenHeader (/Users/tunbee27/Documents/Tako-san-ui-rebuild/src/web/components/common/KitchenHeader.tsx:9:3)
    at TopBar (/Users/tunbee27/Documents/Tako-san-ui-rebuild/src/web/components/common/TopBar.tsx:9:3)
    at div
    at RecipeDetailPage (/Users/tunbee27/Documents/Tako-san-ui-rebuild/src/web/pages/RecipeDetailPage.tsx:51:63)
    at Router (/Users/tunbee27/Documents/Tako-san-ui-rebuild/node_modules/.pnpm/react-router@6.30.6_react@18.3.1/node_modules/react-router/dist/umd/react-router.development.js:1203:17)
    at MemoryRouter (/Users/tunbee27/Documents/Tako-san-ui-rebuild/node_modules/.pnpm/react-router@6.30.6_react@18.3.1/node_modules/react-router/dist/umd/react-router.development.js:1097:7)
    at QueryClientProvider (file:///Users/tunbee27/Documents/Tako-san-ui-rebuild/node_modules/.pnpm/@tanstack+react-query@5.102.8_react@18.3.1/node_modules/@tanstack/react-query/build/modern/QueryClientProvider.js:12:32)

stderr | tests/integration/frontend-ui-integration.test.tsx > RecipeDetail loading, not-found, error, and success remain distinct > renders a distinct 404 response instead of an infinite spinner
Warning: useLayoutEffect does nothing on the server, because its effect cannot be encoded into the server renderer's output format. This will lead to a mismatch between the initial, non-hydrated UI and the intended UI. To avoid this, useLayoutEffect should only be used in components that render exclusively on the client. See https://reactjs.org/link/uselayouteffect-ssr for common fixes.
    at MemoryRouter (/Users/tunbee27/Documents/Tako-san-ui-rebuild/node_modules/.pnpm/react-router@6.30.6_react@18.3.1/node_modules/react-router/dist/umd/react-router.development.js:1097:7)
    at QueryClientProvider (file:///Users/tunbee27/Documents/Tako-san-ui-rebuild/node_modules/.pnpm/@tanstack+react-query@5.102.8_react@18.3.1/node_modules/@tanstack/react-query/build/modern/QueryClientProvider.js:12:32)
Warning: useLayoutEffect does nothing on the server, because its effect cannot be encoded into the server renderer's output format. This will lead to a mismatch between the initial, non-hydrated UI and the intended UI. To avoid this, useLayoutEffect should only be used in components that render exclusively on the client. See https://reactjs.org/link/uselayouteffect-ssr for common fixes.
    at LinkWithRef (/Users/tunbee27/Documents/Tako-san-ui-rebuild/node_modules/.pnpm/react-router-dom@6.30.6_react-dom@18.3.1_react@18.3.1__react@18.3.1/node_modules/react-router-dom/dist/umd/react-router-dom.development.js:807:9)
    at div
    at header
    at KitchenHeader (/Users/tunbee27/Documents/Tako-san-ui-rebuild/src/web/components/common/KitchenHeader.tsx:9:3)
    at TopBar (/Users/tunbee27/Documents/Tako-san-ui-rebuild/src/web/components/common/TopBar.tsx:9:3)
    at div
    at RecipeDetailPage (/Users/tunbee27/Documents/Tako-san-ui-rebuild/src/web/pages/RecipeDetailPage.tsx:51:63)
    at Router (/Users/tunbee27/Documents/Tako-san-ui-rebuild/node_modules/.pnpm/react-router@6.30.6_react@18.3.1/node_modules/react-router/dist/umd/react-router.development.js:1203:17)
    at MemoryRouter (/Users/tunbee27/Documents/Tako-san-ui-rebuild/node_modules/.pnpm/react-router@6.30.6_react@18.3.1/node_modules/react-router/dist/umd/react-router.development.js:1097:7)
    at QueryClientProvider (file:///Users/tunbee27/Documents/Tako-san-ui-rebuild/node_modules/.pnpm/@tanstack+react-query@5.102.8_react@18.3.1/node_modules/@tanstack/react-query/build/modern/QueryClientProvider.js:12:32)
Warning: useLayoutEffect does nothing on the server, because its effect cannot be encoded into the server renderer's output format. This will lead to a mismatch between the initial, non-hydrated UI and the intended UI. To avoid this, useLayoutEffect should only be used in components that render exclusively on the client. See https://reactjs.org/link/uselayouteffect-ssr for common fixes.
    at LinkWithRef (/Users/tunbee27/Documents/Tako-san-ui-rebuild/node_modules/.pnpm/react-router-dom@6.30.6_react-dom@18.3.1_react@18.3.1__react@18.3.1/node_modules/react-router-dom/dist/umd/react-router-dom.development.js:807:9)
    at div
    at header
    at KitchenHeader (/Users/tunbee27/Documents/Tako-san-ui-rebuild/src/web/components/common/KitchenHeader.tsx:9:3)
    at TopBar (/Users/tunbee27/Documents/Tako-san-ui-rebuild/src/web/components/common/TopBar.tsx:9:3)
    at div
    at RecipeDetailPage (/Users/tunbee27/Documents/Tako-san-ui-rebuild/src/web/pages/RecipeDetailPage.tsx:51:63)
    at Router (/Users/tunbee27/Documents/Tako-san-ui-rebuild/node_modules/.pnpm/react-router@6.30.6_react@18.3.1/node_modules/react-router/dist/umd/react-router.development.js:1203:17)
    at MemoryRouter (/Users/tunbee27/Documents/Tako-san-ui-rebuild/node_modules/.pnpm/react-router@6.30.6_react@18.3.1/node_modules/react-router/dist/umd/react-router.development.js:1097:7)
    at QueryClientProvider (file:///Users/tunbee27/Documents/Tako-san-ui-rebuild/node_modules/.pnpm/@tanstack+react-query@5.102.8_react@18.3.1/node_modules/@tanstack/react-query/build/modern/QueryClientProvider.js:12:32)
Warning: useLayoutEffect does nothing on the server, because its effect cannot be encoded into the server renderer's output format. This will lead to a mismatch between the initial, non-hydrated UI and the intended UI. To avoid this, useLayoutEffect should only be used in components that render exclusively on the client. See https://reactjs.org/link/uselayouteffect-ssr for common fixes.
    at LinkWithRef (/Users/tunbee27/Documents/Tako-san-ui-rebuild/node_modules/.pnpm/react-router-dom@6.30.6_react-dom@18.3.1_react@18.3.1__react@18.3.1/node_modules/react-router-dom/dist/umd/react-router-dom.development.js:807:9)
    at div
    at header
    at KitchenHeader (/Users/tunbee27/Documents/Tako-san-ui-rebuild/src/web/components/common/KitchenHeader.tsx:9:3)
    at TopBar (/Users/tunbee27/Documents/Tako-san-ui-rebuild/src/web/components/common/TopBar.tsx:9:3)
    at div
    at RecipeDetailPage (/Users/tunbee27/Documents/Tako-san-ui-rebuild/src/web/pages/RecipeDetailPage.tsx:51:63)
    at Router (/Users/tunbee27/Documents/Tako-san-ui-rebuild/node_modules/.pnpm/react-router@6.30.6_react@18.3.1/node_modules/react-router/dist/umd/react-router.development.js:1203:17)
    at MemoryRouter (/Users/tunbee27/Documents/Tako-san-ui-rebuild/node_modules/.pnpm/react-router@6.30.6_react@18.3.1/node_modules/react-router/dist/umd/react-router.development.js:1097:7)
    at QueryClientProvider (file:///Users/tunbee27/Documents/Tako-san-ui-rebuild/node_modules/.pnpm/@tanstack+react-query@5.102.8_react@18.3.1/node_modules/@tanstack/react-query/build/modern/QueryClientProvider.js:12:32)
Warning: useLayoutEffect does nothing on the server, because its effect cannot be encoded into the server renderer's output format. This will lead to a mismatch between the initial, non-hydrated UI and the intended UI. To avoid this, useLayoutEffect should only be used in components that render exclusively on the client. See https://reactjs.org/link/uselayouteffect-ssr for common fixes.
    at LinkWithRef (/Users/tunbee27/Documents/Tako-san-ui-rebuild/node_modules/.pnpm/react-router-dom@6.30.6_react-dom@18.3.1_react@18.3.1__react@18.3.1/node_modules/react-router-dom/dist/umd/react-router-dom.development.js:807:9)
    at div
    at header
    at KitchenHeader (/Users/tunbee27/Documents/Tako-san-ui-rebuild/src/web/components/common/KitchenHeader.tsx:9:3)
    at TopBar (/Users/tunbee27/Documents/Tako-san-ui-rebuild/src/web/components/common/TopBar.tsx:9:3)
    at div
    at RecipeDetailPage (/Users/tunbee27/Documents/Tako-san-ui-rebuild/src/web/pages/RecipeDetailPage.tsx:51:63)
    at Router (/Users/tunbee27/Documents/Tako-san-ui-rebuild/node_modules/.pnpm/react-router@6.30.6_react@18.3.1/node_modules/react-router/dist/umd/react-router.development.js:1203:17)
    at MemoryRouter (/Users/tunbee27/Documents/Tako-san-ui-rebuild/node_modules/.pnpm/react-router@6.30.6_react@18.3.1/node_modules/react-router/dist/umd/react-router.development.js:1097:7)
    at QueryClientProvider (file:///Users/tunbee27/Documents/Tako-san-ui-rebuild/node_modules/.pnpm/@tanstack+react-query@5.102.8_react@18.3.1/node_modules/@tanstack/react-query/build/modern/QueryClientProvider.js:12:32)

stderr | tests/integration/frontend-ui-integration.test.tsx > RecipeDetail loading, not-found, error, and success remain distinct > renders a distinct 500 response instead of an infinite spinner
Warning: useLayoutEffect does nothing on the server, because its effect cannot be encoded into the server renderer's output format. This will lead to a mismatch between the initial, non-hydrated UI and the intended UI. To avoid this, useLayoutEffect should only be used in components that render exclusively on the client. See https://reactjs.org/link/uselayouteffect-ssr for common fixes.
    at MemoryRouter (/Users/tunbee27/Documents/Tako-san-ui-rebuild/node_modules/.pnpm/react-router@6.30.6_react@18.3.1/node_modules/react-router/dist/umd/react-router.development.js:1097:7)
    at QueryClientProvider (file:///Users/tunbee27/Documents/Tako-san-ui-rebuild/node_modules/.pnpm/@tanstack+react-query@5.102.8_react@18.3.1/node_modules/@tanstack/react-query/build/modern/QueryClientProvider.js:12:32)
Warning: useLayoutEffect does nothing on the server, because its effect cannot be encoded into the server renderer's output format. This will lead to a mismatch between the initial, non-hydrated UI and the intended UI. To avoid this, useLayoutEffect should only be used in components that render exclusively on the client. See https://reactjs.org/link/uselayouteffect-ssr for common fixes.
    at LinkWithRef (/Users/tunbee27/Documents/Tako-san-ui-rebuild/node_modules/.pnpm/react-router-dom@6.30.6_react-dom@18.3.1_react@18.3.1__react@18.3.1/node_modules/react-router-dom/dist/umd/react-router-dom.development.js:807:9)
    at div
    at header
    at KitchenHeader (/Users/tunbee27/Documents/Tako-san-ui-rebuild/src/web/components/common/KitchenHeader.tsx:9:3)
    at TopBar (/Users/tunbee27/Documents/Tako-san-ui-rebuild/src/web/components/common/TopBar.tsx:9:3)
    at div
    at RecipeDetailPage (/Users/tunbee27/Documents/Tako-san-ui-rebuild/src/web/pages/RecipeDetailPage.tsx:51:63)
    at Router (/Users/tunbee27/Documents/Tako-san-ui-rebuild/node_modules/.pnpm/react-router@6.30.6_react@18.3.1/node_modules/react-router/dist/umd/react-router.development.js:1203:17)
    at MemoryRouter (/Users/tunbee27/Documents/Tako-san-ui-rebuild/node_modules/.pnpm/react-router@6.30.6_react@18.3.1/node_modules/react-router/dist/umd/react-router.development.js:1097:7)
    at QueryClientProvider (file:///Users/tunbee27/Documents/Tako-san-ui-rebuild/node_modules/.pnpm/@tanstack+react-query@5.102.8_react@18.3.1/node_modules/@tanstack/react-query/build/modern/QueryClientProvider.js:12:32)
Warning: useLayoutEffect does nothing on the server, because its effect cannot be encoded into the server renderer's output format. This will lead to a mismatch between the initial, non-hydrated UI and the intended UI. To avoid this, useLayoutEffect should only be used in components that render exclusively on the client. See https://reactjs.org/link/uselayouteffect-ssr for common fixes.
    at LinkWithRef (/Users/tunbee27/Documents/Tako-san-ui-rebuild/node_modules/.pnpm/react-router-dom@6.30.6_react-dom@18.3.1_react@18.3.1__react@18.3.1/node_modules/react-router-dom/dist/umd/react-router-dom.development.js:807:9)
    at div
    at header
    at KitchenHeader (/Users/tunbee27/Documents/Tako-san-ui-rebuild/src/web/components/common/KitchenHeader.tsx:9:3)
    at TopBar (/Users/tunbee27/Documents/Tako-san-ui-rebuild/src/web/components/common/TopBar.tsx:9:3)
    at div
    at RecipeDetailPage (/Users/tunbee27/Documents/Tako-san-ui-rebuild/src/web/pages/RecipeDetailPage.tsx:51:63)
    at Router (/Users/tunbee27/Documents/Tako-san-ui-rebuild/node_modules/.pnpm/react-router@6.30.6_react@18.3.1/node_modules/react-router/dist/umd/react-router.development.js:1203:17)
    at MemoryRouter (/Users/tunbee27/Documents/Tako-san-ui-rebuild/node_modules/.pnpm/react-router@6.30.6_react@18.3.1/node_modules/react-router/dist/umd/react-router.development.js:1097:7)
    at QueryClientProvider (file:///Users/tunbee27/Documents/Tako-san-ui-rebuild/node_modules/.pnpm/@tanstack+react-query@5.102.8_react@18.3.1/node_modules/@tanstack/react-query/build/modern/QueryClientProvider.js:12:32)
Warning: useLayoutEffect does nothing on the server, because its effect cannot be encoded into the server renderer's output format. This will lead to a mismatch between the initial, non-hydrated UI and the intended UI. To avoid this, useLayoutEffect should only be used in components that render exclusively on the client. See https://reactjs.org/link/uselayouteffect-ssr for common fixes.
    at LinkWithRef (/Users/tunbee27/Documents/Tako-san-ui-rebuild/node_modules/.pnpm/react-router-dom@6.30.6_react-dom@18.3.1_react@18.3.1__react@18.3.1/node_modules/react-router-dom/dist/umd/react-router-dom.development.js:807:9)
    at div
    at header
    at KitchenHeader (/Users/tunbee27/Documents/Tako-san-ui-rebuild/src/web/components/common/KitchenHeader.tsx:9:3)
    at TopBar (/Users/tunbee27/Documents/Tako-san-ui-rebuild/src/web/components/common/TopBar.tsx:9:3)
    at div
    at RecipeDetailPage (/Users/tunbee27/Documents/Tako-san-ui-rebuild/src/web/pages/RecipeDetailPage.tsx:51:63)
    at Router (/Users/tunbee27/Documents/Tako-san-ui-rebuild/node_modules/.pnpm/react-router@6.30.6_react@18.3.1/node_modules/react-router/dist/umd/react-router.development.js:1203:17)
    at MemoryRouter (/Users/tunbee27/Documents/Tako-san-ui-rebuild/node_modules/.pnpm/react-router@6.30.6_react@18.3.1/node_modules/react-router/dist/umd/react-router.development.js:1097:7)
    at QueryClientProvider (file:///Users/tunbee27/Documents/Tako-san-ui-rebuild/node_modules/.pnpm/@tanstack+react-query@5.102.8_react@18.3.1/node_modules/@tanstack/react-query/build/modern/QueryClientProvider.js:12:32)
Warning: useLayoutEffect does nothing on the server, because its effect cannot be encoded into the server renderer's output format. This will lead to a mismatch between the initial, non-hydrated UI and the intended UI. To avoid this, useLayoutEffect should only be used in components that render exclusively on the client. See https://reactjs.org/link/uselayouteffect-ssr for common fixes.
    at LinkWithRef (/Users/tunbee27/Documents/Tako-san-ui-rebuild/node_modules/.pnpm/react-router-dom@6.30.6_react-dom@18.3.1_react@18.3.1__react@18.3.1/node_modules/react-router-dom/dist/umd/react-router-dom.development.js:807:9)
    at div
    at header
    at KitchenHeader (/Users/tunbee27/Documents/Tako-san-ui-rebuild/src/web/components/common/KitchenHeader.tsx:9:3)
    at TopBar (/Users/tunbee27/Documents/Tako-san-ui-rebuild/src/web/components/common/TopBar.tsx:9:3)
    at div
    at RecipeDetailPage (/Users/tunbee27/Documents/Tako-san-ui-rebuild/src/web/pages/RecipeDetailPage.tsx:51:63)
    at Router (/Users/tunbee27/Documents/Tako-san-ui-rebuild/node_modules/.pnpm/react-router@6.30.6_react@18.3.1/node_modules/react-router/dist/umd/react-router.development.js:1203:17)
    at MemoryRouter (/Users/tunbee27/Documents/Tako-san-ui-rebuild/node_modules/.pnpm/react-router@6.30.6_react@18.3.1/node_modules/react-router/dist/umd/react-router.development.js:1097:7)
    at QueryClientProvider (file:///Users/tunbee27/Documents/Tako-san-ui-rebuild/node_modules/.pnpm/@tanstack+react-query@5.102.8_react@18.3.1/node_modules/@tanstack/react-query/build/modern/QueryClientProvider.js:12:32)

 ❯ tests/unit/ui10-week-presentation.test.tsx (18 tests | 1 failed) 435ms
   ✓ UI10 truthful setup and generation > retains choices on back and submits four real stages only after explicit generation 186ms
   ✓ UI10 truthful setup and generation > keeps at least one priority selected 27ms
   ✓ UI10 truthful setup and generation > preserves budget null and reuses one command under StrictMode 13ms
   ✓ UI10 truthful setup and generation > preserves budget undefined and reuses one command under StrictMode 10ms
   ✓ UI10 truthful setup and generation > does not generate without a private identity 11ms
   ✓ UI10 truthful setup and generation > ignores generation completion after private reset 6ms
   ✓ UI10 truthful setup and generation > shows a safe generation failure and explicit return 15ms
   ✓ UI10 truthful setup and generation > applies settings to the session draft without mutating the current plan or navigating on a timer 16ms
   ✓ UI10 truthful setup and generation > review to create a new plan is a setup link and sends no generation command 29ms
   ✓ UI10 export receipt and dialog lifecycle > does not report copied until clipboard completion 8ms
   ✓ UI10 export receipt and dialog lifecycle > focuses safe feedback for clipboard rejected 8ms
   ✓ UI10 export receipt and dialog lifecycle > focuses safe feedback for clipboard unsupported 7ms
   ✓ UI10 export receipt and dialog lifecycle > discards an old clipboard receipt after closing and reopening 9ms
   × UI10 export receipt and dialog lifecycle > native share cancellation reports cancellation without success 11ms
     → Cannot read properties of null (reading 'textContent')
   ✓ UI10 shopping receipt presentation > captures selected items and renders pendingSync=true truthfully 23ms
   ✓ UI10 shopping receipt presentation > captures selected items and renders pendingSync=false truthfully 26ms
   ✓ UI10 shopping receipt presentation > keeps selection and focuses completion failure, with no false success 24ms
   ✓ adopts exact Week route families and excludes unrelated nested paths 5ms
stderr | tests/integration/frontend-ui-integration.test.tsx > RecipeDetail loading, not-found, error, and success remain distinct > renders the offline error honestly with retry
Warning: useLayoutEffect does nothing on the server, because its effect cannot be encoded into the server renderer's output format. This will lead to a mismatch between the initial, non-hydrated UI and the intended UI. To avoid this, useLayoutEffect should only be used in components that render exclusively on the client. See https://reactjs.org/link/uselayouteffect-ssr for common fixes.
    at MemoryRouter (/Users/tunbee27/Documents/Tako-san-ui-rebuild/node_modules/.pnpm/react-router@6.30.6_react@18.3.1/node_modules/react-router/dist/umd/react-router.development.js:1097:7)
    at QueryClientProvider (file:///Users/tunbee27/Documents/Tako-san-ui-rebuild/node_modules/.pnpm/@tanstack+react-query@5.102.8_react@18.3.1/node_modules/@tanstack/react-query/build/modern/QueryClientProvider.js:12:32)
Warning: useLayoutEffect does nothing on the server, because its effect cannot be encoded into the server renderer's output format. This will lead to a mismatch between the initial, non-hydrated UI and the intended UI. To avoid this, useLayoutEffect should only be used in components that render exclusively on the client. See https://reactjs.org/link/uselayouteffect-ssr for common fixes.
    at LinkWithRef (/Users/tunbee27/Documents/Tako-san-ui-rebuild/node_modules/.pnpm/react-router-dom@6.30.6_react-dom@18.3.1_react@18.3.1__react@18.3.1/node_modules/react-router-dom/dist/umd/react-router-dom.development.js:807:9)
    at div
    at header
    at KitchenHeader (/Users/tunbee27/Documents/Tako-san-ui-rebuild/src/web/components/common/KitchenHeader.tsx:9:3)
    at TopBar (/Users/tunbee27/Documents/Tako-san-ui-rebuild/src/web/components/common/TopBar.tsx:9:3)
    at div
    at RecipeDetailPage (/Users/tunbee27/Documents/Tako-san-ui-rebuild/src/web/pages/RecipeDetailPage.tsx:51:63)
    at Router (/Users/tunbee27/Documents/Tako-san-ui-rebuild/node_modules/.pnpm/react-router@6.30.6_react@18.3.1/node_modules/react-router/dist/umd/react-router.development.js:1203:17)
    at MemoryRouter (/Users/tunbee27/Documents/Tako-san-ui-rebuild/node_modules/.pnpm/react-router@6.30.6_react@18.3.1/node_modules/react-router/dist/umd/react-router.development.js:1097:7)
    at QueryClientProvider (file:///Users/tunbee27/Documents/Tako-san-ui-rebuild/node_modules/.pnpm/@tanstack+react-query@5.102.8_react@18.3.1/node_modules/@tanstack/react-query/build/modern/QueryClientProvider.js:12:32)
Warning: useLayoutEffect does nothing on the server, because its effect cannot be encoded into the server renderer's output format. This will lead to a mismatch between the initial, non-hydrated UI and the intended UI. To avoid this, useLayoutEffect should only be used in components that render exclusively on the client. See https://reactjs.org/link/uselayouteffect-ssr for common fixes.
    at LinkWithRef (/Users/tunbee27/Documents/Tako-san-ui-rebuild/node_modules/.pnpm/react-router-dom@6.30.6_react-dom@18.3.1_react@18.3.1__react@18.3.1/node_modules/react-router-dom/dist/umd/react-router-dom.development.js:807:9)
    at div
    at header
    at KitchenHeader (/Users/tunbee27/Documents/Tako-san-ui-rebuild/src/web/components/common/KitchenHeader.tsx:9:3)
    at TopBar (/Users/tunbee27/Documents/Tako-san-ui-rebuild/src/web/components/common/TopBar.tsx:9:3)
    at div
    at RecipeDetailPage (/Users/tunbee27/Documents/Tako-san-ui-rebuild/src/web/pages/RecipeDetailPage.tsx:51:63)
    at Router (/Users/tunbee27/Documents/Tako-san-ui-rebuild/node_modules/.pnpm/react-router@6.30.6_react@18.3.1/node_modules/react-router/dist/umd/react-router.development.js:1203:17)
    at MemoryRouter (/Users/tunbee27/Documents/Tako-san-ui-rebuild/node_modules/.pnpm/react-router@6.30.6_react@18.3.1/node_modules/react-router/dist/umd/react-router.development.js:1097:7)
    at QueryClientProvider (file:///Users/tunbee27/Documents/Tako-san-ui-rebuild/node_modules/.pnpm/@tanstack+react-query@5.102.8_react@18.3.1/node_modules/@tanstack/react-query/build/modern/QueryClientProvider.js:12:32)
Warning: useLayoutEffect does nothing on the server, because its effect cannot be encoded into the server renderer's output format. This will lead to a mismatch between the initial, non-hydrated UI and the intended UI. To avoid this, useLayoutEffect should only be used in components that render exclusively on the client. See https://reactjs.org/link/uselayouteffect-ssr for common fixes.
    at LinkWithRef (/Users/tunbee27/Documents/Tako-san-ui-rebuild/node_modules/.pnpm/react-router-dom@6.30.6_react-dom@18.3.1_react@18.3.1__react@18.3.1/node_modules/react-router-dom/dist/umd/react-router-dom.development.js:807:9)
    at div
    at header
    at KitchenHeader (/Users/tunbee27/Documents/Tako-san-ui-rebuild/src/web/components/common/KitchenHeader.tsx:9:3)
    at TopBar (/Users/tunbee27/Documents/Tako-san-ui-rebuild/src/web/components/common/TopBar.tsx:9:3)
    at div
    at RecipeDetailPage (/Users/tunbee27/Documents/Tako-san-ui-rebuild/src/web/pages/RecipeDetailPage.tsx:51:63)
    at Router (/Users/tunbee27/Documents/Tako-san-ui-rebuild/node_modules/.pnpm/react-router@6.30.6_react@18.3.1/node_modules/react-router/dist/umd/react-router.development.js:1203:17)
    at MemoryRouter (/Users/tunbee27/Documents/Tako-san-ui-rebuild/node_modules/.pnpm/react-router@6.30.6_react@18.3.1/node_modules/react-router/dist/umd/react-router.development.js:1097:7)
    at QueryClientProvider (file:///Users/tunbee27/Documents/Tako-san-ui-rebuild/node_modules/.pnpm/@tanstack+react-query@5.102.8_react@18.3.1/node_modules/@tanstack/react-query/build/modern/QueryClientProvider.js:12:32)
Warning: useLayoutEffect does nothing on the server, because its effect cannot be encoded into the server renderer's output format. This will lead to a mismatch between the initial, non-hydrated UI and the intended UI. To avoid this, useLayoutEffect should only be used in components that render exclusively on the client. See https://reactjs.org/link/uselayouteffect-ssr for common fixes.
    at LinkWithRef (/Users/tunbee27/Documents/Tako-san-ui-rebuild/node_modules/.pnpm/react-router-dom@6.30.6_react-dom@18.3.1_react@18.3.1__react@18.3.1/node_modules/react-router-dom/dist/umd/react-router-dom.development.js:807:9)
    at div
    at header
    at KitchenHeader (/Users/tunbee27/Documents/Tako-san-ui-rebuild/src/web/components/common/KitchenHeader.tsx:9:3)
    at TopBar (/Users/tunbee27/Documents/Tako-san-ui-rebuild/src/web/components/common/TopBar.tsx:9:3)
    at div
    at RecipeDetailPage (/Users/tunbee27/Documents/Tako-san-ui-rebuild/src/web/pages/RecipeDetailPage.tsx:51:63)
    at Router (/Users/tunbee27/Documents/Tako-san-ui-rebuild/node_modules/.pnpm/react-router@6.30.6_react@18.3.1/node_modules/react-router/dist/umd/react-router.development.js:1203:17)
    at MemoryRouter (/Users/tunbee27/Documents/Tako-san-ui-rebuild/node_modules/.pnpm/react-router@6.30.6_react@18.3.1/node_modules/react-router/dist/umd/react-router.development.js:1097:7)
    at QueryClientProvider (file:///Users/tunbee27/Documents/Tako-san-ui-rebuild/node_modules/.pnpm/@tanstack+react-query@5.102.8_react@18.3.1/node_modules/@tanstack/react-query/build/modern/QueryClientProvider.js:12:32)

stderr | tests/integration/frontend-ui-integration.test.tsx > RecipeDetail loading, not-found, error, and success remain distinct > renders a successfully loaded recipe from the secure query cache
Warning: useLayoutEffect does nothing on the server, because its effect cannot be encoded into the server renderer's output format. This will lead to a mismatch between the initial, non-hydrated UI and the intended UI. To avoid this, useLayoutEffect should only be used in components that render exclusively on the client. See https://reactjs.org/link/uselayouteffect-ssr for common fixes.
    at MemoryRouter (/Users/tunbee27/Documents/Tako-san-ui-rebuild/node_modules/.pnpm/react-router@6.30.6_react@18.3.1/node_modules/react-router/dist/umd/react-router.development.js:1097:7)
    at QueryClientProvider (file:///Users/tunbee27/Documents/Tako-san-ui-rebuild/node_modules/.pnpm/@tanstack+react-query@5.102.8_react@18.3.1/node_modules/@tanstack/react-query/build/modern/QueryClientProvider.js:12:32)
Warning: useLayoutEffect does nothing on the server, because its effect cannot be encoded into the server renderer's output format. This will lead to a mismatch between the initial, non-hydrated UI and the intended UI. To avoid this, useLayoutEffect should only be used in components that render exclusively on the client. See https://reactjs.org/link/uselayouteffect-ssr for common fixes.
    at LinkWithRef (/Users/tunbee27/Documents/Tako-san-ui-rebuild/node_modules/.pnpm/react-router-dom@6.30.6_react-dom@18.3.1_react@18.3.1__react@18.3.1/node_modules/react-router-dom/dist/umd/react-router-dom.development.js:807:9)
    at div
    at header
    at KitchenHeader (/Users/tunbee27/Documents/Tako-san-ui-rebuild/src/web/components/common/KitchenHeader.tsx:9:3)
    at TopBar (/Users/tunbee27/Documents/Tako-san-ui-rebuild/src/web/components/common/TopBar.tsx:9:3)
    at div
    at RecipeDetailPage (/Users/tunbee27/Documents/Tako-san-ui-rebuild/src/web/pages/RecipeDetailPage.tsx:51:63)
    at Router (/Users/tunbee27/Documents/Tako-san-ui-rebuild/node_modules/.pnpm/react-router@6.30.6_react@18.3.1/node_modules/react-router/dist/umd/react-router.development.js:1203:17)
    at MemoryRouter (/Users/tunbee27/Documents/Tako-san-ui-rebuild/node_modules/.pnpm/react-router@6.30.6_react@18.3.1/node_modules/react-router/dist/umd/react-router.development.js:1097:7)
    at QueryClientProvider (file:///Users/tunbee27/Documents/Tako-san-ui-rebuild/node_modules/.pnpm/@tanstack+react-query@5.102.8_react@18.3.1/node_modules/@tanstack/react-query/build/modern/QueryClientProvider.js:12:32)
Warning: useLayoutEffect does nothing on the server, because its effect cannot be encoded into the server renderer's output format. This will lead to a mismatch between the initial, non-hydrated UI and the intended UI. To avoid this, useLayoutEffect should only be used in components that render exclusively on the client. See https://reactjs.org/link/uselayouteffect-ssr for common fixes.
    at LinkWithRef (/Users/tunbee27/Documents/Tako-san-ui-rebuild/node_modules/.pnpm/react-router-dom@6.30.6_react-dom@18.3.1_react@18.3.1__react@18.3.1/node_modules/react-router-dom/dist/umd/react-router-dom.development.js:807:9)
    at div
    at header
    at KitchenHeader (/Users/tunbee27/Documents/Tako-san-ui-rebuild/src/web/components/common/KitchenHeader.tsx:9:3)
    at TopBar (/Users/tunbee27/Documents/Tako-san-ui-rebuild/src/web/components/common/TopBar.tsx:9:3)
    at div
    at RecipeDetailPage (/Users/tunbee27/Documents/Tako-san-ui-rebuild/src/web/pages/RecipeDetailPage.tsx:51:63)
    at Router (/Users/tunbee27/Documents/Tako-san-ui-rebuild/node_modules/.pnpm/react-router@6.30.6_react@18.3.1/node_modules/react-router/dist/umd/react-router.development.js:1203:17)
    at MemoryRouter (/Users/tunbee27/Documents/Tako-san-ui-rebuild/node_modules/.pnpm/react-router@6.30.6_react@18.3.1/node_modules/react-router/dist/umd/react-router.development.js:1097:7)
    at QueryClientProvider (file:///Users/tunbee27/Documents/Tako-san-ui-rebuild/node_modules/.pnpm/@tanstack+react-query@5.102.8_react@18.3.1/node_modules/@tanstack/react-query/build/modern/QueryClientProvider.js:12:32)
Warning: useLayoutEffect does nothing on the server, because its effect cannot be encoded into the server renderer's output format. This will lead to a mismatch between the initial, non-hydrated UI and the intended UI. To avoid this, useLayoutEffect should only be used in components that render exclusively on the client. See https://reactjs.org/link/uselayouteffect-ssr for common fixes.
    at LinkWithRef (/Users/tunbee27/Documents/Tako-san-ui-rebuild/node_modules/.pnpm/react-router-dom@6.30.6_react-dom@18.3.1_react@18.3.1__react@18.3.1/node_modules/react-router-dom/dist/umd/react-router-dom.development.js:807:9)
    at div
    at header
    at KitchenHeader (/Users/tunbee27/Documents/Tako-san-ui-rebuild/src/web/components/common/KitchenHeader.tsx:9:3)
    at TopBar (/Users/tunbee27/Documents/Tako-san-ui-rebuild/src/web/components/common/TopBar.tsx:9:3)
    at div
    at RecipeDetailPage (/Users/tunbee27/Documents/Tako-san-ui-rebuild/src/web/pages/RecipeDetailPage.tsx:51:63)
    at Router (/Users/tunbee27/Documents/Tako-san-ui-rebuild/node_modules/.pnpm/react-router@6.30.6_react@18.3.1/node_modules/react-router/dist/umd/react-router.development.js:1203:17)
    at MemoryRouter (/Users/tunbee27/Documents/Tako-san-ui-rebuild/node_modules/.pnpm/react-router@6.30.6_react@18.3.1/node_modules/react-router/dist/umd/react-router.development.js:1097:7)
    at QueryClientProvider (file:///Users/tunbee27/Documents/Tako-san-ui-rebuild/node_modules/.pnpm/@tanstack+react-query@5.102.8_react@18.3.1/node_modules/@tanstack/react-query/build/modern/QueryClientProvider.js:12:32)
Warning: useLayoutEffect does nothing on the server, because its effect cannot be encoded into the server renderer's output format. This will lead to a mismatch between the initial, non-hydrated UI and the intended UI. To avoid this, useLayoutEffect should only be used in components that render exclusively on the client. See https://reactjs.org/link/uselayouteffect-ssr for common fixes.
    at LinkWithRef (/Users/tunbee27/Documents/Tako-san-ui-rebuild/node_modules/.pnpm/react-router-dom@6.30.6_react-dom@18.3.1_react@18.3.1__react@18.3.1/node_modules/react-router-dom/dist/umd/react-router-dom.development.js:807:9)
    at div
    at header
    at KitchenHeader (/Users/tunbee27/Documents/Tako-san-ui-rebuild/src/web/components/common/KitchenHeader.tsx:9:3)
    at TopBar (/Users/tunbee27/Documents/Tako-san-ui-rebuild/src/web/components/common/TopBar.tsx:9:3)
    at div
    at RecipeDetailPage (/Users/tunbee27/Documents/Tako-san-ui-rebuild/src/web/pages/RecipeDetailPage.tsx:51:63)
    at Router (/Users/tunbee27/Documents/Tako-san-ui-rebuild/node_modules/.pnpm/react-router@6.30.6_react@18.3.1/node_modules/react-router/dist/umd/react-router.development.js:1203:17)
    at MemoryRouter (/Users/tunbee27/Documents/Tako-san-ui-rebuild/node_modules/.pnpm/react-router@6.30.6_react@18.3.1/node_modules/react-router/dist/umd/react-router.development.js:1097:7)
    at QueryClientProvider (file:///Users/tunbee27/Documents/Tako-san-ui-rebuild/node_modules/.pnpm/@tanstack+react-query@5.102.8_react@18.3.1/node_modules/@tanstack/react-query/build/modern/QueryClientProvider.js:12:32)

stderr | tests/integration/frontend-ui-integration.test.tsx > notification honesty > renders no fabricated alerts or global unread dot when the server list is empty
Warning: useLayoutEffect does nothing on the server, because its effect cannot be encoded into the server renderer's output format. This will lead to a mismatch between the initial, non-hydrated UI and the intended UI. To avoid this, useLayoutEffect should only be used in components that render exclusively on the client. See https://reactjs.org/link/uselayouteffect-ssr for common fixes.
    at MemoryRouter (/Users/tunbee27/Documents/Tako-san-ui-rebuild/node_modules/.pnpm/react-router@6.30.6_react@18.3.1/node_modules/react-router/dist/umd/react-router.development.js:1097:7)
    at QueryClientProvider (file:///Users/tunbee27/Documents/Tako-san-ui-rebuild/node_modules/.pnpm/@tanstack+react-query@5.102.8_react@18.3.1/node_modules/@tanstack/react-query/build/modern/QueryClientProvider.js:12:32)
Warning: useLayoutEffect does nothing on the server, because its effect cannot be encoded into the server renderer's output format. This will lead to a mismatch between the initial, non-hydrated UI and the intended UI. To avoid this, useLayoutEffect should only be used in components that render exclusively on the client. See https://reactjs.org/link/uselayouteffect-ssr for common fixes.
    at LinkWithRef (/Users/tunbee27/Documents/Tako-san-ui-rebuild/node_modules/.pnpm/react-router-dom@6.30.6_react-dom@18.3.1_react@18.3.1__react@18.3.1/node_modules/react-router-dom/dist/umd/react-router-dom.development.js:807:9)
    at div
    at header
    at KitchenHeader (/Users/tunbee27/Documents/Tako-san-ui-rebuild/src/web/components/common/KitchenHeader.tsx:9:3)
    at div
    at AccountPage (/Users/tunbee27/Documents/Tako-san-ui-rebuild/src/web/components/common/AccountPage.tsx:5:3)
    at NotificationsPage (/Users/tunbee27/Documents/Tako-san-ui-rebuild/src/web/pages/NotificationsPage.tsx:26:64)
    at Router (/Users/tunbee27/Documents/Tako-san-ui-rebuild/node_modules/.pnpm/react-router@6.30.6_react@18.3.1/node_modules/react-router/dist/umd/react-router.development.js:1203:17)
    at MemoryRouter (/Users/tunbee27/Documents/Tako-san-ui-rebuild/node_modules/.pnpm/react-router@6.30.6_react@18.3.1/node_modules/react-router/dist/umd/react-router.development.js:1097:7)
    at QueryClientProvider (file:///Users/tunbee27/Documents/Tako-san-ui-rebuild/node_modules/.pnpm/@tanstack+react-query@5.102.8_react@18.3.1/node_modules/@tanstack/react-query/build/modern/QueryClientProvider.js:12:32)
Warning: useLayoutEffect does nothing on the server, because its effect cannot be encoded into the server renderer's output format. This will lead to a mismatch between the initial, non-hydrated UI and the intended UI. To avoid this, useLayoutEffect should only be used in components that render exclusively on the client. See https://reactjs.org/link/uselayouteffect-ssr for common fixes.
    at LinkWithRef (/Users/tunbee27/Documents/Tako-san-ui-rebuild/node_modules/.pnpm/react-router-dom@6.30.6_react-dom@18.3.1_react@18.3.1__react@18.3.1/node_modules/react-router-dom/dist/umd/react-router-dom.development.js:807:9)
    at div
    at header
    at KitchenHeader (/Users/tunbee27/Documents/Tako-san-ui-rebuild/src/web/components/common/KitchenHeader.tsx:9:3)
    at div
    at AccountPage (/Users/tunbee27/Documents/Tako-san-ui-rebuild/src/web/components/common/AccountPage.tsx:5:3)
    at NotificationsPage (/Users/tunbee27/Documents/Tako-san-ui-rebuild/src/web/pages/NotificationsPage.tsx:26:64)
    at Router (/Users/tunbee27/Documents/Tako-san-ui-rebuild/node_modules/.pnpm/react-router@6.30.6_react@18.3.1/node_modules/react-router/dist/umd/react-router.development.js:1203:17)
    at MemoryRouter (/Users/tunbee27/Documents/Tako-san-ui-rebuild/node_modules/.pnpm/react-router@6.30.6_react@18.3.1/node_modules/react-router/dist/umd/react-router.development.js:1097:7)
    at QueryClientProvider (file:///Users/tunbee27/Documents/Tako-san-ui-rebuild/node_modules/.pnpm/@tanstack+react-query@5.102.8_react@18.3.1/node_modules/@tanstack/react-query/build/modern/QueryClientProvider.js:12:32)
Warning: useLayoutEffect does nothing on the server, because its effect cannot be encoded into the server renderer's output format. This will lead to a mismatch between the initial, non-hydrated UI and the intended UI. To avoid this, useLayoutEffect should only be used in components that render exclusively on the client. See https://reactjs.org/link/uselayouteffect-ssr for common fixes.
    at LinkWithRef (/Users/tunbee27/Documents/Tako-san-ui-rebuild/node_modules/.pnpm/react-router-dom@6.30.6_react-dom@18.3.1_react@18.3.1__react@18.3.1/node_modules/react-router-dom/dist/umd/react-router-dom.development.js:807:9)
    at div
    at header
    at KitchenHeader (/Users/tunbee27/Documents/Tako-san-ui-rebuild/src/web/components/common/KitchenHeader.tsx:9:3)
    at div
    at AccountPage (/Users/tunbee27/Documents/Tako-san-ui-rebuild/src/web/components/common/AccountPage.tsx:5:3)
    at NotificationsPage (/Users/tunbee27/Documents/Tako-san-ui-rebuild/src/web/pages/NotificationsPage.tsx:26:64)
    at Router (/Users/tunbee27/Documents/Tako-san-ui-rebuild/node_modules/.pnpm/react-router@6.30.6_react@18.3.1/node_modules/react-router/dist/umd/react-router.development.js:1203:17)
    at MemoryRouter (/Users/tunbee27/Documents/Tako-san-ui-rebuild/node_modules/.pnpm/react-router@6.30.6_react@18.3.1/node_modules/react-router/dist/umd/react-router.development.js:1097:7)
    at QueryClientProvider (file:///Users/tunbee27/Documents/Tako-san-ui-rebuild/node_modules/.pnpm/@tanstack+react-query@5.102.8_react@18.3.1/node_modules/@tanstack/react-query/build/modern/QueryClientProvider.js:12:32)
Warning: useLayoutEffect does nothing on the server, because its effect cannot be encoded into the server renderer's output format. This will lead to a mismatch between the initial, non-hydrated UI and the intended UI. To avoid this, useLayoutEffect should only be used in components that render exclusively on the client. See https://reactjs.org/link/uselayouteffect-ssr for common fixes.
    at LinkWithRef (/Users/tunbee27/Documents/Tako-san-ui-rebuild/node_modules/.pnpm/react-router-dom@6.30.6_react-dom@18.3.1_react@18.3.1__react@18.3.1/node_modules/react-router-dom/dist/umd/react-router-dom.development.js:807:9)
    at div
    at header
    at KitchenHeader (/Users/tunbee27/Documents/Tako-san-ui-rebuild/src/web/components/common/KitchenHeader.tsx:9:3)
    at div
    at AccountPage (/Users/tunbee27/Documents/Tako-san-ui-rebuild/src/web/components/common/AccountPage.tsx:5:3)
    at NotificationsPage (/Users/tunbee27/Documents/Tako-san-ui-rebuild/src/web/pages/NotificationsPage.tsx:26:64)
    at Router (/Users/tunbee27/Documents/Tako-san-ui-rebuild/node_modules/.pnpm/react-router@6.30.6_react@18.3.1/node_modules/react-router/dist/umd/react-router.development.js:1203:17)
    at MemoryRouter (/Users/tunbee27/Documents/Tako-san-ui-rebuild/node_modules/.pnpm/react-router@6.30.6_react@18.3.1/node_modules/react-router/dist/umd/react-router.development.js:1097:7)
    at QueryClientProvider (file:///Users/tunbee27/Documents/Tako-san-ui-rebuild/node_modules/.pnpm/@tanstack+react-query@5.102.8_react@18.3.1/node_modules/@tanstack/react-query/build/modern/QueryClientProvider.js:12:32)
Warning: useLayoutEffect does nothing on the server, because its effect cannot be encoded into the server renderer's output format. This will lead to a mismatch between the initial, non-hydrated UI and the intended UI. To avoid this, useLayoutEffect should only be used in components that render exclusively on the client. See https://reactjs.org/link/uselayouteffect-ssr for common fixes.
    at LinkWithRef (/Users/tunbee27/Documents/Tako-san-ui-rebuild/node_modules/.pnpm/react-router-dom@6.30.6_react-dom@18.3.1_react@18.3.1__react@18.3.1/node_modules/react-router-dom/dist/umd/react-router-dom.development.js:807:9)
    at div
    at div
    at div
    at div
    at AccountPage (/Users/tunbee27/Documents/Tako-san-ui-rebuild/src/web/components/common/AccountPage.tsx:5:3)
    at NotificationsPage (/Users/tunbee27/Documents/Tako-san-ui-rebuild/src/web/pages/NotificationsPage.tsx:26:64)
    at Router (/Users/tunbee27/Documents/Tako-san-ui-rebuild/node_modules/.pnpm/react-router@6.30.6_react@18.3.1/node_modules/react-router/dist/umd/react-router.development.js:1203:17)
    at MemoryRouter (/Users/tunbee27/Documents/Tako-san-ui-rebuild/node_modules/.pnpm/react-router@6.30.6_react@18.3.1/node_modules/react-router/dist/umd/react-router.development.js:1097:7)
    at QueryClientProvider (file:///Users/tunbee27/Documents/Tako-san-ui-rebuild/node_modules/.pnpm/@tanstack+react-query@5.102.8_react@18.3.1/node_modules/@tanstack/react-query/build/modern/QueryClientProvider.js:12:32)

stderr | tests/integration/frontend-ui-integration.test.tsx > notification honesty > renders notification content only when returned by the real query contract
Warning: useLayoutEffect does nothing on the server, because its effect cannot be encoded into the server renderer's output format. This will lead to a mismatch between the initial, non-hydrated UI and the intended UI. To avoid this, useLayoutEffect should only be used in components that render exclusively on the client. See https://reactjs.org/link/uselayouteffect-ssr for common fixes.
    at MemoryRouter (/Users/tunbee27/Documents/Tako-san-ui-rebuild/node_modules/.pnpm/react-router@6.30.6_react@18.3.1/node_modules/react-router/dist/umd/react-router.development.js:1097:7)
    at QueryClientProvider (file:///Users/tunbee27/Documents/Tako-san-ui-rebuild/node_modules/.pnpm/@tanstack+react-query@5.102.8_react@18.3.1/node_modules/@tanstack/react-query/build/modern/QueryClientProvider.js:12:32)
Warning: useLayoutEffect does nothing on the server, because its effect cannot be encoded into the server renderer's output format. This will lead to a mismatch between the initial, non-hydrated UI and the intended UI. To avoid this, useLayoutEffect should only be used in components that render exclusively on the client. See https://reactjs.org/link/uselayouteffect-ssr for common fixes.
    at LinkWithRef (/Users/tunbee27/Documents/Tako-san-ui-rebuild/node_modules/.pnpm/react-router-dom@6.30.6_react-dom@18.3.1_react@18.3.1__react@18.3.1/node_modules/react-router-dom/dist/umd/react-router-dom.development.js:807:9)
    at div
    at header
    at KitchenHeader (/Users/tunbee27/Documents/Tako-san-ui-rebuild/src/web/components/common/KitchenHeader.tsx:9:3)
    at div
    at AccountPage (/Users/tunbee27/Documents/Tako-san-ui-rebuild/src/web/components/common/AccountPage.tsx:5:3)
    at NotificationsPage (/Users/tunbee27/Documents/Tako-san-ui-rebuild/src/web/pages/NotificationsPage.tsx:26:64)
    at Router (/Users/tunbee27/Documents/Tako-san-ui-rebuild/node_modules/.pnpm/react-router@6.30.6_react@18.3.1/node_modules/react-router/dist/umd/react-router.development.js:1203:17)
    at MemoryRouter (/Users/tunbee27/Documents/Tako-san-ui-rebuild/node_modules/.pnpm/react-router@6.30.6_react@18.3.1/node_modules/react-router/dist/umd/react-router.development.js:1097:7)
    at QueryClientProvider (file:///Users/tunbee27/Documents/Tako-san-ui-rebuild/node_modules/.pnpm/@tanstack+react-query@5.102.8_react@18.3.1/node_modules/@tanstack/react-query/build/modern/QueryClientProvider.js:12:32)
Warning: useLayoutEffect does nothing on the server, because its effect cannot be encoded into the server renderer's output format. This will lead to a mismatch between the initial, non-hydrated UI and the intended UI. To avoid this, useLayoutEffect should only be used in components that render exclusively on the client. See https://reactjs.org/link/uselayouteffect-ssr for common fixes.
    at LinkWithRef (/Users/tunbee27/Documents/Tako-san-ui-rebuild/node_modules/.pnpm/react-router-dom@6.30.6_react-dom@18.3.1_react@18.3.1__react@18.3.1/node_modules/react-router-dom/dist/umd/react-router-dom.development.js:807:9)
    at div
    at header
    at KitchenHeader (/Users/tunbee27/Documents/Tako-san-ui-rebuild/src/web/components/common/KitchenHeader.tsx:9:3)
    at div
    at AccountPage (/Users/tunbee27/Documents/Tako-san-ui-rebuild/src/web/components/common/AccountPage.tsx:5:3)
    at NotificationsPage (/Users/tunbee27/Documents/Tako-san-ui-rebuild/src/web/pages/NotificationsPage.tsx:26:64)
    at Router (/Users/tunbee27/Documents/Tako-san-ui-rebuild/node_modules/.pnpm/react-router@6.30.6_react@18.3.1/node_modules/react-router/dist/umd/react-router.development.js:1203:17)
    at MemoryRouter (/Users/tunbee27/Documents/Tako-san-ui-rebuild/node_modules/.pnpm/react-router@6.30.6_react@18.3.1/node_modules/react-router/dist/umd/react-router.development.js:1097:7)
    at QueryClientProvider (file:///Users/tunbee27/Documents/Tako-san-ui-rebuild/node_modules/.pnpm/@tanstack+react-query@5.102.8_react@18.3.1/node_modules/@tanstack/react-query/build/modern/QueryClientProvider.js:12:32)
Warning: useLayoutEffect does nothing on the server, because its effect cannot be encoded into the server renderer's output format. This will lead to a mismatch between the initial, non-hydrated UI and the intended UI. To avoid this, useLayoutEffect should only be used in components that render exclusively on the client. See https://reactjs.org/link/uselayouteffect-ssr for common fixes.
    at LinkWithRef (/Users/tunbee27/Documents/Tako-san-ui-rebuild/node_modules/.pnpm/react-router-dom@6.30.6_react-dom@18.3.1_react@18.3.1__react@18.3.1/node_modules/react-router-dom/dist/umd/react-router-dom.development.js:807:9)
    at div
    at header
    at KitchenHeader (/Users/tunbee27/Documents/Tako-san-ui-rebuild/src/web/components/common/KitchenHeader.tsx:9:3)
    at div
    at AccountPage (/Users/tunbee27/Documents/Tako-san-ui-rebuild/src/web/components/common/AccountPage.tsx:5:3)
    at NotificationsPage (/Users/tunbee27/Documents/Tako-san-ui-rebuild/src/web/pages/NotificationsPage.tsx:26:64)
    at Router (/Users/tunbee27/Documents/Tako-san-ui-rebuild/node_modules/.pnpm/react-router@6.30.6_react@18.3.1/node_modules/react-router/dist/umd/react-router.development.js:1203:17)
    at MemoryRouter (/Users/tunbee27/Documents/Tako-san-ui-rebuild/node_modules/.pnpm/react-router@6.30.6_react@18.3.1/node_modules/react-router/dist/umd/react-router.development.js:1097:7)
    at QueryClientProvider (file:///Users/tunbee27/Documents/Tako-san-ui-rebuild/node_modules/.pnpm/@tanstack+react-query@5.102.8_react@18.3.1/node_modules/@tanstack/react-query/build/modern/QueryClientProvider.js:12:32)
Warning: useLayoutEffect does nothing on the server, because its effect cannot be encoded into the server renderer's output format. This will lead to a mismatch between the initial, non-hydrated UI and the intended UI. To avoid this, useLayoutEffect should only be used in components that render exclusively on the client. See https://reactjs.org/link/uselayouteffect-ssr for common fixes.
    at LinkWithRef (/Users/tunbee27/Documents/Tako-san-ui-rebuild/node_modules/.pnpm/react-router-dom@6.30.6_react-dom@18.3.1_react@18.3.1__react@18.3.1/node_modules/react-router-dom/dist/umd/react-router-dom.development.js:807:9)
    at div
    at header
    at KitchenHeader (/Users/tunbee27/Documents/Tako-san-ui-rebuild/src/web/components/common/KitchenHeader.tsx:9:3)
    at div
    at AccountPage (/Users/tunbee27/Documents/Tako-san-ui-rebuild/src/web/components/common/AccountPage.tsx:5:3)
    at NotificationsPage (/Users/tunbee27/Documents/Tako-san-ui-rebuild/src/web/pages/NotificationsPage.tsx:26:64)
    at Router (/Users/tunbee27/Documents/Tako-san-ui-rebuild/node_modules/.pnpm/react-router@6.30.6_react@18.3.1/node_modules/react-router/dist/umd/react-router.development.js:1203:17)
    at MemoryRouter (/Users/tunbee27/Documents/Tako-san-ui-rebuild/node_modules/.pnpm/react-router@6.30.6_react@18.3.1/node_modules/react-router/dist/umd/react-router.development.js:1097:7)
    at QueryClientProvider (file:///Users/tunbee27/Documents/Tako-san-ui-rebuild/node_modules/.pnpm/@tanstack+react-query@5.102.8_react@18.3.1/node_modules/@tanstack/react-query/build/modern/QueryClientProvider.js:12:32)
Warning: useLayoutEffect does nothing on the server, because its effect cannot be encoded into the server renderer's output format. This will lead to a mismatch between the initial, non-hydrated UI and the intended UI. To avoid this, useLayoutEffect should only be used in components that render exclusively on the client. See https://reactjs.org/link/uselayouteffect-ssr for common fixes.
    at LinkWithRef (/Users/tunbee27/Documents/Tako-san-ui-rebuild/node_modules/.pnpm/react-router-dom@6.30.6_react-dom@18.3.1_react@18.3.1__react@18.3.1/node_modules/react-router-dom/dist/umd/react-router-dom.development.js:807:9)
    at div
    at div
    at div
    at div
    at AccountPage (/Users/tunbee27/Documents/Tako-san-ui-rebuild/src/web/components/common/AccountPage.tsx:5:3)
    at NotificationsPage (/Users/tunbee27/Documents/Tako-san-ui-rebuild/src/web/pages/NotificationsPage.tsx:26:64)
    at Router (/Users/tunbee27/Documents/Tako-san-ui-rebuild/node_modules/.pnpm/react-router@6.30.6_react@18.3.1/node_modules/react-router/dist/umd/react-router.development.js:1203:17)
    at MemoryRouter (/Users/tunbee27/Documents/Tako-san-ui-rebuild/node_modules/.pnpm/react-router@6.30.6_react@18.3.1/node_modules/react-router/dist/umd/react-router.development.js:1097:7)
    at QueryClientProvider (file:///Users/tunbee27/Documents/Tako-san-ui-rebuild/node_modules/.pnpm/@tanstack+react-query@5.102.8_react@18.3.1/node_modules/@tanstack/react-query/build/modern/QueryClientProvider.js:12:32)

stderr | tests/integration/frontend-ui-integration.test.tsx > notification honesty > surfaces notification errors rather than pretending the list is empty
Warning: useLayoutEffect does nothing on the server, because its effect cannot be encoded into the server renderer's output format. This will lead to a mismatch between the initial, non-hydrated UI and the intended UI. To avoid this, useLayoutEffect should only be used in components that render exclusively on the client. See https://reactjs.org/link/uselayouteffect-ssr for common fixes.
    at MemoryRouter (/Users/tunbee27/Documents/Tako-san-ui-rebuild/node_modules/.pnpm/react-router@6.30.6_react@18.3.1/node_modules/react-router/dist/umd/react-router.development.js:1097:7)
    at QueryClientProvider (file:///Users/tunbee27/Documents/Tako-san-ui-rebuild/node_modules/.pnpm/@tanstack+react-query@5.102.8_react@18.3.1/node_modules/@tanstack/react-query/build/modern/QueryClientProvider.js:12:32)
Warning: useLayoutEffect does nothing on the server, because its effect cannot be encoded into the server renderer's output format. This will lead to a mismatch between the initial, non-hydrated UI and the intended UI. To avoid this, useLayoutEffect should only be used in components that render exclusively on the client. See https://reactjs.org/link/uselayouteffect-ssr for common fixes.
    at LinkWithRef (/Users/tunbee27/Documents/Tako-san-ui-rebuild/node_modules/.pnpm/react-router-dom@6.30.6_react-dom@18.3.1_react@18.3.1__react@18.3.1/node_modules/react-router-dom/dist/umd/react-router-dom.development.js:807:9)
    at div
    at header
    at KitchenHeader (/Users/tunbee27/Documents/Tako-san-ui-rebuild/src/web/components/common/KitchenHeader.tsx:9:3)
    at div
    at AccountPage (/Users/tunbee27/Documents/Tako-san-ui-rebuild/src/web/components/common/AccountPage.tsx:5:3)
    at NotificationsPage (/Users/tunbee27/Documents/Tako-san-ui-rebuild/src/web/pages/NotificationsPage.tsx:26:64)
    at Router (/Users/tunbee27/Documents/Tako-san-ui-rebuild/node_modules/.pnpm/react-router@6.30.6_react@18.3.1/node_modules/react-router/dist/umd/react-router.development.js:1203:17)
    at MemoryRouter (/Users/tunbee27/Documents/Tako-san-ui-rebuild/node_modules/.pnpm/react-router@6.30.6_react@18.3.1/node_modules/react-router/dist/umd/react-router.development.js:1097:7)
    at QueryClientProvider (file:///Users/tunbee27/Documents/Tako-san-ui-rebuild/node_modules/.pnpm/@tanstack+react-query@5.102.8_react@18.3.1/node_modules/@tanstack/react-query/build/modern/QueryClientProvider.js:12:32)
Warning: useLayoutEffect does nothing on the server, because its effect cannot be encoded into the server renderer's output format. This will lead to a mismatch between the initial, non-hydrated UI and the intended UI. To avoid this, useLayoutEffect should only be used in components that render exclusively on the client. See https://reactjs.org/link/uselayouteffect-ssr for common fixes.
    at LinkWithRef (/Users/tunbee27/Documents/Tako-san-ui-rebuild/node_modules/.pnpm/react-router-dom@6.30.6_react-dom@18.3.1_react@18.3.1__react@18.3.1/node_modules/react-router-dom/dist/umd/react-router-dom.development.js:807:9)
    at div
    at header
    at KitchenHeader (/Users/tunbee27/Documents/Tako-san-ui-rebuild/src/web/components/common/KitchenHeader.tsx:9:3)
    at div
    at AccountPage (/Users/tunbee27/Documents/Tako-san-ui-rebuild/src/web/components/common/AccountPage.tsx:5:3)
    at NotificationsPage (/Users/tunbee27/Documents/Tako-san-ui-rebuild/src/web/pages/NotificationsPage.tsx:26:64)
    at Router (/Users/tunbee27/Documents/Tako-san-ui-rebuild/node_modules/.pnpm/react-router@6.30.6_react@18.3.1/node_modules/react-router/dist/umd/react-router.development.js:1203:17)
    at MemoryRouter (/Users/tunbee27/Documents/Tako-san-ui-rebuild/node_modules/.pnpm/react-router@6.30.6_react@18.3.1/node_modules/react-router/dist/umd/react-router.development.js:1097:7)
    at QueryClientProvider (file:///Users/tunbee27/Documents/Tako-san-ui-rebuild/node_modules/.pnpm/@tanstack+react-query@5.102.8_react@18.3.1/node_modules/@tanstack/react-query/build/modern/QueryClientProvider.js:12:32)
Warning: useLayoutEffect does nothing on the server, because its effect cannot be encoded into the server renderer's output format. This will lead to a mismatch between the initial, non-hydrated UI and the intended UI. To avoid this, useLayoutEffect should only be used in components that render exclusively on the client. See https://reactjs.org/link/uselayouteffect-ssr for common fixes.
    at LinkWithRef (/Users/tunbee27/Documents/Tako-san-ui-rebuild/node_modules/.pnpm/react-router-dom@6.30.6_react-dom@18.3.1_react@18.3.1__react@18.3.1/node_modules/react-router-dom/dist/umd/react-router-dom.development.js:807:9)
    at div
    at header
    at KitchenHeader (/Users/tunbee27/Documents/Tako-san-ui-rebuild/src/web/components/common/KitchenHeader.tsx:9:3)
    at div
    at AccountPage (/Users/tunbee27/Documents/Tako-san-ui-rebuild/src/web/components/common/AccountPage.tsx:5:3)
    at NotificationsPage (/Users/tunbee27/Documents/Tako-san-ui-rebuild/src/web/pages/NotificationsPage.tsx:26:64)
    at Router (/Users/tunbee27/Documents/Tako-san-ui-rebuild/node_modules/.pnpm/react-router@6.30.6_react@18.3.1/node_modules/react-router/dist/umd/react-router.development.js:1203:17)
    at MemoryRouter (/Users/tunbee27/Documents/Tako-san-ui-rebuild/node_modules/.pnpm/react-router@6.30.6_react@18.3.1/node_modules/react-router/dist/umd/react-router.development.js:1097:7)
    at QueryClientProvider (file:///Users/tunbee27/Documents/Tako-san-ui-rebuild/node_modules/.pnpm/@tanstack+react-query@5.102.8_react@18.3.1/node_modules/@tanstack/react-query/build/modern/QueryClientProvider.js:12:32)
Warning: useLayoutEffect does nothing on the server, because its effect cannot be encoded into the server renderer's output format. This will lead to a mismatch between the initial, non-hydrated UI and the intended UI. To avoid this, useLayoutEffect should only be used in components that render exclusively on the client. See https://reactjs.org/link/uselayouteffect-ssr for common fixes.
    at LinkWithRef (/Users/tunbee27/Documents/Tako-san-ui-rebuild/node_modules/.pnpm/react-router-dom@6.30.6_react-dom@18.3.1_react@18.3.1__react@18.3.1/node_modules/react-router-dom/dist/umd/react-router-dom.development.js:807:9)
    at div
    at header
    at KitchenHeader (/Users/tunbee27/Documents/Tako-san-ui-rebuild/src/web/components/common/KitchenHeader.tsx:9:3)
    at div
    at AccountPage (/Users/tunbee27/Documents/Tako-san-ui-rebuild/src/web/components/common/AccountPage.tsx:5:3)
    at NotificationsPage (/Users/tunbee27/Documents/Tako-san-ui-rebuild/src/web/pages/NotificationsPage.tsx:26:64)
    at Router (/Users/tunbee27/Documents/Tako-san-ui-rebuild/node_modules/.pnpm/react-router@6.30.6_react@18.3.1/node_modules/react-router/dist/umd/react-router.development.js:1203:17)
    at MemoryRouter (/Users/tunbee27/Documents/Tako-san-ui-rebuild/node_modules/.pnpm/react-router@6.30.6_react@18.3.1/node_modules/react-router/dist/umd/react-router.development.js:1097:7)
    at QueryClientProvider (file:///Users/tunbee27/Documents/Tako-san-ui-rebuild/node_modules/.pnpm/@tanstack+react-query@5.102.8_react@18.3.1/node_modules/@tanstack/react-query/build/modern/QueryClientProvider.js:12:32)
Warning: useLayoutEffect does nothing on the server, because its effect cannot be encoded into the server renderer's output format. This will lead to a mismatch between the initial, non-hydrated UI and the intended UI. To avoid this, useLayoutEffect should only be used in components that render exclusively on the client. See https://reactjs.org/link/uselayouteffect-ssr for common fixes.
    at LinkWithRef (/Users/tunbee27/Documents/Tako-san-ui-rebuild/node_modules/.pnpm/react-router-dom@6.30.6_react-dom@18.3.1_react@18.3.1__react@18.3.1/node_modules/react-router-dom/dist/umd/react-router-dom.development.js:807:9)
    at div
    at div
    at div
    at div
    at AccountPage (/Users/tunbee27/Documents/Tako-san-ui-rebuild/src/web/components/common/AccountPage.tsx:5:3)
    at NotificationsPage (/Users/tunbee27/Documents/Tako-san-ui-rebuild/src/web/pages/NotificationsPage.tsx:26:64)
    at Router (/Users/tunbee27/Documents/Tako-san-ui-rebuild/node_modules/.pnpm/react-router@6.30.6_react@18.3.1/node_modules/react-router/dist/umd/react-router.development.js:1203:17)
    at MemoryRouter (/Users/tunbee27/Documents/Tako-san-ui-rebuild/node_modules/.pnpm/react-router@6.30.6_react@18.3.1/node_modules/react-router/dist/umd/react-router.development.js:1097:7)
    at QueryClientProvider (file:///Users/tunbee27/Documents/Tako-san-ui-rebuild/node_modules/.pnpm/@tanstack+react-query@5.102.8_react@18.3.1/node_modules/@tanstack/react-query/build/modern/QueryClientProvider.js:12:32)

stderr | tests/integration/frontend-ui-integration.test.tsx > Week shopping data honesty > uses the loaded plan estimate in its summary instead of a demo budget
Warning: useLayoutEffect does nothing on the server, because its effect cannot be encoded into the server renderer's output format. This will lead to a mismatch between the initial, non-hydrated UI and the intended UI. To avoid this, useLayoutEffect should only be used in components that render exclusively on the client. See https://reactjs.org/link/uselayouteffect-ssr for common fixes.
    at MemoryRouter (/Users/tunbee27/Documents/Tako-san-ui-rebuild/node_modules/.pnpm/react-router@6.30.6_react@18.3.1/node_modules/react-router/dist/umd/react-router.development.js:1097:7)
    at QueryClientProvider (file:///Users/tunbee27/Documents/Tako-san-ui-rebuild/node_modules/.pnpm/@tanstack+react-query@5.102.8_react@18.3.1/node_modules/@tanstack/react-query/build/modern/QueryClientProvider.js:12:32)
Warning: useLayoutEffect does nothing on the server, because its effect cannot be encoded into the server renderer's output format. This will lead to a mismatch between the initial, non-hydrated UI and the intended UI. To avoid this, useLayoutEffect should only be used in components that render exclusively on the client. See https://reactjs.org/link/uselayouteffect-ssr for common fixes.
    at LinkWithRef (/Users/tunbee27/Documents/Tako-san-ui-rebuild/node_modules/.pnpm/react-router-dom@6.30.6_react-dom@18.3.1_react@18.3.1__react@18.3.1/node_modules/react-router-dom/dist/umd/react-router-dom.development.js:807:9)
    at div
    at header
    at KitchenHeader (/Users/tunbee27/Documents/Tako-san-ui-rebuild/src/web/components/common/KitchenHeader.tsx:9:3)
    at div
    at WeekWorkspace (/Users/tunbee27/Documents/Tako-san-ui-rebuild/src/web/features/week/WeekWorkspace.tsx:7:26)
    at WeekShoppingPage (/Users/tunbee27/Documents/Tako-san-ui-rebuild/src/web/pages/WeekShoppingPage.tsx:17:112)
    at Router (/Users/tunbee27/Documents/Tako-san-ui-rebuild/node_modules/.pnpm/react-router@6.30.6_react@18.3.1/node_modules/react-router/dist/umd/react-router.development.js:1203:17)
    at MemoryRouter (/Users/tunbee27/Documents/Tako-san-ui-rebuild/node_modules/.pnpm/react-router@6.30.6_react@18.3.1/node_modules/react-router/dist/umd/react-router.development.js:1097:7)
    at QueryClientProvider (file:///Users/tunbee27/Documents/Tako-san-ui-rebuild/node_modules/.pnpm/@tanstack+react-query@5.102.8_react@18.3.1/node_modules/@tanstack/react-query/build/modern/QueryClientProvider.js:12:32)
Warning: useLayoutEffect does nothing on the server, because its effect cannot be encoded into the server renderer's output format. This will lead to a mismatch between the initial, non-hydrated UI and the intended UI. To avoid this, useLayoutEffect should only be used in components that render exclusively on the client. See https://reactjs.org/link/uselayouteffect-ssr for common fixes.
    at LinkWithRef (/Users/tunbee27/Documents/Tako-san-ui-rebuild/node_modules/.pnpm/react-router-dom@6.30.6_react-dom@18.3.1_react@18.3.1__react@18.3.1/node_modules/react-router-dom/dist/umd/react-router-dom.development.js:807:9)
    at div
    at header
    at KitchenHeader (/Users/tunbee27/Documents/Tako-san-ui-rebuild/src/web/components/common/KitchenHeader.tsx:9:3)
    at div
    at WeekWorkspace (/Users/tunbee27/Documents/Tako-san-ui-rebuild/src/web/features/week/WeekWorkspace.tsx:7:26)
    at WeekShoppingPage (/Users/tunbee27/Documents/Tako-san-ui-rebuild/src/web/pages/WeekShoppingPage.tsx:17:112)
    at Router (/Users/tunbee27/Documents/Tako-san-ui-rebuild/node_modules/.pnpm/react-router@6.30.6_react@18.3.1/node_modules/react-router/dist/umd/react-router.development.js:1203:17)
    at MemoryRouter (/Users/tunbee27/Documents/Tako-san-ui-rebuild/node_modules/.pnpm/react-router@6.30.6_react@18.3.1/node_modules/react-router/dist/umd/react-router.development.js:1097:7)
    at QueryClientProvider (file:///Users/tunbee27/Documents/Tako-san-ui-rebuild/node_modules/.pnpm/@tanstack+react-query@5.102.8_react@18.3.1/node_modules/@tanstack/react-query/build/modern/QueryClientProvider.js:12:32)
Warning: useLayoutEffect does nothing on the server, because its effect cannot be encoded into the server renderer's output format. This will lead to a mismatch between the initial, non-hydrated UI and the intended UI. To avoid this, useLayoutEffect should only be used in components that render exclusively on the client. See https://reactjs.org/link/uselayouteffect-ssr for common fixes.
    at LinkWithRef (/Users/tunbee27/Documents/Tako-san-ui-rebuild/node_modules/.pnpm/react-router-dom@6.30.6_react-dom@18.3.1_react@18.3.1__react@18.3.1/node_modules/react-router-dom/dist/umd/react-router-dom.development.js:807:9)
    at div
    at header
    at KitchenHeader (/Users/tunbee27/Documents/Tako-san-ui-rebuild/src/web/components/common/KitchenHeader.tsx:9:3)
    at div
    at WeekWorkspace (/Users/tunbee27/Documents/Tako-san-ui-rebuild/src/web/features/week/WeekWorkspace.tsx:7:26)
    at WeekShoppingPage (/Users/tunbee27/Documents/Tako-san-ui-rebuild/src/web/pages/WeekShoppingPage.tsx:17:112)
    at Router (/Users/tunbee27/Documents/Tako-san-ui-rebuild/node_modules/.pnpm/react-router@6.30.6_react@18.3.1/node_modules/react-router/dist/umd/react-router.development.js:1203:17)
    at MemoryRouter (/Users/tunbee27/Documents/Tako-san-ui-rebuild/node_modules/.pnpm/react-router@6.30.6_react@18.3.1/node_modules/react-router/dist/umd/react-router.development.js:1097:7)
    at QueryClientProvider (file:///Users/tunbee27/Documents/Tako-san-ui-rebuild/node_modules/.pnpm/@tanstack+react-query@5.102.8_react@18.3.1/node_modules/@tanstack/react-query/build/modern/QueryClientProvider.js:12:32)
Warning: useLayoutEffect does nothing on the server, because its effect cannot be encoded into the server renderer's output format. This will lead to a mismatch between the initial, non-hydrated UI and the intended UI. To avoid this, useLayoutEffect should only be used in components that render exclusively on the client. See https://reactjs.org/link/uselayouteffect-ssr for common fixes.
    at LinkWithRef (/Users/tunbee27/Documents/Tako-san-ui-rebuild/node_modules/.pnpm/react-router-dom@6.30.6_react-dom@18.3.1_react@18.3.1__react@18.3.1/node_modules/react-router-dom/dist/umd/react-router-dom.development.js:807:9)
    at div
    at header
    at KitchenHeader (/Users/tunbee27/Documents/Tako-san-ui-rebuild/src/web/components/common/KitchenHeader.tsx:9:3)
    at div
    at WeekWorkspace (/Users/tunbee27/Documents/Tako-san-ui-rebuild/src/web/features/week/WeekWorkspace.tsx:7:26)
    at WeekShoppingPage (/Users/tunbee27/Documents/Tako-san-ui-rebuild/src/web/pages/WeekShoppingPage.tsx:17:112)
    at Router (/Users/tunbee27/Documents/Tako-san-ui-rebuild/node_modules/.pnpm/react-router@6.30.6_react@18.3.1/node_modules/react-router/dist/umd/react-router.development.js:1203:17)
    at MemoryRouter (/Users/tunbee27/Documents/Tako-san-ui-rebuild/node_modules/.pnpm/react-router@6.30.6_react@18.3.1/node_modules/react-router/dist/umd/react-router.development.js:1097:7)
    at QueryClientProvider (file:///Users/tunbee27/Documents/Tako-san-ui-rebuild/node_modules/.pnpm/@tanstack+react-query@5.102.8_react@18.3.1/node_modules/@tanstack/react-query/build/modern/QueryClientProvider.js:12:32)
Warning: useLayoutEffect does nothing on the server, because its effect cannot be encoded into the server renderer's output format. This will lead to a mismatch between the initial, non-hydrated UI and the intended UI. To avoid this, useLayoutEffect should only be used in components that render exclusively on the client. See https://reactjs.org/link/uselayouteffect-ssr for common fixes.
    at LinkWithRef (/Users/tunbee27/Documents/Tako-san-ui-rebuild/node_modules/.pnpm/react-router-dom@6.30.6_react-dom@18.3.1_react@18.3.1__react@18.3.1/node_modules/react-router-dom/dist/umd/react-router-dom.development.js:807:9)
    at section
    at div
    at div
    at WeekWorkspace (/Users/tunbee27/Documents/Tako-san-ui-rebuild/src/web/features/week/WeekWorkspace.tsx:7:26)
    at WeekShoppingPage (/Users/tunbee27/Documents/Tako-san-ui-rebuild/src/web/pages/WeekShoppingPage.tsx:17:112)
    at Router (/Users/tunbee27/Documents/Tako-san-ui-rebuild/node_modules/.pnpm/react-router@6.30.6_react@18.3.1/node_modules/react-router/dist/umd/react-router.development.js:1203:17)
    at MemoryRouter (/Users/tunbee27/Documents/Tako-san-ui-rebuild/node_modules/.pnpm/react-router@6.30.6_react@18.3.1/node_modules/react-router/dist/umd/react-router.development.js:1097:7)
    at QueryClientProvider (file:///Users/tunbee27/Documents/Tako-san-ui-rebuild/node_modules/.pnpm/@tanstack+react-query@5.102.8_react@18.3.1/node_modules/@tanstack/react-query/build/modern/QueryClientProvider.js:12:32)

 ✓ tests/integration/frontend-ui-integration.test.tsx (34 tests) 3521ms
   ✓ real Home data rendered through the shared QueryClient > renders honest empty states without fake meal, budget, expiry items, progress, or notification badges  1135ms
   ✓ real Home data rendered through the shared QueryClient > derives the current meal, week progress, budget, and use-soon inventory from query data  329ms
 ✓ tests/unit/week-query-sync.test.ts (80 tests) 7302ms
   ✓ Week Query-backed reads > loads the current plan through the shared Query client and mirrors its scoped ID key  1392ms
   ✓ Week Query-backed reads > keeps a null current plan as an honest empty result  341ms

⎯⎯⎯⎯⎯⎯⎯ Failed Tests 1 ⎯⎯⎯⎯⎯⎯⎯

 FAIL  tests/unit/ui10-week-presentation.test.tsx > UI10 export receipt and dialog lifecycle > native share cancellation reports cancellation without success
TypeError: Cannot read properties of null (reading 'textContent')
 ❯ tests/unit/ui10-week-presentation.test.tsx:117:246


⎯⎯⎯⎯⎯⎯⎯⎯⎯⎯⎯⎯⎯⎯⎯⎯⎯⎯⎯⎯⎯⎯⎯⎯[1/1]⎯


 Test Files  1 failed | 8 passed (9)
      Tests  1 failed | 172 passed (173)
   Start at  21:53:33
   Duration  8.03s (transform 3.90s, setup 197ms, collect 9.16s, tests 12.61s, environment 1.13s, prepare 1.13s)
