
> frigo@0.1.0 check /Users/tunbee27/Documents/Tako-san-ui-rebuild
> bash scripts/deploy-check.sh

=== Frigo Pre-Deployment Verification ===
1. Checking TypeScript Types...

> frigo@0.1.0 typecheck /Users/tunbee27/Documents/Tako-san-ui-rebuild
> tsc -p tsconfig.json --noEmit && tsc -p tsconfig.worker.json --noEmit

2. Running ESLint...

> frigo@0.1.0 lint /Users/tunbee27/Documents/Tako-san-ui-rebuild
> eslint .

3. Running Vitest Suite...

> frigo@0.1.0 test /Users/tunbee27/Documents/Tako-san-ui-rebuild
> vitest run


 RUN  v3.2.7 /Users/tunbee27/Documents/Tako-san-ui-rebuild

 ✓ tests/integration/inventory-lot-authority.test.ts (306 tests) 49051ms
   ✓ T09D exhaustive validated intent fingerprints > conflicts on 'DISCARD.unit' without rewriting any stock or evidence  302ms
   ✓ T09D exhaustive validated intent fingerprints > conflicts on 'DISCARD.reason' without rewriting any stock or evidence  406ms
   ✓ T09D exhaustive validated intent fingerprints > conflicts on 'CORRECT.changes.rawName' without rewriting any stock or evidence  309ms
   ✓ T09D exhaustive validated intent fingerprints > conflicts on 'CORRECT.changes.ingredientId' without rewriting any stock or evidence  357ms
   ✓ T09D exhaustive validated intent fingerprints > conflicts on 'CORRECT.changes.ingredientId.null' without rewriting any stock or evidence  313ms
   ✓ T09D exhaustive validated intent fingerprints > conflicts on 'CORRECT.changes.expiryAt' without rewriting any stock or evidence  309ms
   ✓ T09D exhaustive validated intent fingerprints > conflicts on 'CORRECT.changes.expiryKind' without rewriting any stock or evidence  304ms
   ✓ T09D exhaustive validated intent fingerprints > conflicts on 'CORRECT.changes.expiryAt.null' without rewriting any stock or evidence  319ms
   ✓ T09D exhaustive validated intent fingerprints > conflicts on 'CORRECT.changes.purchasePrice.amountM…' without rewriting any stock or evidence  373ms
   ✓ T09D exhaustive validated intent fingerprints > conflicts on 'CORRECT.expectedVersion' without rewriting any stock or evidence  301ms
 ✓ tests/unit/production-catalog-import-inspection.test.mjs (163 tests) 50618ms
   ✓ fixed production import incident SELECT-only inspection > observes an exact applied marker and shape-safe archive/target/live counts without certifying a release  470ms
   ✓ fixed production import incident SELECT-only inspection > rejects an extra recovery-prefix object despite the complete 58 known objects  495ms
   ✓ fixed production import incident SELECT-only inspection > does not read guard values when its known object name has a malformed table shape  359ms
   ✓ fixed production import incident SELECT-only inspection > rejects modified evidence-trigger SQL even with exact object names and types  498ms
   ✓ fixed production import incident SELECT-only inspection > does not trust an applied status row with a different source identity  495ms
   ✓ current recovery SELECT-only guarded preflight > checks eight canonical guards with documented internal table present=false  324ms
   ✓ sealed latest V2 import incident SELECT-only inspection > queries only application FKs with the real SQLite authorizer rejecting reserved names  468ms
   ✓ sealed latest V2 import incident SELECT-only inspection > still scans an unknown application table and reports its incoming uppercase catalog FK  454ms
   ✓ sealed latest V2 import incident SELECT-only inspection > blocks unknown table before any schema PRAGMA  424ms
   ✓ sealed latest V2 import incident SELECT-only inspection > blocks case-variant reserved view before any schema PRAGMA  440ms
   ✓ sealed latest V2 import incident SELECT-only inspection > blocks malformed documented table before any schema PRAGMA  504ms
   ✓ sealed latest V2 import incident SELECT-only inspection > blocks attached reserved index before any schema PRAGMA  431ms
   ✓ sealed latest V2 import incident SELECT-only inspection > observes exact applied V2 evidence and target counts despite the expected old-catalog bound mismatch  437ms
   ✓ sealed latest V2 import incident SELECT-only inspection > observes a real complete rollback with the optional canonical 59th guard object  681ms
   ✓ sealed latest V2 import incident SELECT-only inspection > does not trust an applied marker with a changed repair ID or digest  466ms
   ✓ sealed latest V2 import incident SELECT-only inspection > does not claim applied observation when live target counts drift  456ms
   ✓ sealed latest V2 import incident SELECT-only inspection > rejects a compatible-shape rollback guard with different DDL  700ms
   ✓ sealed latest V2 import incident SELECT-only inspection > rejects incomplete rollback guard rows despite an exact rolled-back marker  667ms
   ✓ sealed latest V2 import incident SELECT-only inspection > keeps final observation blocked when namespace read is not primary  478ms
   ✓ sealed latest V2 import incident SELECT-only inspection > keeps final observation blocked when schema read is not primary  505ms
   ✓ sealed latest V2 import incident SELECT-only inspection > keeps final observation blocked when aggregate read is not primary  435ms
   ✓ sealed latest V2 import incident SELECT-only inspection > keeps final observation blocked when status read is not primary  450ms
   ✓ sealed latest V2 import incident SELECT-only inspection > sanitizes auth-scope errors from a latest aggregate and blocks final observation  435ms
   ✓ sealed fixed V2 import incident 37536969564 SELECT-only inspection > observes complete applied evidence with a marker unique to this run  456ms
   ✓ sealed fixed V2 import incident 37536969564 SELECT-only inspection > observes real rollback evidence and all canonical rollback guard rows  668ms
   ✓ sealed fixed V2 import incident 37536969564 SELECT-only inspection > rejects substituted status identity even when all applied objects exist  444ms
   ✓ sealed fixed V2 import incident 37536969564 SELECT-only inspection > blocks applied count drift  468ms
   ✓ sealed fixed V2 import incident 37536969564 SELECT-only inspection > blocks incomplete rollback evidence  836ms
   ✓ sealed fixed V2 import incident 37536969564 SELECT-only inspection > uses the approved reserved inventory before scanning application FK metadata  484ms
   ✓ sealed fixed V2 import incident 37536969564 SELECT-only inspection > blocks unknown reserved table before any schema PRAGMA, as confirmed by a real authorizer  470ms
   ✓ sealed fixed V2 import incident 37536969564 SELECT-only inspection > blocks case-variant reserved view before any schema PRAGMA, as confirmed by a real authorizer  472ms
   ✓ sealed fixed V2 import incident 37536969564 SELECT-only inspection > blocks malformed reserved table before any schema PRAGMA, as confirmed by a real authorizer  529ms
   ✓ sealed fixed V2 import incident 37536969564 SELECT-only inspection > blocks reserved index before any schema PRAGMA, as confirmed by a real authorizer  486ms
   ✓ sealed fixed V2 import incident 37536969564 SELECT-only inspection > requires strict primary metadata for each namespace read  461ms
   ✓ sealed fixed V2 import incident 37536969564 SELECT-only inspection > requires strict primary metadata for each schema read  462ms
   ✓ sealed fixed V2 import incident 37536969564 SELECT-only inspection > requires strict primary metadata for each aggregate read  486ms
   ✓ sealed fixed V2 import incident 37536969564 SELECT-only inspection > requires strict primary metadata for each status read  451ms
   ✓ sealed fixed V2 import incident 37536969564 SELECT-only inspection > rejects substituted original incident plan before any query  304ms
 ✓ tests/unit/production-catalog-preflight-diagnostics.test.mjs (45 tests) 35488ms
   ✓ production catalog preflight diagnostics using the real 0038 catalog > proves both existing gates at 0038 without applying 0039 or changing database content  932ms
   ✓ production catalog preflight diagnostics using the real 0038 catalog > accepts 500 already-ready heroes while keeping the receipt aggregate-only  888ms
   ✓ production catalog preflight diagnostics using the real 0038 catalog > rejects missing operational aggregate media_total without fallback to the stale policy  908ms
   ✓ production catalog preflight diagnostics using the real 0038 catalog > rejects missing operational aggregate recipes_without_active_hero without fallback to the stale policy  883ms
   ✓ production catalog preflight diagnostics using the real 0038 catalog > rejects missing operational aggregate media_orphan_rows without fallback to the stale policy  860ms
   ✓ production catalog preflight diagnostics using the real 0038 catalog > rejects missing operational aggregate media_duplicate_ready_roles without fallback to the stale policy  881ms
   ✓ production catalog preflight diagnostics using the real 0038 catalog > rejects missing operational aggregate media_invalid_metadata without fallback to the stale policy  948ms
   ✓ production catalog preflight diagnostics using the real 0038 catalog > rejects missing operational aggregate media_invalid_ready_metadata without fallback to the stale policy  870ms
   ✓ production catalog preflight diagnostics using the real 0038 catalog > rejects a missing pending hero even though all recipes hydrate and the runtime fingerprint matches  993ms
   ✓ production catalog preflight diagnostics using the real 0038 catalog > rejects gapped recipe order despite complete hydration and an unchanged ordered runtime payload  913ms
   ✓ production catalog preflight diagnostics using the real 0038 catalog > rejects semantic step drift that leaves ingredient lineage, counts and hydration valid  945ms
   ✓ production catalog preflight diagnostics using the real 0038 catalog > rejects missing ingredient positions and never emits hydration row identifiers  876ms
   ✓ production catalog preflight diagnostics using the real 0038 catalog > rejects changed aggregate and identity snapshots before certifying the catalog  901ms
   ✓ production catalog preflight diagnostics using the real 0038 catalog > rejects changed runtime reads even if each read individually remains hydratable  897ms
   ✓ production catalog preflight diagnostics using the real 0038 catalog > blocks ledger advancement and does not evaluate either catalog gate  1009ms
   ✓ production catalog preflight diagnostics using the real 0038 catalog > blocks missing historical migration and does not evaluate either catalog gate  876ms
   ✓ production catalog preflight diagnostics using the real 0038 catalog > blocks duplicate migration and does not evaluate either catalog gate  918ms
   ✓ production catalog preflight diagnostics using the real 0038 catalog > blocks unexpected migration and does not evaluate either catalog gate  882ms
   ✓ production catalog preflight diagnostics using the real 0038 catalog > rejects an unchanged 0039 ledger because this diagnostic is scoped to the pre-migration 0038 state  839ms
   ✓ production catalog preflight diagnostics using the real 0038 catalog > retains a sanitized blocked receipt for catalog missing  900ms
   ✓ production catalog preflight diagnostics using the real 0038 catalog > retains a sanitized blocked receipt for catalog statement missing  922ms
   ✓ production catalog preflight diagnostics using the real 0038 catalog > retains a sanitized blocked receipt for catalog failed statement  899ms
   ✓ production catalog preflight diagnostics using the real 0038 catalog > retains a sanitized blocked receipt for multiple aggregate rows  904ms
   ✓ production catalog preflight diagnostics using the real 0038 catalog > retains a sanitized blocked receipt for runtime missing  880ms
   ✓ production catalog preflight diagnostics using the real 0038 catalog > retains a sanitized blocked receipt for runtime statement missing  877ms
   ✓ production catalog preflight diagnostics using the real 0038 catalog > retains a sanitized blocked receipt for runtime failed statement  907ms
   ✓ production catalog preflight diagnostics using the real 0038 catalog > rejects a malformed known aggregate value 0 without coercing it  1054ms
   ✓ production catalog preflight diagnostics using the real 0038 catalog > rejects a malformed known aggregate value 9007199254740992 without coercing it  956ms
   ✓ production catalog preflight diagnostics using the real 0038 catalog > rejects a malformed known aggregate value NaN without coercing it  990ms
   ✓ production catalog preflight diagnostics using the real 0038 catalog > rejects a malformed known aggregate value Infinity without coercing it  1046ms
   ✓ production catalog preflight diagnostics using the real 0038 catalog > retains null order extrema while rejecting an empty runtime order range  902ms
   ✓ production catalog preflight diagnostics using the real 0038 catalog > retains negative order bounds as evidence while rejecting the invalid recipe order range  915ms
   ✓ production catalog preflight diagnostics using the real 0038 catalog > rejects negative count fields instead of exposing an impossible aggregate  884ms
   ✓ production catalog preflight diagnostics using the real 0038 catalog > rejects unreviewed migration tip before issuing a receipt  816ms
   ✓ production catalog preflight diagnostics using the real 0038 catalog > rejects migration content hash drift before issuing a receipt  847ms
   ✓ production catalog preflight diagnostics using the real 0038 catalog > drops unknown row, provider and manifest fields from a successful diagnostic receipt  913ms
   ✓ production catalog preflight diagnostics using the real 0038 catalog > ignores provider timing metadata when comparing otherwise identical read snapshots  896ms
   ✓ production catalog preflight diagnostics using the real 0038 catalog > keeps provider or pipeline exception messages out of blocked receipts  878ms
 ✓ tests/unit/t21rc2-production-approval.test.mjs (148 tests) 38856ms
   ✓ T21R-C2 reviewed execution closure (real Git objects) > allows the protected merge and later unrelated docs commit with its own exact-main CI  473ms
   ✓ T21R-C2 reviewed execution closure (real Git objects) > rejects unreviewed changes to .github/workflows/production-d1-t21rc-row-reconciliation.yml despite ancestry and green exact-main CI  397ms
   ✓ T21R-C2 reviewed execution closure (real Git objects) > rejects unreviewed changes to scripts/t21rc2-production-approval.mjs despite ancestry and green exact-main CI  390ms
   ✓ T21R-C2 reviewed execution closure (real Git objects) > rejects unreviewed changes to scripts/t21rc2-production-capture.mjs despite ancestry and green exact-main CI  389ms
   ✓ T21R-C2 reviewed execution closure (real Git objects) > rejects unreviewed changes to scripts/t21rc2-production-files.mjs despite ancestry and green exact-main CI  396ms
   ✓ T21R-C2 reviewed execution closure (real Git objects) > rejects unreviewed changes to scripts/t21rc2-production-receipt.mjs despite ancestry and green exact-main CI  376ms
   ✓ T21R-C2 reviewed execution closure (real Git objects) > rejects unreviewed changes to scripts/t21rc-row-reconciliation.mjs despite ancestry and green exact-main CI  402ms
   ✓ T21R-C2 reviewed execution closure (real Git objects) > rejects unreviewed changes to scripts/t21r-v1-authority.mjs despite ancestry and green exact-main CI  384ms
   ✓ T21R-C2 reviewed execution closure (real Git objects) > rejects unreviewed changes to scripts/release-check.mjs despite ancestry and green exact-main CI  382ms
   ✓ T21R-C2 reviewed execution closure (real Git objects) > rejects unreviewed changes to scripts/d1-migration-check.mjs despite ancestry and green exact-main CI  398ms
   ✓ T21R-C2 reviewed execution closure (real Git objects) > rejects unreviewed changes to docs/ai/recipe-catalog/T21RC_ROW_RECONCILIATION_SCHEMA.json despite ancestry and green exact-main CI  389ms
   ✓ T21R-C2 reviewed execution closure (real Git objects) > rejects unreviewed changes to docs/ai/recipe-catalog/T21RA_RUNTIME_CANONICAL_TARGET.json despite ancestry and green exact-main CI  387ms
   ✓ T21R-C2 reviewed execution closure (real Git objects) > rejects unreviewed changes to wrangler.jsonc despite ancestry and green exact-main CI  401ms
   ✓ T21R-C2 reviewed execution closure (real Git objects) > rejects unreviewed changes to package.json despite ancestry and green exact-main CI  393ms
   ✓ T21R-C2 reviewed execution closure (real Git objects) > rejects unreviewed changes to pnpm-lock.yaml despite ancestry and green exact-main CI  375ms
   ✓ T21R-C2 reviewed execution closure (real Git objects) > rejects unreviewed changes to .github/workflows/ci.yml despite ancestry and green exact-main CI  434ms
   ✓ T21R-C2 reviewed execution closure (real Git objects) > rejects unreviewed changes to scripts/t21rb-v1-semantic.mjs despite ancestry and green exact-main CI  425ms
   ✓ T21R-C2 reviewed execution closure (real Git objects) > rejects unreviewed changes to vite.config.ts despite ancestry and green exact-main CI  381ms
   ✓ T21R-C2 reviewed execution closure (real Git objects) > rejects unreviewed changes to tsconfig.json despite ancestry and green exact-main CI  403ms
   ✓ T21R-C2 reviewed execution closure (real Git objects) > rejects unreviewed changes to data/recipe-import/approved-batches.json despite ancestry and green exact-main CI  405ms
   ✓ T21R-C2 reviewed execution closure (real Git objects) > rejects unreviewed changes to data/recipe-import/t14f/pilot-30.jsonl despite ancestry and green exact-main CI  453ms
   ✓ T21R-C2 reviewed execution closure (real Git objects) > rejects unreviewed changes to data/recipe-import/t14f/scale-399.jsonl despite ancestry and green exact-main CI  392ms
   ✓ T21R-C2 reviewed execution closure (real Git objects) > rejects unreviewed changes to data/recipe-refresh/v2/ingredient-reconciliation.json despite ancestry and green exact-main CI  397ms
   ✓ T21R-C2 reviewed execution closure (real Git objects) > rejects unreviewed changes to packages/recipes/src/import/catalog-release.current.json despite ancestry and green exact-main CI  395ms
   ✓ T21R-C2 reviewed execution closure (real Git objects) > rejects unreviewed changes to migrations despite ancestry and green exact-main CI  422ms
   ✓ T21R-C2 reviewed execution closure (real Git objects) > rejects unreviewed changes to packages/domain/src/availability.ts despite ancestry and green exact-main CI  400ms
   ✓ T21R-C2 reviewed execution closure (real Git objects) > rejects unreviewed changes to packages/domain/src/foundation.ts despite ancestry and green exact-main CI  406ms
   ✓ T21R-C2 reviewed execution closure (real Git objects) > rejects unreviewed changes to packages/domain/src/index.ts despite ancestry and green exact-main CI  406ms
   ✓ T21R-C2 reviewed execution closure (real Git objects) > rejects unreviewed changes to packages/domain/src/inventory-read-authority.ts despite ancestry and green exact-main CI  393ms
   ✓ T21R-C2 reviewed execution closure (real Git objects) > rejects unreviewed changes to packages/domain/src/inventory-truth.ts despite ancestry and green exact-main CI  423ms
   ✓ T21R-C2 reviewed execution closure (real Git objects) > rejects unreviewed changes to packages/domain/src/meal-planning-api.ts despite ancestry and green exact-main CI  367ms
   ✓ T21R-C2 reviewed execution closure (real Git objects) > rejects unreviewed changes to packages/domain/src/meal-shopping-api.ts despite ancestry and green exact-main CI  393ms
   ✓ T21R-C2 reviewed execution closure (real Git objects) > rejects unreviewed changes to packages/domain/src/quantity.ts despite ancestry and green exact-main CI  420ms
   ✓ T21R-C2 reviewed execution closure (real Git objects) > rejects unreviewed changes to packages/domain/src/units.ts despite ancestry and green exact-main CI  519ms
   ✓ T21R-C2 reviewed execution closure (real Git objects) > rejects unreviewed changes to packages/domain/src/week/index.ts despite ancestry and green exact-main CI  427ms
   ✓ T21R-C2 reviewed execution closure (real Git objects) > rejects unreviewed changes to packages/domain/src/week/leftover.ts despite ancestry and green exact-main CI  400ms
   ✓ T21R-C2 reviewed execution closure (real Git objects) > rejects unreviewed changes to packages/domain/src/week/packages.ts despite ancestry and green exact-main CI  417ms
   ✓ T21R-C2 reviewed execution closure (real Git objects) > rejects unreviewed changes to packages/domain/src/week/planner.ts despite ancestry and green exact-main CI  383ms
   ✓ T21R-C2 reviewed execution closure (real Git objects) > rejects unreviewed changes to packages/domain/src/week/portion.ts despite ancestry and green exact-main CI  432ms
   ✓ T21R-C2 reviewed execution closure (real Git objects) > rejects unreviewed changes to packages/domain/src/week/pricing.ts despite ancestry and green exact-main CI  443ms
   ✓ T21R-C2 reviewed execution closure (real Git objects) > rejects unreviewed changes to packages/domain/src/week/score.ts despite ancestry and green exact-main CI  436ms
   ✓ T21R-C2 reviewed execution closure (real Git objects) > rejects unreviewed changes to packages/domain/src/week/shopping.ts despite ancestry and green exact-main CI  397ms
   ✓ T21R-C2 reviewed execution closure (real Git objects) > rejects unreviewed changes to packages/domain/src/week/types.ts despite ancestry and green exact-main CI  401ms
   ✓ T21R-C2 reviewed execution closure (real Git objects) > rejects unreviewed changes to packages/domain/src/week/utilization.ts despite ancestry and green exact-main CI  384ms
   ✓ T21R-C2 reviewed execution closure (real Git objects) > rejects unreviewed changes to packages/recipes/src/catalog-fingerprint.ts despite ancestry and green exact-main CI  404ms
   ✓ T21R-C2 reviewed execution closure (real Git objects) > rejects unreviewed changes to packages/recipes/src/data.ts despite ancestry and green exact-main CI  406ms
   ✓ T21R-C2 reviewed execution closure (real Git objects) > rejects unreviewed changes to packages/recipes/src/import/compiler.ts despite ancestry and green exact-main CI  407ms
   ✓ T21R-C2 reviewed execution closure (real Git objects) > rejects unreviewed changes to packages/recipes/src/import/duplicates.ts despite ancestry and green exact-main CI  416ms
   ✓ T21R-C2 reviewed execution closure (real Git objects) > rejects unreviewed changes to packages/recipes/src/import/identity.ts despite ancestry and green exact-main CI  398ms
   ✓ T21R-C2 reviewed execution closure (real Git objects) > rejects unreviewed changes to packages/recipes/src/import/ingredients.ts despite ancestry and green exact-main CI  398ms
   ✓ T21R-C2 reviewed execution closure (real Git objects) > rejects unreviewed changes to packages/recipes/src/import/index.ts despite ancestry and green exact-main CI  389ms
   ✓ T21R-C2 reviewed execution closure (real Git objects) > rejects unreviewed changes to packages/recipes/src/import/normalize.ts despite ancestry and green exact-main CI  394ms
   ✓ T21R-C2 reviewed execution closure (real Git objects) > rejects unreviewed changes to packages/recipes/src/import/parse.ts despite ancestry and green exact-main CI  419ms
   ✓ T21R-C2 reviewed execution closure (real Git objects) > rejects unreviewed changes to packages/recipes/src/import/release-manifest.ts despite ancestry and green exact-main CI  422ms
   ✓ T21R-C2 reviewed execution closure (real Git objects) > rejects unreviewed changes to packages/recipes/src/import/schema.ts despite ancestry and green exact-main CI  400ms
   ✓ T21R-C2 reviewed execution closure (real Git objects) > rejects unreviewed changes to packages/recipes/src/import/sql-render.ts despite ancestry and green exact-main CI  424ms
   ✓ T21R-C2 reviewed execution closure (real Git objects) > rejects unreviewed changes to packages/recipes/src/import/types.ts despite ancestry and green exact-main CI  403ms
   ✓ T21R-C2 reviewed execution closure (real Git objects) > rejects unreviewed changes to packages/recipes/src/runtime-recipe.ts despite ancestry and green exact-main CI  430ms
   ✓ T21R-C2 reviewed execution closure (real Git objects) > rejects unreviewed changes to packages/recipes/src/seed-render.ts despite ancestry and green exact-main CI  414ms
   ✓ T21R-C2 reviewed execution closure (real Git objects) > rejects unreviewed changes to packages/recipes/src/vietnamese-bank.ts despite ancestry and green exact-main CI  525ms
   ✓ T21R-C2 reviewed execution closure (real Git objects) > rejects unreviewed changes to packages/recipes/src/vietnamese-images.ts despite ancestry and green exact-main CI  430ms
   ✓ T21R-C2 reviewed execution closure (real Git objects) > rejects unreviewed changes to .npmrc despite ancestry and green exact-main CI  421ms
   ✓ T21R-C2 reviewed execution closure (real Git objects) > rejects unreviewed changes to .pnpmfile.cjs despite ancestry and green exact-main CI  397ms
   ✓ T21R-C2 reviewed execution closure (real Git objects) > rejects unreviewed changes to pnpm-workspace.yaml despite ancestry and green exact-main CI  425ms
   ✓ T21R-C2 reviewed execution closure (real Git objects) > rejects unreviewed changes to .gitattributes despite ancestry and green exact-main CI  426ms
   ✓ T21R-C2 reviewed execution closure (real Git objects) > rejects unreviewed changes to vite.config.js despite ancestry and green exact-main CI  443ms
   ✓ T21R-C2 reviewed execution closure (real Git objects) > rejects unreviewed changes to vite.config.mjs despite ancestry and green exact-main CI  393ms
   ✓ T21R-C2 reviewed execution closure (real Git objects) > rejects unreviewed changes to vite.config.cjs despite ancestry and green exact-main CI  560ms
   ✓ T21R-C2 reviewed execution closure (real Git objects) > rejects unreviewed changes to vite.config.mts despite ancestry and green exact-main CI  391ms
   ✓ T21R-C2 reviewed execution closure (real Git objects) > rejects unreviewed changes to vite.config.cts despite ancestry and green exact-main CI  407ms
   ✓ T21R-C2 reviewed execution closure (real Git objects) > rejects unreviewed changes to .env despite ancestry and green exact-main CI  394ms
   ✓ T21R-C2 reviewed execution closure (real Git objects) > rejects unreviewed changes to .env.local despite ancestry and green exact-main CI  430ms
   ✓ T21R-C2 reviewed execution closure (real Git objects) > rejects unreviewed changes to .env.development despite ancestry and green exact-main CI  373ms
   ✓ T21R-C2 reviewed execution closure (real Git objects) > rejects unreviewed changes to .env.development.local despite ancestry and green exact-main CI  395ms
   ✓ T21R-C2 reviewed execution closure (real Git objects) > allows an absent optional config but rejects introducing an unreviewed auto-loaded config  388ms
   ✓ T21R-C2 reviewed execution closure (real Git objects) > rejects adding a later migration anywhere in the reviewed migration tree  305ms
   ✓ T21R-C2 reviewed execution closure (real Git objects) > blocks the gate before production approval and before emitting a candidate output  311ms
   ✓ T21R-C2 reviewed execution closure (real Git objects) > blocks capture reauthorization before any Cloudflare subprocess when reviewed bytes changed  458ms
   ✓ T21R-C2 reviewed execution closure (real Git objects) > rechecks byte binding again before producing final authorization for aggregate publication  475ms
   ✓ runner-local approval CLI lifecycle > writes only candidate_sha for gate and keeps authorization private to approve/recheck  554ms
   ✓ runner-local approval CLI lifecycle > blocks recheck if review history is skipped  351ms
   ✓ runner-local approval CLI lifecycle > blocks recheck when environment reviewer policy changes  334ms
   ✓ runner-local approval CLI lifecycle > detects admin-bypass availability changes through the policy digest  378ms
 ✓ tests/integration/inventory-event-authority.test.ts (205 tests) 28777ms
 ✓ tests/unit/production-catalog-recovery-runner.test.mjs (75 tests) 34464ms
   ✓ bounded production recovery orchestration > pins static and captures a bookmark before one import, then certifies real V1 hydration  830ms
   ✓ bounded production recovery orchestration > accepts the last integer below the 100 MiB bound  812ms
   ✓ bounded production recovery orchestration > rejects D1 routing becoming active after the bookmark, before import  586ms
   ✓ bounded production recovery orchestration > restores the catalog archive if independent verification fails and keeps static routing  947ms
   ✓ bounded production recovery orchestration > records an unknown outcome when import committed but the provider response was lost  701ms
   ✓ bounded production recovery orchestration > inspects the exact failed import twice between identical static pin and ledger proofs  412ms
   ✓ bounded production recovery orchestration > executes the real compiler-derived helper through the readonly runner without changing catalog rows  484ms
   ✓ bounded production recovery orchestration > loads the latest failed batch from its fixed historical source and repeats its inspection  354ms
   ✓ bounded production recovery orchestration > loads the third incident from immutable a8fa and saves two stable SELECT-only observations  355ms
   ✓ bounded production recovery orchestration > persists the first third-incident capture and stops if the repeat changes  304ms
   ✓ bounded production recovery orchestration > rejects stale main or approval at the final authorization check  425ms
   ✓ bounded production recovery orchestration > rejects a changed final Worker pin after readonly inspection  433ms
   ✓ bounded production recovery orchestration > blocks a new import before pin/bookmark when the third incident has objects  436ms
   ✓ bounded production recovery orchestration > blocks a new import before pin/bookmark when the third incident has applied marker  432ms
   ✓ bounded production recovery orchestration > blocks a new import before pin/bookmark when the third incident has rolled-back marker  462ms
   ✓ bounded production recovery orchestration > blocks a new import before pin/bookmark when the third incident has primary unavailable  437ms
   ✓ bounded production recovery orchestration > blocks a new import before pin/bookmark when the third incident has failed read  453ms
   ✓ bounded production recovery orchestration > blocks a new import before pin/bookmark when the third incident has non-primary read  428ms
   ✓ bounded production recovery orchestration > blocks a new import before pin/bookmark when the third incident has missing guard evidence  450ms
   ✓ bounded production recovery orchestration > blocks a new import before pin/bookmark when the third incident has guard mismatch  429ms
   ✓ bounded production recovery orchestration > blocks new recovery when third-incident captures drift and retains unknown terminal state  434ms
   ✓ bounded production recovery orchestration > protects populated child references with an uppercase SQLite target name  440ms
   ✓ bounded production recovery orchestration > detects an added trigger attached to an uppercase catalog table name  432ms
   ✓ bounded production recovery orchestration > rejects an unknown D1 internal object before any pin or import  345ms
   ✓ bounded production recovery orchestration > retains detection of incoming recipe references from an unknown application table  438ms
   ✓ bounded production recovery orchestration > rejects corrected preflight without strict primary metadata: false  492ms
   ✓ bounded production recovery orchestration > rejects corrected preflight without strict primary metadata: undefined  580ms
   ✓ bounded production recovery orchestration > rejects changing corrected preflights before any mutation  537ms
   ✓ bounded production recovery orchestration > rechecks the original Worker immediately before pinning  622ms
   ✓ bounded production recovery orchestration > rechecks main and normal approval after the corrected preflight  537ms
   ✓ bounded production recovery orchestration > records only numeric provider codes and bounded exit status on file import failure  532ms
   ✓ bounded production recovery orchestration > certifies a successful import despite pinned Wrangler cached progress on stdout  793ms
   ✓ bounded production recovery orchestration > certifies a successful import despite pinned Wrangler uploaded progress on stdout  819ms
   ✓ bounded production recovery orchestration > confirms guarded archive rollback with vendor progress after independent certification fails  937ms
   ✓ bounded production recovery orchestration > does not claim success or rollback on an unproved file response: malformed json  723ms
   ✓ bounded production recovery orchestration > does not claim success or rollback on an unproved file response: []  765ms
   ✓ bounded production recovery orchestration > does not claim success or rollback on an unproved file response: [{"success":false}]  774ms
   ✓ bounded production recovery orchestration > keeps a timed-out import outcome unknown without inventing an exit status  551ms
   ✓ bounded production recovery orchestration > rejects changing corrected preflight observations in read-only inspect mode  466ms
 ✓ tests/integration/inventory-fefo.test.ts (34 tests) 24480ms
   ✓ T09E multi-effect FEFO authority > enforces the 32-effect boundary before partial writes  724ms
   ✓ T09E multi-effect FEFO authority > enforces the 33-effect boundary before partial writes  391ms
   ✓ T09E multi-effect FEFO authority > permits a 1,000-lot FEFO snapshot and rejects the 1,001st lot before allocation  18495ms
   ✓ T09E multi-effect FEFO authority > returns the one committed receipt to an identical same-key FEFO contender and rejects a changed payload  312ms
   ✓ T09E multi-effect FEFO authority > does not reallocate around a newly-created earlier lot or a revoked membership at the write barrier  304ms
 ✓ tests/integration/t20-legacy-family-and-safety.test.ts (15 tests) 21458ms
   ✓ T20 Manual enforces the same T03 hard contract as Auto > reviewed dietary tag required (safety unknown): Auto adds nothing and Manual cannot persist the dish  1528ms
   ✓ T20 Manual enforces the same T03 hard contract as Auto > allergen requested (safety unknown): Auto adds nothing and Manual cannot persist the dish  1359ms
   ✓ T20 Manual enforces the same T03 hard contract as Auto > hard nutrition target without reviewed nutrition: Auto adds nothing and Manual cannot persist the dish  1371ms
   ✓ T20 Manual enforces the same T03 hard contract as Auto > rejects a substitution that becomes forbidden after an earlier component consumes direct stock  1063ms
   ✓ T20 Manual enforces the same T03 hard contract as Auto > rejects a swap that makes an existing downstream dish fall back to forbidden shrimp  1223ms
   ✓ T20 Manual enforces the same T03 hard contract as Auto > rejects an upstream-slot swap that makes a later slot use forbidden shrimp  2010ms
   ✓ T20 Manual enforces the same T03 hard contract as Auto > does not rejudge a later dish when an earlier edit changes unrelated inventory  1581ms
   ✓ T20 Manual enforces the same T03 hard contract as Auto > does not rejudge a later dish for stock quantity changes that leave its safety facts unchanged  1442ms
   ✓ T20 Manual enforces the same T03 hard contract as Auto > PATCH reorder rejects an unsafe inventory-prefix change  1252ms
   ✓ T20 Manual enforces the same T03 hard contract as Auto > PUT replace rejects an unsafe inventory-prefix change  1357ms
   ✓ T20 Manual enforces the same T03 hard contract as Auto > allows a safe reorder of existing components after a stable inventory prefix  1003ms
   ✓ T20 Manual enforces the same T03 hard contract as Auto > does not rejudge a stable prefix when only later components move  1031ms
   ✓ T20 Manual enforces the same T03 hard contract as Auto > hard max time: a dish over (or without) a known total time is rejected; the existing V1 anchor may stay  851ms
   ✓ T20 V1 family-variant meals > refuses a Manual swap that makes a later legacy-family variant substitute forbidden shrimp  2082ms
   ✓ T20 V1 family-variant meals > keeps V1 swap, refuses composition, and stays in composed-plan shopping (single projection)  2306ms
 ✓ tests/unit/recipe-catalog-recovery.test.mjs (48 tests) 20801ms
   ✓ offline certified V1 recovery compiler > seals the historical recipe to the exact failed incident and never selects it for a restore  378ms
   ✓ offline certified V1 recovery compiler > restores all 500 certified recipes from 6720 unreviewed lines and keeps a lossless immutable archive  625ms
   ✓ offline certified V1 recovery compiler > preserves the approved internal table during complete restore and rollback: documented spelling  857ms
   ✓ offline certified V1 recovery compiler > preserves the approved internal table during complete restore and rollback: ASCII whitespace and keyword case  835ms
   ✓ offline certified V1 recovery compiler > preserves the approved internal table during complete restore and rollback: long whitespace runs  921ms
   ✓ offline certified V1 recovery compiler > reproduces the original D1 authorization failure and visits every application table with the corrected restore and rollback  1567ms
   ✓ offline certified V1 recovery compiler > keeps unknown application foreign keys to recipe_ingredients visible under the same D1 authorization policy  469ms
   ✓ offline certified V1 recovery compiler > keeps unknown application foreign keys to RECIPE_INGREDIENTS visible under the same D1 authorization policy  476ms
   ✓ offline certified V1 recovery compiler > stops unknown protected objects before FK calls with the D1 authorizer enabled  469ms
   ✓ offline certified V1 recovery compiler > rejects a protected metadata row lacking DDL without evaluating any FK PRAGMA  351ms
   ✓ offline certified V1 recovery compiler > clears versioned enrichment so shared ingredient profiles and stale versions cannot authorize nutrition  352ms
   ✓ offline certified V1 recovery compiler > rolls every archive and catalog change back when a later statement fails  442ms
   ✓ offline certified V1 recovery compiler > restores the complete original archive atomically without changing shared profiles  1190ms
   ✓ offline certified V1 recovery compiler > refuses rollback after an unknown reserved object appears and keeps the applied catalog and archive intact  494ms
   ✓ offline certified V1 recovery compiler > refuses rollback after a catalog edit and preserves that edit  455ms
   ✓ offline certified V1 recovery compiler > handles a live slug permutation through temporary unique slugs and reverses it exactly  643ms
   ✓ offline certified V1 recovery compiler > refuses a repeat restore and keeps the first successful archive intact  504ms
 ✓ tests/integration/inventory-lot-commands.test.ts (146 tests) 18585ms
 ✓ tests/integration/t20-meal-composition-flows.test.ts (16 tests) 15953ms
   ✓ T20 assisted composition > "complete" proposes without mutating, retains every existing component, and applies only on explicit accept  1416ms
   ✓ T20 assisted composition > a forged or stale proposal ID is rejected and nothing changes  759ms
   ✓ T20 auto composition > keeps locked components identical, replaces only unlocked ones, is deterministic and explainable  1462ms
   ✓ T20 auto composition > respects household hard restrictions in Auto and rejects them in Manual  830ms
   ✓ T20 optimistic concurrency and idempotency > competing add/add and swap/swap: exactly one wins, the stale one is a typed conflict  1171ms
   ✓ T20 optimistic concurrency and idempotency > competing add/remove: either winner is valid and the final composition reflects only the winner  1144ms
   ✓ T20 optimistic concurrency and idempotency > competing lock/regenerate on a composed slot: the loser is a typed conflict and is not applied  1520ms
   ✓ T20 optimistic concurrency and idempotency > competing manual-save/auto-apply: the final composition is exactly the winner's  1396ms
   ✓ T20 optimistic concurrency and idempotency > a retried add (same revision) never duplicates a component  1000ms
   ✓ T20 security > cross-household plan/component access fails without leaking existence or writing  486ms
   ✓ T20 security > clients cannot inject authority, household, provenance, role source, confidence, inventory, prices, weights or lock bypass  958ms
   ✓ T20 × T19 recipe authority > d1: a D1-only recipe added to a meal resolves in Recipe API detail, cooking and shopping  1141ms
   ✓ T20 × T19 recipe authority > static: a D1-only recipe is TARGET_NOT_FOUND exactly as the Recipe API 404s it, and Auto proposes only static recipes  435ms
   ✓ T20 × T19 recipe authority > an invisible D1-only edit does not stale a static plan (historical T19 stale-plan regression)  343ms
   ✓ T20 × T19 recipe authority > an authority source change is a typed revalidation for composition edits and generation  585ms
   ✓ T20 V1 operations on composed plans > V1 swap on a composed slot is a typed 409; regenerate preserves locked components and replaces unlocked ones  1304ms
 ✓ tests/unit/recipe-import-output-policy.test.mjs (25 tests) 18310ms
   ✓ recipe-import CLI (real script, git-ignored artifact directory) > validate / compile / verify / check succeed on the fixture and never touch migrations/ or recipe source  11735ms
   ✓ recipe-import CLI (real script, git-ignored artifact directory) > a failing batch exits non-zero, writes diagnostics only (no migration.sql); traversal and symlink outputs are refused before any write  6564ms
stderr | tests/integration/t20-meal-composition-stale-read.test.ts > T20 torn-read revision classification > stale PATCH on a concurrently added slot is a revision conflict
{"level":"warn","limiter":"planner-compute","reason":"kv-unbound","message":"Rate limiter degraded to isolate-local counters; enforcement is not globally reliable."}
{"level":"warn","limiter":"meal-planning-expensive","reason":"kv-unbound","message":"Rate limiter degraded to isolate-local counters; enforcement is not globally reliable."}

stderr | tests/integration/t20-meal-composition-stale-read.test.ts > T20 torn-read revision classification > stale PATCH on a concurrently added slot is a revision conflict
{"level":"warn","limiter":"meal-composition-write","reason":"kv-unbound","message":"Rate limiter degraded to isolate-local counters; enforcement is not globally reliable."}

stderr | tests/integration/t20-meal-composition-stale-read.test.ts > T20 torn-read revision classification > stale PATCH on a concurrently added slot is a revision conflict
{"level":"warn","limiter":"meal-planning-read","reason":"kv-unbound","message":"Rate limiter degraded to isolate-local counters; enforcement is not globally reliable."}

 ✓ tests/integration/t19-recipe-authority-split.test.ts (11 tests) 13733ms
   ✓ T19 — planner universe must equal Recipe API universe under every authority mode > static: generated plan, alternatives and swap only expose recipes the Recipe API and cooking resolve  803ms
   ✓ T19 — planner universe must equal Recipe API universe under every authority mode > shadow: generated plan, alternatives and swap only expose recipes the Recipe API and cooking resolve  921ms
   ✓ T19 — planner universe must equal Recipe API universe under every authority mode > canary (outside cohort): generated plan, alternatives and swap only expose recipes the Recipe API and cooking resolve  788ms
   ✓ T19 — planner universe must equal Recipe API universe under every authority mode > canary (inside cohort): generated plan, alternatives and swap only expose recipes the Recipe API and cooking resolve  2596ms
   ✓ T19 — planner universe must equal Recipe API universe under every authority mode > d1: generated plan, alternatives and swap only expose recipes the Recipe API and cooking resolve  2489ms
   ✓ T19 — planner universe must equal Recipe API universe under every authority mode > static: the planned universe is exactly the legacy 71 and a static plan is not staled by an invisible D1-only change  817ms
   ✓ T19 — planner universe must equal Recipe API universe under every authority mode > d1 readiness failure: Recipe API and Planner fall back to static TOGETHER (no split authority)  2065ms
   ✓ T19 — planner universe must equal Recipe API universe under every authority mode > d1 catalog read failure: Recipe API and Planner both serve the static fallback without a 500  609ms
   ✓ T19 — planner universe must equal Recipe API universe under every authority mode > security: no request parameter, header or body field can choose the recipe authority  673ms
   ✓ T19 — planner universe must equal Recipe API universe under every authority mode > d1: shopping and cooking accept a D1-only recipe the planner chose  1864ms
 ✓ tests/integration/t20-meal-composition-stale-read.test.ts (9 tests) 13028ms
   ✓ T20 torn-read revision classification > stale PATCH on a concurrently added slot is a revision conflict  1894ms
   ✓ T20 torn-read revision classification > stale AUTO on a concurrently added slot is a revision conflict  1480ms
   ✓ T20 torn-read revision classification > stale PATCH after regenerate returns 409 even when the edited component was replaced  1443ms
   ✓ T20 torn-read revision classification > stale DELETE after a concurrent DELETE does not erase the winner  1330ms
   ✓ T20 torn-read revision classification > stale swap after a concurrent removal returns a revision conflict, not component missing  1455ms
   ✓ T20 torn-read revision classification > stale replace/save cannot overwrite the winning mutation  1550ms
   ✓ T20 torn-read revision classification > stale Auto apply returns a revision conflict before checking its option ID  1479ms
   ✓ T20 torn-read revision classification > a genuinely absent component at the current revision stays 404; an absent slot stays SLOT_NOT_FOUND  905ms
   ✓ T20 torn-read revision classification > a nonexistent slot wins over stale revision without weakening existing-slot revision checks  1492ms
stderr | tests/integration/auth-hardening.test.ts > cookie authentication and production CSRF > issues a production HttpOnly opaque cookie, persists only its hash, and authenticates against D1
{"level":"warn","limiter":"rl_auth","reason":"kv-unbound","message":"Rate limiter degraded to isolate-local counters; enforcement is not globally reliable."}

stderr | tests/integration/auth-hardening.test.ts > expected-owner fencing across cookie changes > rejects an A replay when /me authenticates A but another tab installs B cookie before the mutation, retaining the owned outbox
{"level":"warn","limiter":"rl_inv_w","reason":"kv-unbound","message":"Rate limiter degraded to isolate-local counters; enforcement is not globally reliable."}

stderr | tests/integration/auth-hardening.test.ts > D1-authoritative OTP verification > fails registration honestly and invalidates the challenge when no provider accepts the OTP
{"event":"otp_delivery_failed","provider":"workers-email","category":"sender_not_verified","purpose":"register","environment":"production"}

stderr | tests/integration/auth-hardening.test.ts > D1-authoritative OTP verification > recovers from initial registration delivery failure through a secured resend
{"event":"otp_delivery_failed","provider":"workers-email","category":"provider_unavailable","purpose":"register","environment":"production"}

stderr | tests/integration/auth-hardening.test.ts > D1-authoritative OTP verification > fails resend honestly and leaves the newly generated challenge unusable
{"event":"otp_delivery_failed","provider":"workers-email","category":"provider_unavailable","purpose":"register","environment":"production"}

stderr | tests/integration/auth-hardening.test.ts > D1-authoritative OTP verification > keeps resend available when the optional KV cooldown store is unavailable
{"level":"warn","limiter":"rl_auth","reason":"kv-error","message":"Rate limiter degraded to isolate-local counters; enforcement is not globally reliable."}

 ✓ tests/integration/inventory-fefo-schema.test.ts (78 tests) 10259ms
   ✓ T09E SQLite FEFO authority guards > rejects 'wrong after state' at direct receipt insertion before any mutation  344ms
   ✓ T09E SQLite FEFO authority guards > accepts a captured synthetic FEFO batch only with authoritative adoption evidence  403ms
 ✓ tests/integration/auth-hardening.test.ts (92 tests) 11182ms
   ✓ expected-owner fencing across cookie changes > rejects an A replay when /me authenticates A but another tab installs B cookie before the mutation, retaining the owned outbox  484ms
stderr | tests/integration/inventory-adoption-operator.test.ts > AC13 actual operator CLI → authenticated Hono → SQLite adoption > adopts one legacy household, preserves all stock and safely replays through the executable
{"level":"warn","limiter":"rl_inv_w","reason":"kv-unbound","message":"Rate limiter degraded to isolate-local counters; enforcement is not globally reliable."}

 ✓ tests/integration/inventory-adoption-operator.test.ts (26 tests) 7640ms
   ✓ AC13 actual operator CLI → authenticated Hono → SQLite adoption > adopts one legacy household, preserves all stock and safely replays through the executable  554ms
   ✓ AC13 actual operator CLI → authenticated Hono → SQLite adoption > activates only the explicitly requested empty household with durable receipt evidence  316ms
   ✓ AC13 actual operator CLI → authenticated Hono → SQLite adoption > fences a session-owner change between identity verification and adoption  302ms
   ✓ AC13 actual operator CLI → authenticated Hono → SQLite adoption > uses existing CSRF policy rather than bypassing the trusted origin check  308ms
   ✓ AC13 actual operator CLI → authenticated Hono → SQLite adoption > preserves tenancy rejection when membership is removed after identity verification  311ms
   ✓ AC13 actual operator CLI → authenticated Hono → SQLite adoption > reports missing terminal evidence, accepts explicit facts, and rejects changed replay intent  908ms
   ✓ AC13 actual operator CLI → authenticated Hono → SQLite adoption > recovers from a lost committed response only by explicitly rerunning the same tool intent  447ms
   ✓ AC13 actual operator CLI → authenticated Hono → SQLite adoption > rejects non-loopback HTTP and credential-bearing URLs before network access  307ms
 ✓ tests/integration/t20-performance.test.ts (1 test) 7318ms
   ✓ 500-recipe Worker generation/picker stay bounded in SQL, payload and search; generation never writes  7317ms
stderr | tests/integration/t13-receipt-vision-truth.test.ts > T13B-A receipt lot truth and authoritative correction evidence > preserves the entire manual lot, creates a receipt purchase lot, and reads total 5 through T11
{"level":"warn","limiter":"rl_inv_w","reason":"kv-unbound","message":"Rate limiter degraded to isolate-local counters; enforcement is not globally reliable."}

stderr | tests/integration/t13-receipt-vision-truth.test.ts > T13B-A receipt lot truth and authoritative correction evidence > receipt atomic failure recovery > rolls back the entire confirmation when a later stock statement fails
Adopted scan confirmation failed: Error: T13B-A injected late stock failure
    at SqliteD1.execute (/Users/tunbee27/Documents/Tako-san-ui-rebuild/tests/helpers/sqlite-d1.ts:119:33)
    at /Users/tunbee27/Documents/Tako-san-ui-rebuild/tests/helpers/sqlite-d1.ts:97:50
    at Array.map (<anonymous>)
    at SqliteD1.batch (/Users/tunbee27/Documents/Tako-san-ui-rebuild/tests/helpers/sqlite-d1.ts:97:26)
    at confirmAdoptedScan (/Users/tunbee27/Documents/Tako-san-ui-rebuild/src/worker/routes/scans.ts:194:21)
    at dispatch (file:///Users/tunbee27/Documents/Tako-san-ui-rebuild/node_modules/.pnpm/hono@4.13.7/node_modules/hono/dist/compose.js:22:17)
    at tenancyGuard (/Users/tunbee27/Documents/Tako-san-ui-rebuild/src/worker/middleware/tenancy.ts:69:3)
    at dispatch (file:///Users/tunbee27/Documents/Tako-san-ui-rebuild/node_modules/.pnpm/hono@4.13.7/node_modules/hono/dist/compose.js:22:17)
    at authMiddleware (/Users/tunbee27/Documents/Tako-san-ui-rebuild/src/worker/middleware/auth.ts:150:12)
    at dispatch (file:///Users/tunbee27/Documents/Tako-san-ui-rebuild/node_modules/.pnpm/hono@4.13.7/node_modules/hono/dist/compose.js:22:17) {
  code: 'ERR_SQLITE_ERROR',
  errcode: 1811,
  errstr: 'constraint failed'
}

stderr | tests/integration/t13-receipt-vision-truth.test.ts > T13B-A receipt lot truth and authoritative correction evidence > receipt atomic failure recovery > rolls back the entire confirmation when a later observation statement fails
Adopted scan confirmation failed: Error: T13B-A injected late observation failure
    at SqliteD1.execute (/Users/tunbee27/Documents/Tako-san-ui-rebuild/tests/helpers/sqlite-d1.ts:130:30)
    at /Users/tunbee27/Documents/Tako-san-ui-rebuild/tests/helpers/sqlite-d1.ts:97:50
    at Array.map (<anonymous>)
    at SqliteD1.batch (/Users/tunbee27/Documents/Tako-san-ui-rebuild/tests/helpers/sqlite-d1.ts:97:26)
    at confirmAdoptedScan (/Users/tunbee27/Documents/Tako-san-ui-rebuild/src/worker/routes/scans.ts:194:21)
    at dispatch (file:///Users/tunbee27/Documents/Tako-san-ui-rebuild/node_modules/.pnpm/hono@4.13.7/node_modules/hono/dist/compose.js:22:17)
    at tenancyGuard (/Users/tunbee27/Documents/Tako-san-ui-rebuild/src/worker/middleware/tenancy.ts:69:3)
    at dispatch (file:///Users/tunbee27/Documents/Tako-san-ui-rebuild/node_modules/.pnpm/hono@4.13.7/node_modules/hono/dist/compose.js:22:17)
    at authMiddleware (/Users/tunbee27/Documents/Tako-san-ui-rebuild/src/worker/middleware/auth.ts:150:12)
    at dispatch (file:///Users/tunbee27/Documents/Tako-san-ui-rebuild/node_modules/.pnpm/hono@4.13.7/node_modules/hono/dist/compose.js:22:17) {
  code: 'ERR_SQLITE_ERROR',
  errcode: 1811,
  errstr: 'constraint failed'
}

stderr | tests/integration/t13-receipt-vision-truth.test.ts > T13B-A receipt lot truth and authoritative correction evidence > receipt atomic failure recovery > rolls back the entire confirmation when a later status statement fails
Adopted scan confirmation failed: Error: T13B-A injected late status failure
    at SqliteD1.execute (/Users/tunbee27/Documents/Tako-san-ui-rebuild/tests/helpers/sqlite-d1.ts:130:30)
    at /Users/tunbee27/Documents/Tako-san-ui-rebuild/tests/helpers/sqlite-d1.ts:97:50
    at Array.map (<anonymous>)
    at SqliteD1.batch (/Users/tunbee27/Documents/Tako-san-ui-rebuild/tests/helpers/sqlite-d1.ts:97:26)
    at confirmAdoptedScan (/Users/tunbee27/Documents/Tako-san-ui-rebuild/src/worker/routes/scans.ts:194:21)
    at dispatch (file:///Users/tunbee27/Documents/Tako-san-ui-rebuild/node_modules/.pnpm/hono@4.13.7/node_modules/hono/dist/compose.js:22:17)
    at tenancyGuard (/Users/tunbee27/Documents/Tako-san-ui-rebuild/src/worker/middleware/tenancy.ts:69:3)
    at dispatch (file:///Users/tunbee27/Documents/Tako-san-ui-rebuild/node_modules/.pnpm/hono@4.13.7/node_modules/hono/dist/compose.js:22:17)
    at authMiddleware (/Users/tunbee27/Documents/Tako-san-ui-rebuild/src/worker/middleware/auth.ts:150:12)
    at dispatch (file:///Users/tunbee27/Documents/Tako-san-ui-rebuild/node_modules/.pnpm/hono@4.13.7/node_modules/hono/dist/compose.js:22:17) {
  code: 'ERR_SQLITE_ERROR',
  errcode: 1811,
  errstr: 'constraint failed'
}

stderr | tests/integration/t13-receipt-vision-truth.test.ts > T13B-A receipt lot truth and authoritative correction evidence > fridge atomic failure recovery > rolls back the entire confirmation when a later stock statement fails
Adopted scan confirmation failed: Error: T13B-A injected late stock failure
    at SqliteD1.execute (/Users/tunbee27/Documents/Tako-san-ui-rebuild/tests/helpers/sqlite-d1.ts:119:33)
    at /Users/tunbee27/Documents/Tako-san-ui-rebuild/tests/helpers/sqlite-d1.ts:97:50
    at Array.map (<anonymous>)
    at SqliteD1.batch (/Users/tunbee27/Documents/Tako-san-ui-rebuild/tests/helpers/sqlite-d1.ts:97:26)
    at confirmAdoptedScan (/Users/tunbee27/Documents/Tako-san-ui-rebuild/src/worker/routes/scans.ts:194:21)
    at dispatch (file:///Users/tunbee27/Documents/Tako-san-ui-rebuild/node_modules/.pnpm/hono@4.13.7/node_modules/hono/dist/compose.js:22:17)
    at tenancyGuard (/Users/tunbee27/Documents/Tako-san-ui-rebuild/src/worker/middleware/tenancy.ts:69:3)
    at dispatch (file:///Users/tunbee27/Documents/Tako-san-ui-rebuild/node_modules/.pnpm/hono@4.13.7/node_modules/hono/dist/compose.js:22:17)
    at authMiddleware (/Users/tunbee27/Documents/Tako-san-ui-rebuild/src/worker/middleware/auth.ts:150:12)
    at dispatch (file:///Users/tunbee27/Documents/Tako-san-ui-rebuild/node_modules/.pnpm/hono@4.13.7/node_modules/hono/dist/compose.js:22:17) {
  code: 'ERR_SQLITE_ERROR',
  errcode: 1811,
  errstr: 'constraint failed'
}

stderr | tests/integration/t13-receipt-vision-truth.test.ts > T13B-A receipt lot truth and authoritative correction evidence > fridge atomic failure recovery > rolls back the entire confirmation when a later observation statement fails
Adopted scan confirmation failed: Error: T13B-A injected late observation failure
    at SqliteD1.execute (/Users/tunbee27/Documents/Tako-san-ui-rebuild/tests/helpers/sqlite-d1.ts:130:30)
    at /Users/tunbee27/Documents/Tako-san-ui-rebuild/tests/helpers/sqlite-d1.ts:97:50
    at Array.map (<anonymous>)
    at SqliteD1.batch (/Users/tunbee27/Documents/Tako-san-ui-rebuild/tests/helpers/sqlite-d1.ts:97:26)
    at confirmAdoptedScan (/Users/tunbee27/Documents/Tako-san-ui-rebuild/src/worker/routes/scans.ts:194:21)
    at dispatch (file:///Users/tunbee27/Documents/Tako-san-ui-rebuild/node_modules/.pnpm/hono@4.13.7/node_modules/hono/dist/compose.js:22:17)
    at tenancyGuard (/Users/tunbee27/Documents/Tako-san-ui-rebuild/src/worker/middleware/tenancy.ts:69:3)
    at dispatch (file:///Users/tunbee27/Documents/Tako-san-ui-rebuild/node_modules/.pnpm/hono@4.13.7/node_modules/hono/dist/compose.js:22:17)
    at authMiddleware (/Users/tunbee27/Documents/Tako-san-ui-rebuild/src/worker/middleware/auth.ts:150:12)
    at dispatch (file:///Users/tunbee27/Documents/Tako-san-ui-rebuild/node_modules/.pnpm/hono@4.13.7/node_modules/hono/dist/compose.js:22:17) {
  code: 'ERR_SQLITE_ERROR',
  errcode: 1811,
  errstr: 'constraint failed'
}

stderr | tests/integration/t13-receipt-vision-truth.test.ts > T13B-A receipt lot truth and authoritative correction evidence > fridge atomic failure recovery > rolls back the entire confirmation when a later status statement fails
Adopted scan confirmation failed: Error: T13B-A injected late status failure
    at SqliteD1.execute (/Users/tunbee27/Documents/Tako-san-ui-rebuild/tests/helpers/sqlite-d1.ts:130:30)
    at /Users/tunbee27/Documents/Tako-san-ui-rebuild/tests/helpers/sqlite-d1.ts:97:50
    at Array.map (<anonymous>)
    at SqliteD1.batch (/Users/tunbee27/Documents/Tako-san-ui-rebuild/tests/helpers/sqlite-d1.ts:97:26)
    at confirmAdoptedScan (/Users/tunbee27/Documents/Tako-san-ui-rebuild/src/worker/routes/scans.ts:194:21)
    at dispatch (file:///Users/tunbee27/Documents/Tako-san-ui-rebuild/node_modules/.pnpm/hono@4.13.7/node_modules/hono/dist/compose.js:22:17)
    at tenancyGuard (/Users/tunbee27/Documents/Tako-san-ui-rebuild/src/worker/middleware/tenancy.ts:69:3)
    at dispatch (file:///Users/tunbee27/Documents/Tako-san-ui-rebuild/node_modules/.pnpm/hono@4.13.7/node_modules/hono/dist/compose.js:22:17)
    at authMiddleware (/Users/tunbee27/Documents/Tako-san-ui-rebuild/src/worker/middleware/auth.ts:150:12)
    at dispatch (file:///Users/tunbee27/Documents/Tako-san-ui-rebuild/node_modules/.pnpm/hono@4.13.7/node_modules/hono/dist/compose.js:22:17) {
  code: 'ERR_SQLITE_ERROR',
  errcode: 1811,
  errstr: 'constraint failed'
}

stderr | tests/integration/t13-receipt-vision-truth.test.ts > T13 Inventory UX V2 read routes and tenancy > AC8: household B cannot read household A lots, evidence or reconciliation
{"level":"warn","limiter":"rl_inv_truth","reason":"kv-unbound","message":"Rate limiter degraded to isolate-local counters; enforcement is not globally reliable."}

 ✓ tests/unit/t21rc2t-production-approval.test.mjs (42 tests) 6769ms
   ✓ T21R-C2T independent reviewed-byte closure > rejects changes to C2T-bound bytes and introduction of absent config or generator paths  2336ms
   ✓ T21R-C2T fresh reauthorization and output privacy > rechecks current main, CI and the same approval after Environment approval  349ms
   ✓ T21R-C2T fresh reauthorization and output privacy > rejects changed approval, moved main and changed exact-main CI on recheck  1273ms
 ✓ tests/integration/t13-receipt-vision-truth.test.ts (57 tests) 7503ms
stdout | tests/integration/payment-authority.test.ts > server payment authority > returns only the server price catalog to authenticated non-guests
[req] GET /api/v1/billing/plans 200 0ms 7332c516-2460-4d83-8fbc-f5b92eebb523

stdout | tests/integration/payment-authority.test.ts > server payment authority > rejects guests and unauthenticated callers for plans
[req] GET /api/v1/billing/plans 401 0ms c5b99d2c-f1c3-4137-9553-2325966e1f41

stdout | tests/integration/payment-authority.test.ts > server payment authority > rejects guests and unauthenticated callers for plans
[req] GET /api/v1/billing/plans 401 0ms 4664ce6e-3b9e-4ea9-b364-fc6830b3894c

stderr | tests/integration/payment-authority.test.ts > server payment authority > rejects malformed plan { plan: 'weekly' } without creating an intent
{"level":"warn","limiter":"rl_payment_create","reason":"kv-unbound","message":"Rate limiter degraded to isolate-local counters; enforcement is not globally reliable."}

stdout | tests/integration/payment-authority.test.ts > server payment authority > rejects malformed plan { plan: 'weekly' } without creating an intent
[req] POST /api/v1/billing/payment-intents 400 0ms 54c0b218-26e1-46ce-ba87-7ae054a44d46

stdout | tests/integration/payment-authority.test.ts > server payment authority > rejects malformed plan { plan: '' } without creating an intent
[req] POST /api/v1/billing/payment-intents 400 0ms bbaef956-28d4-422a-8067-85a2aa9ad924

stdout | tests/integration/payment-authority.test.ts > server payment authority > rejects malformed plan {} without creating an intent
[req] POST /api/v1/billing/payment-intents 400 0ms 9d8dc56d-a8ce-449a-ac47-b2de0c866599

stdout | tests/integration/payment-authority.test.ts > server payment authority > ignores legacy client amount fields while using the authoritative monthly amount
[req] POST /api/v1/billing/payment-intents 201 0ms 147b4d79-37d4-4a7b-af4d-76e438b17f86

stdout | tests/integration/payment-authority.test.ts > server payment authority > creates annual intent data and signs the exact provider request fields
[req] POST /api/v1/billing/payment-intents 201 0ms 96f9fa81-b6df-4570-be49-14dbf07ed5ea

stdout | tests/integration/payment-authority.test.ts > server payment authority > issued payment intent keeps its server-approved amount after catalog price changes: monthly
[req] POST /api/v1/billing/payment-intents 201 0ms 106626c5-5f28-4796-970c-ec616eabf116

stdout | tests/integration/payment-authority.test.ts > server payment authority > issued payment intent keeps its server-approved amount after catalog price changes: monthly
[req] GET /api/v1/billing/plans 200 0ms 74500424-1cf3-4136-9b62-0cd50b381a51

stdout | tests/integration/payment-authority.test.ts > server payment authority > issued payment intent keeps its server-approved amount after catalog price changes: monthly
[req] GET /api/v1/billing/payment-intents/pay_a79a862c-674f-460b-8bc8-c75f53f85087 200 0ms d50bd4dc-f799-4f9b-a2ba-8632823ce854

stdout | tests/integration/payment-authority.test.ts > server payment authority > issued payment intent keeps its server-approved amount after catalog price changes: monthly
[req] POST /api/v1/billing/payos/webhook 409 0ms c67f2fd6-8387-40f3-904d-be8f282bfb66

stdout | tests/integration/payment-authority.test.ts > server payment authority > issued payment intent keeps its server-approved amount after catalog price changes: monthly
[req] POST /api/v1/billing/payos/webhook 200 0ms 91f91968-7430-4192-9fb2-6ce05af7af5b

stdout | tests/integration/payment-authority.test.ts > server payment authority > issued payment intent keeps its server-approved amount after catalog price changes: monthly
[req] POST /api/v1/billing/payos/webhook 200 0ms a5da2fd5-2583-4584-96e6-404f95f1c521

stdout | tests/integration/payment-authority.test.ts > server payment authority > issued payment intent keeps its server-approved amount after catalog price changes: monthly
[req] GET /api/v1/billing/payment-intents/pay_a79a862c-674f-460b-8bc8-c75f53f85087 200 0ms 135bb8b2-7fa8-4a91-97f1-05626b9a3754

stdout | tests/integration/payment-authority.test.ts > server payment authority > issued payment intent keeps its server-approved amount after catalog price changes: monthly
[req] POST /api/v1/billing/payos/webhook 409 0ms b6a0e2f5-7c5a-41e8-8232-3c2f7cd23d5d

stdout | tests/integration/payment-authority.test.ts > server payment authority > issued payment intent keeps its server-approved amount after catalog price changes: monthly
[req] POST /api/v1/billing/payment-intents 201 0ms 8b6874be-1a37-4ce8-9638-2b071d777622

stdout | tests/integration/payment-authority.test.ts > server payment authority > issued payment intent keeps its server-approved amount after catalog price changes: monthly
[req] POST /api/v1/billing/payos/webhook 409 0ms 0ada66d5-0817-4324-868f-357055b0720e

stdout | tests/integration/payment-authority.test.ts > server payment authority > issued payment intent keeps its server-approved amount after catalog price changes: monthly
[req] POST /api/v1/billing/payos/webhook 200 0ms cbce82ed-2357-40f6-8eab-877fe08112c9

stdout | tests/integration/payment-authority.test.ts > server payment authority > issued payment intent keeps its server-approved amount after catalog price changes: monthly
[req] POST /api/v1/billing/payos/webhook 409 0ms 8a1c5284-18c3-467c-a46c-6768e101bddd

stdout | tests/integration/payment-authority.test.ts > server payment authority > issued payment intent keeps its server-approved amount after catalog price changes: annual
[req] POST /api/v1/billing/payment-intents 201 0ms 7786a4c0-c260-44fb-ba23-1ec5ce2c9a5d

stdout | tests/integration/payment-authority.test.ts > server payment authority > issued payment intent keeps its server-approved amount after catalog price changes: annual
[req] GET /api/v1/billing/plans 200 0ms 71a3e2b4-c282-4691-a93b-044aa16c454b

stdout | tests/integration/payment-authority.test.ts > server payment authority > issued payment intent keeps its server-approved amount after catalog price changes: annual
[req] GET /api/v1/billing/payment-intents/pay_57a4236b-65dc-4f71-8de7-a0346cae4027 200 0ms b5bf82cb-7a8c-4090-8393-0e7451b30e7b

stdout | tests/integration/payment-authority.test.ts > server payment authority > issued payment intent keeps its server-approved amount after catalog price changes: annual
[req] POST /api/v1/billing/payos/webhook 409 0ms 236690bf-0eba-49b7-ad7d-0f831b2ae348

stdout | tests/integration/payment-authority.test.ts > server payment authority > issued payment intent keeps its server-approved amount after catalog price changes: annual
[req] POST /api/v1/billing/payos/webhook 200 0ms 565e3aad-7666-4528-871f-b5e91e88f18a

stdout | tests/integration/payment-authority.test.ts > server payment authority > issued payment intent keeps its server-approved amount after catalog price changes: annual
[req] POST /api/v1/billing/payos/webhook 200 0ms 876409a2-ef6a-4152-9775-78b5bf25f605

stdout | tests/integration/payment-authority.test.ts > server payment authority > issued payment intent keeps its server-approved amount after catalog price changes: annual
[req] GET /api/v1/billing/payment-intents/pay_57a4236b-65dc-4f71-8de7-a0346cae4027 200 0ms 327da537-4004-4ad8-8fd2-de0994a245c6

stdout | tests/integration/payment-authority.test.ts > server payment authority > issued payment intent keeps its server-approved amount after catalog price changes: annual
[req] POST /api/v1/billing/payos/webhook 409 0ms 9224ea3a-3e6c-4a8d-9fb6-81142d6e37cf

stdout | tests/integration/payment-authority.test.ts > server payment authority > issued payment intent keeps its server-approved amount after catalog price changes: annual
[req] POST /api/v1/billing/payment-intents 201 0ms d580d601-418c-45a3-ae50-5693265d4bf4

stdout | tests/integration/payment-authority.test.ts > server payment authority > issued payment intent keeps its server-approved amount after catalog price changes: annual
[req] POST /api/v1/billing/payos/webhook 409 0ms 2dceac04-beb2-4e02-a463-8aa0829a7839

stdout | tests/integration/payment-authority.test.ts > server payment authority > issued payment intent keeps its server-approved amount after catalog price changes: annual
[req] POST /api/v1/billing/payos/webhook 200 0ms 57a6990e-33c0-4134-a7da-a1ee44b821df

stdout | tests/integration/payment-authority.test.ts > server payment authority > issued payment intent keeps its server-approved amount after catalog price changes: annual
[req] POST /api/v1/billing/payos/webhook 409 0ms 05408c02-e8bc-4067-8b12-26e542358828

stdout | tests/integration/payment-authority.test.ts > server payment authority > rejects the first payment of an expired old-price intent after a catalog change
[req] POST /api/v1/billing/payment-intents 201 0ms cc428eb9-955b-41dc-9865-773caef2f1c3

stdout | tests/integration/payment-authority.test.ts > server payment authority > rejects the first payment of an expired old-price intent after a catalog change
[req] GET /api/v1/billing/payment-intents/pay_c5acda63-4209-40bb-b1fa-f610665419ec 200 0ms 97ff9c9a-3c22-4352-8ade-d357461cebd9

stdout | tests/integration/payment-authority.test.ts > server payment authority > rejects the first payment of an expired old-price intent after a catalog change
[req] POST /api/v1/billing/payos/webhook 409 0ms 5344d36b-35ac-46a0-890a-8ce53a5e6c8e

stdout | tests/integration/payment-authority.test.ts > server payment authority > rejects a new payment of a consumed failed old-price intent after a catalog change
[req] POST /api/v1/billing/payment-intents 201 0ms 892e9c73-05c6-465b-9fca-7f66268974d7

stdout | tests/integration/payment-authority.test.ts > server payment authority > rejects a new payment of a consumed failed old-price intent after a catalog change
[req] GET /api/v1/billing/payment-intents/pay_4910858a-bb88-46e1-b48e-13eb596e79f0 200 0ms 62caf75e-851c-4128-9118-3eda70371831

stdout | tests/integration/payment-authority.test.ts > server payment authority > rejects a new payment of a consumed failed old-price intent after a catalog change
[req] POST /api/v1/billing/payos/webhook 409 0ms 8f60d505-2309-45ae-804b-be426bb78f65

stdout | tests/integration/payment-authority.test.ts > server payment authority > rejects a new payment of a consumed refunded old-price intent after a catalog change
[req] POST /api/v1/billing/payment-intents 201 0ms b68e789e-ae57-4c90-961b-2dde8a11dd03

stdout | tests/integration/payment-authority.test.ts > server payment authority > rejects a new payment of a consumed refunded old-price intent after a catalog change
[req] GET /api/v1/billing/payment-intents/pay_731ae533-69f2-4cc4-bcdd-5ac6040a20bd 200 0ms 87425e54-d879-40b2-85c5-8b765f9e4fcd

stdout | tests/integration/payment-authority.test.ts > server payment authority > rejects a new payment of a consumed refunded old-price intent after a catalog change
[req] POST /api/v1/billing/payos/webhook 409 0ms 7c5d53f5-2b3d-4660-9f8e-20610b2e175f

stdout | tests/integration/payment-authority.test.ts > server payment authority > rejects a new payment of a consumed expired old-price intent after a catalog change
[req] POST /api/v1/billing/payment-intents 201 0ms 34fa0f60-d535-4a0c-9f84-427d0fe313fa

stdout | tests/integration/payment-authority.test.ts > server payment authority > rejects a new payment of a consumed expired old-price intent after a catalog change
[req] GET /api/v1/billing/payment-intents/pay_6b44deac-734d-4e2b-b02b-a572e979c4ce 200 0ms df1d2ebd-ec18-49c8-a6b3-cf2e3a41fd7c

stdout | tests/integration/payment-authority.test.ts > server payment authority > rejects a new payment of a consumed expired old-price intent after a catalog change
[req] POST /api/v1/billing/payos/webhook 409 0ms eac4e3ca-9db0-4929-a55d-1194868db9ed

stdout | tests/integration/payment-authority.test.ts > server payment authority > rejects a new payment of a consumed paid old-price intent after a catalog change
[req] POST /api/v1/billing/payment-intents 201 0ms b9100858-4dd9-41c5-8fc2-523433b3cc0b

stdout | tests/integration/payment-authority.test.ts > server payment authority > rejects a new payment of a consumed paid old-price intent after a catalog change
[req] GET /api/v1/billing/payment-intents/pay_3875394e-7722-4ac3-bc39-0ed4eeb3c1de 200 0ms fb155314-b9d9-4155-8175-6b952b9c635f

stdout | tests/integration/payment-authority.test.ts > server payment authority > rejects a new payment of a consumed paid old-price intent after a catalog change
[req] POST /api/v1/billing/payos/webhook 409 0ms 82efe2f9-bdaf-4f0d-b548-2f361cc86bd8

stdout | tests/integration/payment-authority.test.ts > server payment authority > rejects structurally invalid persisted plan = forged on reads and callbacks
[req] POST /api/v1/billing/payment-intents 201 0ms 9d3239e7-ed41-46fe-8e62-584226e8f124

stdout | tests/integration/payment-authority.test.ts > server payment authority > rejects structurally invalid persisted plan = forged on reads and callbacks
[req] GET /api/v1/billing/payment-intents/pay_c6e1b6a7-27ff-4caf-bebc-ff7424744b49 409 0ms 08a9fa56-fd92-4b86-9805-83f1f18b6ea4

stdout | tests/integration/payment-authority.test.ts > server payment authority > rejects structurally invalid persisted plan = forged on reads and callbacks
[req] POST /api/v1/billing/payos/webhook 409 0ms 912bed3d-42b8-4532-b917-b4d8cdfcd839

stdout | tests/integration/payment-authority.test.ts > server payment authority > rejects structurally invalid persisted amount_vnd = 0 on reads and callbacks
[req] POST /api/v1/billing/payment-intents 201 0ms bee20382-974e-4d07-9c4e-5608e7f06b06

stdout | tests/integration/payment-authority.test.ts > server payment authority > rejects structurally invalid persisted amount_vnd = 0 on reads and callbacks
[req] GET /api/v1/billing/payment-intents/pay_c6862f2d-4765-422a-9de8-d9eef2800795 409 0ms 5c3bcce5-8310-430e-8968-52dde6476852

stdout | tests/integration/payment-authority.test.ts > server payment authority > rejects structurally invalid persisted amount_vnd = 0 on reads and callbacks
[req] POST /api/v1/billing/payos/webhook 409 0ms 5fc29c27-df79-4cf0-8b9d-587e9508c347

stdout | tests/integration/payment-authority.test.ts > server payment authority > rejects structurally invalid persisted amount_vnd = -1 on reads and callbacks
[req] POST /api/v1/billing/payment-intents 201 0ms 1ae953e3-8eaf-4498-9403-a99828147582

stdout | tests/integration/payment-authority.test.ts > server payment authority > rejects structurally invalid persisted amount_vnd = -1 on reads and callbacks
[req] GET /api/v1/billing/payment-intents/pay_421ee542-a987-4ddd-b7b6-64d99b38e9d9 409 0ms 047a3847-3859-47da-ae59-df2edf3caad2

stdout | tests/integration/payment-authority.test.ts > server payment authority > rejects structurally invalid persisted amount_vnd = -1 on reads and callbacks
[req] POST /api/v1/billing/payos/webhook 409 0ms 589dc3d5-62e4-477b-900e-e1a868821663

stdout | tests/integration/payment-authority.test.ts > server payment authority > rejects structurally invalid persisted amount_vnd = 49000.5 on reads and callbacks
[req] POST /api/v1/billing/payment-intents 201 0ms a58f56eb-f4c5-4ceb-a16e-bab785e652f1

stdout | tests/integration/payment-authority.test.ts > server payment authority > rejects structurally invalid persisted amount_vnd = 49000.5 on reads and callbacks
[req] GET /api/v1/billing/payment-intents/pay_63f1b08a-61b1-4248-90d6-1ceb6f0669b2 409 0ms 25b1e17c-dcc8-479d-88b1-7f5386f9cc60

stdout | tests/integration/payment-authority.test.ts > server payment authority > rejects structurally invalid persisted amount_vnd = 49000.5 on reads and callbacks
[req] POST /api/v1/billing/payos/webhook 409 0ms 009026c4-4087-4985-bf8a-0a6993a1977c

stdout | tests/integration/payment-authority.test.ts > server payment authority > rejects structurally invalid persisted amount_vnd = 1.7976931348623157e+308 on reads and callbacks
[req] POST /api/v1/billing/payment-intents 201 0ms a1b87a41-69de-4e64-a5fe-f5fa1422f29c

stdout | tests/integration/payment-authority.test.ts > server payment authority > rejects structurally invalid persisted amount_vnd = 1.7976931348623157e+308 on reads and callbacks
[req] GET /api/v1/billing/payment-intents/pay_268fccaf-202c-4bdb-accc-19916851d3a9 409 0ms 7c846384-27e7-4db9-baf1-8b9aa3f74206

stdout | tests/integration/payment-authority.test.ts > server payment authority > rejects structurally invalid persisted amount_vnd = 1.7976931348623157e+308 on reads and callbacks
[req] POST /api/v1/billing/payos/webhook 409 0ms 7ee877f4-9c66-4335-9b3a-9358ec7aaf1c

stdout | tests/integration/payment-authority.test.ts > server payment authority > rejects structurally invalid persisted amount_vnd = invalid on reads and callbacks
[req] POST /api/v1/billing/payment-intents 201 0ms aae98777-b24a-4308-83ce-7c358e5abd9b

stdout | tests/integration/payment-authority.test.ts > server payment authority > rejects structurally invalid persisted amount_vnd = invalid on reads and callbacks
[req] GET /api/v1/billing/payment-intents/pay_b24cf4a2-672c-4069-bf91-c261712764a5 409 0ms 8d75dd4e-bde5-46b9-bd04-ad0aa0fd95ef

stdout | tests/integration/payment-authority.test.ts > server payment authority > rejects structurally invalid persisted amount_vnd = invalid on reads and callbacks
[req] POST /api/v1/billing/payos/webhook 409 0ms 0e26af4d-0ab0-4289-a613-70bc82f9cf20

stdout | tests/integration/payment-authority.test.ts > server payment authority > rejects structurally invalid persisted currency = USD on reads and callbacks
[req] POST /api/v1/billing/payment-intents 201 0ms f0e626b8-0c75-4c7b-b1df-8b4662da72e7

stdout | tests/integration/payment-authority.test.ts > server payment authority > rejects structurally invalid persisted currency = USD on reads and callbacks
[req] GET /api/v1/billing/payment-intents/pay_f24df204-3440-48de-86cb-b758a6d942f5 409 0ms 8116f481-589c-4462-a714-a64ecda4bb2a

stdout | tests/integration/payment-authority.test.ts > server payment authority > rejects structurally invalid persisted currency = USD on reads and callbacks
[req] POST /api/v1/billing/payos/webhook 409 0ms 36706583-a39d-45ff-876d-dcc3a89e56b3

stdout | tests/integration/payment-authority.test.ts > server payment authority > rejects structurally invalid persisted order_code = 0 on reads and callbacks
[req] POST /api/v1/billing/payment-intents 201 0ms c36c6872-dd43-4361-aca9-4b57ae31a5be

stdout | tests/integration/payment-authority.test.ts > server payment authority > rejects structurally invalid persisted order_code = 0 on reads and callbacks
[req] GET /api/v1/billing/payment-intents/pay_5deaa2ae-c900-4ac6-9f71-c85b597d8060 409 0ms 29a3438a-ca51-4e57-8825-8efec1863ad4

stdout | tests/integration/payment-authority.test.ts > server payment authority > rejects structurally invalid persisted order_code = 0 on reads and callbacks
[req] POST /api/v1/billing/payos/webhook 409 0ms d93372e7-65b6-4a3b-b37e-75e2263bb0b4

stdout | tests/integration/payment-authority.test.ts > server payment authority > rejects structurally invalid persisted order_code = -1 on reads and callbacks
[req] POST /api/v1/billing/payment-intents 201 0ms a6934ed5-0bfc-4c52-874c-8f1f7a26b4ae

stdout | tests/integration/payment-authority.test.ts > server payment authority > rejects structurally invalid persisted order_code = -1 on reads and callbacks
[req] GET /api/v1/billing/payment-intents/pay_db71f410-3757-4abb-ba9d-9117b3961c7d 409 0ms 22fa11ca-1424-4eca-b3b9-ca29d2582e12

stdout | tests/integration/payment-authority.test.ts > server payment authority > rejects structurally invalid persisted order_code = -1 on reads and callbacks
[req] POST /api/v1/billing/payos/webhook 409 0ms 57abc5ff-1fc1-465b-9206-191b14689cae

stdout | tests/integration/payment-authority.test.ts > server payment authority > rejects structurally invalid persisted order_code = 001 on reads and callbacks
[req] POST /api/v1/billing/payment-intents 201 0ms 55353a78-ca23-4e2c-b876-3683836dd8fd

stdout | tests/integration/payment-authority.test.ts > server payment authority > rejects structurally invalid persisted order_code = 001 on reads and callbacks
[req] GET /api/v1/billing/payment-intents/pay_89c1c088-04eb-406b-bde4-af0b0dd7c461 409 0ms e9dd7ded-c85c-4b18-b5e7-2c59055e5433

stdout | tests/integration/payment-authority.test.ts > server payment authority > rejects structurally invalid persisted order_code = 001 on reads and callbacks
[req] POST /api/v1/billing/payos/webhook 409 0ms b0ee04e5-7d68-4232-b252-bd93ee0c8ac6

stdout | tests/integration/payment-authority.test.ts > server payment authority > rejects structurally invalid persisted order_code = 1.5 on reads and callbacks
[req] POST /api/v1/billing/payment-intents 201 0ms 050253a1-c1c6-4a60-aa21-3a941ceb4485

stdout | tests/integration/payment-authority.test.ts > server payment authority > rejects structurally invalid persisted order_code = 1.5 on reads and callbacks
[req] GET /api/v1/billing/payment-intents/pay_79fe4c95-e031-44c8-9b6a-03e33ee703a2 409 0ms cab35451-d3ee-437e-9f79-e1f6dd518bd6

stdout | tests/integration/payment-authority.test.ts > server payment authority > rejects structurally invalid persisted order_code = 1.5 on reads and callbacks
[req] POST /api/v1/billing/payos/webhook 409 0ms a0a5f33b-3130-489b-ba3b-131c84c34eab

stdout | tests/integration/payment-authority.test.ts > server payment authority > rejects structurally invalid persisted order_code = 1e3 on reads and callbacks
[req] POST /api/v1/billing/payment-intents 201 0ms 510696e4-0e91-4a89-bde7-2cba72cf0c35

stdout | tests/integration/payment-authority.test.ts > server payment authority > rejects structurally invalid persisted order_code = 1e3 on reads and callbacks
[req] GET /api/v1/billing/payment-intents/pay_9c98f516-71c9-4b19-88ac-9f1510bd2aae 409 0ms de794d97-2944-4004-88a3-9dd0441cdab4

stdout | tests/integration/payment-authority.test.ts > server payment authority > rejects structurally invalid persisted order_code = 1e3 on reads and callbacks
[req] POST /api/v1/billing/payos/webhook 409 0ms e879bca6-0764-474f-92ea-7295c250f314

stdout | tests/integration/payment-authority.test.ts > server payment authority > rejects structurally invalid persisted order_code = 9007199254740992 on reads and callbacks
[req] POST /api/v1/billing/payment-intents 201 0ms 39bcb6ec-c663-41b3-a864-25ef47532f99

stdout | tests/integration/payment-authority.test.ts > server payment authority > rejects structurally invalid persisted order_code = 9007199254740992 on reads and callbacks
[req] GET /api/v1/billing/payment-intents/pay_97d03d0e-262d-4845-8712-e4c91c86d49e 409 0ms f5f5444b-da6d-493a-9b03-3b270edb9959

stdout | tests/integration/payment-authority.test.ts > server payment authority > rejects structurally invalid persisted order_code = 9007199254740992 on reads and callbacks
[req] POST /api/v1/billing/payos/webhook 409 0ms fc246402-aba9-4439-9a50-4c49a6564609

stdout | tests/integration/payment-authority.test.ts > server payment authority > rejects structurally invalid persisted expires_at = invalid on reads and callbacks
[req] POST /api/v1/billing/payment-intents 201 0ms 3f714497-df9c-430d-b78f-25212a7039ae

stdout | tests/integration/payment-authority.test.ts > server payment authority > rejects structurally invalid persisted expires_at = invalid on reads and callbacks
[req] GET /api/v1/billing/payment-intents/pay_fee32b66-e1d7-44b4-afa6-81c3210670bc 409 0ms 02074b2f-b7a4-4583-92b7-db13b4b5cf22

stdout | tests/integration/payment-authority.test.ts > server payment authority > rejects structurally invalid persisted expires_at = invalid on reads and callbacks
[req] POST /api/v1/billing/payos/webhook 409 0ms a393c90c-4517-47db-8177-6ee2d9e62816

stdout | tests/integration/payment-authority.test.ts > server payment authority > rejects structurally invalid persisted expires_at =  on reads and callbacks
[req] POST /api/v1/billing/payment-intents 201 0ms 2ab94e14-0064-44ba-b4e1-e4c044785ac7

stdout | tests/integration/payment-authority.test.ts > server payment authority > rejects structurally invalid persisted expires_at =  on reads and callbacks
[req] GET /api/v1/billing/payment-intents/pay_3513deaf-6db2-4d75-9a7f-99bddafdfe62 409 0ms a1ba08ce-bf9b-4788-8a66-8796dbe08907

stdout | tests/integration/payment-authority.test.ts > server payment authority > rejects structurally invalid persisted expires_at =  on reads and callbacks
[req] POST /api/v1/billing/payos/webhook 409 0ms f76a74cc-fdc5-476f-8c8b-e2537431c8f9

stdout | tests/integration/payment-authority.test.ts > server payment authority > rejects structurally invalid persisted expires_at = 0 on reads and callbacks
[req] POST /api/v1/billing/payment-intents 201 0ms 5a59687b-71fb-4bbe-8912-78b9e2552c30

stdout | tests/integration/payment-authority.test.ts > server payment authority > rejects structurally invalid persisted expires_at = 0 on reads and callbacks
[req] GET /api/v1/billing/payment-intents/pay_67edb412-ed17-403f-ab20-d38bd4ac069e 409 0ms 0c0f3f66-7076-4e3d-a74f-3f8ccc7859d8

stdout | tests/integration/payment-authority.test.ts > server payment authority > rejects structurally invalid persisted expires_at = 0 on reads and callbacks
[req] POST /api/v1/billing/payos/webhook 409 0ms 29a1a1e8-222a-46f7-a6b4-0c6142981696

stdout | tests/integration/payment-authority.test.ts > server payment authority > rejects structurally invalid persisted expires_at = 1 on reads and callbacks
[req] POST /api/v1/billing/payment-intents 201 0ms b963cd95-e3ca-43db-8eb0-341f143f2a3f

stdout | tests/integration/payment-authority.test.ts > server payment authority > rejects structurally invalid persisted expires_at = 1 on reads and callbacks
[req] GET /api/v1/billing/payment-intents/pay_2a2b720e-667a-4d64-b710-131177384a92 409 0ms 59bfb56e-9b30-46b7-9acf-2b8c4803603a

stdout | tests/integration/payment-authority.test.ts > server payment authority > rejects structurally invalid persisted expires_at = 1 on reads and callbacks
[req] POST /api/v1/billing/payos/webhook 409 0ms ade9b451-78ff-47fb-84ed-fa7d38a08acd

stdout | tests/integration/payment-authority.test.ts > server payment authority > rejects structurally invalid persisted expires_at = 2025 on reads and callbacks
[req] POST /api/v1/billing/payment-intents 201 0ms bc1eefb2-f21a-477c-a4f6-fd3a51290809

stdout | tests/integration/payment-authority.test.ts > server payment authority > rejects structurally invalid persisted expires_at = 2025 on reads and callbacks
[req] GET /api/v1/billing/payment-intents/pay_a47c8775-62f8-44f2-b4c4-f4150a0d4e07 409 0ms ca48706d-cc40-4ef0-a0e7-6d44d956bcb0

stdout | tests/integration/payment-authority.test.ts > server payment authority > rejects structurally invalid persisted expires_at = 2025 on reads and callbacks
[req] POST /api/v1/billing/payos/webhook 409 0ms 8d7e52b0-7be9-44b9-a94f-b2a45155867e

stdout | tests/integration/payment-authority.test.ts > server payment authority > rejects structurally invalid persisted expires_at = 2025-01-01 on reads and callbacks
[req] POST /api/v1/billing/payment-intents 201 0ms f00bbaf3-ac8a-4d63-a05b-712bdeceabd0

stdout | tests/integration/payment-authority.test.ts > server payment authority > rejects structurally invalid persisted expires_at = 2025-01-01 on reads and callbacks
[req] GET /api/v1/billing/payment-intents/pay_0708ccd7-a385-40f4-8835-22609aea4347 409 0ms 73fa30ef-d9c9-4849-b95e-e44a7da6d665

stdout | tests/integration/payment-authority.test.ts > server payment authority > rejects structurally invalid persisted expires_at = 2025-01-01 on reads and callbacks
[req] POST /api/v1/billing/payos/webhook 409 0ms 058bd4d4-3ff7-4332-a6ac-9f33a527038c

stdout | tests/integration/payment-authority.test.ts > server payment authority > rejects structurally invalid persisted expires_at = 2099-02-30T00:00:00.000Z on reads and callbacks
[req] POST /api/v1/billing/payment-intents 201 0ms 5a21d13f-6892-4d5e-8f92-9a247e69a040

stdout | tests/integration/payment-authority.test.ts > server payment authority > rejects structurally invalid persisted expires_at = 2099-02-30T00:00:00.000Z on reads and callbacks
[req] GET /api/v1/billing/payment-intents/pay_cfa344f6-2a42-441b-acd4-dd97bc751ec6 409 0ms c767e049-9e40-4354-ba66-49435ebf43bb

stdout | tests/integration/payment-authority.test.ts > server payment authority > rejects structurally invalid persisted expires_at = 2099-02-30T00:00:00.000Z on reads and callbacks
[req] POST /api/v1/billing/payos/webhook 409 0ms d9ce298d-ec25-4653-9513-a1fd40c800be

stdout | tests/integration/payment-authority.test.ts > server payment authority > rejects structurally invalid persisted status = forged on reads and callbacks
[req] POST /api/v1/billing/payment-intents 201 0ms 006d0d35-80a6-40df-8665-023a2950e679

stdout | tests/integration/payment-authority.test.ts > server payment authority > rejects structurally invalid persisted status = forged on reads and callbacks
[req] GET /api/v1/billing/payment-intents/pay_2586516f-934c-4f9b-a730-10efe96b5274 409 0ms 132416c4-684a-4737-a14d-7b8c77096d53

stdout | tests/integration/payment-authority.test.ts > server payment authority > rejects structurally invalid persisted status = forged on reads and callbacks
[req] POST /api/v1/billing/payos/webhook 409 0ms 8da8a098-de92-48ca-9b5a-e6f591d22349

stdout | tests/integration/payment-authority.test.ts > server payment authority > rejects a signed amount that no longer matches the persisted intent
[req] POST /api/v1/billing/payment-intents 201 0ms 6352729d-8e20-4d2f-af07-895f467e4328

stdout | tests/integration/payment-authority.test.ts > server payment authority > rejects a signed amount that no longer matches the persisted intent
[req] POST /api/v1/billing/payos/webhook 409 0ms 97140168-cf2b-4409-b0c9-cdb7a74b4f6a

stdout | tests/integration/payment-authority.test.ts > server payment authority > enforces the safe-integer boundary on stored amounts without consulting catalog prices
[req] POST /api/v1/billing/payment-intents 201 0ms fe2b3cbb-65f3-4494-b32b-34fc80cfead4

stdout | tests/integration/payment-authority.test.ts > server payment authority > fails closed before DB/provider work when PayOS configuration is incomplete
[req] POST /api/v1/billing/payment-intents 503 0ms dbe6f380-3400-4671-9398-7a422ce8a9bb

stdout | tests/integration/payment-authority.test.ts > server payment authority > rejects a provider response whose signed amount does not match the local intent
[req] POST /api/v1/billing/payment-intents 502 0ms 93c1678a-94ed-40ec-bf8c-56b04b9c0490

stdout | tests/integration/payment-authority.test.ts > server payment authority > marks an intent failed after a provider timeout and rejects a later signed callback
[req] POST /api/v1/billing/payment-intents 502 0ms 415dc344-5543-4d42-9d87-d1271945ed90

stdout | tests/integration/payment-authority.test.ts > server payment authority > marks an intent failed after a provider timeout and rejects a later signed callback
[req] POST /api/v1/billing/payos/webhook 409 0ms a44244dc-2556-45b6-9155-a77f73f192eb

stdout | tests/integration/payment-authority.test.ts > server payment authority > accepts a signed provider description prefix and uses that exact description in QR addInfo
[req] POST /api/v1/billing/payment-intents 201 0ms 4d459ee1-2fdf-4614-a9ec-6efd7c34ca3a

stdout | tests/integration/payment-authority.test.ts > server payment authority > rejects a provider response with an invalid signature and fails the local intent
[req] POST /api/v1/billing/payment-intents 502 0ms 6a8a2083-e19e-409a-b59b-e3fa954393ee

stdout | tests/integration/payment-authority.test.ts > server payment authority > rejects provider order, currency, and expiry mismatches
[req] POST /api/v1/billing/payment-intents 502 0ms 21615b43-9ac8-48c8-a8d8-5812f000d27a

stdout | tests/integration/payment-authority.test.ts > server payment authority > rejects provider order, currency, and expiry mismatches
[req] POST /api/v1/billing/payment-intents 502 0ms 131640a2-fbac-4a25-9a2b-557e871de75e

stdout | tests/integration/payment-authority.test.ts > server payment authority > rejects provider order, currency, and expiry mismatches
[req] POST /api/v1/billing/payment-intents 502 0ms 8167c440-8844-4039-8698-d0ef8a5082e5

stdout | tests/integration/payment-authority.test.ts > owned payment intent status > returns DB status without exposing provider payment instructions
[req] POST /api/v1/billing/payment-intents 201 0ms e0d5a0b6-fb36-4c16-bf86-ae3031103110

stdout | tests/integration/payment-authority.test.ts > owned payment intent status > returns DB status without exposing provider payment instructions
[req] GET /api/v1/billing/payment-intents/pay_6175c8a4-183c-4198-aeb6-1f336e45564a 200 0ms f4348191-92cd-4931-a67b-493ce88ac4c0

stdout | tests/integration/payment-authority.test.ts > owned payment intent status > does not disclose another user’s intent
[req] POST /api/v1/billing/payment-intents 201 0ms 8ed7945c-085f-4041-83d4-9df817d7c101

stdout | tests/integration/payment-authority.test.ts > owned payment intent status > does not disclose another user’s intent
[req] GET /api/v1/billing/payment-intents/pay_0156e6e9-8107-441b-ad0e-fba1e84958e7 404 0ms 51f4e798-d3e9-4c56-b9a7-e5d654f5d0bb

stdout | tests/integration/payment-authority.test.ts > owned payment intent status > derives expired status from the server clock without mutating the pending row
[req] POST /api/v1/billing/payment-intents 201 0ms 0a20615e-54a4-411c-82bc-50f49442cdcd

stdout | tests/integration/payment-authority.test.ts > owned payment intent status > derives expired status from the server clock without mutating the pending row
[req] GET /api/v1/billing/payment-intents/pay_cf0c179f-78f3-44bf-a23b-b275d5629e90 200 0ms bdb28bf1-6225-4f54-b168-78ba5e3eacc6

stdout | tests/integration/payment-authority.test.ts > owned payment intent status > requires CSRF origin protection for cookie-authenticated intent creation
[req] POST /api/v1/billing/payment-intents 403 0ms 864c967a-a4be-4a07-b5f4-60734a31844e

stdout | tests/integration/payment-authority.test.ts > owned payment intent status > rejects a request whose expected account headers do not match the cookie session
[req] GET /api/v1/billing/plans 403 0ms 0faa4315-ee13-4a58-9f9c-964ee17dc0ab

stdout | tests/integration/payment-authority.test.ts > verified webhook reconciliation and entitlement grants > rejects bad signatures before touching the intent
[req] POST /api/v1/billing/payment-intents 201 0ms cb82b3ff-22ff-43f1-ac3c-94b282bd2f9f

stdout | tests/integration/payment-authority.test.ts > verified webhook reconciliation and entitlement grants > rejects bad signatures before touching the intent
[req] POST /api/v1/billing/payos/webhook 401 0ms ff1dd496-ed91-465d-914e-fed14df4d547

stdout | tests/integration/payment-authority.test.ts > verified webhook reconciliation and entitlement grants > uses signed data.code rather than the unsigned envelope code
[req] POST /api/v1/billing/payment-intents 201 0ms 8d3cdd93-a667-4966-a08e-4d77aa79c4b7

stdout | tests/integration/payment-authority.test.ts > verified webhook reconciliation and entitlement grants > uses signed data.code rather than the unsigned envelope code
[req] POST /api/v1/billing/payos/webhook 200 0ms 943c7638-aa2a-4448-bc95-9b43d5aab88a

stdout | tests/integration/payment-authority.test.ts > verified webhook reconciliation and entitlement grants > requires a signed reference and validates amount and currency
[req] POST /api/v1/billing/payment-intents 201 0ms 156fe672-c71d-45f7-b3b0-2149be102bb9

stdout | tests/integration/payment-authority.test.ts > verified webhook reconciliation and entitlement grants > requires a signed reference and validates amount and currency
[req] POST /api/v1/billing/payos/webhook 400 0ms 3630cab9-1235-462b-9c24-917fc42aa18a

stdout | tests/integration/payment-authority.test.ts > verified webhook reconciliation and entitlement grants > requires a signed reference and validates amount and currency
[req] POST /api/v1/billing/payment-intents 201 0ms 549df646-6a0b-4dc4-87fa-761b010dfeb5

stdout | tests/integration/payment-authority.test.ts > verified webhook reconciliation and entitlement grants > requires a signed reference and validates amount and currency
[req] POST /api/v1/billing/payos/webhook 409 0ms fcf1da45-c224-4e96-ac31-f5784ba3551a

stdout | tests/integration/payment-authority.test.ts > verified webhook reconciliation and entitlement grants > requires a signed reference and validates amount and currency
[req] POST /api/v1/billing/payment-intents 201 0ms 665abf87-6e77-43ef-b3a5-c1e1d04d4f09

stdout | tests/integration/payment-authority.test.ts > verified webhook reconciliation and entitlement grants > requires a signed reference and validates amount and currency
[req] POST /api/v1/billing/payos/webhook 409 0ms 59fc8819-a3de-4cb3-b572-df35f468cd04

stdout | tests/integration/payment-authority.test.ts > verified webhook reconciliation and entitlement grants > does not allow a failed terminal intent to become paid
[req] POST /api/v1/billing/payment-intents 201 0ms f077e621-0eed-41d2-a457-0c8350a52522

stdout | tests/integration/payment-authority.test.ts > verified webhook reconciliation and entitlement grants > does not allow a failed terminal intent to become paid
[req] POST /api/v1/billing/payos/webhook 200 0ms 05b66e35-7bd7-4a14-b7af-057c247a142a

stdout | tests/integration/payment-authority.test.ts > verified webhook reconciliation and entitlement grants > does not allow a failed terminal intent to become paid
[req] POST /api/v1/billing/payos/webhook 409 0ms bcd11479-6b52-4766-b0e9-b339b8e4e025

stdout | tests/integration/payment-authority.test.ts > verified webhook reconciliation and entitlement grants > rejects paid callbacks for invalid stored plans
[req] POST /api/v1/billing/payment-intents 201 0ms ae44d3b1-f684-425c-ae4a-a82649e5fbef

stdout | tests/integration/payment-authority.test.ts > verified webhook reconciliation and entitlement grants > rejects paid callbacks for invalid stored plans
[req] POST /api/v1/billing/payos/webhook 409 0ms b15d5df2-3ac0-4037-8e1d-0395b22ace28

stdout | tests/integration/payment-authority.test.ts > verified webhook reconciliation and entitlement grants > rejects a paid callback for terminal failed intents
[req] POST /api/v1/billing/payment-intents 201 0ms eff8063d-3e43-4c94-9afa-cdd954b82b38

stdout | tests/integration/payment-authority.test.ts > verified webhook reconciliation and entitlement grants > rejects a paid callback for terminal failed intents
[req] POST /api/v1/billing/payos/webhook 409 0ms f6fd55f8-8a9b-4c86-bb43-34982c1a3d2f

stdout | tests/integration/payment-authority.test.ts > verified webhook reconciliation and entitlement grants > rejects a paid callback for terminal refunded intents
[req] POST /api/v1/billing/payment-intents 201 0ms ed6096c9-9798-4993-b545-c6e81fc0cc30

stdout | tests/integration/payment-authority.test.ts > verified webhook reconciliation and entitlement grants > rejects a paid callback for terminal refunded intents
[req] POST /api/v1/billing/payos/webhook 409 0ms a5ba123b-ee8a-424e-9310-9a3f090631c0

stdout | tests/integration/payment-authority.test.ts > verified webhook reconciliation and entitlement grants > rejects a paid callback for terminal expired intents
[req] POST /api/v1/billing/payment-intents 201 0ms 0fdea365-7c2b-4fb3-9dca-0b4d8e45492d

stdout | tests/integration/payment-authority.test.ts > verified webhook reconciliation and entitlement grants > rejects a paid callback for terminal expired intents
[req] POST /api/v1/billing/payos/webhook 409 0ms 25545f7e-f22b-4525-8e34-b299cbf77c88

 ✓ tests/unit/production-certify-workflow.test.mjs (48 tests) 6295ms
   ✓ production certification workflow safety > rejects absent or malformed schema proof, not just reported schema issues  626ms
   ✓ production certification workflow safety > does not certify missing, contradictory or partial evidence  627ms
   ✓ production certification workflow safety > allows current generated catalog, runtime and SELECT-only schema CTE queries  557ms
stdout | tests/integration/payment-authority.test.ts > verified webhook reconciliation and entitlement grants > ACKs duplicate paid callbacks without extending the same entitlement
[req] POST /api/v1/billing/payment-intents 201 0ms 1732927c-eb31-4a3d-9f2b-90a479fb3852

stdout | tests/integration/payment-authority.test.ts > verified webhook reconciliation and entitlement grants > ACKs duplicate paid callbacks without extending the same entitlement
[req] POST /api/v1/billing/payos/webhook 200 0ms b57aa885-19a3-4903-8cb6-7d12e58c4647

stdout | tests/integration/payment-authority.test.ts > verified webhook reconciliation and entitlement grants > ACKs duplicate paid callbacks without extending the same entitlement
[req] POST /api/v1/billing/payos/webhook 200 0ms b59aa1a1-a658-40dd-9ed0-9e1d772edccc

stdout | tests/integration/payment-authority.test.ts > verified webhook reconciliation and entitlement grants > serializes concurrent callbacks for one intent and stacks distinct paid orders
[req] POST /api/v1/billing/payment-intents 201 0ms f47b0226-bd83-410a-8146-b8d1ebd5b56f

stdout | tests/integration/payment-authority.test.ts > verified webhook reconciliation and entitlement grants > serializes concurrent callbacks for one intent and stacks distinct paid orders
[req] POST /api/v1/billing/payos/webhook 200 0ms 972d69c8-cd53-4041-bdc2-2ccc6fb3a04f

stdout | tests/integration/payment-authority.test.ts > verified webhook reconciliation and entitlement grants > serializes concurrent callbacks for one intent and stacks distinct paid orders
[req] POST /api/v1/billing/payos/webhook 200 0ms 82180ce7-d011-4e1a-9b21-8ea6205e96fb

stdout | tests/integration/payment-authority.test.ts > verified webhook reconciliation and entitlement grants > serializes concurrent callbacks for one intent and stacks distinct paid orders
[req] POST /api/v1/billing/payment-intents 201 0ms c9cb8f97-fe8c-44b6-b39f-4bc268430901

stdout | tests/integration/payment-authority.test.ts > verified webhook reconciliation and entitlement grants > serializes concurrent callbacks for one intent and stacks distinct paid orders
[req] POST /api/v1/billing/payos/webhook 200 0ms 0d7db677-6c16-46f8-9c3a-5a0319e99052

stdout | tests/integration/payment-authority.test.ts > verified webhook reconciliation and entitlement grants > stacks two distinct paid orders when their signed callbacks arrive concurrently
[req] POST /api/v1/billing/payment-intents 201 0ms 70f695e0-f346-4765-86ce-d75d4d142360

stdout | tests/integration/payment-authority.test.ts > verified webhook reconciliation and entitlement grants > stacks two distinct paid orders when their signed callbacks arrive concurrently
[req] POST /api/v1/billing/payment-intents 201 0ms 8111f6ae-6b1d-419d-afac-186dad2aafe4

stdout | tests/integration/payment-authority.test.ts > verified webhook reconciliation and entitlement grants > stacks two distinct paid orders when their signed callbacks arrive concurrently
[req] POST /api/v1/billing/payos/webhook 200 0ms a6972805-9435-4312-aba4-b356122433c9

stdout | tests/integration/payment-authority.test.ts > verified webhook reconciliation and entitlement grants > stacks two distinct paid orders when their signed callbacks arrive concurrently
[req] POST /api/v1/billing/payos/webhook 200 0ms 151f9bf1-c26e-4740-b4e6-d0a554795713

stdout | tests/integration/payment-authority.test.ts > verified webhook reconciliation and entitlement grants > rolls back a second order when its provider reference is already used by another order
[req] POST /api/v1/billing/payment-intents 201 0ms 2d4abb59-1016-4dfa-8651-9411270905e2

stdout | tests/integration/payment-authority.test.ts > verified webhook reconciliation and entitlement grants > rolls back a second order when its provider reference is already used by another order
[req] POST /api/v1/billing/payment-intents 201 0ms 468e135f-978b-4304-b107-535443e75de0

stdout | tests/integration/payment-authority.test.ts > verified webhook reconciliation and entitlement grants > rolls back a second order when its provider reference is already used by another order
[req] POST /api/v1/billing/payos/webhook 200 0ms 17010cf4-d758-4230-865e-424d09bf1e4b

stdout | tests/integration/payment-authority.test.ts > verified webhook reconciliation and entitlement grants > rolls back a second order when its provider reference is already used by another order
[req] POST /api/v1/billing/payos/webhook 409 0ms b3732f9d-e236-4585-adcf-3672aec9ec5d

stdout | tests/integration/payment-authority.test.ts > verified webhook reconciliation and entitlement grants > ACKs a paid replay after the intent expiry time without mutating entitlement
[req] POST /api/v1/billing/payment-intents 201 0ms 56534642-1569-49c5-9863-fad3d18763c8

stdout | tests/integration/payment-authority.test.ts > verified webhook reconciliation and entitlement grants > ACKs a paid replay after the intent expiry time without mutating entitlement
[req] POST /api/v1/billing/payos/webhook 200 0ms 2491c6e1-7cc7-4eca-a1b9-7ac210b60797

stdout | tests/integration/payment-authority.test.ts > verified webhook reconciliation and entitlement grants > ACKs a paid replay after the intent expiry time without mutating entitlement
[req] POST /api/v1/billing/payos/webhook 200 0ms acdf8515-2040-4922-9e0e-c69932a5929c

stderr | tests/integration/t07-security.test.ts > T07 H1 planner tenancy and trust boundary > keeps every plan action creator-private across household and same-household member sessions
{"level":"warn","limiter":"planner-compute","reason":"kv-unbound","message":"Rate limiter degraded to isolate-local counters; enforcement is not globally reliable."}
{"level":"warn","limiter":"meal-planning-expensive","reason":"kv-unbound","message":"Rate limiter degraded to isolate-local counters; enforcement is not globally reliable."}

stdout | tests/integration/payment-authority.test.ts > verified webhook reconciliation and entitlement grants > rejects a first paid callback that crosses the pending intent expiry
[req] POST /api/v1/billing/payment-intents 201 0ms a174a693-3ad7-43f9-8478-6b67514bbdda

stdout | tests/integration/payment-authority.test.ts > verified webhook reconciliation and entitlement grants > rejects a first paid callback that crosses the pending intent expiry
[req] POST /api/v1/billing/payos/webhook 409 0ms 92d80d89-c182-43c5-96f2-09e90fa1c998

stdout | tests/integration/t07-security.test.ts > T07 H1 planner tenancy and trust boundary > keeps every plan action creator-private across household and same-household member sessions
{"level":"info","event":"meal_planning_result","status":"feasible","conclusion":"feasible","truncated":false,"states":3}

stderr | tests/integration/t07-security.test.ts > T07 H1 planner tenancy and trust boundary > keeps every plan action creator-private across household and same-household member sessions
{"level":"warn","limiter":"meal-planning-read","reason":"kv-unbound","message":"Rate limiter degraded to isolate-local counters; enforcement is not globally reliable."}

stderr | tests/integration/t07-security.test.ts > T07 H1 planner tenancy and trust boundary > keeps every plan action creator-private across household and same-household member sessions
{"level":"warn","limiter":"meal-planning-feedback","reason":"kv-unbound","message":"Rate limiter degraded to isolate-local counters; enforcement is not globally reliable."}

stderr | tests/integration/payment-authority.test.ts > legacy activation retirement > returns compatibility pending state but never writes a grant
{"level":"warn","limiter":"rl_auth","reason":"kv-unbound","message":"Rate limiter degraded to isolate-local counters; enforcement is not globally reliable."}

stdout | tests/integration/payment-authority.test.ts > legacy activation retirement > returns compatibility pending state but never writes a grant
[req] POST /api/v1/auth/plus/activate 200 0ms cb3f68bc-8753-4c46-973e-5cd76dd31f75

stdout | tests/integration/t07-security.test.ts > T07 H1 planner tenancy and trust boundary > denies every planner boundary after current membership is revoked
{"level":"info","event":"meal_planning_result","status":"feasible","conclusion":"feasible","truncated":false,"states":3}

stdout | tests/integration/payment-authority.test.ts > legacy activation retirement > rejects browser-supplied legacy grant codes without writing entitlement
[req] POST /api/v1/auth/plus/activate 410 0ms 8b489ed0-32c4-4e6d-8bea-5f37ca818eee

 ✓ tests/integration/payment-authority.test.ts (65 tests) 6476ms
stdout | tests/integration/t07-security.test.ts > T07 H1 planner tenancy and trust boundary > requires a cookie session, trusted mutation origin, and exact optional owner fence
{"level":"info","event":"meal_planning_result","status":"feasible","conclusion":"feasible","truncated":false,"states":3}

stdout | tests/integration/t07-security.test.ts > T07 H1 planner tenancy and trust boundary > uses only the authenticated member personal ranking state while retaining household hard policy
{"level":"info","event":"meal_planning_result","status":"feasible","conclusion":"feasible","truncated":false,"states":2}

stdout | tests/integration/t07-security.test.ts > T07 H1 planner tenancy and trust boundary > uses only the authenticated member personal ranking state while retaining household hard policy
{"level":"info","event":"meal_planning_result","status":"feasible","conclusion":"feasible","truncated":false,"states":3}

stdout | tests/integration/t07-security.test.ts > T07 H1 planner tenancy and trust boundary > preserves persisted hard restrictions when regenerate omits any client policy and rejects policy injection
{"level":"info","event":"meal_planning_result","status":"infeasible","conclusion":"proven_infeasible","truncated":false,"states":1}

stdout | tests/integration/t07-security.test.ts > T07 H1 planner tenancy and trust boundary > preserves persisted hard restrictions when regenerate omits any client policy and rejects policy injection
{"level":"info","event":"meal_planning_result","status":"infeasible","conclusion":"proven_infeasible","truncated":false,"states":1}

stdout | tests/e2e/planner-preview.test.mjs > isolated planner preview using real registered Worker sessions and T02–T05 > replays all migrations and seeds idempotently without retaining a plaintext session
[req] GET /api/v1/me 200 4ms 90c0e7e9-8894-46dd-b2f3-716c2a25e6ea

stdout | tests/e2e/planner-preview.test.mjs > isolated planner preview using real registered Worker sessions and T02–T05 > generates a real seven-meal plan, restores it, shops with unknown prices, swaps and records cooked without consuming inventory
[req] GET /api/v1/meal-planning/plans/current 200 1ms 91117e20-e348-486b-9770-67026598f4b0

stdout | tests/e2e/planner-preview.test.mjs > isolated planner preview using real registered Worker sessions and T02–T05 > generates a real seven-meal plan, restores it, shops with unknown prices, swaps and records cooked without consuming inventory
{"level":"info","event":"meal_planning_result","status":"feasible","conclusion":"feasible","truncated":true,"states":297}

stdout | tests/e2e/planner-preview.test.mjs > isolated planner preview using real registered Worker sessions and T02–T05 > generates a real seven-meal plan, restores it, shops with unknown prices, swaps and records cooked without consuming inventory
[req] POST /api/v1/meal-planning/plans 200 553ms 1e34b78b-a629-4c89-a06a-2a1414f6bdd7

stdout | tests/e2e/planner-preview.test.mjs > isolated planner preview using real registered Worker sessions and T02–T05 > generates a real seven-meal plan, restores it, shops with unknown prices, swaps and records cooked without consuming inventory
[req] GET /api/v1/meal-planning/plans/7e21df66-7489-41ce-8fa0-f758c383f622 200 20ms 99e07650-b6ec-43ee-b6e6-4fb3324184a6

stdout | tests/e2e/planner-preview.test.mjs > isolated planner preview using real registered Worker sessions and T02–T05 > generates a real seven-meal plan, restores it, shops with unknown prices, swaps and records cooked without consuming inventory
{"level":"info","event":"meal_shopping_result","catalogStatus":"reviewed_catalog_unavailable"}

stdout | tests/e2e/planner-preview.test.mjs > isolated planner preview using real registered Worker sessions and T02–T05 > generates a real seven-meal plan, restores it, shops with unknown prices, swaps and records cooked without consuming inventory
[req] POST /api/v1/meal-planning/plans/7e21df66-7489-41ce-8fa0-f758c383f622/shopping 200 14ms 0c9e6ae7-2691-4e95-a02c-cdb69acac07c

stdout | tests/e2e/planner-preview.test.mjs > isolated planner preview using real registered Worker sessions and T02–T05 > generates a real seven-meal plan, restores it, shops with unknown prices, swaps and records cooked without consuming inventory
[req] GET /api/v1/meal-planning/plans/7e21df66-7489-41ce-8fa0-f758c383f622/alternatives 200 6ms e8127240-e5fa-49d9-9264-db397447f803

stdout | tests/e2e/planner-preview.test.mjs > isolated planner preview using real registered Worker sessions and T02–T05 > generates a real seven-meal plan, restores it, shops with unknown prices, swaps and records cooked without consuming inventory
{"level":"info","event":"meal_planning_result","status":"feasible","conclusion":"feasible","truncated":true,"states":250}

stdout | tests/e2e/planner-preview.test.mjs > isolated planner preview using real registered Worker sessions and T02–T05 > generates a real seven-meal plan, restores it, shops with unknown prices, swaps and records cooked without consuming inventory
[req] POST /api/v1/meal-planning/plans/7e21df66-7489-41ce-8fa0-f758c383f622/swap 200 512ms 9f4cb13c-c9b6-4ab5-808c-fa0895004848

stdout | tests/e2e/planner-preview.test.mjs > isolated planner preview using real registered Worker sessions and T02–T05 > generates a real seven-meal plan, restores it, shops with unknown prices, swaps and records cooked without consuming inventory
[req] POST /api/v1/meal-planning/plans/7e21df66-7489-41ce-8fa0-f758c383f622/explanation 200 3ms 3cbe2779-aa35-4a6e-b36a-9bf9b1a96151

stdout | tests/e2e/planner-preview.test.mjs > isolated planner preview using real registered Worker sessions and T02–T05 > generates a real seven-meal plan, restores it, shops with unknown prices, swaps and records cooked without consuming inventory
[req] POST /api/v1/meal-planning/plans/7e21df66-7489-41ce-8fa0-f758c383f622/feedback 200 2ms 4f4f28cc-22bc-4a39-b185-251f78fd54de

stdout | tests/e2e/planner-preview.test.mjs > isolated planner preview using real registered Worker sessions and T02–T05 > generates a real seven-meal plan, restores it, shops with unknown prices, swaps and records cooked without consuming inventory
[req] POST /api/v1/meal-planning/plans/7e21df66-7489-41ce-8fa0-f758c383f622/feedback 200 2ms a9a31c6d-7ccd-492b-995b-e472e4469e9c

stdout | tests/e2e/planner-preview.test.mjs > isolated planner preview using real registered Worker sessions and T02–T05 > generates a real seven-meal plan, restores it, shops with unknown prices, swaps and records cooked without consuming inventory
[req] GET /api/v1/meal-planning/plans/current 200 8ms 25b75c1c-460c-4aa2-9e05-91055cb45683

stdout | tests/integration/t07-security.test.ts > T07 H1 hostile planner bodies > rejects regenerate missing authority or malformed body
{"level":"info","event":"meal_planning_result","status":"feasible","conclusion":"feasible","truncated":false,"states":3}

stdout | tests/integration/t07-security.test.ts > T07 H1 hostile planner bodies > rejects regenerate null revision authority or malformed body
{"level":"info","event":"meal_planning_result","status":"feasible","conclusion":"feasible","truncated":false,"states":3}

stdout | tests/integration/t07-security.test.ts > T07 H1 hostile planner bodies > rejects regenerate null intent authority or malformed body
{"level":"info","event":"meal_planning_result","status":"feasible","conclusion":"feasible","truncated":false,"states":3}

stdout | tests/e2e/planner-preview.test.mjs > isolated planner preview using real registered Worker sessions and T02–T05 > does not hide stale source state and recovers through regeneration
{"level":"info","event":"meal_planning_result","status":"feasible","conclusion":"feasible","truncated":true,"states":297}

stdout | tests/e2e/planner-preview.test.mjs > isolated planner preview using real registered Worker sessions and T02–T05 > does not hide stale source state and recovers through regeneration
[req] POST /api/v1/meal-planning/plans 200 423ms cc9803cb-938c-4a82-998d-7ab529f96ed7

stdout | tests/e2e/planner-preview.test.mjs > isolated planner preview using real registered Worker sessions and T02–T05 > does not hide stale source state and recovers through regeneration
[req] POST /api/v1/meal-planning/plans/eb809d04-be24-4ec2-9c68-fee86998688c/shopping 409 15ms 4d60ce85-1dc9-4e04-a570-1ff0847236aa

stdout | tests/integration/t07-security.test.ts > T07 H1 hostile planner bodies > rejects regenerate empty slots authority or malformed body
{"level":"info","event":"meal_planning_result","status":"feasible","conclusion":"feasible","truncated":false,"states":3}

stdout | tests/integration/t07-security.test.ts > T07 H1 hostile planner bodies > rejects regenerate nested trusted snapshot authority or malformed body
{"level":"info","event":"meal_planning_result","status":"feasible","conclusion":"feasible","truncated":false,"states":3}

stdout | tests/integration/t07-security.test.ts > T07 H1 hostile planner bodies > rejects regenerate nested ranking context authority or malformed body
{"level":"info","event":"meal_planning_result","status":"feasible","conclusion":"feasible","truncated":false,"states":3}

stdout | tests/integration/t07-security.test.ts > T07 H1 hostile planner bodies > rejects regenerate outer catalog authority or malformed body
{"level":"info","event":"meal_planning_result","status":"feasible","conclusion":"feasible","truncated":false,"states":3}

stdout | tests/e2e/planner-preview.test.mjs > isolated planner preview using real registered Worker sessions and T02–T05 > does not hide stale source state and recovers through regeneration
{"level":"info","event":"meal_planning_result","status":"feasible","conclusion":"feasible","truncated":true,"states":297}

stdout | tests/e2e/planner-preview.test.mjs > isolated planner preview using real registered Worker sessions and T02–T05 > does not hide stale source state and recovers through regeneration
[req] POST /api/v1/meal-planning/plans/eb809d04-be24-4ec2-9c68-fee86998688c/regenerate 200 451ms 73efd977-2c54-4705-bcc5-00bb373fc198

stdout | tests/e2e/planner-preview.test.mjs > isolated planner preview using real registered Worker sessions and T02–T05 > does not hide stale source state and recovers through regeneration
[req] POST /api/v1/meal-planning/plans/eb809d04-be24-4ec2-9c68-fee86998688c/shopping 409 1ms 5574e63f-2d09-49ab-830a-547b8d84314d

stdout | tests/e2e/planner-preview.test.mjs > isolated planner preview using real registered Worker sessions and T02–T05 > does not hide stale source state and recovers through regeneration
{"level":"info","event":"meal_shopping_result","catalogStatus":"reviewed_catalog_unavailable"}

stdout | tests/e2e/planner-preview.test.mjs > isolated planner preview using real registered Worker sessions and T02–T05 > does not hide stale source state and recovers through regeneration
[req] POST /api/v1/meal-planning/plans/eb809d04-be24-4ec2-9c68-fee86998688c/shopping 200 12ms 60ef6bf8-c4dc-4ce9-8fb6-f2d08142aafc

stdout | tests/integration/t07-security.test.ts > T07 H1 hostile planner bodies > rejects regenerate outer price authority or malformed body
{"level":"info","event":"meal_planning_result","status":"feasible","conclusion":"feasible","truncated":false,"states":3}

stdout | tests/integration/t07-security.test.ts > T07 H1 hostile planner bodies > rejects regenerate outer substitution approval authority or malformed body
{"level":"info","event":"meal_planning_result","status":"feasible","conclusion":"feasible","truncated":false,"states":3}

stdout | tests/integration/t07-security.test.ts > T07 H1 hostile planner bodies > rejects swap missing replacement without advancing the plan
{"level":"info","event":"meal_planning_result","status":"feasible","conclusion":"feasible","truncated":false,"states":3}

stdout | tests/integration/t07-security.test.ts > T07 H1 hostile planner bodies > rejects swap null replacement without advancing the plan
{"level":"info","event":"meal_planning_result","status":"feasible","conclusion":"feasible","truncated":false,"states":3}

stdout | tests/e2e/planner-preview.test.mjs > isolated planner preview using real registered Worker sessions and T02–T05 > persists liked feedback once without inventory or cooking side effects
{"level":"info","event":"meal_planning_result","status":"feasible","conclusion":"feasible","truncated":true,"states":297}

stdout | tests/e2e/planner-preview.test.mjs > isolated planner preview using real registered Worker sessions and T02–T05 > persists liked feedback once without inventory or cooking side effects
[req] POST /api/v1/meal-planning/plans 200 411ms 989ed611-c4bb-4d02-9e6d-4479d77d1d7b

stdout | tests/e2e/planner-preview.test.mjs > isolated planner preview using real registered Worker sessions and T02–T05 > persists liked feedback once without inventory or cooking side effects
[req] POST /api/v1/meal-planning/plans/360a5579-776e-4d5a-b194-a657a7ec6c18/feedback 200 4ms 906cdc5f-9614-40bd-a91c-e6fb04c8248c

stdout | tests/e2e/planner-preview.test.mjs > isolated planner preview using real registered Worker sessions and T02–T05 > persists liked feedback once without inventory or cooking side effects
[req] POST /api/v1/meal-planning/plans/360a5579-776e-4d5a-b194-a657a7ec6c18/feedback 200 7ms aa5c672d-0fbe-4255-b196-148d6faab366

stdout | tests/integration/t07-security.test.ts > T07 H1 hostile planner bodies > rejects swap empty replacement without advancing the plan
{"level":"info","event":"meal_planning_result","status":"feasible","conclusion":"feasible","truncated":false,"states":3}

stdout | tests/integration/t07-security.test.ts > T07 H1 hostile planner bodies > rejects swap empty recipe ID without advancing the plan
{"level":"info","event":"meal_planning_result","status":"feasible","conclusion":"feasible","truncated":false,"states":3}

stdout | tests/integration/t07-security.test.ts > T07 H1 hostile planner bodies > rejects swap fabricated recipe version without advancing the plan
{"level":"info","event":"meal_planning_result","status":"feasible","conclusion":"feasible","truncated":false,"states":3}

stdout | tests/integration/t07-security.test.ts > T07 H1 hostile planner bodies > rejects swap fabricated safety review without advancing the plan
{"level":"info","event":"meal_planning_result","status":"feasible","conclusion":"feasible","truncated":false,"states":3}

stdout | tests/e2e/planner-preview.test.mjs > isolated planner preview using real registered Worker sessions and T02–T05 > persists disliked feedback once without inventory or cooking side effects
{"level":"info","event":"meal_planning_result","status":"feasible","conclusion":"feasible","truncated":true,"states":297}

stdout | tests/e2e/planner-preview.test.mjs > isolated planner preview using real registered Worker sessions and T02–T05 > persists disliked feedback once without inventory or cooking side effects
[req] POST /api/v1/meal-planning/plans 200 399ms 4716c310-0ca9-4e79-953d-2e569275e5b2

stdout | tests/e2e/planner-preview.test.mjs > isolated planner preview using real registered Worker sessions and T02–T05 > persists disliked feedback once without inventory or cooking side effects
[req] POST /api/v1/meal-planning/plans/03690e46-bd98-4703-9a86-804b5495753c/feedback 200 2ms f451bd59-7be3-4ddd-970a-cb20e4757508

stdout | tests/e2e/planner-preview.test.mjs > isolated planner preview using real registered Worker sessions and T02–T05 > persists disliked feedback once without inventory or cooking side effects
[req] POST /api/v1/meal-planning/plans/03690e46-bd98-4703-9a86-804b5495753c/feedback 200 2ms c4586b4a-259a-4aab-800a-b5b92bc6bcba

stdout | tests/integration/t07-security.test.ts > T07 H1 hostile planner bodies > rejects swap fabricated substitution approval without advancing the plan
{"level":"info","event":"meal_planning_result","status":"feasible","conclusion":"feasible","truncated":false,"states":3}

stdout | tests/integration/t07-security.test.ts > T07 H1 hostile planner bodies > rejects swap recipe variant elevation without advancing the plan
{"level":"info","event":"meal_planning_result","status":"feasible","conclusion":"feasible","truncated":false,"states":3}

stdout | tests/integration/t07-security.test.ts > T07 H1 hostile planner bodies > rejects shopping top-level prices rather than accepting trusted commercial state
{"level":"info","event":"meal_planning_result","status":"feasible","conclusion":"feasible","truncated":false,"states":3}

stdout | tests/integration/t07-security.test.ts > T07 H1 hostile planner bodies > rejects shopping top-level shortages rather than accepting trusted commercial state
{"level":"info","event":"meal_planning_result","status":"feasible","conclusion":"feasible","truncated":false,"states":3}

stdout | tests/e2e/planner-preview.test.mjs > isolated planner preview using real registered Worker sessions and T02–T05 > persists skipped feedback once without inventory or cooking side effects
{"level":"info","event":"meal_planning_result","status":"feasible","conclusion":"feasible","truncated":true,"states":297}

stdout | tests/e2e/planner-preview.test.mjs > isolated planner preview using real registered Worker sessions and T02–T05 > persists skipped feedback once without inventory or cooking side effects
[req] POST /api/v1/meal-planning/plans 200 430ms a2d89e93-f72c-4c42-bcc7-3eda8ff64e47

stdout | tests/e2e/planner-preview.test.mjs > isolated planner preview using real registered Worker sessions and T02–T05 > persists skipped feedback once without inventory or cooking side effects
[req] POST /api/v1/meal-planning/plans/8c179e72-7e1e-4ef6-9213-43a5f15c7197/feedback 200 4ms 26716a0a-ab56-4d99-88c9-b6e5f5b3574a

stdout | tests/integration/t07-security.test.ts > T07 H1 hostile planner bodies > rejects shopping top-level catalog rather than accepting trusted commercial state
{"level":"info","event":"meal_planning_result","status":"feasible","conclusion":"feasible","truncated":false,"states":3}

stdout | tests/e2e/planner-preview.test.mjs > isolated planner preview using real registered Worker sessions and T02–T05 > persists skipped feedback once without inventory or cooking side effects
[req] POST /api/v1/meal-planning/plans/8c179e72-7e1e-4ef6-9213-43a5f15c7197/feedback 200 8ms bbe41e17-e06d-4f59-bc87-d2e729538ce7

stdout | tests/e2e/planner-preview.test.mjs > isolated planner preview using real registered Worker sessions and T02–T05 > reports an infeasible cook-now plan instead of manufacturing missing stock
{"level":"info","event":"meal_planning_result","status":"infeasible","conclusion":"proven_infeasible","truncated":false,"states":1}

stdout | tests/e2e/planner-preview.test.mjs > isolated planner preview using real registered Worker sessions and T02–T05 > reports an infeasible cook-now plan instead of manufacturing missing stock
[req] POST /api/v1/meal-planning/plans 200 19ms f8b92a4d-8b0e-42fa-84ea-20c005a1e546

stdout | tests/integration/t07-security.test.ts > T07 H1 hostile planner bodies > rejects shopping top-level inventory rather than accepting trusted commercial state
{"level":"info","event":"meal_planning_result","status":"feasible","conclusion":"feasible","truncated":false,"states":3}

stdout | tests/e2e/planner-preview.test.mjs > isolated planner preview using real registered Worker sessions and T02–T05 > keeps actual Worker authorization, CSRF and feature-off gates intact
[req] POST /api/v1/meal-planning/plans 401 1ms bd30f282-8c2a-4a35-bb1b-365ede30a29a

stdout | tests/e2e/planner-preview.test.mjs > isolated planner preview using real registered Worker sessions and T02–T05 > keeps actual Worker authorization, CSRF and feature-off gates intact
[req] POST /api/v1/meal-planning/plans 403 0ms 0ec3ed9b-2561-4bac-9d88-7142cae72216

stdout | tests/e2e/planner-preview.test.mjs > isolated planner preview using real registered Worker sessions and T02–T05 > keeps actual Worker authorization, CSRF and feature-off gates intact
[req] POST /api/v1/meal-planning/plans 403 1ms c2ec717e-a1a8-47c0-89b7-082124dcecf5

stdout | tests/e2e/planner-preview.test.mjs > isolated planner preview using real registered Worker sessions and T02–T05 > keeps actual Worker authorization, CSRF and feature-off gates intact
[req] POST /api/v1/meal-planning/plans 404 0ms e812ba2d-04c8-4f53-8d8e-f79dff04b945

stdout | tests/integration/t07-security.test.ts > T07 H1 hostile planner bodies > rejects shopping top-level creator rather than accepting trusted commercial state
{"level":"info","event":"meal_planning_result","status":"feasible","conclusion":"feasible","truncated":false,"states":3}

stdout | tests/integration/t07-security.test.ts > T07 H1 hostile planner bodies > rejects shopping null budget rather than accepting trusted commercial state
{"level":"info","event":"meal_planning_result","status":"feasible","conclusion":"feasible","truncated":false,"states":3}

stdout | tests/integration/t07-security.test.ts > T07 H1 hostile planner bodies > rejects shopping nested price claim rather than accepting trusted commercial state
{"level":"info","event":"meal_planning_result","status":"feasible","conclusion":"feasible","truncated":false,"states":3}

stdout | tests/integration/t07-security.test.ts > T07 H1 hostile planner bodies > rejects feedback client target identity before writing user state
{"level":"info","event":"meal_planning_result","status":"feasible","conclusion":"feasible","truncated":false,"states":3}

stdout | tests/integration/t07-security.test.ts > T07 H1 hostile planner bodies > rejects feedback client occurred time before writing user state
{"level":"info","event":"meal_planning_result","status":"feasible","conclusion":"feasible","truncated":false,"states":3}

stdout | tests/integration/t07-security.test.ts > T07 H1 hostile planner bodies > rejects feedback client creator before writing user state
{"level":"info","event":"meal_planning_result","status":"feasible","conclusion":"feasible","truncated":false,"states":3}

stdout | tests/integration/t07-security.test.ts > T07 H1 hostile planner bodies > rejects feedback client history before writing user state
{"level":"info","event":"meal_planning_result","status":"feasible","conclusion":"feasible","truncated":false,"states":3}

stdout | tests/integration/t07-security.test.ts > T07 H1 hostile planner bodies > rejects feedback client revision string before writing user state
{"level":"info","event":"meal_planning_result","status":"feasible","conclusion":"feasible","truncated":false,"states":3}

stdout | tests/e2e/planner-preview.test.mjs > isolated planner preview using real registered Worker sessions and T02–T05 > resets the entire in-memory namespace repeatably and revokes prior sessions
{"level":"info","event":"meal_planning_result","status":"feasible","conclusion":"feasible","truncated":true,"states":297}

stdout | tests/e2e/planner-preview.test.mjs > isolated planner preview using real registered Worker sessions and T02–T05 > resets the entire in-memory namespace repeatably and revokes prior sessions
[req] POST /api/v1/meal-planning/plans 200 399ms 246e2753-ae7b-43bb-807a-0d51e92148d7

stdout | tests/integration/t07-security.test.ts > T07 H1 hostile planner bodies > rejects explanation reason code injection without invoking a caller-selected fact set
{"level":"info","event":"meal_planning_result","status":"feasible","conclusion":"feasible","truncated":false,"states":3}

stdout | tests/e2e/planner-preview.test.mjs > isolated planner preview using real registered Worker sessions and T02–T05 > resets the entire in-memory namespace repeatably and revokes prior sessions
[req] GET /api/v1/me 401 0ms f92f6d19-3175-4872-b72a-e8d1bc3864ad

stdout | tests/e2e/planner-preview.test.mjs > isolated planner preview using real registered Worker sessions and T02–T05 > resets the entire in-memory namespace repeatably and revokes prior sessions
[req] GET /api/v1/me 200 0ms 1887c2f0-664b-4c80-854c-f2d4635a0db3

stdout | tests/integration/t07-security.test.ts > T07 H1 hostile planner bodies > rejects explanation trusted plan injection without invoking a caller-selected fact set
{"level":"info","event":"meal_planning_result","status":"feasible","conclusion":"feasible","truncated":false,"states":3}

stdout | tests/integration/t07-security.test.ts > T07 H1 hostile planner bodies > rejects explanation catalog injection without invoking a caller-selected fact set
{"level":"info","event":"meal_planning_result","status":"feasible","conclusion":"feasible","truncated":false,"states":3}

stdout | tests/e2e/planner-preview.test.mjs > isolated planner preview using real registered Worker sessions and T02–T05 > resets preview rate-limit state without bypassing the real Worker limiter
[req] POST /api/v1/meal-planning/plans 422 1ms f8cbad08-5e8e-4276-bd79-153e99f6219f

stdout | tests/e2e/planner-preview.test.mjs > isolated planner preview using real registered Worker sessions and T02–T05 > resets preview rate-limit state without bypassing the real Worker limiter
[req] POST /api/v1/meal-planning/plans 422 0ms c4b0eb49-0ec3-4277-8cf8-056d5e393414

stdout | tests/e2e/planner-preview.test.mjs > isolated planner preview using real registered Worker sessions and T02–T05 > resets preview rate-limit state without bypassing the real Worker limiter
[req] POST /api/v1/meal-planning/plans 422 1ms 03a75b5c-1ed4-42a6-a98a-1f88bbfb424e

stdout | tests/e2e/planner-preview.test.mjs > isolated planner preview using real registered Worker sessions and T02–T05 > resets preview rate-limit state without bypassing the real Worker limiter
[req] POST /api/v1/meal-planning/plans 422 0ms 5addc486-ffd0-4de8-b67b-11d596f5862d

stdout | tests/e2e/planner-preview.test.mjs > isolated planner preview using real registered Worker sessions and T02–T05 > resets preview rate-limit state without bypassing the real Worker limiter
[req] POST /api/v1/meal-planning/plans 422 0ms 367262a9-8f9f-484c-ab57-d7c61882bae2

stdout | tests/e2e/planner-preview.test.mjs > isolated planner preview using real registered Worker sessions and T02–T05 > resets preview rate-limit state without bypassing the real Worker limiter
[req] POST /api/v1/meal-planning/plans 422 0ms fedf118b-7616-4fec-8a3f-6e80d5f35e8b

stdout | tests/e2e/planner-preview.test.mjs > isolated planner preview using real registered Worker sessions and T02–T05 > resets preview rate-limit state without bypassing the real Worker limiter
[req] POST /api/v1/meal-planning/plans 422 1ms 0ef6494c-a1fd-4fba-88e7-5b3a96f3182f

stdout | tests/e2e/planner-preview.test.mjs > isolated planner preview using real registered Worker sessions and T02–T05 > resets preview rate-limit state without bypassing the real Worker limiter
[req] POST /api/v1/meal-planning/plans 422 0ms 66008d08-3525-4e85-8eb8-ba2d5cf86bf4

stdout | tests/e2e/planner-preview.test.mjs > isolated planner preview using real registered Worker sessions and T02–T05 > resets preview rate-limit state without bypassing the real Worker limiter
[req] POST /api/v1/meal-planning/plans 422 0ms 7ded1668-0863-4d9e-985e-e04d4f511bf3

stdout | tests/e2e/planner-preview.test.mjs > isolated planner preview using real registered Worker sessions and T02–T05 > resets preview rate-limit state without bypassing the real Worker limiter
[req] POST /api/v1/meal-planning/plans 422 0ms 1b8da553-b24b-41d9-9c00-9d6f6e264246

stdout | tests/e2e/planner-preview.test.mjs > isolated planner preview using real registered Worker sessions and T02–T05 > resets preview rate-limit state without bypassing the real Worker limiter
[req] POST /api/v1/meal-planning/plans 429 0ms a07fb3da-c912-4a0c-adc9-7e8730abcb01

stdout | tests/integration/t07-security.test.ts > T07 H1 hostile planner bodies > rejects explanation malformed locale without invoking a caller-selected fact set
{"level":"info","event":"meal_planning_result","status":"feasible","conclusion":"feasible","truncated":false,"states":3}

stdout | tests/e2e/planner-preview.test.mjs > isolated planner preview using real registered Worker sessions and T02–T05 > resets preview rate-limit state without bypassing the real Worker limiter
[req] POST /api/v1/meal-planning/plans 422 0ms 0df2130b-6135-4f55-91d0-ba338ce2687a

stdout | tests/e2e/planner-preview.test.mjs > isolated planner preview using real registered Worker sessions and T02–T05 > does not register local controls on the production Worker
[req] POST /__preview/login 404 1ms 835b96f3-8781-479c-a093-f9139bd97f65

 ✓ tests/e2e/planner-preview.test.mjs (17 tests) 5616ms
   ✓ isolated planner preview using real registered Worker sessions and T02–T05 > generates a real seven-meal plan, restores it, shops with unknown prices, swaps and records cooked without consuming inventory  1228ms
   ✓ isolated planner preview using real registered Worker sessions and T02–T05 > does not hide stale source state and recovers through regeneration  999ms
   ✓ isolated planner preview using real registered Worker sessions and T02–T05 > persists liked feedback once without inventory or cooking side effects  514ms
   ✓ isolated planner preview using real registered Worker sessions and T02–T05 > persists disliked feedback once without inventory or cooking side effects  496ms
   ✓ isolated planner preview using real registered Worker sessions and T02–T05 > persists skipped feedback once without inventory or cooking side effects  539ms
   ✓ isolated planner preview using real registered Worker sessions and T02–T05 > resets the entire in-memory namespace repeatably and revokes prior sessions  674ms
stdout | tests/integration/t07-security.test.ts > T07 H1 hostile planner bodies > rejects unknown and duplicate alternatives query values rather than treating a client revision as trusted
{"level":"info","event":"meal_planning_result","status":"feasible","conclusion":"feasible","truncated":false,"states":3}

 ✓ tests/integration/t07-security.test.ts (51 tests) 6488ms
stderr | tests/integration/meal-planning-http.test.ts > T06A real authenticated Worker/API boundary > generates and retrieves a safe DTO through the actual Worker without stock, AI or payment calls
{"level":"warn","limiter":"planner-compute","reason":"kv-unbound","message":"Rate limiter degraded to isolate-local counters; enforcement is not globally reliable."}
{"level":"warn","limiter":"meal-planning-expensive","reason":"kv-unbound","message":"Rate limiter degraded to isolate-local counters; enforcement is not globally reliable."}

stdout | tests/integration/meal-planning-http.test.ts > T06A real authenticated Worker/API boundary > generates and retrieves a safe DTO through the actual Worker without stock, AI or payment calls
{"level":"info","event":"meal_planning_result","status":"feasible","conclusion":"feasible","truncated":true,"states":57}

stdout | tests/integration/meal-planning-http.test.ts > T06A real authenticated Worker/API boundary > generates and retrieves a safe DTO through the actual Worker without stock, AI or payment calls
[req] POST /api/v1/meal-planning/plans 200 149ms c02fd5cf-741d-450d-9a6c-00658f237a10

stderr | tests/integration/meal-planning-http.test.ts > T06A real authenticated Worker/API boundary > generates and retrieves a safe DTO through the actual Worker without stock, AI or payment calls
{"level":"warn","limiter":"meal-planning-read","reason":"kv-unbound","message":"Rate limiter degraded to isolate-local counters; enforcement is not globally reliable."}

stdout | tests/integration/meal-planning-http.test.ts > T06A real authenticated Worker/API boundary > generates and retrieves a safe DTO through the actual Worker without stock, AI or payment calls
[req] GET /api/v1/meal-planning/plans/400d509e-6433-439f-b737-90c74c999a04 200 8ms e1449297-f4db-40d5-ba92-9ed56a5dcb0b

stdout | tests/integration/meal-planning-http.test.ts > T06A real authenticated Worker/API boundary > rejects unauthenticated generation and reads
[req] POST /api/v1/meal-planning/plans 401 0ms e92225bc-5eff-4fca-89f0-eb7d765cb959

stdout | tests/integration/meal-planning-http.test.ts > T06A real authenticated Worker/API boundary > rejects unauthenticated generation and reads
[req] GET /api/v1/meal-planning/plans/76b92a13-c390-4dd0-b939-31ecb7922287 401 0ms 0cc1a4f9-712c-4445-9889-0165ea6a485b

stdout | tests/integration/meal-planning-http.test.ts > T06A real authenticated Worker/API boundary > protects CSRF, session owner fencing, membership and private creator plans
{"level":"info","event":"meal_planning_result","status":"feasible","conclusion":"feasible","truncated":false,"states":7}

stderr | tests/integration/meal-planning-http.test.ts > T06A real authenticated Worker/API boundary > protects CSRF, session owner fencing, membership and private creator plans
{"level":"warn","limiter":"meal-planning-feedback","reason":"kv-unbound","message":"Rate limiter degraded to isolate-local counters; enforcement is not globally reliable."}

stdout | tests/integration/meal-planning-http.test.ts > T06A real authenticated Worker/API boundary > enforces server household hard restrictions despite perfect personal soft preference and omission
{"level":"info","event":"meal_planning_result","status":"infeasible","conclusion":"proven_infeasible","truncated":false,"states":1}

stdout | tests/integration/meal-planning-http.test.ts > T06A real authenticated Worker/API boundary > deduplicates creation before running T04 again, and rejects different intent under a reused key
{"level":"info","event":"meal_planning_result","status":"feasible","conclusion":"feasible","truncated":false,"states":7}

stdout | tests/integration/meal-planning-http.test.ts > T06A real authenticated Worker/API boundary > replans all sequential stock after an early swap and protects newer revisions
{"level":"info","event":"meal_planning_result","status":"feasible","conclusion":"feasible","truncated":false,"states":7}

stdout | tests/integration/meal-planning-http.test.ts > T06A real authenticated Worker/API boundary > replans all sequential stock after an early swap and protects newer revisions
{"level":"info","event":"meal_planning_result","status":"feasible","conclusion":"feasible","truncated":false,"states":4}

stdout | tests/integration/meal-planning-http.test.ts > T06A real authenticated Worker/API boundary > rejects a newly forbidden replacement without changing the persisted plan
{"level":"info","event":"meal_planning_result","status":"feasible","conclusion":"feasible","truncated":false,"states":7}

stdout | tests/integration/meal-planning-http.test.ts > T06A real authenticated Worker/API boundary > rejects a newly forbidden replacement without changing the persisted plan
{"level":"info","event":"meal_planning_result","status":"infeasible","conclusion":"proven_infeasible","truncated":false,"states":1}

stdout | tests/integration/meal-planning-http.test.ts > T06A real authenticated Worker/API boundary > detects inventory/catalog/preference changes and regenerates using current data
{"level":"info","event":"meal_planning_result","status":"feasible","conclusion":"feasible","truncated":false,"states":7}

stdout | tests/integration/meal-planning-http.test.ts > T06A real authenticated Worker/API boundary > detects inventory/catalog/preference changes and regenerates using current data
{"level":"info","event":"meal_planning_result","status":"feasible","conclusion":"feasible","truncated":false,"states":7}

stdout | tests/integration/meal-planning-http.test.ts > T06A real authenticated Worker/API boundary > revalidates history at the current time so later feedback makes a stored plan stale
{"level":"info","event":"meal_planning_result","status":"feasible","conclusion":"feasible","truncated":false,"states":7}

stdout | tests/integration/meal-planning-http.test.ts > T06A real authenticated Worker/API boundary > keeps missing reviewed prices unknown and never converts them into free shopping
{"level":"info","event":"meal_planning_result","status":"feasible","conclusion":"feasible","truncated":true,"states":57}

stdout | tests/integration/meal-planning-http.test.ts > T06A real authenticated Worker/API boundary > keeps missing reviewed prices unknown and never converts them into free shopping
[req] POST /api/v1/meal-planning/plans 200 93ms b51754d9-1272-4824-9050-341ef23ffa58

stdout | tests/integration/meal-planning-http.test.ts > T06A real authenticated Worker/API boundary > keeps missing reviewed prices unknown and never converts them into free shopping
{"level":"info","event":"meal_shopping_result","catalogStatus":"reviewed_catalog_unavailable"}

stdout | tests/integration/meal-planning-http.test.ts > T06A real authenticated Worker/API boundary > keeps missing reviewed prices unknown and never converts them into free shopping
[req] POST /api/v1/meal-planning/plans/4e7478b9-3c38-4286-ae01-fa991b529bb1/shopping 200 8ms 6632449b-5b9c-4416-8485-13b534e781e8

stdout | tests/integration/meal-planning-http.test.ts > T06A real authenticated Worker/API boundary > rejects shopping mealPlan spoofing and uses unchanged trusted exact prices
{"level":"info","event":"meal_planning_result","status":"feasible","conclusion":"feasible","truncated":false,"states":7}

stdout | tests/integration/meal-planning-http.test.ts > T06A real authenticated Worker/API boundary > rejects shopping mealPlan spoofing and uses unchanged trusted exact prices
{"level":"info","event":"meal_shopping_result","catalogStatus":"available"}

stdout | tests/integration/meal-planning-http.test.ts > T06A real authenticated Worker/API boundary > rejects shopping shortages spoofing and uses unchanged trusted exact prices
{"level":"info","event":"meal_planning_result","status":"feasible","conclusion":"feasible","truncated":false,"states":7}

stdout | tests/integration/meal-planning-http.test.ts > T06A real authenticated Worker/API boundary > rejects shopping shortages spoofing and uses unchanged trusted exact prices
{"level":"info","event":"meal_shopping_result","catalogStatus":"available"}

stdout | tests/integration/meal-planning-http.test.ts > T06A real authenticated Worker/API boundary > rejects shopping prices spoofing and uses unchanged trusted exact prices
{"level":"info","event":"meal_planning_result","status":"feasible","conclusion":"feasible","truncated":false,"states":7}

stdout | tests/integration/meal-planning-http.test.ts > T06A real authenticated Worker/API boundary > rejects shopping prices spoofing and uses unchanged trusted exact prices
{"level":"info","event":"meal_shopping_result","catalogStatus":"available"}

stdout | tests/integration/meal-planning-http.test.ts > T06A real authenticated Worker/API boundary > rejects shopping catalog spoofing and uses unchanged trusted exact prices
{"level":"info","event":"meal_planning_result","status":"feasible","conclusion":"feasible","truncated":false,"states":7}

stdout | tests/integration/meal-planning-http.test.ts > T06A real authenticated Worker/API boundary > rejects shopping catalog spoofing and uses unchanged trusted exact prices
{"level":"info","event":"meal_shopping_result","catalogStatus":"available"}

stdout | tests/integration/meal-planning-http.test.ts > T06A real authenticated Worker/API boundary > rejects shopping shoppingContext spoofing and uses unchanged trusted exact prices
{"level":"info","event":"meal_planning_result","status":"feasible","conclusion":"feasible","truncated":false,"states":7}

stdout | tests/integration/meal-planning-http.test.ts > T06A real authenticated Worker/API boundary > rejects shopping shoppingContext spoofing and uses unchanged trusted exact prices
{"level":"info","event":"meal_shopping_result","catalogStatus":"available"}

stdout | tests/integration/meal-planning-http.test.ts > T06A real authenticated Worker/API boundary > records household/user scoped retry-safe tastes and cooked annotation without real cooking
{"level":"info","event":"meal_planning_result","status":"feasible","conclusion":"feasible","truncated":false,"states":7}

stdout | tests/integration/meal-planning-http.test.ts > T06A real authenticated Worker/API boundary > does not let a client claim a swap that never happened
{"level":"info","event":"meal_planning_result","status":"feasible","conclusion":"feasible","truncated":false,"states":7}

stdout | tests/integration/meal-planning-http.test.ts > T06A real authenticated Worker/API boundary > rejects feedback if regeneration advances the revision before the event write
{"level":"info","event":"meal_planning_result","status":"feasible","conclusion":"feasible","truncated":false,"states":7}

stdout | tests/integration/meal-planning-http.test.ts > T06A real authenticated Worker/API boundary > rejects feedback if regeneration advances the revision before the event write
{"level":"info","event":"meal_planning_result","status":"feasible","conclusion":"feasible","truncated":false,"states":7}

stdout | tests/integration/meal-planning-http.test.ts > T06A real authenticated Worker/API boundary > deduplicates concurrent feedback retries with one server event timestamp
{"level":"info","event":"meal_planning_result","status":"feasible","conclusion":"feasible","truncated":false,"states":7}

stdout | tests/integration/meal-planning-http.test.ts > T06A real authenticated Worker/API boundary > records skipped/disliked and a server-established swapped identity without inventing likes
{"level":"info","event":"meal_planning_result","status":"feasible","conclusion":"feasible","truncated":false,"states":7}

stdout | tests/integration/meal-planning-http.test.ts > T06A real authenticated Worker/API boundary > records skipped/disliked and a server-established swapped identity without inventing likes
{"level":"info","event":"meal_planning_result","status":"feasible","conclusion":"feasible","truncated":false,"states":4}

stdout | tests/integration/meal-planning-http.test.ts > T06A real authenticated Worker/API boundary > returns a partial plan as a valid application response
{"level":"info","event":"meal_planning_result","status":"partial","conclusion":"proven_infeasible","truncated":false,"states":2}

stdout | tests/integration/meal-planning-http.test.ts > T06A real authenticated Worker/API boundary > preserves incomplete numeric evaluation without claiming proven infeasibility or a server failure
{"level":"info","event":"meal_planning_result","status":"incomplete","conclusion":"no_plan_found_without_proof","truncated":false,"states":1}

stdout | tests/integration/meal-planning-http.test.ts > T06A real authenticated Worker/API boundary > preserves search truncation while returning a feasible best-found plan
{"level":"info","event":"meal_planning_result","status":"feasible","conclusion":"feasible","truncated":true,"states":9}

stdout | tests/integration/meal-planning-http.test.ts > T06A real authenticated Worker/API boundary > validates malformed JSON, dates, money, revisions and oversized bodies
{"level":"info","event":"meal_planning_result","status":"feasible","conclusion":"feasible","truncated":false,"states":7}

stdout | tests/integration/meal-planning-http.test.ts > T06A real authenticated Worker/API boundary > rejects malformed minor-unit string not-money without a server error
{"level":"info","event":"meal_planning_result","status":"feasible","conclusion":"feasible","truncated":false,"states":7}

stdout | tests/integration/meal-planning-http.test.ts > T06A real authenticated Worker/API boundary > rejects malformed minor-unit string 1.5 without a server error
{"level":"info","event":"meal_planning_result","status":"feasible","conclusion":"feasible","truncated":false,"states":7}

stdout | tests/integration/meal-planning-http.test.ts > T06A real authenticated Worker/API boundary > rejects malformed minor-unit string -1 without a server error
{"level":"info","event":"meal_planning_result","status":"feasible","conclusion":"feasible","truncated":false,"states":7}

 ✓ tests/integration/inventory-truth.test.ts (54 tests) 5249ms
stdout | tests/integration/meal-planning-http.test.ts > T06A real authenticated Worker/API boundary > rejects malformed minor-unit string 01 without a server error
{"level":"info","event":"meal_planning_result","status":"feasible","conclusion":"feasible","truncated":false,"states":7}

stdout | tests/integration/meal-planning-http.test.ts > T06A real authenticated Worker/API boundary > rejects malformed minor-unit string Infinity without a server error
{"level":"info","event":"meal_planning_result","status":"feasible","conclusion":"feasible","truncated":false,"states":7}

stderr | tests/integration/meal-planning-http.test.ts > T06A real authenticated Worker/API boundary > sanitizes unexpected service errors even outside production
{"level":"error","event":"meal_planning_failure","code":"MEAL_PLANNING_UNAVAILABLE"}

stdout | tests/integration/meal-planning-http.test.ts > T06A real authenticated Worker/API boundary > sanitizes unexpected service errors even outside production
[req] POST /api/v1/meal-planning/plans 500 0ms e6cb355e-7579-4440-89eb-87c0e6324ad0

 ✓ tests/integration/meal-planning-http.test.ts (42 tests) 5337ms
stderr | tests/integration/inventory-backfilled-patch.test.ts > T09 legitimate adopted backfilled PATCH > updates category through actual adoption (existing T08 snapshot: false)
{"level":"warn","limiter":"rl_inv_w","reason":"kv-unbound","message":"Rate limiter degraded to isolate-local counters; enforcement is not globally reliable."}

 ✓ tests/integration/t19-planner-authority-persistence.test.ts (18 tests) 5088ms
   ✓ stored plan authority identity > an authority change is a typed revalidation: freshness names it, swap and shopping refuse, regenerate recovers  692ms
   ✓ stored plan authority identity > a lock on a recipe that is no longer visible is dropped on regenerate, never silently substituted in place  542ms
   ✓ stored plan authority identity > regenerate drops family locks whose planner provenance version is stale  699ms
   ✓ stored plan authority identity > plans persisted before T19 (no authority identity) still decode and revalidate through the catalog fingerprint  366ms
 ✓ tests/integration/inventory-backfilled-patch.test.ts (43 tests) 5087ms
 ✓ tests/unit/d1-migration-check.test.mjs (114 tests) 4303ms
   ✓ production D1 migration candidate gate (local Git only) > rejects a mismatched expected_pre_tip and malformed migration names  306ms
   ✓ operational recipe media at complete 0038 and 0039 catalogs > loads the actual domain media mapper and validator through the runtime pipeline  474ms
 ✓ tests/integration/t20-roles-picker-shopping.test.ts (7 tests) 4064ms
   ✓ T20 picker at 500 recipes > pages through a bounded, stable, role-filtered, authority-fenced summary list with bounded queries  1084ms
   ✓ T20 picker at 500 recipes > cuisine filter uses catalog metadata, combines with role and search, excludes simple foods and is deterministic  672ms
   ✓ T20 shopping on composed plans (HTTP) > adds every component demand across meals and subtracts inventory once through the existing T05 path  1030ms
   ✓ T20 shopping on composed plans (HTTP) > with the V2 flag off, a composed plan falls back to the exact V1 shopping projection  829ms
stderr | tests/integration/inventory-read-authority.test.ts > T11 HTTP read cutover > funnel: adopted households bypass the KV cache; authority read failures fail closed
T11 authority read failed: LotCommandError: CORRUPT_RECEIPT
    at readAdoptedMappings (/Users/tunbee27/Documents/Tako-san-ui-rebuild/packages/db/src/inventory-lot-commands.ts:113:11)
    at readMappedLotSnapshot (/Users/tunbee27/Documents/Tako-san-ui-rebuild/packages/db/src/inventory-lot-commands.ts:205:24)
    at readAdoptedLotSnapshot (/Users/tunbee27/Documents/Tako-san-ui-rebuild/packages/db/src/inventory-lot-commands.ts:617:20)
    at readInventoryAuthority (/Users/tunbee27/Documents/Tako-san-ui-rebuild/packages/db/src/inventory-read-authority.ts:115:20)
    at fetchHouseholdInventoryFromDb (/Users/tunbee27/Documents/Tako-san-ui-rebuild/src/worker/routes/inventory.ts:507:25)
    at /Users/tunbee27/Documents/Tako-san-ui-rebuild/tests/integration/inventory-read-authority.test.ts:356:5
    at file:///Users/tunbee27/Documents/Tako-san-ui-rebuild/node_modules/.pnpm/@vitest+runner@3.2.7/node_modules/@vitest/runner/dist/chunk-hooks.js:752:20 {
  code: 'CORRUPT_RECEIPT'
}

 ✓ tests/integration/inventory-read-authority.test.ts (28 tests) 3218ms
 ✓ tests/unit/t21rc2t-identity-topology.test.mjs (11 tests) 3356ms
   ✓ T21RC2T committed offline source and deterministic scale > bounds the exact forensic-scale input and produces a permutation-stable aggregate  2182ms
 ✓ tests/integration/inventory-guest-transfer.test.ts (26 tests) 3215ms
 ✓ tests/integration/t19-cooking-hard-restrictions.test.ts (19 tests) 3474ms
stderr | tests/integration/meal-planning-presentation-http.test.ts > current-plan compatibility lookup > returns null with no private plan and restores the plan through the actual Worker
{"level":"warn","limiter":"meal-planning-read","reason":"kv-unbound","message":"Rate limiter degraded to isolate-local counters; enforcement is not globally reliable."}

stdout | tests/integration/meal-planning-presentation-http.test.ts > current-plan compatibility lookup > returns null with no private plan and restores the plan through the actual Worker
[req] GET /api/v1/meal-planning/plans/current 200 12ms 5d23fac9-c1c9-4f71-8a38-ee773e1e6073

stderr | tests/integration/meal-planning-presentation-http.test.ts > current-plan compatibility lookup > returns null with no private plan and restores the plan through the actual Worker
{"level":"warn","limiter":"planner-compute","reason":"kv-unbound","message":"Rate limiter degraded to isolate-local counters; enforcement is not globally reliable."}
{"level":"warn","limiter":"meal-planning-expensive","reason":"kv-unbound","message":"Rate limiter degraded to isolate-local counters; enforcement is not globally reliable."}

stdout | tests/integration/meal-planning-presentation-http.test.ts > current-plan compatibility lookup > returns null with no private plan and restores the plan through the actual Worker
{"level":"info","event":"meal_planning_result","status":"feasible","conclusion":"feasible","truncated":false,"states":3}

stdout | tests/integration/meal-planning-presentation-http.test.ts > current-plan compatibility lookup > returns null with no private plan and restores the plan through the actual Worker
[req] GET /api/v1/meal-planning/plans/current 200 12ms f6fcc2a0-f3b2-49fd-a2e9-8246c9ee10f8

stdout | tests/integration/meal-planning-presentation-http.test.ts > current-plan compatibility lookup > selects newest update, breaks timestamp ties by ID, and includes regenerated revisions
{"level":"info","event":"meal_planning_result","status":"feasible","conclusion":"feasible","truncated":false,"states":3}

stdout | tests/integration/meal-planning-presentation-http.test.ts > current-plan compatibility lookup > selects newest update, breaks timestamp ties by ID, and includes regenerated revisions
{"level":"info","event":"meal_planning_result","status":"feasible","conclusion":"feasible","truncated":false,"states":3}

stdout | tests/integration/meal-planning-presentation-http.test.ts > current-plan compatibility lookup > selects newest update, breaks timestamp ties by ID, and includes regenerated revisions
{"level":"info","event":"meal_planning_result","status":"feasible","conclusion":"feasible","truncated":false,"states":3}

stderr | tests/integration/inventory-patch-parity.test.ts > T09 adopted PATCH semantic parity > rejects changed storage under a committed key
{"level":"warn","limiter":"rl_inv_w","reason":"kv-unbound","message":"Rate limiter degraded to isolate-local counters; enforcement is not globally reliable."}

stdout | tests/integration/meal-planning-presentation-http.test.ts > current-plan compatibility lookup > does not return another member or household plan and never ignores current membership
{"level":"info","event":"meal_planning_result","status":"feasible","conclusion":"feasible","truncated":false,"states":3}

stdout | tests/integration/meal-planning-presentation-http.test.ts > current-plan compatibility lookup > does not return another member or household plan and never ignores current membership
{"level":"info","event":"meal_planning_result","status":"feasible","conclusion":"feasible","truncated":false,"states":3}

stdout | tests/integration/meal-planning-presentation-http.test.ts > current-plan compatibility lookup > retains fresh-source inspection without making stale snapshots look current
{"level":"info","event":"meal_planning_result","status":"feasible","conclusion":"feasible","truncated":false,"states":3}

stdout | tests/integration/meal-planning-presentation-http.test.ts > current-plan compatibility lookup > does not mistake membership revoked during lookup for an empty current plan
{"level":"info","event":"meal_planning_result","status":"feasible","conclusion":"feasible","truncated":false,"states":3}

stdout | tests/integration/meal-planning-presentation-http.test.ts > catalog alternative presentation, not eligibility > returns only bounded trusted catalog identity/title, revision-bound and sorted
{"level":"info","event":"meal_planning_result","status":"feasible","conclusion":"feasible","truncated":false,"states":3}

stdout | tests/integration/meal-planning-presentation-http.test.ts > catalog alternative presentation, not eligibility > bounds the result and discloses catalog truncation
{"level":"info","event":"meal_planning_result","status":"feasible","conclusion":"feasible","truncated":false,"states":3}

stdout | tests/integration/meal-planning-presentation-http.test.ts > catalog alternative presentation, not eligibility > does not certify alternatives and unchanged swap still rejects forbidden recipes
{"level":"info","event":"meal_planning_result","status":"feasible","conclusion":"feasible","truncated":false,"states":2}

stdout | tests/integration/meal-planning-presentation-http.test.ts > catalog alternative presentation, not eligibility > does not certify alternatives and unchanged swap still rejects forbidden recipes
{"level":"info","event":"meal_planning_result","status":"infeasible","conclusion":"proven_infeasible","truncated":false,"states":1}

stdout | tests/integration/meal-planning-presentation-http.test.ts > catalog alternative presentation, not eligibility > rechecks revision after the catalog read instead of returning obsolete choices
{"level":"info","event":"meal_planning_result","status":"feasible","conclusion":"feasible","truncated":false,"states":3}

stdout | tests/integration/meal-planning-presentation-http.test.ts > catalog alternative presentation, not eligibility > rechecks revision after the catalog read instead of returning obsolete choices
{"level":"info","event":"meal_planning_result","status":"feasible","conclusion":"feasible","truncated":false,"states":3}

stdout | tests/integration/meal-planning-presentation-http.test.ts > catalog alternative presentation, not eligibility > rechecks membership after the catalog read
{"level":"info","event":"meal_planning_result","status":"feasible","conclusion":"feasible","truncated":false,"states":3}

stdout | tests/integration/meal-planning-presentation-http.test.ts > catalog alternative presentation, not eligibility > rejects malformed query
{"level":"info","event":"meal_planning_result","status":"feasible","conclusion":"feasible","truncated":false,"states":3}

stdout | tests/integration/meal-planning-presentation-http.test.ts > catalog alternative presentation, not eligibility > rejects malformed query ?revision=0
{"level":"info","event":"meal_planning_result","status":"feasible","conclusion":"feasible","truncated":false,"states":3}

stdout | tests/integration/meal-planning-presentation-http.test.ts > catalog alternative presentation, not eligibility > rejects malformed query ?revision=-1
{"level":"info","event":"meal_planning_result","status":"feasible","conclusion":"feasible","truncated":false,"states":3}

stdout | tests/integration/meal-planning-presentation-http.test.ts > catalog alternative presentation, not eligibility > rejects malformed query ?revision=1.5
{"level":"info","event":"meal_planning_result","status":"feasible","conclusion":"feasible","truncated":false,"states":3}

stdout | tests/integration/meal-planning-presentation-http.test.ts > catalog alternative presentation, not eligibility > rejects malformed query ?revision=1e0
{"level":"info","event":"meal_planning_result","status":"feasible","conclusion":"feasible","truncated":false,"states":3}

stdout | tests/integration/meal-planning-presentation-http.test.ts > catalog alternative presentation, not eligibility > rejects malformed query ?revision=9007199254740992
{"level":"info","event":"meal_planning_result","status":"feasible","conclusion":"feasible","truncated":false,"states":3}

stdout | tests/integration/meal-planning-presentation-http.test.ts > catalog alternative presentation, not eligibility > rejects malformed query ?revision=1&revision=2
{"level":"info","event":"meal_planning_result","status":"feasible","conclusion":"feasible","truncated":false,"states":3}

stdout | tests/integration/meal-planning-presentation-http.test.ts > catalog alternative presentation, not eligibility > rejects malformed query ?revision=1&householdId=foreign
{"level":"info","event":"meal_planning_result","status":"feasible","conclusion":"feasible","truncated":false,"states":3}

stdout | tests/integration/meal-planning-presentation-http.test.ts > on-demand explanations and HTTP guard inheritance > defaults to deterministic IDs without mutation or AI during basic reads
{"level":"info","event":"meal_planning_result","status":"feasible","conclusion":"feasible","truncated":false,"states":3}

stdout | tests/integration/meal-planning-presentation-http.test.ts > on-demand explanations and HTTP guard inheritance > calls AI only on explicit request and sends no names, quantities, IDs or household data
{"level":"info","event":"meal_planning_result","status":"feasible","conclusion":"feasible","truncated":false,"states":3}

stdout | tests/integration/meal-planning-presentation-http.test.ts > on-demand explanations and HTTP guard inheritance > falls back through the actual Worker when native provider is unavailable
{"level":"info","event":"meal_planning_result","status":"feasible","conclusion":"feasible","truncated":false,"states":3}

stdout | tests/integration/meal-planning-presentation-http.test.ts > on-demand explanations and HTTP guard inheritance > falls back through the actual Worker when native provider is unavailable
[req] POST /api/v1/meal-planning/plans/053f3c0f-04c1-466c-aaf8-876079042872/explanation 200 1ms e8892e46-05ab-4ad9-bb2f-6eee23f32760

stdout | tests/integration/meal-planning-presentation-http.test.ts > on-demand explanations and HTTP guard inheritance > counts generation toward the aggregate budget before a tenth AI request
{"level":"info","event":"meal_planning_result","status":"feasible","conclusion":"feasible","truncated":false,"states":3}

stdout | tests/integration/meal-planning-presentation-http.test.ts > on-demand explanations and HTTP guard inheritance > rejects stale revision for both new plan-specific actions
{"level":"info","event":"meal_planning_result","status":"feasible","conclusion":"feasible","truncated":false,"states":3}

stdout | tests/integration/meal-planning-presentation-http.test.ts > on-demand explanations and HTTP guard inheritance > rejects stale revision for both new plan-specific actions
{"level":"info","event":"meal_planning_result","status":"feasible","conclusion":"feasible","truncated":false,"states":3}

stdout | tests/integration/meal-planning-presentation-http.test.ts > on-demand explanations and HTTP guard inheritance > rechecks revision after provider latency and rejects an obsolete explanation
{"level":"info","event":"meal_planning_result","status":"feasible","conclusion":"feasible","truncated":false,"states":3}

stdout | tests/integration/meal-planning-presentation-http.test.ts > on-demand explanations and HTTP guard inheritance > rechecks revision after provider latency and rejects an obsolete explanation
{"level":"info","event":"meal_planning_result","status":"feasible","conclusion":"feasible","truncated":false,"states":3}

stdout | tests/integration/meal-planning-presentation-http.test.ts > on-demand explanations and HTTP guard inheritance > rechecks current membership after provider latency
{"level":"info","event":"meal_planning_result","status":"feasible","conclusion":"feasible","truncated":false,"states":3}

stdout | tests/integration/meal-planning-presentation-http.test.ts > on-demand explanations and HTTP guard inheritance > rejects private access, unauthenticated access, disabled flag and owner-fence mismatch
{"level":"info","event":"meal_planning_result","status":"feasible","conclusion":"feasible","truncated":false,"states":3}

stdout | tests/integration/meal-planning-presentation-http.test.ts > on-demand explanations and HTTP guard inheritance > keeps CSRF and strict explanation intent/selected-slot validation
{"level":"info","event":"meal_planning_result","status":"feasible","conclusion":"feasible","truncated":false,"states":3}

stdout | tests/integration/meal-planning-presentation-http.test.ts > on-demand explanations and HTTP guard inheritance > keeps CSRF and strict explanation intent/selected-slot validation
[req] POST /api/v1/meal-planning/plans/7b470df9-fcf1-4ea4-be53-183fcf4eeabc/explanation 403 1ms c6d342ee-6987-44d1-94f9-eb3ed27a2ca4

 ✓ tests/integration/meal-planning-presentation-http.test.ts (27 tests) 3342ms
 ✓ tests/integration/inventory-patch-parity.test.ts (25 tests) 3328ms
stdout | tests/unit/recipe-import-scale.test.ts > T14E — 500-recipe synthetic compile > is deterministic (byte-identical across compiles and JSON/JSONL), publishes 500 recipes and a stable 571-recipe manifest
T14E scale 500: recipes=500 ingredient_lines=2000 steps=1750 nutrition_profiles=250 sql_bytes=829131

stdout | tests/unit/recipe-import-scale.test.ts > T14E — 5,000-recipe synthetic compile > completes, stays publishable, and keeps duplicate/composition structures bounded (no N² scan)
T14E scale 5000: recipes=5000 ingredient_lines=20000 steps=17500 nutrition_profiles=2500 sql_bytes=8358628

stdout | tests/unit/recipe-import-scale.test.ts > T14E — 5,000-recipe synthetic compile > the duplicate detector compares by bucket, not pairwise: a batch with N recipes performs O(N) index operations
T14E scale 2000: recipes=2000 ingredient_lines=8000 steps=7000 nutrition_profiles=1000 sql_bytes=3339756

 ✓ tests/unit/recipe-import-scale.test.ts (4 tests) 3535ms
   ✓ T14E — 500-recipe synthetic compile > is deterministic (byte-identical across compiles and JSON/JSONL), publishes 500 recipes and a stable 571-recipe manifest  583ms
   ✓ T14E — 5,000-recipe synthetic compile > completes, stays publishable, and keeps duplicate/composition structures bounded (no N² scan)  2044ms
   ✓ T14E — 5,000-recipe synthetic compile > the duplicate detector compares by bucket, not pairwise: a batch with N recipes performs O(N) index operations  609ms
 ✓ tests/integration/inventory-lot-d1.test.mjs (44 tests) 3480ms
   ✓ T09E actual local D1 multi-effect authority > executes the maximum 32 effects as one real D1 command  417ms
stdout | tests/integration/recipe-catalog-growth-authority.test.ts > T14F — static 71 vs reviewed D1 release: readiness, shadow, canary, d1 > shadow: user response is static 71, the D1 release verifies READY, and reviewed growth is logged at level info (not drift)
{"event":"recipe_catalog_shadow","catalog_source":"static","catalog_mode":"shadow","status":"compared","catalog_static_count":71,"level":"info","catalog_d1_count":500,"catalog_complete_count":500,"catalog_hydrated_count":500,"catalog_static_only_count":0,"catalog_d1_only_count":429,"catalog_drift_count":0,"catalog_order_drift_count":0,"catalog_hydration_failure_count":0,"catalog_lookup_ms":128,"release_id":"rel-bd00a4f53fcaeee4","release_expected_count":500,"release_readiness":"ready","release_readiness_code":null,"release_reviewed_growth_count":429,"drift_sample":[],"order_drift_sample":[],"hydration_failure_sample":[]}

stdout | tests/integration/recipe-catalog-growth-authority.test.ts > T14F — HTTP user flows on the 500-recipe D1 release (list, detail, recommendations, planner, regenerate, swap, cooking) > GET /recipes: static returns 71, d1 returns 500 in release order (legacy prefix identical); detail resolves an imported recipe by id and slug
T14F recipe_list_response: recipe_count=500 response_bytes=778619 static_bytes=144402

 ✓ tests/integration/recipe-catalog-growth-authority.test.ts (9 tests) 2913ms
   ✓ T14F — static 71 vs reviewed D1 release: readiness, shadow, canary, d1 > shadow: user response is static 71, the D1 release verifies READY, and reviewed growth is logged at level info (not drift)  476ms
   ✓ T14F — HTTP user flows on the 500-recipe D1 release (list, detail, recommendations, planner, regenerate, swap, cooking) > GET /recipes: static returns 71, d1 returns 500 in release order (legacy prefix identical); detail resolves an imported recipe by id and slug  345ms
   ✓ T14F — HTTP user flows on the 500-recipe D1 release (list, detail, recommendations, planner, regenerate, swap, cooking) > GET /recommendations over 500 recipes: equals rankRecipes on the D1 snapshot, no duplicate IDs, deterministic ties, an imported recipe is cookable without buying  409ms
   ✓ T14F — HTTP user flows on the 500-recipe D1 release (list, detail, recommendations, planner, regenerate, swap, cooking) > week planner on the D1 release: generate, regenerate, swap alternatives and an executed swap to an imported recipe; no hidden 71 truncation  361ms
   ✓ T14F — HTTP user flows on the 500-recipe D1 release (list, detail, recommendations, planner, regenerate, swap, cooking) > cooking an imported recipe under d1: cook start + complete deduct inventory, write events, replay idempotently; static 404s the same recipe; no recipe_* table written  326ms
   ✓ T14F — HTTP user flows on the 500-recipe D1 release (list, detail, recommendations, planner, regenerate, swap, cooking) > T14F-C: Batch B (t14f-scale-399-v1) recipes from several cuisines participate in list/detail, recommendations, planner swap and cooking under the 500 D1 authority; pilot recipes still resolve  528ms
 ✓ tests/unit/t21rc4-identity-gate.test.mjs (10 tests) 2998ms
   ✓ C4I review-binding gate > accepts reviewed C4I bytes followed by an unrelated documentation commit  875ms
   ✓ C4I review-binding gate > rejects every changed C4I execution byte after review  1722ms
stdout | tests/integration/ui03-discovery-api.test.ts > UI03 authenticated discovery > 24 summaries stay under100KiB; Home3 and detail remain separate; media reads only selected IDs
{"summaryBytes":14117,"gzipBytes":2939,"items":24}

 ✓ tests/integration/ui03-discovery-api.test.ts (22 tests) 3148ms
   ✓ UI03 authenticated discovery > all21 pages cover500 unique recipes in identical deterministic order on reload  364ms
 ✓ tests/unit/t21rc2-production-capture.test.mjs (79 tests) 2835ms
   ✓ T21R-C2 runner-local privacy on success and failure > runs the executable capture/classify/receipt pipeline with certified-source synthetic data and mocked Cloudflare only  1539ms
   ✓ T21R-C2 runner-local privacy on success and failure > the real CLI failure path never prints passed raw markers or subprocess stack traces  377ms
 ✓ tests/unit/composition-flags.test.mjs (22 tests) 2925ms
   ✓ T20 composition flags: build consistency guard > CLI exits 0 for off/off and on/on, non-zero for mismatch or missing flags  1577ms
   ✓ T20 production planner prerequisite > cannot pass the production CLI guard with T20 on while the compiled planner or Worker prerequisite is missing  1329ms
 ✓ tests/unit/staging-d1-catchup-check.test.mjs (32 tests) 2819ms
   ✓ ephemeral staging D1-only catch-up config > is readable by Wrangler locally and lists only the prefix through the target  1078ms
   ✓ candidate SHA and hosted CI gates > requires the catch-up ref to equal current origin/main  755ms
stdout | tests/integration/recipe-catalog-growth.test.ts > T14F — fresh SQLite replay of the full ledger (0001 → tip) > recipes=500: legacy 71 + imported 429; contiguous runtime order; complete rows; pending hero media; FK/quick_check clean
T14F catalog counts: {"recipes":500,"recipe_ingredients":2702,"recipe_steps":2064,"recipe_runtime_fields":500,"recipe_runtime_ingredient_order":2702,"recipe_classifications":858,"nutrition_profiles":0,"recipe_nutrition":0,"recipe_media":500}

 ✓ tests/integration/recipe-catalog-growth.test.ts (14 tests) 2985ms
   ✓ T14F — Catalog Release Manifest and D1 readiness on the grown ledger > negative controls fail closed: one fewer / one extra recipe, wrong imported ID, wrong order, legacy mutation, imported mutation, stub row, pilot-only DB vs full manifest  1428ms
 ✓ tests/unit/week-query-sync.test.ts (80 tests) 2804ms
stdout | tests/integration/recipe-media-route.test.ts > T14C — GET /api/v1/recipe-media/:recipeId/:role/:version (secure same-origin serving) > serves a ready canonical asset without auth, with immutable cache, ETag from the promotion-verified content hash, nosniff and exact MIME
[req] GET /api/v1/recipe-media/gl-01/hero/2 200 2ms ddfa3661-80f2-4cb8-918f-cca921e5bb13

stdout | tests/integration/recipe-media-route.test.ts > T14C — GET /api/v1/recipe-media/:recipeId/:role/:version (secure same-origin serving) > serves a ready canonical asset without auth, with immutable cache, ETag from the promotion-verified content hash, nosniff and exact MIME
[req] GET /api/v1/recipe-media/gl-01/hero/2 304 0ms fa28e469-cf5d-45b5-9ea8-6485c5c53703

stdout | tests/integration/recipe-media-route.test.ts > T14C — GET /api/v1/recipe-media/:recipeId/:role/:version (secure same-origin serving) > serves a ready canonical asset without auth, with immutable cache, ETag from the promotion-verified content hash, nosniff and exact MIME
[req] HEAD /api/v1/recipe-media/gl-01/hero/2 200 1ms 1157771d-ff16-45d5-bf5b-8e99f8f35684

stdout | tests/integration/recipe-media-route.test.ts > T14C — GET /api/v1/recipe-media/:recipeId/:role/:version (secure same-origin serving) > unknown recipe (/api/v1/recipe-media/no-such-recipe/hero/1) → 404 RECIPE_MEDIA_NOT_FOUND with no-store and no R2 access
[req] GET /api/v1/recipe-media/no-such-recipe/hero/1 404 0ms 884f15e2-a81a-4480-8140-2c66f7b1e7a7

stdout | tests/integration/recipe-media-route.test.ts > T14C — GET /api/v1/recipe-media/:recipeId/:role/:version (secure same-origin serving) > invalid role (/api/v1/recipe-media/gl-01/banner/2) → 404 RECIPE_MEDIA_INVALID_ROLE with no-store and no R2 access
[req] GET /api/v1/recipe-media/gl-01/banner/2 404 0ms 29fd4fd4-20c8-4870-87b8-2220d7e2c70f

stdout | tests/integration/recipe-media-route.test.ts > T14C — GET /api/v1/recipe-media/:recipeId/:role/:version (secure same-origin serving) > version zero (/api/v1/recipe-media/gl-01/hero/0) → 404 RECIPE_MEDIA_INVALID_VERSION with no-store and no R2 access
[req] GET /api/v1/recipe-media/gl-01/hero/0 404 1ms faa06abd-2f48-428b-97df-dea137def20e

stdout | tests/integration/recipe-media-route.test.ts > T14C — GET /api/v1/recipe-media/:recipeId/:role/:version (secure same-origin serving) > negative version (/api/v1/recipe-media/gl-01/hero/-1) → 404 RECIPE_MEDIA_INVALID_VERSION with no-store and no R2 access
[req] GET /api/v1/recipe-media/gl-01/hero/-1 404 0ms 8198c0d4-68d3-4c27-95a1-7c0f942b5a61

stdout | tests/integration/recipe-media-route.test.ts > T14C — GET /api/v1/recipe-media/:recipeId/:role/:version (secure same-origin serving) > huge version (/api/v1/recipe-media/gl-01/hero/99999999999) → 404 RECIPE_MEDIA_INVALID_VERSION with no-store and no R2 access
[req] GET /api/v1/recipe-media/gl-01/hero/99999999999 404 1ms 973c49a7-c848-4774-8242-75e3771fe2c7

stdout | tests/integration/recipe-media-route.test.ts > T14C — GET /api/v1/recipe-media/:recipeId/:role/:version (secure same-origin serving) > non-numeric version (/api/v1/recipe-media/gl-01/hero/v2.webp) → 404 RECIPE_MEDIA_INVALID_VERSION with no-store and no R2 access
[req] GET /api/v1/recipe-media/gl-01/hero/v2.webp 404 0ms a84690c6-ce6f-40df-83a6-bf3f3d04030f

stdout | tests/integration/recipe-media-route.test.ts > T14C — GET /api/v1/recipe-media/:recipeId/:role/:version (secure same-origin serving) > float version (/api/v1/recipe-media/gl-01/hero/2.0) → 404 RECIPE_MEDIA_INVALID_VERSION with no-store and no R2 access
[req] GET /api/v1/recipe-media/gl-01/hero/2.0 404 0ms 9fce4392-ecb6-462c-ac87-4e162080ad06

stdout | tests/integration/recipe-media-route.test.ts > T14C — GET /api/v1/recipe-media/:recipeId/:role/:version (secure same-origin serving) > uppercase recipe id (/api/v1/recipe-media/GL-01/hero/2) → 404 RECIPE_MEDIA_INVALID_RECIPE with no-store and no R2 access
[req] GET /api/v1/recipe-media/GL-01/hero/2 404 0ms a1010b1a-8b91-497d-a44b-b3ba777d36f4

stdout | tests/integration/recipe-media-route.test.ts > T14C — GET /api/v1/recipe-media/:recipeId/:role/:version (secure same-origin serving) > encoded slash (/api/v1/recipe-media/gl-01%2f..%2fusers/hero/2) → 404 RECIPE_MEDIA_INVALID_PATH with no-store and no R2 access
[req] GET /api/v1/recipe-media/gl-01%2f..%2fusers/hero/2 404 0ms e9e12906-20aa-4d78-bb4f-9820e3b9669a

stdout | tests/integration/recipe-media-route.test.ts > T14C — GET /api/v1/recipe-media/:recipeId/:role/:version (secure same-origin serving) > double encoding (/api/v1/recipe-media/gl-01%252f/hero/2) → 404 RECIPE_MEDIA_INVALID_PATH with no-store and no R2 access
[req] GET /api/v1/recipe-media/gl-01%252f/hero/2 404 0ms 08aaf98c-2650-4722-8560-17a60ac647ab

stdout | tests/integration/recipe-media-route.test.ts > T14C — GET /api/v1/recipe-media/:recipeId/:role/:version (secure same-origin serving) > encoded backslash (/api/v1/recipe-media/gl-01%5c..%5cx/hero/2) → 404 RECIPE_MEDIA_INVALID_PATH with no-store and no R2 access
[req] GET /api/v1/recipe-media/gl-01\..\x/hero/2 404 0ms c3a9e890-40ed-4307-a0fd-632769843c49

stdout | tests/integration/recipe-media-route.test.ts > T14C — GET /api/v1/recipe-media/:recipeId/:role/:version (secure same-origin serving) > pending version (seeded v1) (/api/v1/recipe-media/gl-02/hero/1) → 409 RECIPE_MEDIA_PENDING with no-store and no R2 access
[req] GET /api/v1/recipe-media/gl-02/hero/1 409 1ms fb93f495-9a99-43d7-8118-157e0ab0e657

stdout | tests/integration/recipe-media-route.test.ts > T14C — GET /api/v1/recipe-media/:recipeId/:role/:version (secure same-origin serving) > unknown version (/api/v1/recipe-media/gl-01/hero/9) → 404 RECIPE_MEDIA_NOT_FOUND with no-store and no R2 access
[req] GET /api/v1/recipe-media/gl-01/hero/9 404 0ms 13b6df27-5730-44eb-913f-133fce35af30

stdout | tests/integration/recipe-media-route.test.ts > T14C — GET /api/v1/recipe-media/:recipeId/:role/:version (secure same-origin serving) > traversal in raw or encoded path segments can only ever reach the trusted derived key, never an arbitrary object
[req] GET /api/users/x/hero/2 200 0ms 1a56a2d7-e0eb-49cf-b213-86eddbdb4e0a

stdout | tests/integration/recipe-media-route.test.ts > T14C — GET /api/v1/recipe-media/:recipeId/:role/:version (secure same-origin serving) > traversal in raw or encoded path segments can only ever reach the trusted derived key, never an arbitrary object
[req] GET /api/v1/hero/2 401 0ms 9d9b2d4f-8833-4bd5-9409-1362ce9e0e40

stdout | tests/integration/recipe-media-route.test.ts > T14C — GET /api/v1/recipe-media/:recipeId/:role/:version (secure same-origin serving) > traversal in raw or encoded path segments can only ever reach the trusted derived key, never an arbitrary object
[req] GET /api/v1/recipe-media/gl-01/hero/2\0 404 0ms 3dcafa57-750e-4a40-9eeb-f62e60542ec8

stdout | tests/integration/recipe-media-route.test.ts > T14C — GET /api/v1/recipe-media/:recipeId/:role/:version (secure same-origin serving) > traversal in raw or encoded path segments can only ever reach the trusted derived key, never an arbitrary object
[req] GET /api/v1/recipe-media/gl-01/hero/2 200 0ms 608d4dba-8d57-4b74-9d53-22db6c263dc5

stdout | tests/integration/recipe-media-route.test.ts > T14C — GET /api/v1/recipe-media/:recipeId/:role/:version (secure same-origin serving) > traversal in raw or encoded path segments can only ever reach the trusted derived key, never an arbitrary object
[req] GET /api/v1/recipe-media/..%2f..%2fusers%2fx%2fscans%2fy%2foriginal.webp/hero/2 404 0ms 72124b8f-02ae-4c02-bad4-987db8eff969

stdout | tests/integration/recipe-media-route.test.ts > T14C — GET /api/v1/recipe-media/:recipeId/:role/:version (secure same-origin serving) > traversal in raw or encoded path segments can only ever reach the trusted derived key, never an arbitrary object
[req] GET /api/v1/recipe-media/gl-01/hero/2 200 0ms 01179679-5b1d-43fc-a563-4e6c8483c47e

stdout | tests/integration/recipe-media-route.test.ts > T14C — GET /api/v1/recipe-media/:recipeId/:role/:version (secure same-origin serving) > traversal in raw or encoded path segments can only ever reach the trusted derived key, never an arbitrary object
[req] GET /api/v1/recipe-media/gl-01/hero/2 200 0ms 7fd472ed-a043-4b7c-9aaa-6987e2f91b8b

stdout | tests/integration/recipe-media-route.test.ts > T14C — GET /api/v1/recipe-media/:recipeId/:role/:version (secure same-origin serving) > rejected and superseded versions are 409; a superseded version does not serve stale bytes
[req] GET /api/v1/recipe-media/gl-01/hero/2 409 1ms ef2699b8-87de-4e2b-b58b-8d287589e3a8

stdout | tests/integration/recipe-media-route.test.ts > T14C — GET /api/v1/recipe-media/:recipeId/:role/:version (secure same-origin serving) > rejected and superseded versions are 409; a superseded version does not serve stale bytes
[req] GET /api/v1/recipe-media/gl-03/hero/1 409 0ms c851ff3f-6eaa-47e6-8382-dd26038e571b

stdout | tests/integration/recipe-media-route.test.ts > T14C — GET /api/v1/recipe-media/:recipeId/:role/:version (secure same-origin serving) > rejected and superseded versions are 409; a superseded version does not serve stale bytes
[req] GET /api/v1/recipe-media/gl-01/hero/3 200 1ms 783d51de-6fa3-4b83-8a13-f34c89696dad

stdout | tests/integration/recipe-media-route.test.ts > T14C — GET /api/v1/recipe-media/:recipeId/:role/:version (secure same-origin serving) > missing R2 object → 404 + diagnostic; object MIME mismatch → 415; size mismatch → 409; never unrelated bytes
[req] GET /api/v1/recipe-media/gl-01/hero/2 404 0ms 5bd457a9-7c2a-486a-8293-5ef8bedb33d9

stdout | tests/integration/recipe-media-route.test.ts > T14C — GET /api/v1/recipe-media/:recipeId/:role/:version (secure same-origin serving) > missing R2 object → 404 + diagnostic; object MIME mismatch → 415; size mismatch → 409; never unrelated bytes
[req] GET /api/v1/recipe-media/gl-01/hero/2 415 1ms c9a892e8-41ab-46cd-9a73-c6cf90af830d

stdout | tests/integration/recipe-media-route.test.ts > T14C — GET /api/v1/recipe-media/:recipeId/:role/:version (secure same-origin serving) > missing R2 object → 404 + diagnostic; object MIME mismatch → 415; size mismatch → 409; never unrelated bytes
[req] GET /api/v1/recipe-media/gl-01/hero/2 409 0ms 11e8d43c-6f4b-4f87-90bc-52ed95125ba3

stdout | tests/integration/recipe-media-route.test.ts > T14C — GET /api/v1/recipe-media/:recipeId/:role/:version (secure same-origin serving) > non-canonical storage keys are now rejected by SQL itself; a status flipped to ready behind the helpers still fails closed at the route
[req] GET /api/v1/recipe-media/gl-01/hero/2 404 1ms a9bf0f36-e870-4e3d-bf95-ec2a7f5f7620

stdout | tests/integration/recipe-media-route.test.ts > T14C — GET /api/v1/recipe-media/:recipeId/:role/:version (secure same-origin serving) > no DB or no IMAGES binding → 503, never 500; D1 read failure → 503 with diagnostic
[req] GET /api/v1/recipe-media/gl-01/hero/2 503 1ms 2f18ce65-2346-42cf-80fb-a5405e560ae0

stdout | tests/integration/recipe-media-route.test.ts > T14C — GET /api/v1/recipe-media/:recipeId/:role/:version (secure same-origin serving) > no DB or no IMAGES binding → 503, never 500; D1 read failure → 503 with diagnostic
[req] GET /api/v1/recipe-media/gl-01/hero/2 503 0ms 0d6d3913-28a5-4f0e-a7c1-e79ce302aeb8

stdout | tests/integration/recipe-media-route.test.ts > T14C — GET /api/v1/recipe-media/:recipeId/:role/:version (secure same-origin serving) > diagnostics are bounded per window and never include bytes/keys
[req] GET /api/v1/recipe-media/gl-01/hero/2 404 0ms c78270dd-ad0c-41aa-b82a-0c87cc97e0ba

stdout | tests/integration/recipe-media-route.test.ts > T14C — GET /api/v1/recipe-media/:recipeId/:role/:version (secure same-origin serving) > diagnostics are bounded per window and never include bytes/keys
[req] GET /api/v1/recipe-media/gl-01/hero/2 404 0ms 70a26891-eee1-453f-893f-9f0c66866508

stdout | tests/integration/recipe-media-route.test.ts > T14C — GET /api/v1/recipe-media/:recipeId/:role/:version (secure same-origin serving) > diagnostics are bounded per window and never include bytes/keys
[req] GET /api/v1/recipe-media/gl-01/hero/2 404 0ms 8a88f935-7085-4935-a6ea-1dc493a625ee

stdout | tests/integration/recipe-media-route.test.ts > T14C — GET /api/v1/recipe-media/:recipeId/:role/:version (secure same-origin serving) > diagnostics are bounded per window and never include bytes/keys
[req] GET /api/v1/recipe-media/gl-01/hero/2 404 0ms a77d1d5a-57f3-4d6c-bf45-fb2044506119

stdout | tests/integration/recipe-media-route.test.ts > T14C — GET /api/v1/recipe-media/:recipeId/:role/:version (secure same-origin serving) > diagnostics are bounded per window and never include bytes/keys
[req] GET /api/v1/recipe-media/gl-01/hero/2 404 1ms b4ae9748-2950-4c23-a0b3-d695ff49beac

stdout | tests/integration/recipe-media-route.test.ts > T14C — GET /api/v1/recipe-media/:recipeId/:role/:version (secure same-origin serving) > diagnostics are bounded per window and never include bytes/keys
[req] GET /api/v1/recipe-media/gl-01/hero/2 404 0ms ad34a9e0-2a53-4b93-8d5b-274d68c15bd5

stdout | tests/integration/recipe-media-route.test.ts > T14C — GET /api/v1/recipe-media/:recipeId/:role/:version (secure same-origin serving) > diagnostics are bounded per window and never include bytes/keys
[req] GET /api/v1/recipe-media/gl-01/hero/2 404 0ms 3416f32c-3e8f-48b9-8543-90d6a3a4d56c

stdout | tests/integration/recipe-media-route.test.ts > T14C — GET /api/v1/recipe-media/:recipeId/:role/:version (secure same-origin serving) > diagnostics are bounded per window and never include bytes/keys
[req] GET /api/v1/recipe-media/gl-01/hero/2 404 0ms 6ac5a4da-a2f8-4b2c-97b4-194018e035e5

stdout | tests/integration/recipe-media-route.test.ts > T14C — GET /api/v1/recipe-media/:recipeId/:role/:version (secure same-origin serving) > diagnostics are bounded per window and never include bytes/keys
[req] GET /api/v1/recipe-media/gl-01/hero/2 404 0ms 80dcce57-80c5-42b0-a256-5daca330ecf1

stdout | tests/integration/recipe-media-route.test.ts > T14C — GET /api/v1/recipe-media/:recipeId/:role/:version (secure same-origin serving) > diagnostics are bounded per window and never include bytes/keys
[req] GET /api/v1/recipe-media/gl-01/hero/2 404 0ms 260a8943-ce34-4086-8558-0f1b22a7c2be

stdout | tests/integration/recipe-media-route.test.ts > T14C — GET /api/v1/recipe-media/:recipeId/:role/:version (secure same-origin serving) > diagnostics are bounded per window and never include bytes/keys
[req] GET /api/v1/recipe-media/gl-01/hero/2 404 0ms 074c1710-6ab5-4976-b243-771a00bfccda

stdout | tests/integration/recipe-media-route.test.ts > T14C — GET /api/v1/recipe-media/:recipeId/:role/:version (secure same-origin serving) > diagnostics are bounded per window and never include bytes/keys
[req] GET /api/v1/recipe-media/gl-01/hero/2 404 0ms 958d698d-9d1a-4bbc-91fb-251bfb345705

stdout | tests/integration/recipe-media-route.test.ts > T14C — GET /api/v1/recipe-media/:recipeId/:role/:version (secure same-origin serving) > diagnostics are bounded per window and never include bytes/keys
[req] GET /api/v1/recipe-media/gl-01/hero/2 404 0ms bf7002f1-e2b6-464b-b9bc-80dc8597bc6d

stdout | tests/integration/recipe-media-route.test.ts > T14C — GET /api/v1/recipe-media/:recipeId/:role/:version (secure same-origin serving) > diagnostics are bounded per window and never include bytes/keys
[req] GET /api/v1/recipe-media/gl-01/hero/2 404 0ms 547b9cfa-9605-4a06-abfe-1683615f493b

stdout | tests/integration/recipe-media-route.test.ts > T14C — GET /api/v1/recipe-media/:recipeId/:role/:version (secure same-origin serving) > diagnostics are bounded per window and never include bytes/keys
[req] GET /api/v1/recipe-media/gl-01/hero/2 404 0ms c3ad7ed5-1a89-43f4-845d-7514d87acf6b

stdout | tests/integration/recipe-media-route.test.ts > T14C — GET /api/v1/recipe-media/:recipeId/:role/:version (secure same-origin serving) > diagnostics are bounded per window and never include bytes/keys
[req] GET /api/v1/recipe-media/gl-01/hero/2 404 1ms 00bb1c54-2407-4078-ba15-3f5308fcfd33

stdout | tests/integration/recipe-media-route.test.ts > T14C — GET /api/v1/recipe-media/:recipeId/:role/:version (secure same-origin serving) > diagnostics are bounded per window and never include bytes/keys
[req] GET /api/v1/recipe-media/gl-01/hero/2 404 0ms c302ff8d-cf4c-4a63-b06a-4a9ec7f397a7

stdout | tests/integration/recipe-media-route.test.ts > T14C — GET /api/v1/recipe-media/:recipeId/:role/:version (secure same-origin serving) > diagnostics are bounded per window and never include bytes/keys
[req] GET /api/v1/recipe-media/gl-01/hero/2 404 0ms bed23073-e41e-48a5-b87e-a2b8ea39c503

stdout | tests/integration/recipe-media-route.test.ts > T14C — GET /api/v1/recipe-media/:recipeId/:role/:version (secure same-origin serving) > diagnostics are bounded per window and never include bytes/keys
[req] GET /api/v1/recipe-media/gl-01/hero/2 404 0ms 8ac76c7a-f082-4f01-ac42-a94c555f23bc

stdout | tests/integration/recipe-media-route.test.ts > T14C — GET /api/v1/recipe-media/:recipeId/:role/:version (secure same-origin serving) > diagnostics are bounded per window and never include bytes/keys
[req] GET /api/v1/recipe-media/gl-01/hero/2 404 0ms 96c52ced-3e41-4193-bc35-0be7aabc7d81

stdout | tests/integration/recipe-media-route.test.ts > T14C — GET /api/v1/recipe-media/:recipeId/:role/:version (secure same-origin serving) > diagnostics are bounded per window and never include bytes/keys
[req] GET /api/v1/recipe-media/gl-01/hero/2 404 0ms 4951d7c1-41ef-454e-98e3-d877fcc01492

stdout | tests/integration/recipe-media-route.test.ts > T14C — GET /api/v1/recipe-media/:recipeId/:role/:version (secure same-origin serving) > diagnostics are bounded per window and never include bytes/keys
[req] GET /api/v1/recipe-media/gl-01/hero/2 404 0ms 216cf8d5-da7f-4dfd-ac09-9e776b9a018f

stdout | tests/integration/recipe-media-route.test.ts > T14C — GET /api/v1/recipe-media/:recipeId/:role/:version (secure same-origin serving) > diagnostics are bounded per window and never include bytes/keys
[req] GET /api/v1/recipe-media/gl-01/hero/2 404 0ms e913c30f-3df0-41ca-be22-df711725596f

stdout | tests/integration/recipe-media-route.test.ts > T14C — GET /api/v1/recipe-media/:recipeId/:role/:version (secure same-origin serving) > diagnostics are bounded per window and never include bytes/keys
[req] GET /api/v1/recipe-media/gl-01/hero/2 404 0ms 44459233-d4f4-4aae-abec-a82a4ed37aa4

stdout | tests/integration/recipe-media-route.test.ts > T14C — GET /api/v1/recipe-media/:recipeId/:role/:version (secure same-origin serving) > diagnostics are bounded per window and never include bytes/keys
[req] GET /api/v1/recipe-media/gl-01/hero/2 404 1ms c724aab5-4114-4d3e-9528-d98dc458b070

stdout | tests/integration/recipe-media-route.test.ts > T14C — GET /api/v1/recipe-media/:recipeId/:role/:version (secure same-origin serving) > diagnostics are bounded per window and never include bytes/keys
[req] GET /api/v1/recipe-media/gl-01/hero/2 404 0ms c49d462b-8913-4a44-838f-33d24f0fa2f6

stdout | tests/integration/recipe-media-route.test.ts > T14C — GET /api/v1/recipe-media/:recipeId/:role/:version (secure same-origin serving) > diagnostics are bounded per window and never include bytes/keys
[req] GET /api/v1/recipe-media/gl-01/hero/2 404 0ms 35c1fd2f-55e9-4aca-bd84-ff80cfa4a571

stdout | tests/integration/recipe-media-route.test.ts > T14C — GET /api/v1/recipe-media/:recipeId/:role/:version (secure same-origin serving) > diagnostics are bounded per window and never include bytes/keys
[req] GET /api/v1/recipe-media/gl-01/hero/2 404 0ms 34fa42b9-0988-44a7-89fc-a25d9fa26eb2

stdout | tests/integration/recipe-media-route.test.ts > T14C — GET /api/v1/recipe-media/:recipeId/:role/:version (secure same-origin serving) > diagnostics are bounded per window and never include bytes/keys
[req] GET /api/v1/recipe-media/gl-01/hero/2 404 0ms eb399f71-aa2d-466d-bb8b-dd3d26babf51

stdout | tests/integration/recipe-media-route.test.ts > T14C — GET /api/v1/recipe-media/:recipeId/:role/:version (secure same-origin serving) > diagnostics are bounded per window and never include bytes/keys
[req] GET /api/v1/recipe-media/gl-01/hero/2 404 1ms 9de2387b-467a-47c2-8a9f-a4f323282b66

stdout | tests/integration/recipe-media-route.test.ts > T14C — GET /api/v1/recipe-media/:recipeId/:role/:version (secure same-origin serving) > is not a public write surface: POST/PUT/DELETE on the media path are not routed to media
[req] POST /api/v1/recipe-media/gl-01/hero/2 401 0ms 44c9e705-bb0f-4d4e-bd70-27719d190948

stdout | tests/integration/recipe-media-route.test.ts > T14C — GET /api/v1/recipe-media/:recipeId/:role/:version (secure same-origin serving) > is not a public write surface: POST/PUT/DELETE on the media path are not routed to media
[req] PUT /api/v1/recipe-media/gl-01/hero/2 401 0ms e164e7ba-228f-406c-af97-b97822bdaec3

stdout | tests/integration/recipe-media-route.test.ts > T14C — GET /api/v1/recipe-media/:recipeId/:role/:version (secure same-origin serving) > is not a public write surface: POST/PUT/DELETE on the media path are not routed to media
[req] DELETE /api/v1/recipe-media/gl-01/hero/2 401 0ms 6051fcd3-eca0-403e-a69e-95c3ff3e9991

stdout | tests/integration/recipe-media-route.test.ts > T14C — GET /api/v1/recipe-media/:recipeId/:role/:version (secure same-origin serving) > is not a public write surface: POST/PUT/DELETE on the media path are not routed to media
[req] PATCH /api/v1/recipe-media/gl-01/hero/2 401 0ms ee6eccee-5dca-4921-aea1-0c9c552f454c

 ✓ tests/integration/recipe-media-route.test.ts (27 tests) 2851ms
 ✓ tests/integration/t20-meal-composition-http.test.ts (4 tests) 2944ms
   ✓ T20 V1 compatibility > a V1 one-recipe plan reads as a valid one-component composition without changing the V1 contract  894ms
   ✓ T20 V1 compatibility > composition routes are 404 while the V2 flag is off and V1 behaves unchanged  414ms
   ✓ T20 manual builder > add / lock / swap / reorder / remove persist server-side with one shared revision  1349ms
stdout | tests/integration/t19-recipe-authority-observability.test.ts > public readiness recipeAuthority summary > { RECIPE_CATALOG_MODE: 'canary', RECIPE_CATALOG_CUTOVER_ENABLED: 'true', RECIPE_CATALOG_D1_CANARY_PERCENT: '5' } → { configuredMode: 'canary', cutoverEnabled: true, canaryPercent: 5, globalSource: 'mixed', fallbackReason: null }
{"event":"recipe_catalog_shadow","catalog_source":"static","catalog_mode":"shadow","status":"compared","catalog_static_count":71,"level":"info","catalog_d1_count":500,"catalog_complete_count":500,"catalog_hydrated_count":500,"catalog_static_only_count":0,"catalog_d1_only_count":429,"catalog_drift_count":0,"catalog_order_drift_count":0,"catalog_hydration_failure_count":0,"catalog_lookup_ms":234,"release_id":"rel-bd00a4f53fcaeee4","release_expected_count":500,"release_readiness":"ready","release_readiness_code":null,"release_reviewed_growth_count":429,"drift_sample":[],"order_drift_sample":[],"hydration_failure_sample":[]}

stdout | tests/e2e/t07-operations.test.mjs > T07 real Worker operational observations > records bounded representative flow observations without performance thresholds
T07_OPERATION_OBSERVATIONS [{"name":"generate","wallMs":507.88,"statements":13,"batches":1,"bytes":16554,"plannerStates":297},{"name":"regenerate","wallMs":422.78,"statements":11,"batches":1,"bytes":16554,"plannerStates":297},{"name":"alternatives","wallMs":7.1,"statements":11,"batches":1,"bytes":4449,"plannerStates":null},{"name":"swap","wallMs":377.6,"statements":11,"batches":1,"bytes":16423,"plannerStates":250},{"name":"shopping","wallMs":21.96,"statements":11,"batches":1,"bytes":17211,"plannerStates":null},{"name":"current","wallMs":7.52,"statements":11,"batches":1,"bytes":16432,"plannerStates":null}]

stdout | tests/integration/t19-recipe-authority-observability.test.ts > protected release evidence endpoint > shadow: evidence is complete, PII-free, and passes the release-check proof for its approved manifest
{"event":"recipe_catalog_shadow","catalog_source":"static","catalog_mode":"shadow","status":"compared","catalog_static_count":71,"level":"info","catalog_d1_count":500,"catalog_complete_count":500,"catalog_hydrated_count":500,"catalog_static_only_count":0,"catalog_d1_only_count":429,"catalog_drift_count":0,"catalog_order_drift_count":0,"catalog_hydration_failure_count":0,"catalog_lookup_ms":97,"release_id":"rel-bd00a4f53fcaeee4","release_expected_count":500,"release_readiness":"ready","release_readiness_code":null,"release_reviewed_growth_count":429,"drift_sample":[],"order_drift_sample":[],"hydration_failure_sample":[]}

stdout | tests/e2e/t07-operations.test.mjs > T07 real Worker operational observations > keeps the resolved D1 authority when optional catalog enrichment fails without leaking private SQL
{"level":"info","event":"meal_planning_result","status":"feasible","conclusion":"feasible","truncated":true,"states":297}

stdout | tests/e2e/t07-operations.test.mjs > T07 real Worker operational observations > keeps the resolved D1 authority when optional catalog enrichment fails without leaking private SQL
[req] POST /api/v1/meal-planning/plans 200 525ms 79d686cb-36a2-45e0-9713-e8d65a878172

stdout | tests/integration/t19-recipe-authority-observability.test.ts > protected release evidence endpoint > shadow evidence actively probes D1 and refuses promotion when that probe falls back
{"event":"recipe_catalog_shadow","catalog_source":"static","catalog_mode":"shadow","status":"compared","catalog_static_count":71,"level":"warn","catalog_d1_count":500,"catalog_complete_count":499,"catalog_hydrated_count":499,"catalog_static_only_count":1,"catalog_d1_only_count":429,"catalog_drift_count":0,"catalog_order_drift_count":0,"catalog_hydration_failure_count":1,"catalog_lookup_ms":96,"release_id":"rel-bd00a4f53fcaeee4","release_expected_count":500,"release_readiness":"not_ready","release_readiness_code":"CATALOG_DIAGNOSTICS","release_reviewed_growth_count":0,"drift_sample":[],"order_drift_sample":[],"hydration_failure_sample":[{"id":"vn-canh-01","code":"incomplete_entry"}]}

stdout | tests/e2e/t07-operations.test.mjs > T07 real Worker operational observations > reports an empty catalog honestly instead of inventing a fallback plan
{"level":"info","event":"meal_planning_result","status":"feasible","conclusion":"feasible","truncated":true,"states":297}

stdout | tests/e2e/t07-operations.test.mjs > T07 real Worker operational observations > reports an empty catalog honestly instead of inventing a fallback plan
[req] POST /api/v1/meal-planning/plans 200 419ms 82f8694c-c429-4420-b627-e4f313e281ef

stdout | tests/e2e/t07-operations.test.mjs > T07 real Worker operational observations > reports an empty catalog honestly instead of inventing a fallback plan
{"level":"info","event":"meal_planning_result","status":"infeasible","conclusion":"proven_infeasible","truncated":false,"states":1}

stdout | tests/e2e/t07-operations.test.mjs > T07 real Worker operational observations > reports an empty catalog honestly instead of inventing a fallback plan
[req] POST /api/v1/meal-planning/plans 200 12ms 4ca3e90b-dbf5-443f-bd4e-a95607f81abe

 ✓ tests/e2e/t07-operations.test.mjs (3 tests) 2805ms
   ✓ T07 real Worker operational observations > records bounded representative flow observations without performance thresholds  1450ms
   ✓ T07 real Worker operational observations > keeps the resolved D1 authority when optional catalog enrichment fails without leaking private SQL  807ms
   ✓ T07 real Worker operational observations > reports an empty catalog honestly instead of inventing a fallback plan  547ms
 ✓ tests/integration/t19-recipe-authority-observability.test.ts (19 tests) 2715ms
stderr | tests/integration/t13-receipt-vision-d1.test.mjs > T13B-A real D1 purchase-lot and correction provenance regressions > a real D1 event failure rolls back every receipt lot, review, command, event and observation
✘ [ERROR] Adopted scan confirmation failed: Error: D1_ERROR: T13B-A injected event failure: SQLITE_CONSTRAINT

      at D1DatabaseSessionAlwaysPrimary._sendOrThrow (cloudflare-internal:d1-api:125:19)
      at async D1DatabaseSessionAlwaysPrimary.batch (cloudflare-internal:d1-api:80:23)
      ... 7 lines matching cause stack trace ...
      at async Object.fetch (file:///Users/tunbee27/Documents/Tako-san-ui-rebuild/tests/helpers/inventory-lot-d1-worker.ts:235:26) {
    [cause]: Error: T13B-A injected event failure: SQLITE_CONSTRAINT
        at D1DatabaseSessionAlwaysPrimary._sendOrThrow (cloudflare-internal:d1-api:126:24)
        at async D1DatabaseSessionAlwaysPrimary.batch (cloudflare-internal:d1-api:80:23)
        at async confirmAdoptedScan (file:///Users/tunbee27/Documents/Tako-san-ui-rebuild/src/worker/routes/scans.ts:194:21)
        at async dispatch (file:///Users/tunbee27/Documents/Tako-san-ui-rebuild/node_modules/.pnpm/hono@4.13.7/node_modules/hono/dist/compose.js:22:17)
        at async tenancyGuard (file:///Users/tunbee27/Documents/Tako-san-ui-rebuild/src/worker/middleware/tenancy.ts:69:3)
        at async dispatch (file:///Users/tunbee27/Documents/Tako-san-ui-rebuild/node_modules/.pnpm/hono@4.13.7/node_modules/hono/dist/compose.js:22:17)
        at null.<anonymous> (async file:///Users/tunbee27/Documents/Tako-san-ui-rebuild/.wrangler/tmp/dev-HH4WKs/inventory-lot-d1-worker.js:18810:11)
        at async dispatch (file:///Users/tunbee27/Documents/Tako-san-ui-rebuild/node_modules/.pnpm/hono@4.13.7/node_modules/hono/dist/compose.js:22:17)
        at null.<anonymous> (async file:///Users/tunbee27/Documents/Tako-san-ui-rebuild/.wrangler/tmp/dev-HH4WKs/inventory-lot-d1-worker.js:1450:25)
        at async Object.fetch (file:///Users/tunbee27/Documents/Tako-san-ui-rebuild/tests/helpers/inventory-lot-d1-worker.ts:235:26)
  }



stderr | tests/integration/t13-receipt-vision-d1.test.mjs > T13B-A real D1 purchase-lot and correction provenance regressions > a real D1 observation failure rolls back every receipt lot, review, command, event and observation
✘ [ERROR] Adopted scan confirmation failed: Error: D1_ERROR: T13B-A injected observation failure: SQLITE_CONSTRAINT

      at D1DatabaseSessionAlwaysPrimary._sendOrThrow (cloudflare-internal:d1-api:125:19)
      at async D1DatabaseSessionAlwaysPrimary.batch (cloudflare-internal:d1-api:80:23)
      ... 7 lines matching cause stack trace ...
      at async Object.fetch (file:///Users/tunbee27/Documents/Tako-san-ui-rebuild/tests/helpers/inventory-lot-d1-worker.ts:235:26) {
    [cause]: Error: T13B-A injected observation failure: SQLITE_CONSTRAINT
        at D1DatabaseSessionAlwaysPrimary._sendOrThrow (cloudflare-internal:d1-api:126:24)
        at async D1DatabaseSessionAlwaysPrimary.batch (cloudflare-internal:d1-api:80:23)
        at async confirmAdoptedScan (file:///Users/tunbee27/Documents/Tako-san-ui-rebuild/src/worker/routes/scans.ts:194:21)
        at async dispatch (file:///Users/tunbee27/Documents/Tako-san-ui-rebuild/node_modules/.pnpm/hono@4.13.7/node_modules/hono/dist/compose.js:22:17)
        at async tenancyGuard (file:///Users/tunbee27/Documents/Tako-san-ui-rebuild/src/worker/middleware/tenancy.ts:69:3)
        at async dispatch (file:///Users/tunbee27/Documents/Tako-san-ui-rebuild/node_modules/.pnpm/hono@4.13.7/node_modules/hono/dist/compose.js:22:17)
        at null.<anonymous> (async file:///Users/tunbee27/Documents/Tako-san-ui-rebuild/.wrangler/tmp/dev-HH4WKs/inventory-lot-d1-worker.js:18810:11)
        at async dispatch (file:///Users/tunbee27/Documents/Tako-san-ui-rebuild/node_modules/.pnpm/hono@4.13.7/node_modules/hono/dist/compose.js:22:17)
        at null.<anonymous> (async file:///Users/tunbee27/Documents/Tako-san-ui-rebuild/.wrangler/tmp/dev-HH4WKs/inventory-lot-d1-worker.js:1450:25)
        at async Object.fetch (file:///Users/tunbee27/Documents/Tako-san-ui-rebuild/tests/helpers/inventory-lot-d1-worker.ts:235:26)
  }



stderr | tests/integration/t13-receipt-vision-d1.test.mjs > T13B-A real D1 purchase-lot and correction provenance regressions > a real D1 completion failure rolls back every receipt lot, review, command, event and observation
✘ [ERROR] Adopted scan confirmation failed: Error: D1_ERROR: T13B-A injected completion failure: SQLITE_CONSTRAINT

      at D1DatabaseSessionAlwaysPrimary._sendOrThrow (cloudflare-internal:d1-api:125:19)
      at async D1DatabaseSessionAlwaysPrimary.batch (cloudflare-internal:d1-api:80:23)
      ... 7 lines matching cause stack trace ...
      at async Object.fetch (file:///Users/tunbee27/Documents/Tako-san-ui-rebuild/tests/helpers/inventory-lot-d1-worker.ts:235:26) {
    [cause]: Error: T13B-A injected completion failure: SQLITE_CONSTRAINT
        at D1DatabaseSessionAlwaysPrimary._sendOrThrow (cloudflare-internal:d1-api:126:24)
        at async D1DatabaseSessionAlwaysPrimary.batch (cloudflare-internal:d1-api:80:23)
        at async confirmAdoptedScan (file:///Users/tunbee27/Documents/Tako-san-ui-rebuild/src/worker/routes/scans.ts:194:21)
        at async dispatch (file:///Users/tunbee27/Documents/Tako-san-ui-rebuild/node_modules/.pnpm/hono@4.13.7/node_modules/hono/dist/compose.js:22:17)
        at async tenancyGuard (file:///Users/tunbee27/Documents/Tako-san-ui-rebuild/src/worker/middleware/tenancy.ts:69:3)
        at async dispatch (file:///Users/tunbee27/Documents/Tako-san-ui-rebuild/node_modules/.pnpm/hono@4.13.7/node_modules/hono/dist/compose.js:22:17)
        at null.<anonymous> (async file:///Users/tunbee27/Documents/Tako-san-ui-rebuild/.wrangler/tmp/dev-HH4WKs/inventory-lot-d1-worker.js:18810:11)
        at async dispatch (file:///Users/tunbee27/Documents/Tako-san-ui-rebuild/node_modules/.pnpm/hono@4.13.7/node_modules/hono/dist/compose.js:22:17)
        at null.<anonymous> (async file:///Users/tunbee27/Documents/Tako-san-ui-rebuild/.wrangler/tmp/dev-HH4WKs/inventory-lot-d1-worker.js:1450:25)
        at async Object.fetch (file:///Users/tunbee27/Documents/Tako-san-ui-rebuild/tests/helpers/inventory-lot-d1-worker.ts:235:26)
  }



 ✓ tests/integration/t13-receipt-vision-d1.test.mjs (22 tests) 2961ms
   ✓ T13B-A real D1 purchase-lot and correction provenance regressions > a real D1 event failure rolls back every receipt lot, review, command, event and observation  358ms
 ✓ tests/unit/t21rc2-schema-boundary.test.mjs (9 tests) 3437ms
   ✓ T21RC2 offline reconciliation schema boundary > covers 500 synthetic captured recipes and production counts at, above, and 3x the 2702 target size  928ms
   ✓ T21RC2 offline reconciliation schema boundary > validates a mixed synthetic production corpus at 3x the 2702 target size  2242ms
stderr | tests/integration/browser-security.test.ts > browser client against real cookie-authenticated SQLite routes > logs in, validates /me and persists an authenticated API mutation without a script-readable credential
{"level":"warn","limiter":"rl_auth","reason":"kv-unbound","message":"Rate limiter degraded to isolate-local counters; enforcement is not globally reliable."}

stderr | tests/integration/browser-security.test.ts > browser client against real cookie-authenticated SQLite routes > logs in, validates /me and persists an authenticated API mutation without a script-readable credential
{"level":"warn","limiter":"rl_inv_w","reason":"kv-unbound","message":"Rate limiter degraded to isolate-local counters; enforcement is not globally reliable."}

stderr | tests/integration/browser-security.test.ts > browser client against real cookie-authenticated SQLite routes > isolates real inventory, shopping and Week caches through A → logout → B → reload → offline
{"level":"warn","limiter":"rl_shop_w","reason":"kv-unbound","message":"Rate limiter degraded to isolate-local counters; enforcement is not globally reliable."}

stderr | tests/integration/browser-security.test.ts > browser client against real cookie-authenticated SQLite routes > isolates real inventory, shopping and Week caches through A → logout → B → reload → offline
{"level":"warn","limiter":"rl_week_w","reason":"kv-unbound","message":"Rate limiter degraded to isolate-local counters; enforcement is not globally reliable."}

 ✓ tests/integration/inventory-observations.test.ts (22 tests) 2505ms
 ✓ tests/integration/browser-security.test.ts (12 tests) 2510ms
 ✓ tests/integration/inventory-lot-schema.test.ts (26 tests) 2737ms
stderr | tests/integration/scan-quota-idempotency.test.ts > D1 scan quota and request idempotency > recovers an ambiguous queue send with the same job and no quota refund or new charge
Scan queue enqueue failed

 ✓ tests/integration/scan-quota-idempotency.test.ts (24 tests) 2557ms
stdout | tests/unit/recipe-authority.test.ts > T14D — authority router: modes, fallback, cache/singleflight, observability > static (default) and shadow serve ALL_RECIPES without touching D1 for content; shadow schedules the comparison off-response
{"event":"recipe_catalog_shadow","catalog_source":"static","catalog_mode":"shadow","status":"compared","catalog_static_count":71,"level":"info","catalog_d1_count":500,"catalog_complete_count":500,"catalog_hydrated_count":500,"catalog_static_only_count":0,"catalog_d1_only_count":429,"catalog_drift_count":0,"catalog_order_drift_count":0,"catalog_hydration_failure_count":0,"catalog_lookup_ms":0,"release_id":"rel-bd00a4f53fcaeee4","release_expected_count":500,"release_readiness":"ready","release_readiness_code":null,"release_reviewed_growth_count":429,"drift_sample":[],"order_drift_sample":[],"hydration_failure_sample":[]}

stderr | tests/unit/t21rc2-classification-diagnostics.test.mjs > T21R-C2D diagnostic receipts reconstruct only static metadata > redacts real T21RC2_CLASSIFICATION_SCHEMA_REJECTED failure context
t21rc2_schema={"section":"root","field":"unknown","keyword":"additionalProperties","code":"ROOT_ADDITIONAL_PROPERTIES"}

 ✓ tests/unit/t21rc2-classification-diagnostics.test.mjs (63 tests) 2276ms
   ✓ T21R-C2D divergence is evidence, not a classification failure > classifies extreme divergence against unchanged offline certified 500/2702 authority  1605ms
   ✓ T21R-C2D credential-free classify command boundaries > the real CLI logs only the specific binding code and records a sanitized failure receipt  540ms
 ✓ tests/unit/recipe-authority.test.ts (17 tests) 2247ms
stderr | tests/integration/inventory-adoption.test.ts > T09F atomic adoption authority > activates a backfilled household atomically with preserved identities
{"level":"warn","limiter":"rl_inv_w","reason":"kv-unbound","message":"Rate limiter degraded to isolate-local counters; enforcement is not globally reliable."}

stderr | tests/integration/inventory-adoption.test.ts > T09F adopted-household writer adapters > imports shopping stock into lots and completes the durable command
{"level":"warn","limiter":"rl_week_w","reason":"kv-unbound","message":"Rate limiter degraded to isolate-local counters; enforcement is not globally reliable."}

 ✓ tests/unit/t21rc4-cloudflare-identity-diagnostic.test.mjs (54 tests) 1936ms
   ✓ C4I additions preserve independently reviewed C2 execution bytes > real reviewed SHA remains eligible after additive diagnostic; a bound-byte mutation rejects  378ms
   ✓ T21R-C4L intentionally invalidates both prior reviewed execution SHAs > C4I reviewed SHA a0c1cfd rejects the remediated diagnostic bytes  804ms
   ✓ T21R-C4L intentionally invalidates both prior reviewed execution SHAs > C2 reviewed SHA 93c4055 rejects the remediated capture bytes  363ms
 ✓ tests/integration/inventory-adoption.test.ts (19 tests) 2232ms
stderr | tests/integration/scan-response-loss.test.ts > server scan confirmation response-loss recovery (real SQLite HTTP) > does not queue HTTP 500 with a 'intact' response body
D1 confirmScan items insert failed: Error: injected confirmation failure
    at SqliteD1.execute (/Users/tunbee27/Documents/Tako-san-ui-rebuild/tests/helpers/sqlite-d1.ts:130:30)
    at /Users/tunbee27/Documents/Tako-san-ui-rebuild/tests/helpers/sqlite-d1.ts:97:50
    at Array.map (<anonymous>)
    at SqliteD1.batch (/Users/tunbee27/Documents/Tako-san-ui-rebuild/tests/helpers/sqlite-d1.ts:97:26)
    at runLegacyInventoryBatch (/Users/tunbee27/Documents/Tako-san-ui-rebuild/packages/db/src/inventory-writer-fence.ts:62:21)
    at /Users/tunbee27/Documents/Tako-san-ui-rebuild/src/worker/routes/scans.ts:1834:26
    at dispatch (file:///Users/tunbee27/Documents/Tako-san-ui-rebuild/node_modules/.pnpm/hono@4.13.7/node_modules/hono/dist/compose.js:22:17)
    at tenancyGuard (/Users/tunbee27/Documents/Tako-san-ui-rebuild/src/worker/middleware/tenancy.ts:69:3)
    at dispatch (file:///Users/tunbee27/Documents/Tako-san-ui-rebuild/node_modules/.pnpm/hono@4.13.7/node_modules/hono/dist/compose.js:22:17)
    at authMiddleware (/Users/tunbee27/Documents/Tako-san-ui-rebuild/src/worker/middleware/auth.ts:91:16) {
  code: 'ERR_SQLITE_ERROR',
  errcode: 1811,
  errstr: 'constraint failed'
}

stderr | tests/integration/scan-response-loss.test.ts > server scan confirmation response-loss recovery (real SQLite HTTP) > does not queue HTTP 500 with a 'TypeError' response body
D1 confirmScan items insert failed: Error: injected confirmation failure
    at SqliteD1.execute (/Users/tunbee27/Documents/Tako-san-ui-rebuild/tests/helpers/sqlite-d1.ts:130:30)
    at /Users/tunbee27/Documents/Tako-san-ui-rebuild/tests/helpers/sqlite-d1.ts:97:50
    at Array.map (<anonymous>)
    at SqliteD1.batch (/Users/tunbee27/Documents/Tako-san-ui-rebuild/tests/helpers/sqlite-d1.ts:97:26)
    at runLegacyInventoryBatch (/Users/tunbee27/Documents/Tako-san-ui-rebuild/packages/db/src/inventory-writer-fence.ts:62:21)
    at /Users/tunbee27/Documents/Tako-san-ui-rebuild/src/worker/routes/scans.ts:1834:26
    at dispatch (file:///Users/tunbee27/Documents/Tako-san-ui-rebuild/node_modules/.pnpm/hono@4.13.7/node_modules/hono/dist/compose.js:22:17)
    at tenancyGuard (/Users/tunbee27/Documents/Tako-san-ui-rebuild/src/worker/middleware/tenancy.ts:69:3)
    at dispatch (file:///Users/tunbee27/Documents/Tako-san-ui-rebuild/node_modules/.pnpm/hono@4.13.7/node_modules/hono/dist/compose.js:22:17)
    at authMiddleware (/Users/tunbee27/Documents/Tako-san-ui-rebuild/src/worker/middleware/auth.ts:91:16) {
  code: 'ERR_SQLITE_ERROR',
  errcode: 1811,
  errstr: 'constraint failed'
}

stderr | tests/integration/scan-response-loss.test.ts > server scan confirmation response-loss recovery (real SQLite HTTP) > does not queue HTTP 500 with a 'AbortError' response body
D1 confirmScan items insert failed: Error: injected confirmation failure
    at SqliteD1.execute (/Users/tunbee27/Documents/Tako-san-ui-rebuild/tests/helpers/sqlite-d1.ts:130:30)
    at /Users/tunbee27/Documents/Tako-san-ui-rebuild/tests/helpers/sqlite-d1.ts:97:50
    at Array.map (<anonymous>)
    at SqliteD1.batch (/Users/tunbee27/Documents/Tako-san-ui-rebuild/tests/helpers/sqlite-d1.ts:97:26)
    at runLegacyInventoryBatch (/Users/tunbee27/Documents/Tako-san-ui-rebuild/packages/db/src/inventory-writer-fence.ts:62:21)
    at /Users/tunbee27/Documents/Tako-san-ui-rebuild/src/worker/routes/scans.ts:1834:26
    at dispatch (file:///Users/tunbee27/Documents/Tako-san-ui-rebuild/node_modules/.pnpm/hono@4.13.7/node_modules/hono/dist/compose.js:22:17)
    at tenancyGuard (/Users/tunbee27/Documents/Tako-san-ui-rebuild/src/worker/middleware/tenancy.ts:69:3)
    at dispatch (file:///Users/tunbee27/Documents/Tako-san-ui-rebuild/node_modules/.pnpm/hono@4.13.7/node_modules/hono/dist/compose.js:22:17)
    at authMiddleware (/Users/tunbee27/Documents/Tako-san-ui-rebuild/src/worker/middleware/auth.ts:91:16) {
  code: 'ERR_SQLITE_ERROR',
  errcode: 1811,
  errstr: 'constraint failed'
}

 ✓ tests/integration/scan-response-loss.test.ts (19 tests) 1958ms
 ✓ tests/unit/release-check.test.mjs (258 tests) 2167ms
 ✓ tests/integration/inventory-backfilled-fefo.test.ts (13 tests) 1974ms
   ✓ T09 final FEFO v2 backfill compatibility > keeps one authority outcome when backfilled FEFO races FEFO, CORRECT, DISCARD or MOVE  460ms
 ✓ tests/unit/production-migration-preflight.test.mjs (15 tests) 2160ms
 ✓ tests/unit/synthetic-ocr-generator.test.mjs (1 test) 2420ms
   ✓ synthetic OCR source-first fixture > renders a reproducible four-case/16-variant matrix from independent source rows  2420ms
 ✓ tests/unit/production-media-preservation.test.mjs (17 tests) 1960ms
 ✓ tests/integration/inventory-closed-loop-d1.test.mjs (8 tests) 1923ms
 ✓ tests/integration/inventory-read-authority-d1.test.mjs (11 tests) 1929ms
 ✓ tests/integration/t20-disabled-schema.test.ts (2 tests) 1719ms
   ✓ flag OFF keeps static V1 planning/shopping/regenerate independent of unapplied 0039  678ms
   ✓ flag OFF keeps d1 V1 planning/shopping/regenerate independent of unapplied 0039  1041ms
stderr | tests/integration/inventory-writer-fence.test.ts > T09F legacy writer activation fences > replays an adopted PATCH after response loss without weakening new-command CAS
{"level":"warn","limiter":"rl_inv_w","reason":"kv-unbound","message":"Rate limiter degraded to isolate-local counters; enforcement is not globally reliable."}

 ✓ tests/integration/auth-me-quota.test.ts (17 tests) 1647ms
stderr | tests/integration/inventory-writer-fence.test.ts > T09F legacy writer activation fences > imports shopping stock through the authority and completes the durable command
{"level":"warn","limiter":"rl_week_w","reason":"kv-unbound","message":"Rate limiter degraded to isolate-local counters; enforcement is not globally reliable."}

 ✓ tests/integration/inventory-writer-fence.test.ts (15 tests) 1683ms
 ✓ tests/integration/inventory-reconciliation-fence.test.ts (13 tests) 1532ms
stderr | tests/integration/t13r-a-canonical-identity.test.ts > T13R-A P1-2 canonical identity survives a free-form rename (legacy authority) > keeps CHICKEN_BREAST under the free-form rename "Thịt gà đã kiểm tra"
{"level":"warn","limiter":"rl_inv_w","reason":"kv-unbound","message":"Rate limiter degraded to isolate-local counters; enforcement is not globally reliable."}

stderr | tests/integration/recipe-d1-runtime-parity.test.ts > T14B-B — cooking boundary with hydrated recipes (legacy inventory authority, local D1 only) > RECIPE_CATALOG_MODE=shadow never changes the response and logs one PII-free diagnostic; static default logs nothing
{"level":"warn","event":"recipe_media_read_failed","code":"D1_READ_FAILED"}

 ✓ tests/integration/recipe-d1-runtime-parity.test.ts (11 tests) 1532ms
   ✓ T14B-B — static vs D1 runtime catalog behavioural parity (actual catalog output, no reordering) > recommendations: rankRecipes/evaluateRecipeMatch on the raw D1 list equal the static results for every fixture × context  545ms
 ✓ tests/integration/t13r-a-canonical-identity.test.ts (14 tests) 1540ms
stdout | tests/unit/recipe-canary-test-cohort.test.ts > T15C-C — authority router fences and diagnostics > P1 rollback: canary → shadow with cohort secrets retained is a single config change — readiness valid, static + shadow compare, cohort not evaluated
{"event":"recipe_catalog_shadow","catalog_source":"static","catalog_mode":"shadow","status":"compared","catalog_static_count":71,"level":"info","catalog_d1_count":500,"catalog_complete_count":500,"catalog_hydrated_count":500,"catalog_static_only_count":0,"catalog_d1_only_count":429,"catalog_drift_count":0,"catalog_order_drift_count":0,"catalog_hydration_failure_count":0,"catalog_lookup_ms":0,"release_id":"rel-bd00a4f53fcaeee4","release_expected_count":500,"release_readiness":"ready","release_readiness_code":null,"release_reviewed_growth_count":429,"drift_sample":[],"order_drift_sample":[],"hydration_failure_sample":[]}

 ✓ tests/integration/frontend-security-integration.test.ts (32 tests) 1275ms
stdout | tests/unit/recipe-canary-test-cohort.test.ts > T15C-C — authority router fences and diagnostics > d1 mode: retained cohort secrets are inert — no per-household carve-out, every tenant gets the verified D1 snapshot
{"event":"recipe_catalog_shadow","catalog_source":"static","catalog_mode":"shadow","status":"compared","catalog_static_count":71,"level":"info","catalog_d1_count":500,"catalog_complete_count":500,"catalog_hydrated_count":500,"catalog_static_only_count":0,"catalog_d1_only_count":429,"catalog_drift_count":0,"catalog_order_drift_count":0,"catalog_hydration_failure_count":0,"catalog_lookup_ms":0,"release_id":"rel-bd00a4f53fcaeee4","release_expected_count":500,"release_readiness":"ready","release_readiness_code":null,"release_reviewed_growth_count":429,"drift_sample":[],"order_drift_sample":[],"hydration_failure_sample":[]}

 ✓ tests/unit/recipe-canary-test-cohort.test.ts (29 tests) 1306ms
stdout | tests/integration/scan-queue-fencing.test.ts > D1 queue claims and result fencing > commits a valid fridge claim once and ignores completed duplicate delivery
{"event":"scan_terminal","supportId":"566b61f4e0d7","scanType":"fridge","state":"ready","errorCode":null,"retryable":false,"attempt":1,"maxAttempts":3,"logicalModel":"QWEN_MULTIMODAL","configuredPrimaryModel":"qwen3.8-flash","latencyMs":4}

stdout | tests/integration/scan-queue-fencing.test.ts > D1 queue claims and result fencing > commits a valid receipt claim once and ignores completed duplicate delivery
{"event":"scan_terminal","supportId":"566b61f4e0d7","scanType":"receipt","state":"ready","errorCode":null,"retryable":false,"attempt":1,"maxAttempts":3,"logicalModel":"QWEN_OCR","configuredPrimaryModel":"qwen-vl-ocr","latencyMs":1}

stdout | tests/integration/scan-queue-fencing.test.ts > D1 queue claims and result fencing > stale fridge success cannot change newer results (newer completed: false)
{"event":"scan_terminal","supportId":"566b61f4e0d7","scanType":"fridge","state":"ready","errorCode":null,"retryable":false,"attempt":2,"maxAttempts":3,"logicalModel":"QWEN_MULTIMODAL","configuredPrimaryModel":"qwen3.8-flash","latencyMs":2}

stdout | tests/integration/scan-queue-fencing.test.ts > D1 queue claims and result fencing > stale fridge success cannot change newer results (newer completed: true)
{"event":"scan_terminal","supportId":"566b61f4e0d7","scanType":"fridge","state":"ready","errorCode":null,"retryable":false,"attempt":2,"maxAttempts":3,"logicalModel":"QWEN_MULTIMODAL","configuredPrimaryModel":"qwen3.8-flash","latencyMs":1}

stdout | tests/integration/scan-queue-fencing.test.ts > D1 queue claims and result fencing > stale receipt success cannot change newer results (newer completed: false)
{"event":"scan_terminal","supportId":"566b61f4e0d7","scanType":"receipt","state":"ready","errorCode":null,"retryable":false,"attempt":2,"maxAttempts":3,"logicalModel":"QWEN_OCR","configuredPrimaryModel":"qwen-vl-ocr","latencyMs":1}

stdout | tests/integration/scan-queue-fencing.test.ts > D1 queue claims and result fencing > stale receipt success cannot change newer results (newer completed: true)
{"event":"scan_terminal","supportId":"566b61f4e0d7","scanType":"receipt","state":"ready","errorCode":null,"retryable":false,"attempt":2,"maxAttempts":3,"logicalModel":"QWEN_OCR","configuredPrimaryModel":"qwen-vl-ocr","latencyMs":0}

stdout | tests/integration/scan-queue-fencing.test.ts > D1 queue claims and result fencing > does not acknowledge an active duplicate or invoke AI twice
{"event":"scan_terminal","supportId":"566b61f4e0d7","scanType":"fridge","state":"ready","errorCode":null,"retryable":false,"attempt":1,"maxAttempts":3,"logicalModel":"QWEN_MULTIMODAL","configuredPrimaryModel":"qwen3.8-flash","latencyMs":1}

 ✓ tests/unit/client-session.test.ts (33 tests) 1360ms
stdout | tests/integration/scan-queue-fencing.test.ts > D1 queue claims and result fencing > atomically persists a valid permanent failure on both records
{"event":"scan_terminal","supportId":"566b61f4e0d7","scanType":"fridge","state":"failed","errorCode":"IMAGE_INVALID","retryable":false,"attempt":1,"maxAttempts":3,"logicalModel":"QWEN_MULTIMODAL","configuredPrimaryModel":"qwen3.8-flash","latencyMs":0}

stdout | tests/integration/scan-queue-fencing.test.ts > D1 queue claims and result fencing > does not recreate cleaned-up failed jobs or reprocess terminal scans
{"event":"scan_terminal","supportId":"566b61f4e0d7","scanType":"fridge","state":"failed","errorCode":"IMAGE_INVALID","retryable":false,"attempt":1,"maxAttempts":3,"logicalModel":"QWEN_MULTIMODAL","configuredPrimaryModel":"qwen3.8-flash","latencyMs":0}

 ✓ tests/integration/scan-queue-fencing.test.ts (15 tests) 1441ms
stderr | tests/integration/frontend-ui-integration.test.tsx > real Home data rendered through the shared QueryClient > renders honest empty states without fake meal, budget, expiry items, progress, or notification badges
Warning: useLayoutEffect does nothing on the server, because its effect cannot be encoded into the server renderer's output format. This will lead to a mismatch between the initial, non-hydrated UI and the intended UI. To avoid this, useLayoutEffect should only be used in components that render exclusively on the client. See https://reactjs.org/link/uselayouteffect-ssr for common fixes.
    at MemoryRouter (/Users/tunbee27/Documents/Tako-san-ui-rebuild/node_modules/.pnpm/react-router@6.30.6_react@18.3.1/node_modules/react-router/dist/umd/react-router.development.js:1097:7)
    at QueryClientProvider (file:///Users/tunbee27/Documents/Tako-san-ui-rebuild/node_modules/.pnpm/@tanstack+react-query@5.102.8_react@18.3.1/node_modules/@tanstack/react-query/build/modern/QueryClientProvider.js:12:32)
Warning: useLayoutEffect does nothing on the server, because its effect cannot be encoded into the server renderer's output format. This will lead to a mismatch between the initial, non-hydrated UI and the intended UI. To avoid this, useLayoutEffect should only be used in components that render exclusively on the client. See https://reactjs.org/link/uselayouteffect-ssr for common fixes.
    at LinkWithRef (/Users/tunbee27/Documents/Tako-san-ui-rebuild/node_modules/.pnpm/react-router-dom@6.30.6_react-dom@18.3.1_react@18.3.1__react@18.3.1/node_modules/react-router-dom/dist/umd/react-router-dom.development.js:807:9)
    at div
    at header
    at KitchenHeader (/Users/tunbee27/Documents/Tako-san-ui-rebuild/src/web/components/common/KitchenHeader.tsx:9:3)
    at TopBar (/Users/tunbee27/Documents/Tako-san-ui-rebuild/src/web/components/common/TopBar.tsx:9:3)
    at div
    at HomePage (/Users/tunbee27/Documents/Tako-san-ui-rebuild/src/web/pages/HomePage.tsx:161:65)
    at Router (/Users/tunbee27/Documents/Tako-san-ui-rebuild/node_modules/.pnpm/react-router@6.30.6_react@18.3.1/node_modules/react-router/dist/umd/react-router.development.js:1203:17)
    at MemoryRouter (/Users/tunbee27/Documents/Tako-san-ui-rebuild/node_modules/.pnpm/react-router@6.30.6_react@18.3.1/node_modules/react-router/dist/umd/react-router.development.js:1097:7)
    at QueryClientProvider (file:///Users/tunbee27/Documents/Tako-san-ui-rebuild/node_modules/.pnpm/@tanstack+react-query@5.102.8_react@18.3.1/node_modules/@tanstack/react-query/build/modern/QueryClientProvider.js:12:32)
Warning: useLayoutEffect does nothing on the server, because its effect cannot be encoded into the server renderer's output format. This will lead to a mismatch between the initial, non-hydrated UI and the intended UI. To avoid this, useLayoutEffect should only be used in components that render exclusively on the client. See https://reactjs.org/link/uselayouteffect-ssr for common fixes.
    at LinkWithRef (/Users/tunbee27/Documents/Tako-san-ui-rebuild/node_modules/.pnpm/react-router-dom@6.30.6_react-dom@18.3.1_react@18.3.1__react@18.3.1/node_modules/react-router-dom/dist/umd/react-router-dom.development.js:807:9)
    at div
    at header
    at KitchenHeader (/Users/tunbee27/Documents/Tako-san-ui-rebuild/src/web/components/common/KitchenHeader.tsx:9:3)
    at TopBar (/Users/tunbee27/Documents/Tako-san-ui-rebuild/src/web/components/common/TopBar.tsx:9:3)
    at div
    at HomePage (/Users/tunbee27/Documents/Tako-san-ui-rebuild/src/web/pages/HomePage.tsx:161:65)
    at Router (/Users/tunbee27/Documents/Tako-san-ui-rebuild/node_modules/.pnpm/react-router@6.30.6_react@18.3.1/node_modules/react-router/dist/umd/react-router.development.js:1203:17)
    at MemoryRouter (/Users/tunbee27/Documents/Tako-san-ui-rebuild/node_modules/.pnpm/react-router@6.30.6_react@18.3.1/node_modules/react-router/dist/umd/react-router.development.js:1097:7)
    at QueryClientProvider (file:///Users/tunbee27/Documents/Tako-san-ui-rebuild/node_modules/.pnpm/@tanstack+react-query@5.102.8_react@18.3.1/node_modules/@tanstack/react-query/build/modern/QueryClientProvider.js:12:32)
Warning: useLayoutEffect does nothing on the server, because its effect cannot be encoded into the server renderer's output format. This will lead to a mismatch between the initial, non-hydrated UI and the intended UI. To avoid this, useLayoutEffect should only be used in components that render exclusively on the client. See https://reactjs.org/link/uselayouteffect-ssr for common fixes.
    at LinkWithRef (/Users/tunbee27/Documents/Tako-san-ui-rebuild/node_modules/.pnpm/react-router-dom@6.30.6_react-dom@18.3.1_react@18.3.1__react@18.3.1/node_modules/react-router-dom/dist/umd/react-router-dom.development.js:807:9)
    at div
    at header
    at KitchenHeader (/Users/tunbee27/Documents/Tako-san-ui-rebuild/src/web/components/common/KitchenHeader.tsx:9:3)
    at TopBar (/Users/tunbee27/Documents/Tako-san-ui-rebuild/src/web/components/common/TopBar.tsx:9:3)
    at div
    at HomePage (/Users/tunbee27/Documents/Tako-san-ui-rebuild/src/web/pages/HomePage.tsx:161:65)
    at Router (/Users/tunbee27/Documents/Tako-san-ui-rebuild/node_modules/.pnpm/react-router@6.30.6_react@18.3.1/node_modules/react-router/dist/umd/react-router.development.js:1203:17)
    at MemoryRouter (/Users/tunbee27/Documents/Tako-san-ui-rebuild/node_modules/.pnpm/react-router@6.30.6_react@18.3.1/node_modules/react-router/dist/umd/react-router.development.js:1097:7)
    at QueryClientProvider (file:///Users/tunbee27/Documents/Tako-san-ui-rebuild/node_modules/.pnpm/@tanstack+react-query@5.102.8_react@18.3.1/node_modules/@tanstack/react-query/build/modern/QueryClientProvider.js:12:32)
Warning: useLayoutEffect does nothing on the server, because its effect cannot be encoded into the server renderer's output format. This will lead to a mismatch between the initial, non-hydrated UI and the intended UI. To avoid this, useLayoutEffect should only be used in components that render exclusively on the client. See https://reactjs.org/link/uselayouteffect-ssr for common fixes.
    at LinkWithRef (/Users/tunbee27/Documents/Tako-san-ui-rebuild/node_modules/.pnpm/react-router-dom@6.30.6_react-dom@18.3.1_react@18.3.1__react@18.3.1/node_modules/react-router-dom/dist/umd/react-router-dom.development.js:807:9)
    at div
    at section
    at div
    at div
    at div
    at div
    at HomePage (/Users/tunbee27/Documents/Tako-san-ui-rebuild/src/web/pages/HomePage.tsx:161:65)
    at Router (/Users/tunbee27/Documents/Tako-san-ui-rebuild/node_modules/.pnpm/react-router@6.30.6_react@18.3.1/node_modules/react-router/dist/umd/react-router.development.js:1203:17)
    at MemoryRouter (/Users/tunbee27/Documents/Tako-san-ui-rebuild/node_modules/.pnpm/react-router@6.30.6_react@18.3.1/node_modules/react-router/dist/umd/react-router.development.js:1097:7)
    at QueryClientProvider (file:///Users/tunbee27/Documents/Tako-san-ui-rebuild/node_modules/.pnpm/@tanstack+react-query@5.102.8_react@18.3.1/node_modules/@tanstack/react-query/build/modern/QueryClientProvider.js:12:32)
Warning: useLayoutEffect does nothing on the server, because its effect cannot be encoded into the server renderer's output format. This will lead to a mismatch between the initial, non-hydrated UI and the intended UI. To avoid this, useLayoutEffect should only be used in components that render exclusively on the client. See https://reactjs.org/link/uselayouteffect-ssr for common fixes.
    at LinkWithRef (/Users/tunbee27/Documents/Tako-san-ui-rebuild/node_modules/.pnpm/react-router-dom@6.30.6_react-dom@18.3.1_react@18.3.1__react@18.3.1/node_modules/react-router-dom/dist/umd/react-router-dom.development.js:807:9)
    at div
    at section
    at div
    at div
    at div
    at div
    at HomePage (/Users/tunbee27/Documents/Tako-san-ui-rebuild/src/web/pages/HomePage.tsx:161:65)
    at Router (/Users/tunbee27/Documents/Tako-san-ui-rebuild/node_modules/.pnpm/react-router@6.30.6_react@18.3.1/node_modules/react-router/dist/umd/react-router.development.js:1203:17)
    at MemoryRouter (/Users/tunbee27/Documents/Tako-san-ui-rebuild/node_modules/.pnpm/react-router@6.30.6_react@18.3.1/node_modules/react-router/dist/umd/react-router.development.js:1097:7)
    at QueryClientProvider (file:///Users/tunbee27/Documents/Tako-san-ui-rebuild/node_modules/.pnpm/@tanstack+react-query@5.102.8_react@18.3.1/node_modules/@tanstack/react-query/build/modern/QueryClientProvider.js:12:32)
Warning: useLayoutEffect does nothing on the server, because its effect cannot be encoded into the server renderer's output format. This will lead to a mismatch between the initial, non-hydrated UI and the intended UI. To avoid this, useLayoutEffect should only be used in components that render exclusively on the client. See https://reactjs.org/link/uselayouteffect-ssr for common fixes.
    at LinkWithRef (/Users/tunbee27/Documents/Tako-san-ui-rebuild/node_modules/.pnpm/react-router-dom@6.30.6_react-dom@18.3.1_react@18.3.1__react@18.3.1/node_modules/react-router-dom/dist/umd/react-router-dom.development.js:807:9)
    at div
    at section
    at div
    at div
    at div
    at div
    at HomePage (/Users/tunbee27/Documents/Tako-san-ui-rebuild/src/web/pages/HomePage.tsx:161:65)
    at Router (/Users/tunbee27/Documents/Tako-san-ui-rebuild/node_modules/.pnpm/react-router@6.30.6_react@18.3.1/node_modules/react-router/dist/umd/react-router.development.js:1203:17)
    at MemoryRouter (/Users/tunbee27/Documents/Tako-san-ui-rebuild/node_modules/.pnpm/react-router@6.30.6_react@18.3.1/node_modules/react-router/dist/umd/react-router.development.js:1097:7)
    at QueryClientProvider (file:///Users/tunbee27/Documents/Tako-san-ui-rebuild/node_modules/.pnpm/@tanstack+react-query@5.102.8_react@18.3.1/node_modules/@tanstack/react-query/build/modern/QueryClientProvider.js:12:32)
Warning: useLayoutEffect does nothing on the server, because its effect cannot be encoded into the server renderer's output format. This will lead to a mismatch between the initial, non-hydrated UI and the intended UI. To avoid this, useLayoutEffect should only be used in components that render exclusively on the client. See https://reactjs.org/link/uselayouteffect-ssr for common fixes.
    at LinkWithRef (/Users/tunbee27/Documents/Tako-san-ui-rebuild/node_modules/.pnpm/react-router-dom@6.30.6_react-dom@18.3.1_react@18.3.1__react@18.3.1/node_modules/react-router-dom/dist/umd/react-router-dom.development.js:807:9)
    at div
    at section
    at div
    at div
    at div
    at HomePage (/Users/tunbee27/Documents/Tako-san-ui-rebuild/src/web/pages/HomePage.tsx:161:65)
    at Router (/Users/tunbee27/Documents/Tako-san-ui-rebuild/node_modules/.pnpm/react-router@6.30.6_react@18.3.1/node_modules/react-router/dist/umd/react-router.development.js:1203:17)
    at MemoryRouter (/Users/tunbee27/Documents/Tako-san-ui-rebuild/node_modules/.pnpm/react-router@6.30.6_react@18.3.1/node_modules/react-router/dist/umd/react-router.development.js:1097:7)
    at QueryClientProvider (file:///Users/tunbee27/Documents/Tako-san-ui-rebuild/node_modules/.pnpm/@tanstack+react-query@5.102.8_react@18.3.1/node_modules/@tanstack/react-query/build/modern/QueryClientProvider.js:12:32)
Warning: useLayoutEffect does nothing on the server, because its effect cannot be encoded into the server renderer's output format. This will lead to a mismatch between the initial, non-hydrated UI and the intended UI. To avoid this, useLayoutEffect should only be used in components that render exclusively on the client. See https://reactjs.org/link/uselayouteffect-ssr for common fixes.
    at LinkWithRef (/Users/tunbee27/Documents/Tako-san-ui-rebuild/node_modules/.pnpm/react-router-dom@6.30.6_react-dom@18.3.1_react@18.3.1__react@18.3.1/node_modules/react-router-dom/dist/umd/react-router-dom.development.js:807:9)
    at div
    at section
    at div
    at div
    at div
    at HomePage (/Users/tunbee27/Documents/Tako-san-ui-rebuild/src/web/pages/HomePage.tsx:161:65)
    at Router (/Users/tunbee27/Documents/Tako-san-ui-rebuild/node_modules/.pnpm/react-router@6.30.6_react@18.3.1/node_modules/react-router/dist/umd/react-router.development.js:1203:17)
    at MemoryRouter (/Users/tunbee27/Documents/Tako-san-ui-rebuild/node_modules/.pnpm/react-router@6.30.6_react@18.3.1/node_modules/react-router/dist/umd/react-router.development.js:1097:7)
    at QueryClientProvider (file:///Users/tunbee27/Documents/Tako-san-ui-rebuild/node_modules/.pnpm/@tanstack+react-query@5.102.8_react@18.3.1/node_modules/@tanstack/react-query/build/modern/QueryClientProvider.js:12:32)
Warning: useLayoutEffect does nothing on the server, because its effect cannot be encoded into the server renderer's output format. This will lead to a mismatch between the initial, non-hydrated UI and the intended UI. To avoid this, useLayoutEffect should only be used in components that render exclusively on the client. See https://reactjs.org/link/uselayouteffect-ssr for common fixes.
    at LinkWithRef (/Users/tunbee27/Documents/Tako-san-ui-rebuild/node_modules/.pnpm/react-router-dom@6.30.6_react-dom@18.3.1_react@18.3.1__react@18.3.1/node_modules/react-router-dom/dist/umd/react-router-dom.development.js:807:9)
    at section
    at div
    at div
    at div
    at HomePage (/Users/tunbee27/Documents/Tako-san-ui-rebuild/src/web/pages/HomePage.tsx:161:65)
    at Router (/Users/tunbee27/Documents/Tako-san-ui-rebuild/node_modules/.pnpm/react-router@6.30.6_react@18.3.1/node_modules/react-router/dist/umd/react-router.development.js:1203:17)
    at MemoryRouter (/Users/tunbee27/Documents/Tako-san-ui-rebuild/node_modules/.pnpm/react-router@6.30.6_react@18.3.1/node_modules/react-router/dist/umd/react-router.development.js:1097:7)
    at QueryClientProvider (file:///Users/tunbee27/Documents/Tako-san-ui-rebuild/node_modules/.pnpm/@tanstack+react-query@5.102.8_react@18.3.1/node_modules/@tanstack/react-query/build/modern/QueryClientProvider.js:12:32)

stderr | tests/integration/frontend-ui-integration.test.tsx > real Home data rendered through the shared QueryClient > derives the current meal, week progress, budget, and use-soon inventory from query data
Warning: useLayoutEffect does nothing on the server, because its effect cannot be encoded into the server renderer's output format. This will lead to a mismatch between the initial, non-hydrated UI and the intended UI. To avoid this, useLayoutEffect should only be used in components that render exclusively on the client. See https://reactjs.org/link/uselayouteffect-ssr for common fixes.
    at MemoryRouter (/Users/tunbee27/Documents/Tako-san-ui-rebuild/node_modules/.pnpm/react-router@6.30.6_react@18.3.1/node_modules/react-router/dist/umd/react-router.development.js:1097:7)
    at QueryClientProvider (file:///Users/tunbee27/Documents/Tako-san-ui-rebuild/node_modules/.pnpm/@tanstack+react-query@5.102.8_react@18.3.1/node_modules/@tanstack/react-query/build/modern/QueryClientProvider.js:12:32)
Warning: useLayoutEffect does nothing on the server, because its effect cannot be encoded into the server renderer's output format. This will lead to a mismatch between the initial, non-hydrated UI and the intended UI. To avoid this, useLayoutEffect should only be used in components that render exclusively on the client. See https://reactjs.org/link/uselayouteffect-ssr for common fixes.
    at LinkWithRef (/Users/tunbee27/Documents/Tako-san-ui-rebuild/node_modules/.pnpm/react-router-dom@6.30.6_react-dom@18.3.1_react@18.3.1__react@18.3.1/node_modules/react-router-dom/dist/umd/react-router-dom.development.js:807:9)
    at div
    at header
    at KitchenHeader (/Users/tunbee27/Documents/Tako-san-ui-rebuild/src/web/components/common/KitchenHeader.tsx:9:3)
    at TopBar (/Users/tunbee27/Documents/Tako-san-ui-rebuild/src/web/components/common/TopBar.tsx:9:3)
    at div
    at HomePage (/Users/tunbee27/Documents/Tako-san-ui-rebuild/src/web/pages/HomePage.tsx:161:65)
    at Router (/Users/tunbee27/Documents/Tako-san-ui-rebuild/node_modules/.pnpm/react-router@6.30.6_react@18.3.1/node_modules/react-router/dist/umd/react-router.development.js:1203:17)
    at MemoryRouter (/Users/tunbee27/Documents/Tako-san-ui-rebuild/node_modules/.pnpm/react-router@6.30.6_react@18.3.1/node_modules/react-router/dist/umd/react-router.development.js:1097:7)
    at QueryClientProvider (file:///Users/tunbee27/Documents/Tako-san-ui-rebuild/node_modules/.pnpm/@tanstack+react-query@5.102.8_react@18.3.1/node_modules/@tanstack/react-query/build/modern/QueryClientProvider.js:12:32)
Warning: useLayoutEffect does nothing on the server, because its effect cannot be encoded into the server renderer's output format. This will lead to a mismatch between the initial, non-hydrated UI and the intended UI. To avoid this, useLayoutEffect should only be used in components that render exclusively on the client. See https://reactjs.org/link/uselayouteffect-ssr for common fixes.
    at LinkWithRef (/Users/tunbee27/Documents/Tako-san-ui-rebuild/node_modules/.pnpm/react-router-dom@6.30.6_react-dom@18.3.1_react@18.3.1__react@18.3.1/node_modules/react-router-dom/dist/umd/react-router-dom.development.js:807:9)
    at div
    at header
    at KitchenHeader (/Users/tunbee27/Documents/Tako-san-ui-rebuild/src/web/components/common/KitchenHeader.tsx:9:3)
    at TopBar (/Users/tunbee27/Documents/Tako-san-ui-rebuild/src/web/components/common/TopBar.tsx:9:3)
    at div
    at HomePage (/Users/tunbee27/Documents/Tako-san-ui-rebuild/src/web/pages/HomePage.tsx:161:65)
    at Router (/Users/tunbee27/Documents/Tako-san-ui-rebuild/node_modules/.pnpm/react-router@6.30.6_react@18.3.1/node_modules/react-router/dist/umd/react-router.development.js:1203:17)
    at MemoryRouter (/Users/tunbee27/Documents/Tako-san-ui-rebuild/node_modules/.pnpm/react-router@6.30.6_react@18.3.1/node_modules/react-router/dist/umd/react-router.development.js:1097:7)
    at QueryClientProvider (file:///Users/tunbee27/Documents/Tako-san-ui-rebuild/node_modules/.pnpm/@tanstack+react-query@5.102.8_react@18.3.1/node_modules/@tanstack/react-query/build/modern/QueryClientProvider.js:12:32)
Warning: useLayoutEffect does nothing on the server, because its effect cannot be encoded into the server renderer's output format. This will lead to a mismatch between the initial, non-hydrated UI and the intended UI. To avoid this, useLayoutEffect should only be used in components that render exclusively on the client. See https://reactjs.org/link/uselayouteffect-ssr for common fixes.
    at LinkWithRef (/Users/tunbee27/Documents/Tako-san-ui-rebuild/node_modules/.pnpm/react-router-dom@6.30.6_react-dom@18.3.1_react@18.3.1__react@18.3.1/node_modules/react-router-dom/dist/umd/react-router-dom.development.js:807:9)
    at div
    at header
    at KitchenHeader (/Users/tunbee27/Documents/Tako-san-ui-rebuild/src/web/components/common/KitchenHeader.tsx:9:3)
    at TopBar (/Users/tunbee27/Documents/Tako-san-ui-rebuild/src/web/components/common/TopBar.tsx:9:3)
    at div
    at HomePage (/Users/tunbee27/Documents/Tako-san-ui-rebuild/src/web/pages/HomePage.tsx:161:65)
    at Router (/Users/tunbee27/Documents/Tako-san-ui-rebuild/node_modules/.pnpm/react-router@6.30.6_react@18.3.1/node_modules/react-router/dist/umd/react-router.development.js:1203:17)
    at MemoryRouter (/Users/tunbee27/Documents/Tako-san-ui-rebuild/node_modules/.pnpm/react-router@6.30.6_react@18.3.1/node_modules/react-router/dist/umd/react-router.development.js:1097:7)
    at QueryClientProvider (file:///Users/tunbee27/Documents/Tako-san-ui-rebuild/node_modules/.pnpm/@tanstack+react-query@5.102.8_react@18.3.1/node_modules/@tanstack/react-query/build/modern/QueryClientProvider.js:12:32)
Warning: useLayoutEffect does nothing on the server, because its effect cannot be encoded into the server renderer's output format. This will lead to a mismatch between the initial, non-hydrated UI and the intended UI. To avoid this, useLayoutEffect should only be used in components that render exclusively on the client. See https://reactjs.org/link/uselayouteffect-ssr for common fixes.
    at LinkWithRef (/Users/tunbee27/Documents/Tako-san-ui-rebuild/node_modules/.pnpm/react-router-dom@6.30.6_react-dom@18.3.1_react@18.3.1__react@18.3.1/node_modules/react-router-dom/dist/umd/react-router-dom.development.js:807:9)
    at div
    at section
    at PlannedMeal (/Users/tunbee27/Documents/Tako-san-ui-rebuild/src/web/pages/HomePage.tsx:22:24)
    at div
    at div
    at div
    at div
    at HomePage (/Users/tunbee27/Documents/Tako-san-ui-rebuild/src/web/pages/HomePage.tsx:161:65)
    at Router (/Users/tunbee27/Documents/Tako-san-ui-rebuild/node_modules/.pnpm/react-router@6.30.6_react@18.3.1/node_modules/react-router/dist/umd/react-router.development.js:1203:17)
    at MemoryRouter (/Users/tunbee27/Documents/Tako-san-ui-rebuild/node_modules/.pnpm/react-router@6.30.6_react@18.3.1/node_modules/react-router/dist/umd/react-router.development.js:1097:7)
    at QueryClientProvider (file:///Users/tunbee27/Documents/Tako-san-ui-rebuild/node_modules/.pnpm/@tanstack+react-query@5.102.8_react@18.3.1/node_modules/@tanstack/react-query/build/modern/QueryClientProvider.js:12:32)
Warning: useLayoutEffect does nothing on the server, because its effect cannot be encoded into the server renderer's output format. This will lead to a mismatch between the initial, non-hydrated UI and the intended UI. To avoid this, useLayoutEffect should only be used in components that render exclusively on the client. See https://reactjs.org/link/uselayouteffect-ssr for common fixes.
    at LinkWithRef (/Users/tunbee27/Documents/Tako-san-ui-rebuild/node_modules/.pnpm/react-router-dom@6.30.6_react-dom@18.3.1_react@18.3.1__react@18.3.1/node_modules/react-router-dom/dist/umd/react-router-dom.development.js:807:9)
    at section
    at div
    at div
    at div
    at div
    at HomePage (/Users/tunbee27/Documents/Tako-san-ui-rebuild/src/web/pages/HomePage.tsx:161:65)
    at Router (/Users/tunbee27/Documents/Tako-san-ui-rebuild/node_modules/.pnpm/react-router@6.30.6_react@18.3.1/node_modules/react-router/dist/umd/react-router.development.js:1203:17)
    at MemoryRouter (/Users/tunbee27/Documents/Tako-san-ui-rebuild/node_modules/.pnpm/react-router@6.30.6_react@18.3.1/node_modules/react-router/dist/umd/react-router.development.js:1097:7)
    at QueryClientProvider (file:///Users/tunbee27/Documents/Tako-san-ui-rebuild/node_modules/.pnpm/@tanstack+react-query@5.102.8_react@18.3.1/node_modules/@tanstack/react-query/build/modern/QueryClientProvider.js:12:32)
Warning: useLayoutEffect does nothing on the server, because its effect cannot be encoded into the server renderer's output format. This will lead to a mismatch between the initial, non-hydrated UI and the intended UI. To avoid this, useLayoutEffect should only be used in components that render exclusively on the client. See https://reactjs.org/link/uselayouteffect-ssr for common fixes.
    at LinkWithRef (/Users/tunbee27/Documents/Tako-san-ui-rebuild/node_modules/.pnpm/react-router-dom@6.30.6_react-dom@18.3.1_react@18.3.1__react@18.3.1/node_modules/react-router-dom/dist/umd/react-router-dom.development.js:807:9)
    at div
    at section
    at div
    at div
    at div
    at div
    at HomePage (/Users/tunbee27/Documents/Tako-san-ui-rebuild/src/web/pages/HomePage.tsx:161:65)
    at Router (/Users/tunbee27/Documents/Tako-san-ui-rebuild/node_modules/.pnpm/react-router@6.30.6_react@18.3.1/node_modules/react-router/dist/umd/react-router.development.js:1203:17)
    at MemoryRouter (/Users/tunbee27/Documents/Tako-san-ui-rebuild/node_modules/.pnpm/react-router@6.30.6_react@18.3.1/node_modules/react-router/dist/umd/react-router.development.js:1097:7)
    at QueryClientProvider (file:///Users/tunbee27/Documents/Tako-san-ui-rebuild/node_modules/.pnpm/@tanstack+react-query@5.102.8_react@18.3.1/node_modules/@tanstack/react-query/build/modern/QueryClientProvider.js:12:32)
Warning: useLayoutEffect does nothing on the server, because its effect cannot be encoded into the server renderer's output format. This will lead to a mismatch between the initial, non-hydrated UI and the intended UI. To avoid this, useLayoutEffect should only be used in components that render exclusively on the client. See https://reactjs.org/link/uselayouteffect-ssr for common fixes.
    at LinkWithRef (/Users/tunbee27/Documents/Tako-san-ui-rebuild/node_modules/.pnpm/react-router-dom@6.30.6_react-dom@18.3.1_react@18.3.1__react@18.3.1/node_modules/react-router-dom/dist/umd/react-router-dom.development.js:807:9)
    at div
    at section
    at div
    at div
    at div
    at div
    at HomePage (/Users/tunbee27/Documents/Tako-san-ui-rebuild/src/web/pages/HomePage.tsx:161:65)
    at Router (/Users/tunbee27/Documents/Tako-san-ui-rebuild/node_modules/.pnpm/react-router@6.30.6_react@18.3.1/node_modules/react-router/dist/umd/react-router.development.js:1203:17)
    at MemoryRouter (/Users/tunbee27/Documents/Tako-san-ui-rebuild/node_modules/.pnpm/react-router@6.30.6_react@18.3.1/node_modules/react-router/dist/umd/react-router.development.js:1097:7)
    at QueryClientProvider (file:///Users/tunbee27/Documents/Tako-san-ui-rebuild/node_modules/.pnpm/@tanstack+react-query@5.102.8_react@18.3.1/node_modules/@tanstack/react-query/build/modern/QueryClientProvider.js:12:32)
Warning: useLayoutEffect does nothing on the server, because its effect cannot be encoded into the server renderer's output format. This will lead to a mismatch between the initial, non-hydrated UI and the intended UI. To avoid this, useLayoutEffect should only be used in components that render exclusively on the client. See https://reactjs.org/link/uselayouteffect-ssr for common fixes.
    at LinkWithRef (/Users/tunbee27/Documents/Tako-san-ui-rebuild/node_modules/.pnpm/react-router-dom@6.30.6_react-dom@18.3.1_react@18.3.1__react@18.3.1/node_modules/react-router-dom/dist/umd/react-router-dom.development.js:807:9)
    at div
    at section
    at div
    at div
    at div
    at HomePage (/Users/tunbee27/Documents/Tako-san-ui-rebuild/src/web/pages/HomePage.tsx:161:65)
    at Router (/Users/tunbee27/Documents/Tako-san-ui-rebuild/node_modules/.pnpm/react-router@6.30.6_react@18.3.1/node_modules/react-router/dist/umd/react-router.development.js:1203:17)
    at MemoryRouter (/Users/tunbee27/Documents/Tako-san-ui-rebuild/node_modules/.pnpm/react-router@6.30.6_react@18.3.1/node_modules/react-router/dist/umd/react-router.development.js:1097:7)
    at QueryClientProvider (file:///Users/tunbee27/Documents/Tako-san-ui-rebuild/node_modules/.pnpm/@tanstack+react-query@5.102.8_react@18.3.1/node_modules/@tanstack/react-query/build/modern/QueryClientProvider.js:12:32)
Warning: useLayoutEffect does nothing on the server, because its effect cannot be encoded into the server renderer's output format. This will lead to a mismatch between the initial, non-hydrated UI and the intended UI. To avoid this, useLayoutEffect should only be used in components that render exclusively on the client. See https://reactjs.org/link/uselayouteffect-ssr for common fixes.
    at LinkWithRef (/Users/tunbee27/Documents/Tako-san-ui-rebuild/node_modules/.pnpm/react-router-dom@6.30.6_react-dom@18.3.1_react@18.3.1__react@18.3.1/node_modules/react-router-dom/dist/umd/react-router-dom.development.js:807:9)
    at div
    at section
    at div
    at div
    at div
    at HomePage (/Users/tunbee27/Documents/Tako-san-ui-rebuild/src/web/pages/HomePage.tsx:161:65)
    at Router (/Users/tunbee27/Documents/Tako-san-ui-rebuild/node_modules/.pnpm/react-router@6.30.6_react@18.3.1/node_modules/react-router/dist/umd/react-router.development.js:1203:17)
    at MemoryRouter (/Users/tunbee27/Documents/Tako-san-ui-rebuild/node_modules/.pnpm/react-router@6.30.6_react@18.3.1/node_modules/react-router/dist/umd/react-router.development.js:1097:7)
    at QueryClientProvider (file:///Users/tunbee27/Documents/Tako-san-ui-rebuild/node_modules/.pnpm/@tanstack+react-query@5.102.8_react@18.3.1/node_modules/@tanstack/react-query/build/modern/QueryClientProvider.js:12:32)
Warning: useLayoutEffect does nothing on the server, because its effect cannot be encoded into the server renderer's output format. This will lead to a mismatch between the initial, non-hydrated UI and the intended UI. To avoid this, useLayoutEffect should only be used in components that render exclusively on the client. See https://reactjs.org/link/uselayouteffect-ssr for common fixes.
    at LinkWithRef (/Users/tunbee27/Documents/Tako-san-ui-rebuild/node_modules/.pnpm/react-router-dom@6.30.6_react-dom@18.3.1_react@18.3.1__react@18.3.1/node_modules/react-router-dom/dist/umd/react-router-dom.development.js:807:9)
    at section
    at div
    at div
    at div
    at HomePage (/Users/tunbee27/Documents/Tako-san-ui-rebuild/src/web/pages/HomePage.tsx:161:65)
    at Router (/Users/tunbee27/Documents/Tako-san-ui-rebuild/node_modules/.pnpm/react-router@6.30.6_react@18.3.1/node_modules/react-router/dist/umd/react-router.development.js:1203:17)
    at MemoryRouter (/Users/tunbee27/Documents/Tako-san-ui-rebuild/node_modules/.pnpm/react-router@6.30.6_react@18.3.1/node_modules/react-router/dist/umd/react-router.development.js:1097:7)
    at QueryClientProvider (file:///Users/tunbee27/Documents/Tako-san-ui-rebuild/node_modules/.pnpm/@tanstack+react-query@5.102.8_react@18.3.1/node_modules/@tanstack/react-query/build/modern/QueryClientProvider.js:12:32)

stderr | tests/integration/frontend-ui-integration.test.tsx > real Home data rendered through the shared QueryClient > qualifies estimated expiry on Home and keeps KNOWN/ESTIMATED/UNKNOWN visually distinct
Warning: useLayoutEffect does nothing on the server, because its effect cannot be encoded into the server renderer's output format. This will lead to a mismatch between the initial, non-hydrated UI and the intended UI. To avoid this, useLayoutEffect should only be used in components that render exclusively on the client. See https://reactjs.org/link/uselayouteffect-ssr for common fixes.
    at MemoryRouter (/Users/tunbee27/Documents/Tako-san-ui-rebuild/node_modules/.pnpm/react-router@6.30.6_react@18.3.1/node_modules/react-router/dist/umd/react-router.development.js:1097:7)
    at QueryClientProvider (file:///Users/tunbee27/Documents/Tako-san-ui-rebuild/node_modules/.pnpm/@tanstack+react-query@5.102.8_react@18.3.1/node_modules/@tanstack/react-query/build/modern/QueryClientProvider.js:12:32)
Warning: useLayoutEffect does nothing on the server, because its effect cannot be encoded into the server renderer's output format. This will lead to a mismatch between the initial, non-hydrated UI and the intended UI. To avoid this, useLayoutEffect should only be used in components that render exclusively on the client. See https://reactjs.org/link/uselayouteffect-ssr for common fixes.
    at LinkWithRef (/Users/tunbee27/Documents/Tako-san-ui-rebuild/node_modules/.pnpm/react-router-dom@6.30.6_react-dom@18.3.1_react@18.3.1__react@18.3.1/node_modules/react-router-dom/dist/umd/react-router-dom.development.js:807:9)
    at div
    at header
    at KitchenHeader (/Users/tunbee27/Documents/Tako-san-ui-rebuild/src/web/components/common/KitchenHeader.tsx:9:3)
    at TopBar (/Users/tunbee27/Documents/Tako-san-ui-rebuild/src/web/components/common/TopBar.tsx:9:3)
    at div
    at HomePage (/Users/tunbee27/Documents/Tako-san-ui-rebuild/src/web/pages/HomePage.tsx:161:65)
    at Router (/Users/tunbee27/Documents/Tako-san-ui-rebuild/node_modules/.pnpm/react-router@6.30.6_react@18.3.1/node_modules/react-router/dist/umd/react-router.development.js:1203:17)
    at MemoryRouter (/Users/tunbee27/Documents/Tako-san-ui-rebuild/node_modules/.pnpm/react-router@6.30.6_react@18.3.1/node_modules/react-router/dist/umd/react-router.development.js:1097:7)
    at QueryClientProvider (file:///Users/tunbee27/Documents/Tako-san-ui-rebuild/node_modules/.pnpm/@tanstack+react-query@5.102.8_react@18.3.1/node_modules/@tanstack/react-query/build/modern/QueryClientProvider.js:12:32)
Warning: useLayoutEffect does nothing on the server, because its effect cannot be encoded into the server renderer's output format. This will lead to a mismatch between the initial, non-hydrated UI and the intended UI. To avoid this, useLayoutEffect should only be used in components that render exclusively on the client. See https://reactjs.org/link/uselayouteffect-ssr for common fixes.
    at LinkWithRef (/Users/tunbee27/Documents/Tako-san-ui-rebuild/node_modules/.pnpm/react-router-dom@6.30.6_react-dom@18.3.1_react@18.3.1__react@18.3.1/node_modules/react-router-dom/dist/umd/react-router-dom.development.js:807:9)
    at div
    at header
    at KitchenHeader (/Users/tunbee27/Documents/Tako-san-ui-rebuild/src/web/components/common/KitchenHeader.tsx:9:3)
    at TopBar (/Users/tunbee27/Documents/Tako-san-ui-rebuild/src/web/components/common/TopBar.tsx:9:3)
    at div
    at HomePage (/Users/tunbee27/Documents/Tako-san-ui-rebuild/src/web/pages/HomePage.tsx:161:65)
    at Router (/Users/tunbee27/Documents/Tako-san-ui-rebuild/node_modules/.pnpm/react-router@6.30.6_react@18.3.1/node_modules/react-router/dist/umd/react-router.development.js:1203:17)
    at MemoryRouter (/Users/tunbee27/Documents/Tako-san-ui-rebuild/node_modules/.pnpm/react-router@6.30.6_react@18.3.1/node_modules/react-router/dist/umd/react-router.development.js:1097:7)
    at QueryClientProvider (file:///Users/tunbee27/Documents/Tako-san-ui-rebuild/node_modules/.pnpm/@tanstack+react-query@5.102.8_react@18.3.1/node_modules/@tanstack/react-query/build/modern/QueryClientProvider.js:12:32)
Warning: useLayoutEffect does nothing on the server, because its effect cannot be encoded into the server renderer's output format. This will lead to a mismatch between the initial, non-hydrated UI and the intended UI. To avoid this, useLayoutEffect should only be used in components that render exclusively on the client. See https://reactjs.org/link/uselayouteffect-ssr for common fixes.
    at LinkWithRef (/Users/tunbee27/Documents/Tako-san-ui-rebuild/node_modules/.pnpm/react-router-dom@6.30.6_react-dom@18.3.1_react@18.3.1__react@18.3.1/node_modules/react-router-dom/dist/umd/react-router-dom.development.js:807:9)
    at div
    at header
    at KitchenHeader (/Users/tunbee27/Documents/Tako-san-ui-rebuild/src/web/components/common/KitchenHeader.tsx:9:3)
    at TopBar (/Users/tunbee27/Documents/Tako-san-ui-rebuild/src/web/components/common/TopBar.tsx:9:3)
    at div
    at HomePage (/Users/tunbee27/Documents/Tako-san-ui-rebuild/src/web/pages/HomePage.tsx:161:65)
    at Router (/Users/tunbee27/Documents/Tako-san-ui-rebuild/node_modules/.pnpm/react-router@6.30.6_react@18.3.1/node_modules/react-router/dist/umd/react-router.development.js:1203:17)
    at MemoryRouter (/Users/tunbee27/Documents/Tako-san-ui-rebuild/node_modules/.pnpm/react-router@6.30.6_react@18.3.1/node_modules/react-router/dist/umd/react-router.development.js:1097:7)
    at QueryClientProvider (file:///Users/tunbee27/Documents/Tako-san-ui-rebuild/node_modules/.pnpm/@tanstack+react-query@5.102.8_react@18.3.1/node_modules/@tanstack/react-query/build/modern/QueryClientProvider.js:12:32)
Warning: useLayoutEffect does nothing on the server, because its effect cannot be encoded into the server renderer's output format. This will lead to a mismatch between the initial, non-hydrated UI and the intended UI. To avoid this, useLayoutEffect should only be used in components that render exclusively on the client. See https://reactjs.org/link/uselayouteffect-ssr for common fixes.
    at LinkWithRef (/Users/tunbee27/Documents/Tako-san-ui-rebuild/node_modules/.pnpm/react-router-dom@6.30.6_react-dom@18.3.1_react@18.3.1__react@18.3.1/node_modules/react-router-dom/dist/umd/react-router-dom.development.js:807:9)
    at div
    at section
    at div
    at div
    at div
    at div
    at HomePage (/Users/tunbee27/Documents/Tako-san-ui-rebuild/src/web/pages/HomePage.tsx:161:65)
    at Router (/Users/tunbee27/Documents/Tako-san-ui-rebuild/node_modules/.pnpm/react-router@6.30.6_react@18.3.1/node_modules/react-router/dist/umd/react-router.development.js:1203:17)
    at MemoryRouter (/Users/tunbee27/Documents/Tako-san-ui-rebuild/node_modules/.pnpm/react-router@6.30.6_react@18.3.1/node_modules/react-router/dist/umd/react-router.development.js:1097:7)
    at QueryClientProvider (file:///Users/tunbee27/Documents/Tako-san-ui-rebuild/node_modules/.pnpm/@tanstack+react-query@5.102.8_react@18.3.1/node_modules/@tanstack/react-query/build/modern/QueryClientProvider.js:12:32)
Warning: useLayoutEffect does nothing on the server, because its effect cannot be encoded into the server renderer's output format. This will lead to a mismatch between the initial, non-hydrated UI and the intended UI. To avoid this, useLayoutEffect should only be used in components that render exclusively on the client. See https://reactjs.org/link/uselayouteffect-ssr for common fixes.
    at LinkWithRef (/Users/tunbee27/Documents/Tako-san-ui-rebuild/node_modules/.pnpm/react-router-dom@6.30.6_react-dom@18.3.1_react@18.3.1__react@18.3.1/node_modules/react-router-dom/dist/umd/react-router-dom.development.js:807:9)
    at div
    at section
    at div
    at div
    at div
    at div
    at HomePage (/Users/tunbee27/Documents/Tako-san-ui-rebuild/src/web/pages/HomePage.tsx:161:65)
    at Router (/Users/tunbee27/Documents/Tako-san-ui-rebuild/node_modules/.pnpm/react-router@6.30.6_react@18.3.1/node_modules/react-router/dist/umd/react-router.development.js:1203:17)
    at MemoryRouter (/Users/tunbee27/Documents/Tako-san-ui-rebuild/node_modules/.pnpm/react-router@6.30.6_react@18.3.1/node_modules/react-router/dist/umd/react-router.development.js:1097:7)
    at QueryClientProvider (file:///Users/tunbee27/Documents/Tako-san-ui-rebuild/node_modules/.pnpm/@tanstack+react-query@5.102.8_react@18.3.1/node_modules/@tanstack/react-query/build/modern/QueryClientProvider.js:12:32)
Warning: useLayoutEffect does nothing on the server, because its effect cannot be encoded into the server renderer's output format. This will lead to a mismatch between the initial, non-hydrated UI and the intended UI. To avoid this, useLayoutEffect should only be used in components that render exclusively on the client. See https://reactjs.org/link/uselayouteffect-ssr for common fixes.
    at LinkWithRef (/Users/tunbee27/Documents/Tako-san-ui-rebuild/node_modules/.pnpm/react-router-dom@6.30.6_react-dom@18.3.1_react@18.3.1__react@18.3.1/node_modules/react-router-dom/dist/umd/react-router-dom.development.js:807:9)
    at div
    at section
    at div
    at div
    at div
    at div
    at HomePage (/Users/tunbee27/Documents/Tako-san-ui-rebuild/src/web/pages/HomePage.tsx:161:65)
    at Router (/Users/tunbee27/Documents/Tako-san-ui-rebuild/node_modules/.pnpm/react-router@6.30.6_react@18.3.1/node_modules/react-router/dist/umd/react-router.development.js:1203:17)
    at MemoryRouter (/Users/tunbee27/Documents/Tako-san-ui-rebuild/node_modules/.pnpm/react-router@6.30.6_react@18.3.1/node_modules/react-router/dist/umd/react-router.development.js:1097:7)
    at QueryClientProvider (file:///Users/tunbee27/Documents/Tako-san-ui-rebuild/node_modules/.pnpm/@tanstack+react-query@5.102.8_react@18.3.1/node_modules/@tanstack/react-query/build/modern/QueryClientProvider.js:12:32)
Warning: useLayoutEffect does nothing on the server, because its effect cannot be encoded into the server renderer's output format. This will lead to a mismatch between the initial, non-hydrated UI and the intended UI. To avoid this, useLayoutEffect should only be used in components that render exclusively on the client. See https://reactjs.org/link/uselayouteffect-ssr for common fixes.
    at LinkWithRef (/Users/tunbee27/Documents/Tako-san-ui-rebuild/node_modules/.pnpm/react-router-dom@6.30.6_react-dom@18.3.1_react@18.3.1__react@18.3.1/node_modules/react-router-dom/dist/umd/react-router-dom.development.js:807:9)
    at div
    at section
    at div
    at div
    at div
    at div
    at HomePage (/Users/tunbee27/Documents/Tako-san-ui-rebuild/src/web/pages/HomePage.tsx:161:65)
    at Router (/Users/tunbee27/Documents/Tako-san-ui-rebuild/node_modules/.pnpm/react-router@6.30.6_react@18.3.1/node_modules/react-router/dist/umd/react-router.development.js:1203:17)
    at MemoryRouter (/Users/tunbee27/Documents/Tako-san-ui-rebuild/node_modules/.pnpm/react-router@6.30.6_react@18.3.1/node_modules/react-router/dist/umd/react-router.development.js:1097:7)
    at QueryClientProvider (file:///Users/tunbee27/Documents/Tako-san-ui-rebuild/node_modules/.pnpm/@tanstack+react-query@5.102.8_react@18.3.1/node_modules/@tanstack/react-query/build/modern/QueryClientProvider.js:12:32)
Warning: useLayoutEffect does nothing on the server, because its effect cannot be encoded into the server renderer's output format. This will lead to a mismatch between the initial, non-hydrated UI and the intended UI. To avoid this, useLayoutEffect should only be used in components that render exclusively on the client. See https://reactjs.org/link/uselayouteffect-ssr for common fixes.
    at LinkWithRef (/Users/tunbee27/Documents/Tako-san-ui-rebuild/node_modules/.pnpm/react-router-dom@6.30.6_react-dom@18.3.1_react@18.3.1__react@18.3.1/node_modules/react-router-dom/dist/umd/react-router-dom.development.js:807:9)
    at div
    at section
    at div
    at div
    at div
    at div
    at HomePage (/Users/tunbee27/Documents/Tako-san-ui-rebuild/src/web/pages/HomePage.tsx:161:65)
    at Router (/Users/tunbee27/Documents/Tako-san-ui-rebuild/node_modules/.pnpm/react-router@6.30.6_react@18.3.1/node_modules/react-router/dist/umd/react-router.development.js:1203:17)
    at MemoryRouter (/Users/tunbee27/Documents/Tako-san-ui-rebuild/node_modules/.pnpm/react-router@6.30.6_react@18.3.1/node_modules/react-router/dist/umd/react-router.development.js:1097:7)
    at QueryClientProvider (file:///Users/tunbee27/Documents/Tako-san-ui-rebuild/node_modules/.pnpm/@tanstack+react-query@5.102.8_react@18.3.1/node_modules/@tanstack/react-query/build/modern/QueryClientProvider.js:12:32)
Warning: useLayoutEffect does nothing on the server, because its effect cannot be encoded into the server renderer's output format. This will lead to a mismatch between the initial, non-hydrated UI and the intended UI. To avoid this, useLayoutEffect should only be used in components that render exclusively on the client. See https://reactjs.org/link/uselayouteffect-ssr for common fixes.
    at LinkWithRef (/Users/tunbee27/Documents/Tako-san-ui-rebuild/node_modules/.pnpm/react-router-dom@6.30.6_react-dom@18.3.1_react@18.3.1__react@18.3.1/node_modules/react-router-dom/dist/umd/react-router-dom.development.js:807:9)
    at div
    at section
    at div
    at div
    at div
    at HomePage (/Users/tunbee27/Documents/Tako-san-ui-rebuild/src/web/pages/HomePage.tsx:161:65)
    at Router (/Users/tunbee27/Documents/Tako-san-ui-rebuild/node_modules/.pnpm/react-router@6.30.6_react@18.3.1/node_modules/react-router/dist/umd/react-router.development.js:1203:17)
    at MemoryRouter (/Users/tunbee27/Documents/Tako-san-ui-rebuild/node_modules/.pnpm/react-router@6.30.6_react@18.3.1/node_modules/react-router/dist/umd/react-router.development.js:1097:7)
    at QueryClientProvider (file:///Users/tunbee27/Documents/Tako-san-ui-rebuild/node_modules/.pnpm/@tanstack+react-query@5.102.8_react@18.3.1/node_modules/@tanstack/react-query/build/modern/QueryClientProvider.js:12:32)
Warning: useLayoutEffect does nothing on the server, because its effect cannot be encoded into the server renderer's output format. This will lead to a mismatch between the initial, non-hydrated UI and the intended UI. To avoid this, useLayoutEffect should only be used in components that render exclusively on the client. See https://reactjs.org/link/uselayouteffect-ssr for common fixes.
    at LinkWithRef (/Users/tunbee27/Documents/Tako-san-ui-rebuild/node_modules/.pnpm/react-router-dom@6.30.6_react-dom@18.3.1_react@18.3.1__react@18.3.1/node_modules/react-router-dom/dist/umd/react-router-dom.development.js:807:9)
    at div
    at section
    at div
    at div
    at div
    at HomePage (/Users/tunbee27/Documents/Tako-san-ui-rebuild/src/web/pages/HomePage.tsx:161:65)
    at Router (/Users/tunbee27/Documents/Tako-san-ui-rebuild/node_modules/.pnpm/react-router@6.30.6_react@18.3.1/node_modules/react-router/dist/umd/react-router.development.js:1203:17)
    at MemoryRouter (/Users/tunbee27/Documents/Tako-san-ui-rebuild/node_modules/.pnpm/react-router@6.30.6_react@18.3.1/node_modules/react-router/dist/umd/react-router.development.js:1097:7)
    at QueryClientProvider (file:///Users/tunbee27/Documents/Tako-san-ui-rebuild/node_modules/.pnpm/@tanstack+react-query@5.102.8_react@18.3.1/node_modules/@tanstack/react-query/build/modern/QueryClientProvider.js:12:32)
Warning: useLayoutEffect does nothing on the server, because its effect cannot be encoded into the server renderer's output format. This will lead to a mismatch between the initial, non-hydrated UI and the intended UI. To avoid this, useLayoutEffect should only be used in components that render exclusively on the client. See https://reactjs.org/link/uselayouteffect-ssr for common fixes.
    at LinkWithRef (/Users/tunbee27/Documents/Tako-san-ui-rebuild/node_modules/.pnpm/react-router-dom@6.30.6_react-dom@18.3.1_react@18.3.1__react@18.3.1/node_modules/react-router-dom/dist/umd/react-router-dom.development.js:807:9)
    at section
    at div
    at div
    at div
    at HomePage (/Users/tunbee27/Documents/Tako-san-ui-rebuild/src/web/pages/HomePage.tsx:161:65)
    at Router (/Users/tunbee27/Documents/Tako-san-ui-rebuild/node_modules/.pnpm/react-router@6.30.6_react@18.3.1/node_modules/react-router/dist/umd/react-router.development.js:1203:17)
    at MemoryRouter (/Users/tunbee27/Documents/Tako-san-ui-rebuild/node_modules/.pnpm/react-router@6.30.6_react@18.3.1/node_modules/react-router/dist/umd/react-router.development.js:1097:7)
    at QueryClientProvider (file:///Users/tunbee27/Documents/Tako-san-ui-rebuild/node_modules/.pnpm/@tanstack+react-query@5.102.8_react@18.3.1/node_modules/@tanstack/react-query/build/modern/QueryClientProvider.js:12:32)

stderr | tests/integration/frontend-ui-integration.test.tsx > real Home data rendered through the shared QueryClient > keeps successful widgets visible while a failed Home query offers retry
Warning: useLayoutEffect does nothing on the server, because its effect cannot be encoded into the server renderer's output format. This will lead to a mismatch between the initial, non-hydrated UI and the intended UI. To avoid this, useLayoutEffect should only be used in components that render exclusively on the client. See https://reactjs.org/link/uselayouteffect-ssr for common fixes.
    at MemoryRouter (/Users/tunbee27/Documents/Tako-san-ui-rebuild/node_modules/.pnpm/react-router@6.30.6_react@18.3.1/node_modules/react-router/dist/umd/react-router.development.js:1097:7)
    at QueryClientProvider (file:///Users/tunbee27/Documents/Tako-san-ui-rebuild/node_modules/.pnpm/@tanstack+react-query@5.102.8_react@18.3.1/node_modules/@tanstack/react-query/build/modern/QueryClientProvider.js:12:32)
Warning: useLayoutEffect does nothing on the server, because its effect cannot be encoded into the server renderer's output format. This will lead to a mismatch between the initial, non-hydrated UI and the intended UI. To avoid this, useLayoutEffect should only be used in components that render exclusively on the client. See https://reactjs.org/link/uselayouteffect-ssr for common fixes.
    at LinkWithRef (/Users/tunbee27/Documents/Tako-san-ui-rebuild/node_modules/.pnpm/react-router-dom@6.30.6_react-dom@18.3.1_react@18.3.1__react@18.3.1/node_modules/react-router-dom/dist/umd/react-router-dom.development.js:807:9)
    at div
    at header
    at KitchenHeader (/Users/tunbee27/Documents/Tako-san-ui-rebuild/src/web/components/common/KitchenHeader.tsx:9:3)
    at TopBar (/Users/tunbee27/Documents/Tako-san-ui-rebuild/src/web/components/common/TopBar.tsx:9:3)
    at div
    at HomePage (/Users/tunbee27/Documents/Tako-san-ui-rebuild/src/web/pages/HomePage.tsx:161:65)
    at Router (/Users/tunbee27/Documents/Tako-san-ui-rebuild/node_modules/.pnpm/react-router@6.30.6_react@18.3.1/node_modules/react-router/dist/umd/react-router.development.js:1203:17)
    at MemoryRouter (/Users/tunbee27/Documents/Tako-san-ui-rebuild/node_modules/.pnpm/react-router@6.30.6_react@18.3.1/node_modules/react-router/dist/umd/react-router.development.js:1097:7)
    at QueryClientProvider (file:///Users/tunbee27/Documents/Tako-san-ui-rebuild/node_modules/.pnpm/@tanstack+react-query@5.102.8_react@18.3.1/node_modules/@tanstack/react-query/build/modern/QueryClientProvider.js:12:32)
Warning: useLayoutEffect does nothing on the server, because its effect cannot be encoded into the server renderer's output format. This will lead to a mismatch between the initial, non-hydrated UI and the intended UI. To avoid this, useLayoutEffect should only be used in components that render exclusively on the client. See https://reactjs.org/link/uselayouteffect-ssr for common fixes.
    at LinkWithRef (/Users/tunbee27/Documents/Tako-san-ui-rebuild/node_modules/.pnpm/react-router-dom@6.30.6_react-dom@18.3.1_react@18.3.1__react@18.3.1/node_modules/react-router-dom/dist/umd/react-router-dom.development.js:807:9)
    at div
    at header
    at KitchenHeader (/Users/tunbee27/Documents/Tako-san-ui-rebuild/src/web/components/common/KitchenHeader.tsx:9:3)
    at TopBar (/Users/tunbee27/Documents/Tako-san-ui-rebuild/src/web/components/common/TopBar.tsx:9:3)
    at div
    at HomePage (/Users/tunbee27/Documents/Tako-san-ui-rebuild/src/web/pages/HomePage.tsx:161:65)
    at Router (/Users/tunbee27/Documents/Tako-san-ui-rebuild/node_modules/.pnpm/react-router@6.30.6_react@18.3.1/node_modules/react-router/dist/umd/react-router.development.js:1203:17)
    at MemoryRouter (/Users/tunbee27/Documents/Tako-san-ui-rebuild/node_modules/.pnpm/react-router@6.30.6_react@18.3.1/node_modules/react-router/dist/umd/react-router.development.js:1097:7)
    at QueryClientProvider (file:///Users/tunbee27/Documents/Tako-san-ui-rebuild/node_modules/.pnpm/@tanstack+react-query@5.102.8_react@18.3.1/node_modules/@tanstack/react-query/build/modern/QueryClientProvider.js:12:32)
Warning: useLayoutEffect does nothing on the server, because its effect cannot be encoded into the server renderer's output format. This will lead to a mismatch between the initial, non-hydrated UI and the intended UI. To avoid this, useLayoutEffect should only be used in components that render exclusively on the client. See https://reactjs.org/link/uselayouteffect-ssr for common fixes.
    at LinkWithRef (/Users/tunbee27/Documents/Tako-san-ui-rebuild/node_modules/.pnpm/react-router-dom@6.30.6_react-dom@18.3.1_react@18.3.1__react@18.3.1/node_modules/react-router-dom/dist/umd/react-router-dom.development.js:807:9)
    at div
    at header
    at KitchenHeader (/Users/tunbee27/Documents/Tako-san-ui-rebuild/src/web/components/common/KitchenHeader.tsx:9:3)
    at TopBar (/Users/tunbee27/Documents/Tako-san-ui-rebuild/src/web/components/common/TopBar.tsx:9:3)
    at div
    at HomePage (/Users/tunbee27/Documents/Tako-san-ui-rebuild/src/web/pages/HomePage.tsx:161:65)
    at Router (/Users/tunbee27/Documents/Tako-san-ui-rebuild/node_modules/.pnpm/react-router@6.30.6_react@18.3.1/node_modules/react-router/dist/umd/react-router.development.js:1203:17)
    at MemoryRouter (/Users/tunbee27/Documents/Tako-san-ui-rebuild/node_modules/.pnpm/react-router@6.30.6_react@18.3.1/node_modules/react-router/dist/umd/react-router.development.js:1097:7)
    at QueryClientProvider (file:///Users/tunbee27/Documents/Tako-san-ui-rebuild/node_modules/.pnpm/@tanstack+react-query@5.102.8_react@18.3.1/node_modules/@tanstack/react-query/build/modern/QueryClientProvider.js:12:32)
Warning: useLayoutEffect does nothing on the server, because its effect cannot be encoded into the server renderer's output format. This will lead to a mismatch between the initial, non-hydrated UI and the intended UI. To avoid this, useLayoutEffect should only be used in components that render exclusively on the client. See https://reactjs.org/link/uselayouteffect-ssr for common fixes.
    at LinkWithRef (/Users/tunbee27/Documents/Tako-san-ui-rebuild/node_modules/.pnpm/react-router-dom@6.30.6_react-dom@18.3.1_react@18.3.1__react@18.3.1/node_modules/react-router-dom/dist/umd/react-router-dom.development.js:807:9)
    at div
    at section
    at div
    at div
    at div
    at div
    at HomePage (/Users/tunbee27/Documents/Tako-san-ui-rebuild/src/web/pages/HomePage.tsx:161:65)
    at Router (/Users/tunbee27/Documents/Tako-san-ui-rebuild/node_modules/.pnpm/react-router@6.30.6_react@18.3.1/node_modules/react-router/dist/umd/react-router.development.js:1203:17)
    at MemoryRouter (/Users/tunbee27/Documents/Tako-san-ui-rebuild/node_modules/.pnpm/react-router@6.30.6_react@18.3.1/node_modules/react-router/dist/umd/react-router.development.js:1097:7)
    at QueryClientProvider (file:///Users/tunbee27/Documents/Tako-san-ui-rebuild/node_modules/.pnpm/@tanstack+react-query@5.102.8_react@18.3.1/node_modules/@tanstack/react-query/build/modern/QueryClientProvider.js:12:32)
Warning: useLayoutEffect does nothing on the server, because its effect cannot be encoded into the server renderer's output format. This will lead to a mismatch between the initial, non-hydrated UI and the intended UI. To avoid this, useLayoutEffect should only be used in components that render exclusively on the client. See https://reactjs.org/link/uselayouteffect-ssr for common fixes.
    at LinkWithRef (/Users/tunbee27/Documents/Tako-san-ui-rebuild/node_modules/.pnpm/react-router-dom@6.30.6_react-dom@18.3.1_react@18.3.1__react@18.3.1/node_modules/react-router-dom/dist/umd/react-router-dom.development.js:807:9)
    at div
    at section
    at div
    at div
    at div
    at div
    at HomePage (/Users/tunbee27/Documents/Tako-san-ui-rebuild/src/web/pages/HomePage.tsx:161:65)
    at Router (/Users/tunbee27/Documents/Tako-san-ui-rebuild/node_modules/.pnpm/react-router@6.30.6_react@18.3.1/node_modules/react-router/dist/umd/react-router.development.js:1203:17)
    at MemoryRouter (/Users/tunbee27/Documents/Tako-san-ui-rebuild/node_modules/.pnpm/react-router@6.30.6_react@18.3.1/node_modules/react-router/dist/umd/react-router.development.js:1097:7)
    at QueryClientProvider (file:///Users/tunbee27/Documents/Tako-san-ui-rebuild/node_modules/.pnpm/@tanstack+react-query@5.102.8_react@18.3.1/node_modules/@tanstack/react-query/build/modern/QueryClientProvider.js:12:32)
Warning: useLayoutEffect does nothing on the server, because its effect cannot be encoded into the server renderer's output format. This will lead to a mismatch between the initial, non-hydrated UI and the intended UI. To avoid this, useLayoutEffect should only be used in components that render exclusively on the client. See https://reactjs.org/link/uselayouteffect-ssr for common fixes.
    at LinkWithRef (/Users/tunbee27/Documents/Tako-san-ui-rebuild/node_modules/.pnpm/react-router-dom@6.30.6_react-dom@18.3.1_react@18.3.1__react@18.3.1/node_modules/react-router-dom/dist/umd/react-router-dom.development.js:807:9)
    at div
    at section
    at div
    at div
    at div
    at HomePage (/Users/tunbee27/Documents/Tako-san-ui-rebuild/src/web/pages/HomePage.tsx:161:65)
    at Router (/Users/tunbee27/Documents/Tako-san-ui-rebuild/node_modules/.pnpm/react-router@6.30.6_react@18.3.1/node_modules/react-router/dist/umd/react-router.development.js:1203:17)
    at MemoryRouter (/Users/tunbee27/Documents/Tako-san-ui-rebuild/node_modules/.pnpm/react-router@6.30.6_react@18.3.1/node_modules/react-router/dist/umd/react-router.development.js:1097:7)
    at QueryClientProvider (file:///Users/tunbee27/Documents/Tako-san-ui-rebuild/node_modules/.pnpm/@tanstack+react-query@5.102.8_react@18.3.1/node_modules/@tanstack/react-query/build/modern/QueryClientProvider.js:12:32)
Warning: useLayoutEffect does nothing on the server, because its effect cannot be encoded into the server renderer's output format. This will lead to a mismatch between the initial, non-hydrated UI and the intended UI. To avoid this, useLayoutEffect should only be used in components that render exclusively on the client. See https://reactjs.org/link/uselayouteffect-ssr for common fixes.
    at LinkWithRef (/Users/tunbee27/Documents/Tako-san-ui-rebuild/node_modules/.pnpm/react-router-dom@6.30.6_react-dom@18.3.1_react@18.3.1__react@18.3.1/node_modules/react-router-dom/dist/umd/react-router-dom.development.js:807:9)
    at div
    at section
    at div
    at div
    at div
    at HomePage (/Users/tunbee27/Documents/Tako-san-ui-rebuild/src/web/pages/HomePage.tsx:161:65)
    at Router (/Users/tunbee27/Documents/Tako-san-ui-rebuild/node_modules/.pnpm/react-router@6.30.6_react@18.3.1/node_modules/react-router/dist/umd/react-router.development.js:1203:17)
    at MemoryRouter (/Users/tunbee27/Documents/Tako-san-ui-rebuild/node_modules/.pnpm/react-router@6.30.6_react@18.3.1/node_modules/react-router/dist/umd/react-router.development.js:1097:7)
    at QueryClientProvider (file:///Users/tunbee27/Documents/Tako-san-ui-rebuild/node_modules/.pnpm/@tanstack+react-query@5.102.8_react@18.3.1/node_modules/@tanstack/react-query/build/modern/QueryClientProvider.js:12:32)
Warning: useLayoutEffect does nothing on the server, because its effect cannot be encoded into the server renderer's output format. This will lead to a mismatch between the initial, non-hydrated UI and the intended UI. To avoid this, useLayoutEffect should only be used in components that render exclusively on the client. See https://reactjs.org/link/uselayouteffect-ssr for common fixes.
    at LinkWithRef (/Users/tunbee27/Documents/Tako-san-ui-rebuild/node_modules/.pnpm/react-router-dom@6.30.6_react-dom@18.3.1_react@18.3.1__react@18.3.1/node_modules/react-router-dom/dist/umd/react-router-dom.development.js:807:9)
    at section
    at div
    at div
    at div
    at HomePage (/Users/tunbee27/Documents/Tako-san-ui-rebuild/src/web/pages/HomePage.tsx:161:65)
    at Router (/Users/tunbee27/Documents/Tako-san-ui-rebuild/node_modules/.pnpm/react-router@6.30.6_react@18.3.1/node_modules/react-router/dist/umd/react-router.development.js:1203:17)
    at MemoryRouter (/Users/tunbee27/Documents/Tako-san-ui-rebuild/node_modules/.pnpm/react-router@6.30.6_react@18.3.1/node_modules/react-router/dist/umd/react-router.development.js:1097:7)
    at QueryClientProvider (file:///Users/tunbee27/Documents/Tako-san-ui-rebuild/node_modules/.pnpm/@tanstack+react-query@5.102.8_react@18.3.1/node_modules/@tanstack/react-query/build/modern/QueryClientProvider.js:12:32)

stderr | tests/integration/frontend-ui-integration.test.tsx > real Home data rendered through the shared QueryClient > renders recommendations from server-state data rather than a hardcoded featured recipe
Warning: useLayoutEffect does nothing on the server, because its effect cannot be encoded into the server renderer's output format. This will lead to a mismatch between the initial, non-hydrated UI and the intended UI. To avoid this, useLayoutEffect should only be used in components that render exclusively on the client. See https://reactjs.org/link/uselayouteffect-ssr for common fixes.
    at MemoryRouter (/Users/tunbee27/Documents/Tako-san-ui-rebuild/node_modules/.pnpm/react-router@6.30.6_react@18.3.1/node_modules/react-router/dist/umd/react-router.development.js:1097:7)
    at QueryClientProvider (file:///Users/tunbee27/Documents/Tako-san-ui-rebuild/node_modules/.pnpm/@tanstack+react-query@5.102.8_react@18.3.1/node_modules/@tanstack/react-query/build/modern/QueryClientProvider.js:12:32)
Warning: useLayoutEffect does nothing on the server, because its effect cannot be encoded into the server renderer's output format. This will lead to a mismatch between the initial, non-hydrated UI and the intended UI. To avoid this, useLayoutEffect should only be used in components that render exclusively on the client. See https://reactjs.org/link/uselayouteffect-ssr for common fixes.
    at LinkWithRef (/Users/tunbee27/Documents/Tako-san-ui-rebuild/node_modules/.pnpm/react-router-dom@6.30.6_react-dom@18.3.1_react@18.3.1__react@18.3.1/node_modules/react-router-dom/dist/umd/react-router-dom.development.js:807:9)
    at div
    at header
    at KitchenHeader (/Users/tunbee27/Documents/Tako-san-ui-rebuild/src/web/components/common/KitchenHeader.tsx:9:3)
    at TopBar (/Users/tunbee27/Documents/Tako-san-ui-rebuild/src/web/components/common/TopBar.tsx:9:3)
    at div
    at HomePage (/Users/tunbee27/Documents/Tako-san-ui-rebuild/src/web/pages/HomePage.tsx:161:65)
    at Router (/Users/tunbee27/Documents/Tako-san-ui-rebuild/node_modules/.pnpm/react-router@6.30.6_react@18.3.1/node_modules/react-router/dist/umd/react-router.development.js:1203:17)
    at MemoryRouter (/Users/tunbee27/Documents/Tako-san-ui-rebuild/node_modules/.pnpm/react-router@6.30.6_react@18.3.1/node_modules/react-router/dist/umd/react-router.development.js:1097:7)
    at QueryClientProvider (file:///Users/tunbee27/Documents/Tako-san-ui-rebuild/node_modules/.pnpm/@tanstack+react-query@5.102.8_react@18.3.1/node_modules/@tanstack/react-query/build/modern/QueryClientProvider.js:12:32)
Warning: useLayoutEffect does nothing on the server, because its effect cannot be encoded into the server renderer's output format. This will lead to a mismatch between the initial, non-hydrated UI and the intended UI. To avoid this, useLayoutEffect should only be used in components that render exclusively on the client. See https://reactjs.org/link/uselayouteffect-ssr for common fixes.
    at LinkWithRef (/Users/tunbee27/Documents/Tako-san-ui-rebuild/node_modules/.pnpm/react-router-dom@6.30.6_react-dom@18.3.1_react@18.3.1__react@18.3.1/node_modules/react-router-dom/dist/umd/react-router-dom.development.js:807:9)
    at div
    at header
    at KitchenHeader (/Users/tunbee27/Documents/Tako-san-ui-rebuild/src/web/components/common/KitchenHeader.tsx:9:3)
    at TopBar (/Users/tunbee27/Documents/Tako-san-ui-rebuild/src/web/components/common/TopBar.tsx:9:3)
    at div
    at HomePage (/Users/tunbee27/Documents/Tako-san-ui-rebuild/src/web/pages/HomePage.tsx:161:65)
    at Router (/Users/tunbee27/Documents/Tako-san-ui-rebuild/node_modules/.pnpm/react-router@6.30.6_react@18.3.1/node_modules/react-router/dist/umd/react-router.development.js:1203:17)
    at MemoryRouter (/Users/tunbee27/Documents/Tako-san-ui-rebuild/node_modules/.pnpm/react-router@6.30.6_react@18.3.1/node_modules/react-router/dist/umd/react-router.development.js:1097:7)
    at QueryClientProvider (file:///Users/tunbee27/Documents/Tako-san-ui-rebuild/node_modules/.pnpm/@tanstack+react-query@5.102.8_react@18.3.1/node_modules/@tanstack/react-query/build/modern/QueryClientProvider.js:12:32)
Warning: useLayoutEffect does nothing on the server, because its effect cannot be encoded into the server renderer's output format. This will lead to a mismatch between the initial, non-hydrated UI and the intended UI. To avoid this, useLayoutEffect should only be used in components that render exclusively on the client. See https://reactjs.org/link/uselayouteffect-ssr for common fixes.
    at LinkWithRef (/Users/tunbee27/Documents/Tako-san-ui-rebuild/node_modules/.pnpm/react-router-dom@6.30.6_react-dom@18.3.1_react@18.3.1__react@18.3.1/node_modules/react-router-dom/dist/umd/react-router-dom.development.js:807:9)
    at div
    at header
    at KitchenHeader (/Users/tunbee27/Documents/Tako-san-ui-rebuild/src/web/components/common/KitchenHeader.tsx:9:3)
    at TopBar (/Users/tunbee27/Documents/Tako-san-ui-rebuild/src/web/components/common/TopBar.tsx:9:3)
    at div
    at HomePage (/Users/tunbee27/Documents/Tako-san-ui-rebuild/src/web/pages/HomePage.tsx:161:65)
    at Router (/Users/tunbee27/Documents/Tako-san-ui-rebuild/node_modules/.pnpm/react-router@6.30.6_react@18.3.1/node_modules/react-router/dist/umd/react-router.development.js:1203:17)
    at MemoryRouter (/Users/tunbee27/Documents/Tako-san-ui-rebuild/node_modules/.pnpm/react-router@6.30.6_react@18.3.1/node_modules/react-router/dist/umd/react-router.development.js:1097:7)
    at QueryClientProvider (file:///Users/tunbee27/Documents/Tako-san-ui-rebuild/node_modules/.pnpm/@tanstack+react-query@5.102.8_react@18.3.1/node_modules/@tanstack/react-query/build/modern/QueryClientProvider.js:12:32)
Warning: useLayoutEffect does nothing on the server, because its effect cannot be encoded into the server renderer's output format. This will lead to a mismatch between the initial, non-hydrated UI and the intended UI. To avoid this, useLayoutEffect should only be used in components that render exclusively on the client. See https://reactjs.org/link/uselayouteffect-ssr for common fixes.
    at LinkWithRef (/Users/tunbee27/Documents/Tako-san-ui-rebuild/node_modules/.pnpm/react-router-dom@6.30.6_react-dom@18.3.1_react@18.3.1__react@18.3.1/node_modules/react-router-dom/dist/umd/react-router-dom.development.js:807:9)
    at div
    at section
    at div
    at div
    at div
    at div
    at HomePage (/Users/tunbee27/Documents/Tako-san-ui-rebuild/src/web/pages/HomePage.tsx:161:65)
    at Router (/Users/tunbee27/Documents/Tako-san-ui-rebuild/node_modules/.pnpm/react-router@6.30.6_react@18.3.1/node_modules/react-router/dist/umd/react-router.development.js:1203:17)
    at MemoryRouter (/Users/tunbee27/Documents/Tako-san-ui-rebuild/node_modules/.pnpm/react-router@6.30.6_react@18.3.1/node_modules/react-router/dist/umd/react-router.development.js:1097:7)
    at QueryClientProvider (file:///Users/tunbee27/Documents/Tako-san-ui-rebuild/node_modules/.pnpm/@tanstack+react-query@5.102.8_react@18.3.1/node_modules/@tanstack/react-query/build/modern/QueryClientProvider.js:12:32)
Warning: useLayoutEffect does nothing on the server, because its effect cannot be encoded into the server renderer's output format. This will lead to a mismatch between the initial, non-hydrated UI and the intended UI. To avoid this, useLayoutEffect should only be used in components that render exclusively on the client. See https://reactjs.org/link/uselayouteffect-ssr for common fixes.
    at LinkWithRef (/Users/tunbee27/Documents/Tako-san-ui-rebuild/node_modules/.pnpm/react-router-dom@6.30.6_react-dom@18.3.1_react@18.3.1__react@18.3.1/node_modules/react-router-dom/dist/umd/react-router-dom.development.js:807:9)
    at div
    at section
    at div
    at div
    at div
    at div
    at HomePage (/Users/tunbee27/Documents/Tako-san-ui-rebuild/src/web/pages/HomePage.tsx:161:65)
    at Router (/Users/tunbee27/Documents/Tako-san-ui-rebuild/node_modules/.pnpm/react-router@6.30.6_react@18.3.1/node_modules/react-router/dist/umd/react-router.development.js:1203:17)
    at MemoryRouter (/Users/tunbee27/Documents/Tako-san-ui-rebuild/node_modules/.pnpm/react-router@6.30.6_react@18.3.1/node_modules/react-router/dist/umd/react-router.development.js:1097:7)
    at QueryClientProvider (file:///Users/tunbee27/Documents/Tako-san-ui-rebuild/node_modules/.pnpm/@tanstack+react-query@5.102.8_react@18.3.1/node_modules/@tanstack/react-query/build/modern/QueryClientProvider.js:12:32)
Warning: useLayoutEffect does nothing on the server, because its effect cannot be encoded into the server renderer's output format. This will lead to a mismatch between the initial, non-hydrated UI and the intended UI. To avoid this, useLayoutEffect should only be used in components that render exclusively on the client. See https://reactjs.org/link/uselayouteffect-ssr for common fixes.
    at LinkWithRef (/Users/tunbee27/Documents/Tako-san-ui-rebuild/node_modules/.pnpm/react-router-dom@6.30.6_react-dom@18.3.1_react@18.3.1__react@18.3.1/node_modules/react-router-dom/dist/umd/react-router-dom.development.js:807:9)
    at div
    at section
    at div
    at div
    at div
    at div
    at HomePage (/Users/tunbee27/Documents/Tako-san-ui-rebuild/src/web/pages/HomePage.tsx:161:65)
    at Router (/Users/tunbee27/Documents/Tako-san-ui-rebuild/node_modules/.pnpm/react-router@6.30.6_react@18.3.1/node_modules/react-router/dist/umd/react-router.development.js:1203:17)
    at MemoryRouter (/Users/tunbee27/Documents/Tako-san-ui-rebuild/node_modules/.pnpm/react-router@6.30.6_react@18.3.1/node_modules/react-router/dist/umd/react-router.development.js:1097:7)
    at QueryClientProvider (file:///Users/tunbee27/Documents/Tako-san-ui-rebuild/node_modules/.pnpm/@tanstack+react-query@5.102.8_react@18.3.1/node_modules/@tanstack/react-query/build/modern/QueryClientProvider.js:12:32)
Warning: useLayoutEffect does nothing on the server, because its effect cannot be encoded into the server renderer's output format. This will lead to a mismatch between the initial, non-hydrated UI and the intended UI. To avoid this, useLayoutEffect should only be used in components that render exclusively on the client. See https://reactjs.org/link/uselayouteffect-ssr for common fixes.
    at LinkWithRef (/Users/tunbee27/Documents/Tako-san-ui-rebuild/node_modules/.pnpm/react-router-dom@6.30.6_react-dom@18.3.1_react@18.3.1__react@18.3.1/node_modules/react-router-dom/dist/umd/react-router-dom.development.js:807:9)
    at div
    at section
    at div
    at div
    at div
    at HomePage (/Users/tunbee27/Documents/Tako-san-ui-rebuild/src/web/pages/HomePage.tsx:161:65)
    at Router (/Users/tunbee27/Documents/Tako-san-ui-rebuild/node_modules/.pnpm/react-router@6.30.6_react@18.3.1/node_modules/react-router/dist/umd/react-router.development.js:1203:17)
    at MemoryRouter (/Users/tunbee27/Documents/Tako-san-ui-rebuild/node_modules/.pnpm/react-router@6.30.6_react@18.3.1/node_modules/react-router/dist/umd/react-router.development.js:1097:7)
    at QueryClientProvider (file:///Users/tunbee27/Documents/Tako-san-ui-rebuild/node_modules/.pnpm/@tanstack+react-query@5.102.8_react@18.3.1/node_modules/@tanstack/react-query/build/modern/QueryClientProvider.js:12:32)
Warning: useLayoutEffect does nothing on the server, because its effect cannot be encoded into the server renderer's output format. This will lead to a mismatch between the initial, non-hydrated UI and the intended UI. To avoid this, useLayoutEffect should only be used in components that render exclusively on the client. See https://reactjs.org/link/uselayouteffect-ssr for common fixes.
    at LinkWithRef (/Users/tunbee27/Documents/Tako-san-ui-rebuild/node_modules/.pnpm/react-router-dom@6.30.6_react-dom@18.3.1_react@18.3.1__react@18.3.1/node_modules/react-router-dom/dist/umd/react-router-dom.development.js:807:9)
    at section
    at div
    at div
    at div
    at HomePage (/Users/tunbee27/Documents/Tako-san-ui-rebuild/src/web/pages/HomePage.tsx:161:65)
    at Router (/Users/tunbee27/Documents/Tako-san-ui-rebuild/node_modules/.pnpm/react-router@6.30.6_react@18.3.1/node_modules/react-router/dist/umd/react-router.development.js:1203:17)
    at MemoryRouter (/Users/tunbee27/Documents/Tako-san-ui-rebuild/node_modules/.pnpm/react-router@6.30.6_react@18.3.1/node_modules/react-router/dist/umd/react-router.development.js:1097:7)
    at QueryClientProvider (file:///Users/tunbee27/Documents/Tako-san-ui-rebuild/node_modules/.pnpm/@tanstack+react-query@5.102.8_react@18.3.1/node_modules/@tanstack/react-query/build/modern/QueryClientProvider.js:12:32)

stderr | tests/integration/frontend-ui-integration.test.tsx > RecipeDetail loading, not-found, error, and success remain distinct > renders a real pending state before recipe data arrives
Warning: useLayoutEffect does nothing on the server, because its effect cannot be encoded into the server renderer's output format. This will lead to a mismatch between the initial, non-hydrated UI and the intended UI. To avoid this, useLayoutEffect should only be used in components that render exclusively on the client. See https://reactjs.org/link/uselayouteffect-ssr for common fixes.
    at MemoryRouter (/Users/tunbee27/Documents/Tako-san-ui-rebuild/node_modules/.pnpm/react-router@6.30.6_react@18.3.1/node_modules/react-router/dist/umd/react-router.development.js:1097:7)
    at QueryClientProvider (file:///Users/tunbee27/Documents/Tako-san-ui-rebuild/node_modules/.pnpm/@tanstack+react-query@5.102.8_react@18.3.1/node_modules/@tanstack/react-query/build/modern/QueryClientProvider.js:12:32)
Warning: useLayoutEffect does nothing on the server, because its effect cannot be encoded into the server renderer's output format. This will lead to a mismatch between the initial, non-hydrated UI and the intended UI. To avoid this, useLayoutEffect should only be used in components that render exclusively on the client. See https://reactjs.org/link/uselayouteffect-ssr for common fixes.
    at LinkWithRef (/Users/tunbee27/Documents/Tako-san-ui-rebuild/node_modules/.pnpm/react-router-dom@6.30.6_react-dom@18.3.1_react@18.3.1__react@18.3.1/node_modules/react-router-dom/dist/umd/react-router-dom.development.js:807:9)
    at div
    at header
    at KitchenHeader (/Users/tunbee27/Documents/Tako-san-ui-rebuild/src/web/components/common/KitchenHeader.tsx:9:3)
    at TopBar (/Users/tunbee27/Documents/Tako-san-ui-rebuild/src/web/components/common/TopBar.tsx:9:3)
    at div
    at RecipeDetailPage (/Users/tunbee27/Documents/Tako-san-ui-rebuild/src/web/pages/RecipeDetailPage.tsx:51:63)
    at Router (/Users/tunbee27/Documents/Tako-san-ui-rebuild/node_modules/.pnpm/react-router@6.30.6_react@18.3.1/node_modules/react-router/dist/umd/react-router.development.js:1203:17)
    at MemoryRouter (/Users/tunbee27/Documents/Tako-san-ui-rebuild/node_modules/.pnpm/react-router@6.30.6_react@18.3.1/node_modules/react-router/dist/umd/react-router.development.js:1097:7)
    at QueryClientProvider (file:///Users/tunbee27/Documents/Tako-san-ui-rebuild/node_modules/.pnpm/@tanstack+react-query@5.102.8_react@18.3.1/node_modules/@tanstack/react-query/build/modern/QueryClientProvider.js:12:32)
Warning: useLayoutEffect does nothing on the server, because its effect cannot be encoded into the server renderer's output format. This will lead to a mismatch between the initial, non-hydrated UI and the intended UI. To avoid this, useLayoutEffect should only be used in components that render exclusively on the client. See https://reactjs.org/link/uselayouteffect-ssr for common fixes.
    at LinkWithRef (/Users/tunbee27/Documents/Tako-san-ui-rebuild/node_modules/.pnpm/react-router-dom@6.30.6_react-dom@18.3.1_react@18.3.1__react@18.3.1/node_modules/react-router-dom/dist/umd/react-router-dom.development.js:807:9)
    at div
    at header
    at KitchenHeader (/Users/tunbee27/Documents/Tako-san-ui-rebuild/src/web/components/common/KitchenHeader.tsx:9:3)
    at TopBar (/Users/tunbee27/Documents/Tako-san-ui-rebuild/src/web/components/common/TopBar.tsx:9:3)
    at div
    at RecipeDetailPage (/Users/tunbee27/Documents/Tako-san-ui-rebuild/src/web/pages/RecipeDetailPage.tsx:51:63)
    at Router (/Users/tunbee27/Documents/Tako-san-ui-rebuild/node_modules/.pnpm/react-router@6.30.6_react@18.3.1/node_modules/react-router/dist/umd/react-router.development.js:1203:17)
    at MemoryRouter (/Users/tunbee27/Documents/Tako-san-ui-rebuild/node_modules/.pnpm/react-router@6.30.6_react@18.3.1/node_modules/react-router/dist/umd/react-router.development.js:1097:7)
    at QueryClientProvider (file:///Users/tunbee27/Documents/Tako-san-ui-rebuild/node_modules/.pnpm/@tanstack+react-query@5.102.8_react@18.3.1/node_modules/@tanstack/react-query/build/modern/QueryClientProvider.js:12:32)
Warning: useLayoutEffect does nothing on the server, because its effect cannot be encoded into the server renderer's output format. This will lead to a mismatch between the initial, non-hydrated UI and the intended UI. To avoid this, useLayoutEffect should only be used in components that render exclusively on the client. See https://reactjs.org/link/uselayouteffect-ssr for common fixes.
    at LinkWithRef (/Users/tunbee27/Documents/Tako-san-ui-rebuild/node_modules/.pnpm/react-router-dom@6.30.6_react-dom@18.3.1_react@18.3.1__react@18.3.1/node_modules/react-router-dom/dist/umd/react-router-dom.development.js:807:9)
    at div
    at header
    at KitchenHeader (/Users/tunbee27/Documents/Tako-san-ui-rebuild/src/web/components/common/KitchenHeader.tsx:9:3)
    at TopBar (/Users/tunbee27/Documents/Tako-san-ui-rebuild/src/web/components/common/TopBar.tsx:9:3)
    at div
    at RecipeDetailPage (/Users/tunbee27/Documents/Tako-san-ui-rebuild/src/web/pages/RecipeDetailPage.tsx:51:63)
    at Router (/Users/tunbee27/Documents/Tako-san-ui-rebuild/node_modules/.pnpm/react-router@6.30.6_react@18.3.1/node_modules/react-router/dist/umd/react-router.development.js:1203:17)
    at MemoryRouter (/Users/tunbee27/Documents/Tako-san-ui-rebuild/node_modules/.pnpm/react-router@6.30.6_react@18.3.1/node_modules/react-router/dist/umd/react-router.development.js:1097:7)
    at QueryClientProvider (file:///Users/tunbee27/Documents/Tako-san-ui-rebuild/node_modules/.pnpm/@tanstack+react-query@5.102.8_react@18.3.1/node_modules/@tanstack/react-query/build/modern/QueryClientProvider.js:12:32)
Warning: useLayoutEffect does nothing on the server, because its effect cannot be encoded into the server renderer's output format. This will lead to a mismatch between the initial, non-hydrated UI and the intended UI. To avoid this, useLayoutEffect should only be used in components that render exclusively on the client. See https://reactjs.org/link/uselayouteffect-ssr for common fixes.
    at LinkWithRef (/Users/tunbee27/Documents/Tako-san-ui-rebuild/node_modules/.pnpm/react-router-dom@6.30.6_react-dom@18.3.1_react@18.3.1__react@18.3.1/node_modules/react-router-dom/dist/umd/react-router-dom.development.js:807:9)
    at div
    at header
    at KitchenHeader (/Users/tunbee27/Documents/Tako-san-ui-rebuild/src/web/components/common/KitchenHeader.tsx:9:3)
    at TopBar (/Users/tunbee27/Documents/Tako-san-ui-rebuild/src/web/components/common/TopBar.tsx:9:3)
    at div
    at RecipeDetailPage (/Users/tunbee27/Documents/Tako-san-ui-rebuild/src/web/pages/RecipeDetailPage.tsx:51:63)
    at Router (/Users/tunbee27/Documents/Tako-san-ui-rebuild/node_modules/.pnpm/react-router@6.30.6_react@18.3.1/node_modules/react-router/dist/umd/react-router.development.js:1203:17)
    at MemoryRouter (/Users/tunbee27/Documents/Tako-san-ui-rebuild/node_modules/.pnpm/react-router@6.30.6_react@18.3.1/node_modules/react-router/dist/umd/react-router.development.js:1097:7)
    at QueryClientProvider (file:///Users/tunbee27/Documents/Tako-san-ui-rebuild/node_modules/.pnpm/@tanstack+react-query@5.102.8_react@18.3.1/node_modules/@tanstack/react-query/build/modern/QueryClientProvider.js:12:32)

 ✓ tests/integration/inventory-observation-d1.test.mjs (7 tests) 1289ms
stderr | tests/integration/frontend-ui-integration.test.tsx > RecipeDetail loading, not-found, error, and success remain distinct > does not spin forever when a successful response has no recipe
Warning: useLayoutEffect does nothing on the server, because its effect cannot be encoded into the server renderer's output format. This will lead to a mismatch between the initial, non-hydrated UI and the intended UI. To avoid this, useLayoutEffect should only be used in components that render exclusively on the client. See https://reactjs.org/link/uselayouteffect-ssr for common fixes.
    at MemoryRouter (/Users/tunbee27/Documents/Tako-san-ui-rebuild/node_modules/.pnpm/react-router@6.30.6_react@18.3.1/node_modules/react-router/dist/umd/react-router.development.js:1097:7)
    at QueryClientProvider (file:///Users/tunbee27/Documents/Tako-san-ui-rebuild/node_modules/.pnpm/@tanstack+react-query@5.102.8_react@18.3.1/node_modules/@tanstack/react-query/build/modern/QueryClientProvider.js:12:32)
Warning: useLayoutEffect does nothing on the server, because its effect cannot be encoded into the server renderer's output format. This will lead to a mismatch between the initial, non-hydrated UI and the intended UI. To avoid this, useLayoutEffect should only be used in components that render exclusively on the client. See https://reactjs.org/link/uselayouteffect-ssr for common fixes.
    at LinkWithRef (/Users/tunbee27/Documents/Tako-san-ui-rebuild/node_modules/.pnpm/react-router-dom@6.30.6_react-dom@18.3.1_react@18.3.1__react@18.3.1/node_modules/react-router-dom/dist/umd/react-router-dom.development.js:807:9)
    at div
    at header
    at KitchenHeader (/Users/tunbee27/Documents/Tako-san-ui-rebuild/src/web/components/common/KitchenHeader.tsx:9:3)
    at TopBar (/Users/tunbee27/Documents/Tako-san-ui-rebuild/src/web/components/common/TopBar.tsx:9:3)
    at div
    at RecipeDetailPage (/Users/tunbee27/Documents/Tako-san-ui-rebuild/src/web/pages/RecipeDetailPage.tsx:51:63)
    at Router (/Users/tunbee27/Documents/Tako-san-ui-rebuild/node_modules/.pnpm/react-router@6.30.6_react@18.3.1/node_modules/react-router/dist/umd/react-router.development.js:1203:17)
    at MemoryRouter (/Users/tunbee27/Documents/Tako-san-ui-rebuild/node_modules/.pnpm/react-router@6.30.6_react@18.3.1/node_modules/react-router/dist/umd/react-router.development.js:1097:7)
    at QueryClientProvider (file:///Users/tunbee27/Documents/Tako-san-ui-rebuild/node_modules/.pnpm/@tanstack+react-query@5.102.8_react@18.3.1/node_modules/@tanstack/react-query/build/modern/QueryClientProvider.js:12:32)
Warning: useLayoutEffect does nothing on the server, because its effect cannot be encoded into the server renderer's output format. This will lead to a mismatch between the initial, non-hydrated UI and the intended UI. To avoid this, useLayoutEffect should only be used in components that render exclusively on the client. See https://reactjs.org/link/uselayouteffect-ssr for common fixes.
    at LinkWithRef (/Users/tunbee27/Documents/Tako-san-ui-rebuild/node_modules/.pnpm/react-router-dom@6.30.6_react-dom@18.3.1_react@18.3.1__react@18.3.1/node_modules/react-router-dom/dist/umd/react-router-dom.development.js:807:9)
    at div
    at header
    at KitchenHeader (/Users/tunbee27/Documents/Tako-san-ui-rebuild/src/web/components/common/KitchenHeader.tsx:9:3)
    at TopBar (/Users/tunbee27/Documents/Tako-san-ui-rebuild/src/web/components/common/TopBar.tsx:9:3)
    at div
    at RecipeDetailPage (/Users/tunbee27/Documents/Tako-san-ui-rebuild/src/web/pages/RecipeDetailPage.tsx:51:63)
    at Router (/Users/tunbee27/Documents/Tako-san-ui-rebuild/node_modules/.pnpm/react-router@6.30.6_react@18.3.1/node_modules/react-router/dist/umd/react-router.development.js:1203:17)
    at MemoryRouter (/Users/tunbee27/Documents/Tako-san-ui-rebuild/node_modules/.pnpm/react-router@6.30.6_react@18.3.1/node_modules/react-router/dist/umd/react-router.development.js:1097:7)
    at QueryClientProvider (file:///Users/tunbee27/Documents/Tako-san-ui-rebuild/node_modules/.pnpm/@tanstack+react-query@5.102.8_react@18.3.1/node_modules/@tanstack/react-query/build/modern/QueryClientProvider.js:12:32)
Warning: useLayoutEffect does nothing on the server, because its effect cannot be encoded into the server renderer's output format. This will lead to a mismatch between the initial, non-hydrated UI and the intended UI. To avoid this, useLayoutEffect should only be used in components that render exclusively on the client. See https://reactjs.org/link/uselayouteffect-ssr for common fixes.
    at LinkWithRef (/Users/tunbee27/Documents/Tako-san-ui-rebuild/node_modules/.pnpm/react-router-dom@6.30.6_react-dom@18.3.1_react@18.3.1__react@18.3.1/node_modules/react-router-dom/dist/umd/react-router-dom.development.js:807:9)
    at div
    at header
    at KitchenHeader (/Users/tunbee27/Documents/Tako-san-ui-rebuild/src/web/components/common/KitchenHeader.tsx:9:3)
    at TopBar (/Users/tunbee27/Documents/Tako-san-ui-rebuild/src/web/components/common/TopBar.tsx:9:3)
    at div
    at RecipeDetailPage (/Users/tunbee27/Documents/Tako-san-ui-rebuild/src/web/pages/RecipeDetailPage.tsx:51:63)
    at Router (/Users/tunbee27/Documents/Tako-san-ui-rebuild/node_modules/.pnpm/react-router@6.30.6_react@18.3.1/node_modules/react-router/dist/umd/react-router.development.js:1203:17)
    at MemoryRouter (/Users/tunbee27/Documents/Tako-san-ui-rebuild/node_modules/.pnpm/react-router@6.30.6_react@18.3.1/node_modules/react-router/dist/umd/react-router.development.js:1097:7)
    at QueryClientProvider (file:///Users/tunbee27/Documents/Tako-san-ui-rebuild/node_modules/.pnpm/@tanstack+react-query@5.102.8_react@18.3.1/node_modules/@tanstack/react-query/build/modern/QueryClientProvider.js:12:32)
Warning: useLayoutEffect does nothing on the server, because its effect cannot be encoded into the server renderer's output format. This will lead to a mismatch between the initial, non-hydrated UI and the intended UI. To avoid this, useLayoutEffect should only be used in components that render exclusively on the client. See https://reactjs.org/link/uselayouteffect-ssr for common fixes.
    at LinkWithRef (/Users/tunbee27/Documents/Tako-san-ui-rebuild/node_modules/.pnpm/react-router-dom@6.30.6_react-dom@18.3.1_react@18.3.1__react@18.3.1/node_modules/react-router-dom/dist/umd/react-router-dom.development.js:807:9)
    at div
    at header
    at KitchenHeader (/Users/tunbee27/Documents/Tako-san-ui-rebuild/src/web/components/common/KitchenHeader.tsx:9:3)
    at TopBar (/Users/tunbee27/Documents/Tako-san-ui-rebuild/src/web/components/common/TopBar.tsx:9:3)
    at div
    at RecipeDetailPage (/Users/tunbee27/Documents/Tako-san-ui-rebuild/src/web/pages/RecipeDetailPage.tsx:51:63)
    at Router (/Users/tunbee27/Documents/Tako-san-ui-rebuild/node_modules/.pnpm/react-router@6.30.6_react@18.3.1/node_modules/react-router/dist/umd/react-router.development.js:1203:17)
    at MemoryRouter (/Users/tunbee27/Documents/Tako-san-ui-rebuild/node_modules/.pnpm/react-router@6.30.6_react@18.3.1/node_modules/react-router/dist/umd/react-router.development.js:1097:7)
    at QueryClientProvider (file:///Users/tunbee27/Documents/Tako-san-ui-rebuild/node_modules/.pnpm/@tanstack+react-query@5.102.8_react@18.3.1/node_modules/@tanstack/react-query/build/modern/QueryClientProvider.js:12:32)

stderr | tests/integration/frontend-ui-integration.test.tsx > RecipeDetail loading, not-found, error, and success remain distinct > renders a distinct 404 response instead of an infinite spinner
Warning: useLayoutEffect does nothing on the server, because its effect cannot be encoded into the server renderer's output format. This will lead to a mismatch between the initial, non-hydrated UI and the intended UI. To avoid this, useLayoutEffect should only be used in components that render exclusively on the client. See https://reactjs.org/link/uselayouteffect-ssr for common fixes.
    at MemoryRouter (/Users/tunbee27/Documents/Tako-san-ui-rebuild/node_modules/.pnpm/react-router@6.30.6_react@18.3.1/node_modules/react-router/dist/umd/react-router.development.js:1097:7)
    at QueryClientProvider (file:///Users/tunbee27/Documents/Tako-san-ui-rebuild/node_modules/.pnpm/@tanstack+react-query@5.102.8_react@18.3.1/node_modules/@tanstack/react-query/build/modern/QueryClientProvider.js:12:32)
Warning: useLayoutEffect does nothing on the server, because its effect cannot be encoded into the server renderer's output format. This will lead to a mismatch between the initial, non-hydrated UI and the intended UI. To avoid this, useLayoutEffect should only be used in components that render exclusively on the client. See https://reactjs.org/link/uselayouteffect-ssr for common fixes.
    at LinkWithRef (/Users/tunbee27/Documents/Tako-san-ui-rebuild/node_modules/.pnpm/react-router-dom@6.30.6_react-dom@18.3.1_react@18.3.1__react@18.3.1/node_modules/react-router-dom/dist/umd/react-router-dom.development.js:807:9)
    at div
    at header
    at KitchenHeader (/Users/tunbee27/Documents/Tako-san-ui-rebuild/src/web/components/common/KitchenHeader.tsx:9:3)
    at TopBar (/Users/tunbee27/Documents/Tako-san-ui-rebuild/src/web/components/common/TopBar.tsx:9:3)
    at div
    at RecipeDetailPage (/Users/tunbee27/Documents/Tako-san-ui-rebuild/src/web/pages/RecipeDetailPage.tsx:51:63)
    at Router (/Users/tunbee27/Documents/Tako-san-ui-rebuild/node_modules/.pnpm/react-router@6.30.6_react@18.3.1/node_modules/react-router/dist/umd/react-router.development.js:1203:17)
    at MemoryRouter (/Users/tunbee27/Documents/Tako-san-ui-rebuild/node_modules/.pnpm/react-router@6.30.6_react@18.3.1/node_modules/react-router/dist/umd/react-router.development.js:1097:7)
    at QueryClientProvider (file:///Users/tunbee27/Documents/Tako-san-ui-rebuild/node_modules/.pnpm/@tanstack+react-query@5.102.8_react@18.3.1/node_modules/@tanstack/react-query/build/modern/QueryClientProvider.js:12:32)
Warning: useLayoutEffect does nothing on the server, because its effect cannot be encoded into the server renderer's output format. This will lead to a mismatch between the initial, non-hydrated UI and the intended UI. To avoid this, useLayoutEffect should only be used in components that render exclusively on the client. See https://reactjs.org/link/uselayouteffect-ssr for common fixes.
    at LinkWithRef (/Users/tunbee27/Documents/Tako-san-ui-rebuild/node_modules/.pnpm/react-router-dom@6.30.6_react-dom@18.3.1_react@18.3.1__react@18.3.1/node_modules/react-router-dom/dist/umd/react-router-dom.development.js:807:9)
    at div
    at header
    at KitchenHeader (/Users/tunbee27/Documents/Tako-san-ui-rebuild/src/web/components/common/KitchenHeader.tsx:9:3)
    at TopBar (/Users/tunbee27/Documents/Tako-san-ui-rebuild/src/web/components/common/TopBar.tsx:9:3)
    at div
    at RecipeDetailPage (/Users/tunbee27/Documents/Tako-san-ui-rebuild/src/web/pages/RecipeDetailPage.tsx:51:63)
    at Router (/Users/tunbee27/Documents/Tako-san-ui-rebuild/node_modules/.pnpm/react-router@6.30.6_react@18.3.1/node_modules/react-router/dist/umd/react-router.development.js:1203:17)
    at MemoryRouter (/Users/tunbee27/Documents/Tako-san-ui-rebuild/node_modules/.pnpm/react-router@6.30.6_react@18.3.1/node_modules/react-router/dist/umd/react-router.development.js:1097:7)
    at QueryClientProvider (file:///Users/tunbee27/Documents/Tako-san-ui-rebuild/node_modules/.pnpm/@tanstack+react-query@5.102.8_react@18.3.1/node_modules/@tanstack/react-query/build/modern/QueryClientProvider.js:12:32)
Warning: useLayoutEffect does nothing on the server, because its effect cannot be encoded into the server renderer's output format. This will lead to a mismatch between the initial, non-hydrated UI and the intended UI. To avoid this, useLayoutEffect should only be used in components that render exclusively on the client. See https://reactjs.org/link/uselayouteffect-ssr for common fixes.
    at LinkWithRef (/Users/tunbee27/Documents/Tako-san-ui-rebuild/node_modules/.pnpm/react-router-dom@6.30.6_react-dom@18.3.1_react@18.3.1__react@18.3.1/node_modules/react-router-dom/dist/umd/react-router-dom.development.js:807:9)
    at div
    at header
    at KitchenHeader (/Users/tunbee27/Documents/Tako-san-ui-rebuild/src/web/components/common/KitchenHeader.tsx:9:3)
    at TopBar (/Users/tunbee27/Documents/Tako-san-ui-rebuild/src/web/components/common/TopBar.tsx:9:3)
    at div
    at RecipeDetailPage (/Users/tunbee27/Documents/Tako-san-ui-rebuild/src/web/pages/RecipeDetailPage.tsx:51:63)
    at Router (/Users/tunbee27/Documents/Tako-san-ui-rebuild/node_modules/.pnpm/react-router@6.30.6_react@18.3.1/node_modules/react-router/dist/umd/react-router.development.js:1203:17)
    at MemoryRouter (/Users/tunbee27/Documents/Tako-san-ui-rebuild/node_modules/.pnpm/react-router@6.30.6_react@18.3.1/node_modules/react-router/dist/umd/react-router.development.js:1097:7)
    at QueryClientProvider (file:///Users/tunbee27/Documents/Tako-san-ui-rebuild/node_modules/.pnpm/@tanstack+react-query@5.102.8_react@18.3.1/node_modules/@tanstack/react-query/build/modern/QueryClientProvider.js:12:32)
Warning: useLayoutEffect does nothing on the server, because its effect cannot be encoded into the server renderer's output format. This will lead to a mismatch between the initial, non-hydrated UI and the intended UI. To avoid this, useLayoutEffect should only be used in components that render exclusively on the client. See https://reactjs.org/link/uselayouteffect-ssr for common fixes.
    at LinkWithRef (/Users/tunbee27/Documents/Tako-san-ui-rebuild/node_modules/.pnpm/react-router-dom@6.30.6_react-dom@18.3.1_react@18.3.1__react@18.3.1/node_modules/react-router-dom/dist/umd/react-router-dom.development.js:807:9)
    at div
    at header
    at KitchenHeader (/Users/tunbee27/Documents/Tako-san-ui-rebuild/src/web/components/common/KitchenHeader.tsx:9:3)
    at TopBar (/Users/tunbee27/Documents/Tako-san-ui-rebuild/src/web/components/common/TopBar.tsx:9:3)
    at div
    at RecipeDetailPage (/Users/tunbee27/Documents/Tako-san-ui-rebuild/src/web/pages/RecipeDetailPage.tsx:51:63)
    at Router (/Users/tunbee27/Documents/Tako-san-ui-rebuild/node_modules/.pnpm/react-router@6.30.6_react@18.3.1/node_modules/react-router/dist/umd/react-router.development.js:1203:17)
    at MemoryRouter (/Users/tunbee27/Documents/Tako-san-ui-rebuild/node_modules/.pnpm/react-router@6.30.6_react@18.3.1/node_modules/react-router/dist/umd/react-router.development.js:1097:7)
    at QueryClientProvider (file:///Users/tunbee27/Documents/Tako-san-ui-rebuild/node_modules/.pnpm/@tanstack+react-query@5.102.8_react@18.3.1/node_modules/@tanstack/react-query/build/modern/QueryClientProvider.js:12:32)

stderr | tests/integration/frontend-ui-integration.test.tsx > RecipeDetail loading, not-found, error, and success remain distinct > renders a distinct 500 response instead of an infinite spinner
Warning: useLayoutEffect does nothing on the server, because its effect cannot be encoded into the server renderer's output format. This will lead to a mismatch between the initial, non-hydrated UI and the intended UI. To avoid this, useLayoutEffect should only be used in components that render exclusively on the client. See https://reactjs.org/link/uselayouteffect-ssr for common fixes.
    at MemoryRouter (/Users/tunbee27/Documents/Tako-san-ui-rebuild/node_modules/.pnpm/react-router@6.30.6_react@18.3.1/node_modules/react-router/dist/umd/react-router.development.js:1097:7)
    at QueryClientProvider (file:///Users/tunbee27/Documents/Tako-san-ui-rebuild/node_modules/.pnpm/@tanstack+react-query@5.102.8_react@18.3.1/node_modules/@tanstack/react-query/build/modern/QueryClientProvider.js:12:32)
Warning: useLayoutEffect does nothing on the server, because its effect cannot be encoded into the server renderer's output format. This will lead to a mismatch between the initial, non-hydrated UI and the intended UI. To avoid this, useLayoutEffect should only be used in components that render exclusively on the client. See https://reactjs.org/link/uselayouteffect-ssr for common fixes.
    at LinkWithRef (/Users/tunbee27/Documents/Tako-san-ui-rebuild/node_modules/.pnpm/react-router-dom@6.30.6_react-dom@18.3.1_react@18.3.1__react@18.3.1/node_modules/react-router-dom/dist/umd/react-router-dom.development.js:807:9)
    at div
    at header
    at KitchenHeader (/Users/tunbee27/Documents/Tako-san-ui-rebuild/src/web/components/common/KitchenHeader.tsx:9:3)
    at TopBar (/Users/tunbee27/Documents/Tako-san-ui-rebuild/src/web/components/common/TopBar.tsx:9:3)
    at div
    at RecipeDetailPage (/Users/tunbee27/Documents/Tako-san-ui-rebuild/src/web/pages/RecipeDetailPage.tsx:51:63)
    at Router (/Users/tunbee27/Documents/Tako-san-ui-rebuild/node_modules/.pnpm/react-router@6.30.6_react@18.3.1/node_modules/react-router/dist/umd/react-router.development.js:1203:17)
    at MemoryRouter (/Users/tunbee27/Documents/Tako-san-ui-rebuild/node_modules/.pnpm/react-router@6.30.6_react@18.3.1/node_modules/react-router/dist/umd/react-router.development.js:1097:7)
    at QueryClientProvider (file:///Users/tunbee27/Documents/Tako-san-ui-rebuild/node_modules/.pnpm/@tanstack+react-query@5.102.8_react@18.3.1/node_modules/@tanstack/react-query/build/modern/QueryClientProvider.js:12:32)
Warning: useLayoutEffect does nothing on the server, because its effect cannot be encoded into the server renderer's output format. This will lead to a mismatch between the initial, non-hydrated UI and the intended UI. To avoid this, useLayoutEffect should only be used in components that render exclusively on the client. See https://reactjs.org/link/uselayouteffect-ssr for common fixes.
    at LinkWithRef (/Users/tunbee27/Documents/Tako-san-ui-rebuild/node_modules/.pnpm/react-router-dom@6.30.6_react-dom@18.3.1_react@18.3.1__react@18.3.1/node_modules/react-router-dom/dist/umd/react-router-dom.development.js:807:9)
    at div
    at header
    at KitchenHeader (/Users/tunbee27/Documents/Tako-san-ui-rebuild/src/web/components/common/KitchenHeader.tsx:9:3)
    at TopBar (/Users/tunbee27/Documents/Tako-san-ui-rebuild/src/web/components/common/TopBar.tsx:9:3)
    at div
    at RecipeDetailPage (/Users/tunbee27/Documents/Tako-san-ui-rebuild/src/web/pages/RecipeDetailPage.tsx:51:63)
    at Router (/Users/tunbee27/Documents/Tako-san-ui-rebuild/node_modules/.pnpm/react-router@6.30.6_react@18.3.1/node_modules/react-router/dist/umd/react-router.development.js:1203:17)
    at MemoryRouter (/Users/tunbee27/Documents/Tako-san-ui-rebuild/node_modules/.pnpm/react-router@6.30.6_react@18.3.1/node_modules/react-router/dist/umd/react-router.development.js:1097:7)
    at QueryClientProvider (file:///Users/tunbee27/Documents/Tako-san-ui-rebuild/node_modules/.pnpm/@tanstack+react-query@5.102.8_react@18.3.1/node_modules/@tanstack/react-query/build/modern/QueryClientProvider.js:12:32)
Warning: useLayoutEffect does nothing on the server, because its effect cannot be encoded into the server renderer's output format. This will lead to a mismatch between the initial, non-hydrated UI and the intended UI. To avoid this, useLayoutEffect should only be used in components that render exclusively on the client. See https://reactjs.org/link/uselayouteffect-ssr for common fixes.
    at LinkWithRef (/Users/tunbee27/Documents/Tako-san-ui-rebuild/node_modules/.pnpm/react-router-dom@6.30.6_react-dom@18.3.1_react@18.3.1__react@18.3.1/node_modules/react-router-dom/dist/umd/react-router-dom.development.js:807:9)
    at div
    at header
    at KitchenHeader (/Users/tunbee27/Documents/Tako-san-ui-rebuild/src/web/components/common/KitchenHeader.tsx:9:3)
    at TopBar (/Users/tunbee27/Documents/Tako-san-ui-rebuild/src/web/components/common/TopBar.tsx:9:3)
    at div
    at RecipeDetailPage (/Users/tunbee27/Documents/Tako-san-ui-rebuild/src/web/pages/RecipeDetailPage.tsx:51:63)
    at Router (/Users/tunbee27/Documents/Tako-san-ui-rebuild/node_modules/.pnpm/react-router@6.30.6_react@18.3.1/node_modules/react-router/dist/umd/react-router.development.js:1203:17)
    at MemoryRouter (/Users/tunbee27/Documents/Tako-san-ui-rebuild/node_modules/.pnpm/react-router@6.30.6_react@18.3.1/node_modules/react-router/dist/umd/react-router.development.js:1097:7)
    at QueryClientProvider (file:///Users/tunbee27/Documents/Tako-san-ui-rebuild/node_modules/.pnpm/@tanstack+react-query@5.102.8_react@18.3.1/node_modules/@tanstack/react-query/build/modern/QueryClientProvider.js:12:32)
Warning: useLayoutEffect does nothing on the server, because its effect cannot be encoded into the server renderer's output format. This will lead to a mismatch between the initial, non-hydrated UI and the intended UI. To avoid this, useLayoutEffect should only be used in components that render exclusively on the client. See https://reactjs.org/link/uselayouteffect-ssr for common fixes.
    at LinkWithRef (/Users/tunbee27/Documents/Tako-san-ui-rebuild/node_modules/.pnpm/react-router-dom@6.30.6_react-dom@18.3.1_react@18.3.1__react@18.3.1/node_modules/react-router-dom/dist/umd/react-router-dom.development.js:807:9)
    at div
    at header
    at KitchenHeader (/Users/tunbee27/Documents/Tako-san-ui-rebuild/src/web/components/common/KitchenHeader.tsx:9:3)
    at TopBar (/Users/tunbee27/Documents/Tako-san-ui-rebuild/src/web/components/common/TopBar.tsx:9:3)
    at div
    at RecipeDetailPage (/Users/tunbee27/Documents/Tako-san-ui-rebuild/src/web/pages/RecipeDetailPage.tsx:51:63)
    at Router (/Users/tunbee27/Documents/Tako-san-ui-rebuild/node_modules/.pnpm/react-router@6.30.6_react@18.3.1/node_modules/react-router/dist/umd/react-router.development.js:1203:17)
    at MemoryRouter (/Users/tunbee27/Documents/Tako-san-ui-rebuild/node_modules/.pnpm/react-router@6.30.6_react@18.3.1/node_modules/react-router/dist/umd/react-router.development.js:1097:7)
    at QueryClientProvider (file:///Users/tunbee27/Documents/Tako-san-ui-rebuild/node_modules/.pnpm/@tanstack+react-query@5.102.8_react@18.3.1/node_modules/@tanstack/react-query/build/modern/QueryClientProvider.js:12:32)

stderr | tests/integration/frontend-ui-integration.test.tsx > RecipeDetail loading, not-found, error, and success remain distinct > renders the offline error honestly with retry
Warning: useLayoutEffect does nothing on the server, because its effect cannot be encoded into the server renderer's output format. This will lead to a mismatch between the initial, non-hydrated UI and the intended UI. To avoid this, useLayoutEffect should only be used in components that render exclusively on the client. See https://reactjs.org/link/uselayouteffect-ssr for common fixes.
    at MemoryRouter (/Users/tunbee27/Documents/Tako-san-ui-rebuild/node_modules/.pnpm/react-router@6.30.6_react@18.3.1/node_modules/react-router/dist/umd/react-router.development.js:1097:7)
    at QueryClientProvider (file:///Users/tunbee27/Documents/Tako-san-ui-rebuild/node_modules/.pnpm/@tanstack+react-query@5.102.8_react@18.3.1/node_modules/@tanstack/react-query/build/modern/QueryClientProvider.js:12:32)
Warning: useLayoutEffect does nothing on the server, because its effect cannot be encoded into the server renderer's output format. This will lead to a mismatch between the initial, non-hydrated UI and the intended UI. To avoid this, useLayoutEffect should only be used in components that render exclusively on the client. See https://reactjs.org/link/uselayouteffect-ssr for common fixes.
    at LinkWithRef (/Users/tunbee27/Documents/Tako-san-ui-rebuild/node_modules/.pnpm/react-router-dom@6.30.6_react-dom@18.3.1_react@18.3.1__react@18.3.1/node_modules/react-router-dom/dist/umd/react-router-dom.development.js:807:9)
    at div
    at header
    at KitchenHeader (/Users/tunbee27/Documents/Tako-san-ui-rebuild/src/web/components/common/KitchenHeader.tsx:9:3)
    at TopBar (/Users/tunbee27/Documents/Tako-san-ui-rebuild/src/web/components/common/TopBar.tsx:9:3)
    at div
    at RecipeDetailPage (/Users/tunbee27/Documents/Tako-san-ui-rebuild/src/web/pages/RecipeDetailPage.tsx:51:63)
    at Router (/Users/tunbee27/Documents/Tako-san-ui-rebuild/node_modules/.pnpm/react-router@6.30.6_react@18.3.1/node_modules/react-router/dist/umd/react-router.development.js:1203:17)
    at MemoryRouter (/Users/tunbee27/Documents/Tako-san-ui-rebuild/node_modules/.pnpm/react-router@6.30.6_react@18.3.1/node_modules/react-router/dist/umd/react-router.development.js:1097:7)
    at QueryClientProvider (file:///Users/tunbee27/Documents/Tako-san-ui-rebuild/node_modules/.pnpm/@tanstack+react-query@5.102.8_react@18.3.1/node_modules/@tanstack/react-query/build/modern/QueryClientProvider.js:12:32)
Warning: useLayoutEffect does nothing on the server, because its effect cannot be encoded into the server renderer's output format. This will lead to a mismatch between the initial, non-hydrated UI and the intended UI. To avoid this, useLayoutEffect should only be used in components that render exclusively on the client. See https://reactjs.org/link/uselayouteffect-ssr for common fixes.
    at LinkWithRef (/Users/tunbee27/Documents/Tako-san-ui-rebuild/node_modules/.pnpm/react-router-dom@6.30.6_react-dom@18.3.1_react@18.3.1__react@18.3.1/node_modules/react-router-dom/dist/umd/react-router-dom.development.js:807:9)
    at div
    at header
    at KitchenHeader (/Users/tunbee27/Documents/Tako-san-ui-rebuild/src/web/components/common/KitchenHeader.tsx:9:3)
    at TopBar (/Users/tunbee27/Documents/Tako-san-ui-rebuild/src/web/components/common/TopBar.tsx:9:3)
    at div
    at RecipeDetailPage (/Users/tunbee27/Documents/Tako-san-ui-rebuild/src/web/pages/RecipeDetailPage.tsx:51:63)
    at Router (/Users/tunbee27/Documents/Tako-san-ui-rebuild/node_modules/.pnpm/react-router@6.30.6_react@18.3.1/node_modules/react-router/dist/umd/react-router.development.js:1203:17)
    at MemoryRouter (/Users/tunbee27/Documents/Tako-san-ui-rebuild/node_modules/.pnpm/react-router@6.30.6_react@18.3.1/node_modules/react-router/dist/umd/react-router.development.js:1097:7)
    at QueryClientProvider (file:///Users/tunbee27/Documents/Tako-san-ui-rebuild/node_modules/.pnpm/@tanstack+react-query@5.102.8_react@18.3.1/node_modules/@tanstack/react-query/build/modern/QueryClientProvider.js:12:32)
Warning: useLayoutEffect does nothing on the server, because its effect cannot be encoded into the server renderer's output format. This will lead to a mismatch between the initial, non-hydrated UI and the intended UI. To avoid this, useLayoutEffect should only be used in components that render exclusively on the client. See https://reactjs.org/link/uselayouteffect-ssr for common fixes.
    at LinkWithRef (/Users/tunbee27/Documents/Tako-san-ui-rebuild/node_modules/.pnpm/react-router-dom@6.30.6_react-dom@18.3.1_react@18.3.1__react@18.3.1/node_modules/react-router-dom/dist/umd/react-router-dom.development.js:807:9)
    at div
    at header
    at KitchenHeader (/Users/tunbee27/Documents/Tako-san-ui-rebuild/src/web/components/common/KitchenHeader.tsx:9:3)
    at TopBar (/Users/tunbee27/Documents/Tako-san-ui-rebuild/src/web/components/common/TopBar.tsx:9:3)
    at div
    at RecipeDetailPage (/Users/tunbee27/Documents/Tako-san-ui-rebuild/src/web/pages/RecipeDetailPage.tsx:51:63)
    at Router (/Users/tunbee27/Documents/Tako-san-ui-rebuild/node_modules/.pnpm/react-router@6.30.6_react@18.3.1/node_modules/react-router/dist/umd/react-router.development.js:1203:17)
    at MemoryRouter (/Users/tunbee27/Documents/Tako-san-ui-rebuild/node_modules/.pnpm/react-router@6.30.6_react@18.3.1/node_modules/react-router/dist/umd/react-router.development.js:1097:7)
    at QueryClientProvider (file:///Users/tunbee27/Documents/Tako-san-ui-rebuild/node_modules/.pnpm/@tanstack+react-query@5.102.8_react@18.3.1/node_modules/@tanstack/react-query/build/modern/QueryClientProvider.js:12:32)
Warning: useLayoutEffect does nothing on the server, because its effect cannot be encoded into the server renderer's output format. This will lead to a mismatch between the initial, non-hydrated UI and the intended UI. To avoid this, useLayoutEffect should only be used in components that render exclusively on the client. See https://reactjs.org/link/uselayouteffect-ssr for common fixes.
    at LinkWithRef (/Users/tunbee27/Documents/Tako-san-ui-rebuild/node_modules/.pnpm/react-router-dom@6.30.6_react-dom@18.3.1_react@18.3.1__react@18.3.1/node_modules/react-router-dom/dist/umd/react-router-dom.development.js:807:9)
    at div
    at header
    at KitchenHeader (/Users/tunbee27/Documents/Tako-san-ui-rebuild/src/web/components/common/KitchenHeader.tsx:9:3)
    at TopBar (/Users/tunbee27/Documents/Tako-san-ui-rebuild/src/web/components/common/TopBar.tsx:9:3)
    at div
    at RecipeDetailPage (/Users/tunbee27/Documents/Tako-san-ui-rebuild/src/web/pages/RecipeDetailPage.tsx:51:63)
    at Router (/Users/tunbee27/Documents/Tako-san-ui-rebuild/node_modules/.pnpm/react-router@6.30.6_react@18.3.1/node_modules/react-router/dist/umd/react-router.development.js:1203:17)
    at MemoryRouter (/Users/tunbee27/Documents/Tako-san-ui-rebuild/node_modules/.pnpm/react-router@6.30.6_react@18.3.1/node_modules/react-router/dist/umd/react-router.development.js:1097:7)
    at QueryClientProvider (file:///Users/tunbee27/Documents/Tako-san-ui-rebuild/node_modules/.pnpm/@tanstack+react-query@5.102.8_react@18.3.1/node_modules/@tanstack/react-query/build/modern/QueryClientProvider.js:12:32)

stderr | tests/integration/frontend-ui-integration.test.tsx > RecipeDetail loading, not-found, error, and success remain distinct > renders a successfully loaded recipe from the secure query cache
Warning: useLayoutEffect does nothing on the server, because its effect cannot be encoded into the server renderer's output format. This will lead to a mismatch between the initial, non-hydrated UI and the intended UI. To avoid this, useLayoutEffect should only be used in components that render exclusively on the client. See https://reactjs.org/link/uselayouteffect-ssr for common fixes.
    at MemoryRouter (/Users/tunbee27/Documents/Tako-san-ui-rebuild/node_modules/.pnpm/react-router@6.30.6_react@18.3.1/node_modules/react-router/dist/umd/react-router.development.js:1097:7)
    at QueryClientProvider (file:///Users/tunbee27/Documents/Tako-san-ui-rebuild/node_modules/.pnpm/@tanstack+react-query@5.102.8_react@18.3.1/node_modules/@tanstack/react-query/build/modern/QueryClientProvider.js:12:32)
Warning: useLayoutEffect does nothing on the server, because its effect cannot be encoded into the server renderer's output format. This will lead to a mismatch between the initial, non-hydrated UI and the intended UI. To avoid this, useLayoutEffect should only be used in components that render exclusively on the client. See https://reactjs.org/link/uselayouteffect-ssr for common fixes.
    at LinkWithRef (/Users/tunbee27/Documents/Tako-san-ui-rebuild/node_modules/.pnpm/react-router-dom@6.30.6_react-dom@18.3.1_react@18.3.1__react@18.3.1/node_modules/react-router-dom/dist/umd/react-router-dom.development.js:807:9)
    at div
    at header
    at KitchenHeader (/Users/tunbee27/Documents/Tako-san-ui-rebuild/src/web/components/common/KitchenHeader.tsx:9:3)
    at TopBar (/Users/tunbee27/Documents/Tako-san-ui-rebuild/src/web/components/common/TopBar.tsx:9:3)
    at div
    at RecipeDetailPage (/Users/tunbee27/Documents/Tako-san-ui-rebuild/src/web/pages/RecipeDetailPage.tsx:51:63)
    at Router (/Users/tunbee27/Documents/Tako-san-ui-rebuild/node_modules/.pnpm/react-router@6.30.6_react@18.3.1/node_modules/react-router/dist/umd/react-router.development.js:1203:17)
    at MemoryRouter (/Users/tunbee27/Documents/Tako-san-ui-rebuild/node_modules/.pnpm/react-router@6.30.6_react@18.3.1/node_modules/react-router/dist/umd/react-router.development.js:1097:7)
    at QueryClientProvider (file:///Users/tunbee27/Documents/Tako-san-ui-rebuild/node_modules/.pnpm/@tanstack+react-query@5.102.8_react@18.3.1/node_modules/@tanstack/react-query/build/modern/QueryClientProvider.js:12:32)
Warning: useLayoutEffect does nothing on the server, because its effect cannot be encoded into the server renderer's output format. This will lead to a mismatch between the initial, non-hydrated UI and the intended UI. To avoid this, useLayoutEffect should only be used in components that render exclusively on the client. See https://reactjs.org/link/uselayouteffect-ssr for common fixes.
    at LinkWithRef (/Users/tunbee27/Documents/Tako-san-ui-rebuild/node_modules/.pnpm/react-router-dom@6.30.6_react-dom@18.3.1_react@18.3.1__react@18.3.1/node_modules/react-router-dom/dist/umd/react-router-dom.development.js:807:9)
    at div
    at header
    at KitchenHeader (/Users/tunbee27/Documents/Tako-san-ui-rebuild/src/web/components/common/KitchenHeader.tsx:9:3)
    at TopBar (/Users/tunbee27/Documents/Tako-san-ui-rebuild/src/web/components/common/TopBar.tsx:9:3)
    at div
    at RecipeDetailPage (/Users/tunbee27/Documents/Tako-san-ui-rebuild/src/web/pages/RecipeDetailPage.tsx:51:63)
    at Router (/Users/tunbee27/Documents/Tako-san-ui-rebuild/node_modules/.pnpm/react-router@6.30.6_react@18.3.1/node_modules/react-router/dist/umd/react-router.development.js:1203:17)
    at MemoryRouter (/Users/tunbee27/Documents/Tako-san-ui-rebuild/node_modules/.pnpm/react-router@6.30.6_react@18.3.1/node_modules/react-router/dist/umd/react-router.development.js:1097:7)
    at QueryClientProvider (file:///Users/tunbee27/Documents/Tako-san-ui-rebuild/node_modules/.pnpm/@tanstack+react-query@5.102.8_react@18.3.1/node_modules/@tanstack/react-query/build/modern/QueryClientProvider.js:12:32)
Warning: useLayoutEffect does nothing on the server, because its effect cannot be encoded into the server renderer's output format. This will lead to a mismatch between the initial, non-hydrated UI and the intended UI. To avoid this, useLayoutEffect should only be used in components that render exclusively on the client. See https://reactjs.org/link/uselayouteffect-ssr for common fixes.
    at LinkWithRef (/Users/tunbee27/Documents/Tako-san-ui-rebuild/node_modules/.pnpm/react-router-dom@6.30.6_react-dom@18.3.1_react@18.3.1__react@18.3.1/node_modules/react-router-dom/dist/umd/react-router-dom.development.js:807:9)
    at div
    at header
    at KitchenHeader (/Users/tunbee27/Documents/Tako-san-ui-rebuild/src/web/components/common/KitchenHeader.tsx:9:3)
    at TopBar (/Users/tunbee27/Documents/Tako-san-ui-rebuild/src/web/components/common/TopBar.tsx:9:3)
    at div
    at RecipeDetailPage (/Users/tunbee27/Documents/Tako-san-ui-rebuild/src/web/pages/RecipeDetailPage.tsx:51:63)
    at Router (/Users/tunbee27/Documents/Tako-san-ui-rebuild/node_modules/.pnpm/react-router@6.30.6_react@18.3.1/node_modules/react-router/dist/umd/react-router.development.js:1203:17)
    at MemoryRouter (/Users/tunbee27/Documents/Tako-san-ui-rebuild/node_modules/.pnpm/react-router@6.30.6_react@18.3.1/node_modules/react-router/dist/umd/react-router.development.js:1097:7)
    at QueryClientProvider (file:///Users/tunbee27/Documents/Tako-san-ui-rebuild/node_modules/.pnpm/@tanstack+react-query@5.102.8_react@18.3.1/node_modules/@tanstack/react-query/build/modern/QueryClientProvider.js:12:32)
Warning: useLayoutEffect does nothing on the server, because its effect cannot be encoded into the server renderer's output format. This will lead to a mismatch between the initial, non-hydrated UI and the intended UI. To avoid this, useLayoutEffect should only be used in components that render exclusively on the client. See https://reactjs.org/link/uselayouteffect-ssr for common fixes.
    at LinkWithRef (/Users/tunbee27/Documents/Tako-san-ui-rebuild/node_modules/.pnpm/react-router-dom@6.30.6_react-dom@18.3.1_react@18.3.1__react@18.3.1/node_modules/react-router-dom/dist/umd/react-router-dom.development.js:807:9)
    at div
    at header
    at KitchenHeader (/Users/tunbee27/Documents/Tako-san-ui-rebuild/src/web/components/common/KitchenHeader.tsx:9:3)
    at TopBar (/Users/tunbee27/Documents/Tako-san-ui-rebuild/src/web/components/common/TopBar.tsx:9:3)
    at div
    at RecipeDetailPage (/Users/tunbee27/Documents/Tako-san-ui-rebuild/src/web/pages/RecipeDetailPage.tsx:51:63)
    at Router (/Users/tunbee27/Documents/Tako-san-ui-rebuild/node_modules/.pnpm/react-router@6.30.6_react@18.3.1/node_modules/react-router/dist/umd/react-router.development.js:1203:17)
    at MemoryRouter (/Users/tunbee27/Documents/Tako-san-ui-rebuild/node_modules/.pnpm/react-router@6.30.6_react@18.3.1/node_modules/react-router/dist/umd/react-router.development.js:1097:7)
    at QueryClientProvider (file:///Users/tunbee27/Documents/Tako-san-ui-rebuild/node_modules/.pnpm/@tanstack+react-query@5.102.8_react@18.3.1/node_modules/@tanstack/react-query/build/modern/QueryClientProvider.js:12:32)

stderr | tests/integration/frontend-ui-integration.test.tsx > notification honesty > renders no fabricated alerts or global unread dot when the server list is empty
Warning: useLayoutEffect does nothing on the server, because its effect cannot be encoded into the server renderer's output format. This will lead to a mismatch between the initial, non-hydrated UI and the intended UI. To avoid this, useLayoutEffect should only be used in components that render exclusively on the client. See https://reactjs.org/link/uselayouteffect-ssr for common fixes.
    at MemoryRouter (/Users/tunbee27/Documents/Tako-san-ui-rebuild/node_modules/.pnpm/react-router@6.30.6_react@18.3.1/node_modules/react-router/dist/umd/react-router.development.js:1097:7)
    at QueryClientProvider (file:///Users/tunbee27/Documents/Tako-san-ui-rebuild/node_modules/.pnpm/@tanstack+react-query@5.102.8_react@18.3.1/node_modules/@tanstack/react-query/build/modern/QueryClientProvider.js:12:32)
Warning: useLayoutEffect does nothing on the server, because its effect cannot be encoded into the server renderer's output format. This will lead to a mismatch between the initial, non-hydrated UI and the intended UI. To avoid this, useLayoutEffect should only be used in components that render exclusively on the client. See https://reactjs.org/link/uselayouteffect-ssr for common fixes.
    at LinkWithRef (/Users/tunbee27/Documents/Tako-san-ui-rebuild/node_modules/.pnpm/react-router-dom@6.30.6_react-dom@18.3.1_react@18.3.1__react@18.3.1/node_modules/react-router-dom/dist/umd/react-router-dom.development.js:807:9)
    at div
    at header
    at KitchenHeader (/Users/tunbee27/Documents/Tako-san-ui-rebuild/src/web/components/common/KitchenHeader.tsx:9:3)
    at div
    at AccountPage (/Users/tunbee27/Documents/Tako-san-ui-rebuild/src/web/components/common/AccountPage.tsx:5:3)
    at NotificationsPage (/Users/tunbee27/Documents/Tako-san-ui-rebuild/src/web/pages/NotificationsPage.tsx:26:64)
    at Router (/Users/tunbee27/Documents/Tako-san-ui-rebuild/node_modules/.pnpm/react-router@6.30.6_react@18.3.1/node_modules/react-router/dist/umd/react-router.development.js:1203:17)
    at MemoryRouter (/Users/tunbee27/Documents/Tako-san-ui-rebuild/node_modules/.pnpm/react-router@6.30.6_react@18.3.1/node_modules/react-router/dist/umd/react-router.development.js:1097:7)
    at QueryClientProvider (file:///Users/tunbee27/Documents/Tako-san-ui-rebuild/node_modules/.pnpm/@tanstack+react-query@5.102.8_react@18.3.1/node_modules/@tanstack/react-query/build/modern/QueryClientProvider.js:12:32)
Warning: useLayoutEffect does nothing on the server, because its effect cannot be encoded into the server renderer's output format. This will lead to a mismatch between the initial, non-hydrated UI and the intended UI. To avoid this, useLayoutEffect should only be used in components that render exclusively on the client. See https://reactjs.org/link/uselayouteffect-ssr for common fixes.
    at LinkWithRef (/Users/tunbee27/Documents/Tako-san-ui-rebuild/node_modules/.pnpm/react-router-dom@6.30.6_react-dom@18.3.1_react@18.3.1__react@18.3.1/node_modules/react-router-dom/dist/umd/react-router-dom.development.js:807:9)
    at div
    at header
    at KitchenHeader (/Users/tunbee27/Documents/Tako-san-ui-rebuild/src/web/components/common/KitchenHeader.tsx:9:3)
    at div
    at AccountPage (/Users/tunbee27/Documents/Tako-san-ui-rebuild/src/web/components/common/AccountPage.tsx:5:3)
    at NotificationsPage (/Users/tunbee27/Documents/Tako-san-ui-rebuild/src/web/pages/NotificationsPage.tsx:26:64)
    at Router (/Users/tunbee27/Documents/Tako-san-ui-rebuild/node_modules/.pnpm/react-router@6.30.6_react@18.3.1/node_modules/react-router/dist/umd/react-router.development.js:1203:17)
    at MemoryRouter (/Users/tunbee27/Documents/Tako-san-ui-rebuild/node_modules/.pnpm/react-router@6.30.6_react@18.3.1/node_modules/react-router/dist/umd/react-router.development.js:1097:7)
    at QueryClientProvider (file:///Users/tunbee27/Documents/Tako-san-ui-rebuild/node_modules/.pnpm/@tanstack+react-query@5.102.8_react@18.3.1/node_modules/@tanstack/react-query/build/modern/QueryClientProvider.js:12:32)
Warning: useLayoutEffect does nothing on the server, because its effect cannot be encoded into the server renderer's output format. This will lead to a mismatch between the initial, non-hydrated UI and the intended UI. To avoid this, useLayoutEffect should only be used in components that render exclusively on the client. See https://reactjs.org/link/uselayouteffect-ssr for common fixes.
    at LinkWithRef (/Users/tunbee27/Documents/Tako-san-ui-rebuild/node_modules/.pnpm/react-router-dom@6.30.6_react-dom@18.3.1_react@18.3.1__react@18.3.1/node_modules/react-router-dom/dist/umd/react-router-dom.development.js:807:9)
    at div
    at header
    at KitchenHeader (/Users/tunbee27/Documents/Tako-san-ui-rebuild/src/web/components/common/KitchenHeader.tsx:9:3)
    at div
    at AccountPage (/Users/tunbee27/Documents/Tako-san-ui-rebuild/src/web/components/common/AccountPage.tsx:5:3)
    at NotificationsPage (/Users/tunbee27/Documents/Tako-san-ui-rebuild/src/web/pages/NotificationsPage.tsx:26:64)
    at Router (/Users/tunbee27/Documents/Tako-san-ui-rebuild/node_modules/.pnpm/react-router@6.30.6_react@18.3.1/node_modules/react-router/dist/umd/react-router.development.js:1203:17)
    at MemoryRouter (/Users/tunbee27/Documents/Tako-san-ui-rebuild/node_modules/.pnpm/react-router@6.30.6_react@18.3.1/node_modules/react-router/dist/umd/react-router.development.js:1097:7)
    at QueryClientProvider (file:///Users/tunbee27/Documents/Tako-san-ui-rebuild/node_modules/.pnpm/@tanstack+react-query@5.102.8_react@18.3.1/node_modules/@tanstack/react-query/build/modern/QueryClientProvider.js:12:32)
Warning: useLayoutEffect does nothing on the server, because its effect cannot be encoded into the server renderer's output format. This will lead to a mismatch between the initial, non-hydrated UI and the intended UI. To avoid this, useLayoutEffect should only be used in components that render exclusively on the client. See https://reactjs.org/link/uselayouteffect-ssr for common fixes.
    at LinkWithRef (/Users/tunbee27/Documents/Tako-san-ui-rebuild/node_modules/.pnpm/react-router-dom@6.30.6_react-dom@18.3.1_react@18.3.1__react@18.3.1/node_modules/react-router-dom/dist/umd/react-router-dom.development.js:807:9)
    at div
    at header
    at KitchenHeader (/Users/tunbee27/Documents/Tako-san-ui-rebuild/src/web/components/common/KitchenHeader.tsx:9:3)
    at div
    at AccountPage (/Users/tunbee27/Documents/Tako-san-ui-rebuild/src/web/components/common/AccountPage.tsx:5:3)
    at NotificationsPage (/Users/tunbee27/Documents/Tako-san-ui-rebuild/src/web/pages/NotificationsPage.tsx:26:64)
    at Router (/Users/tunbee27/Documents/Tako-san-ui-rebuild/node_modules/.pnpm/react-router@6.30.6_react@18.3.1/node_modules/react-router/dist/umd/react-router.development.js:1203:17)
    at MemoryRouter (/Users/tunbee27/Documents/Tako-san-ui-rebuild/node_modules/.pnpm/react-router@6.30.6_react@18.3.1/node_modules/react-router/dist/umd/react-router.development.js:1097:7)
    at QueryClientProvider (file:///Users/tunbee27/Documents/Tako-san-ui-rebuild/node_modules/.pnpm/@tanstack+react-query@5.102.8_react@18.3.1/node_modules/@tanstack/react-query/build/modern/QueryClientProvider.js:12:32)
Warning: useLayoutEffect does nothing on the server, because its effect cannot be encoded into the server renderer's output format. This will lead to a mismatch between the initial, non-hydrated UI and the intended UI. To avoid this, useLayoutEffect should only be used in components that render exclusively on the client. See https://reactjs.org/link/uselayouteffect-ssr for common fixes.
    at LinkWithRef (/Users/tunbee27/Documents/Tako-san-ui-rebuild/node_modules/.pnpm/react-router-dom@6.30.6_react-dom@18.3.1_react@18.3.1__react@18.3.1/node_modules/react-router-dom/dist/umd/react-router-dom.development.js:807:9)
    at div
    at div
    at div
    at div
    at AccountPage (/Users/tunbee27/Documents/Tako-san-ui-rebuild/src/web/components/common/AccountPage.tsx:5:3)
    at NotificationsPage (/Users/tunbee27/Documents/Tako-san-ui-rebuild/src/web/pages/NotificationsPage.tsx:26:64)
    at Router (/Users/tunbee27/Documents/Tako-san-ui-rebuild/node_modules/.pnpm/react-router@6.30.6_react@18.3.1/node_modules/react-router/dist/umd/react-router.development.js:1203:17)
    at MemoryRouter (/Users/tunbee27/Documents/Tako-san-ui-rebuild/node_modules/.pnpm/react-router@6.30.6_react@18.3.1/node_modules/react-router/dist/umd/react-router.development.js:1097:7)
    at QueryClientProvider (file:///Users/tunbee27/Documents/Tako-san-ui-rebuild/node_modules/.pnpm/@tanstack+react-query@5.102.8_react@18.3.1/node_modules/@tanstack/react-query/build/modern/QueryClientProvider.js:12:32)

stderr | tests/integration/frontend-ui-integration.test.tsx > notification honesty > renders notification content only when returned by the real query contract
Warning: useLayoutEffect does nothing on the server, because its effect cannot be encoded into the server renderer's output format. This will lead to a mismatch between the initial, non-hydrated UI and the intended UI. To avoid this, useLayoutEffect should only be used in components that render exclusively on the client. See https://reactjs.org/link/uselayouteffect-ssr for common fixes.
    at MemoryRouter (/Users/tunbee27/Documents/Tako-san-ui-rebuild/node_modules/.pnpm/react-router@6.30.6_react@18.3.1/node_modules/react-router/dist/umd/react-router.development.js:1097:7)
    at QueryClientProvider (file:///Users/tunbee27/Documents/Tako-san-ui-rebuild/node_modules/.pnpm/@tanstack+react-query@5.102.8_react@18.3.1/node_modules/@tanstack/react-query/build/modern/QueryClientProvider.js:12:32)
Warning: useLayoutEffect does nothing on the server, because its effect cannot be encoded into the server renderer's output format. This will lead to a mismatch between the initial, non-hydrated UI and the intended UI. To avoid this, useLayoutEffect should only be used in components that render exclusively on the client. See https://reactjs.org/link/uselayouteffect-ssr for common fixes.
    at LinkWithRef (/Users/tunbee27/Documents/Tako-san-ui-rebuild/node_modules/.pnpm/react-router-dom@6.30.6_react-dom@18.3.1_react@18.3.1__react@18.3.1/node_modules/react-router-dom/dist/umd/react-router-dom.development.js:807:9)
    at div
    at header
    at KitchenHeader (/Users/tunbee27/Documents/Tako-san-ui-rebuild/src/web/components/common/KitchenHeader.tsx:9:3)
    at div
    at AccountPage (/Users/tunbee27/Documents/Tako-san-ui-rebuild/src/web/components/common/AccountPage.tsx:5:3)
    at NotificationsPage (/Users/tunbee27/Documents/Tako-san-ui-rebuild/src/web/pages/NotificationsPage.tsx:26:64)
    at Router (/Users/tunbee27/Documents/Tako-san-ui-rebuild/node_modules/.pnpm/react-router@6.30.6_react@18.3.1/node_modules/react-router/dist/umd/react-router.development.js:1203:17)
    at MemoryRouter (/Users/tunbee27/Documents/Tako-san-ui-rebuild/node_modules/.pnpm/react-router@6.30.6_react@18.3.1/node_modules/react-router/dist/umd/react-router.development.js:1097:7)
    at QueryClientProvider (file:///Users/tunbee27/Documents/Tako-san-ui-rebuild/node_modules/.pnpm/@tanstack+react-query@5.102.8_react@18.3.1/node_modules/@tanstack/react-query/build/modern/QueryClientProvider.js:12:32)
Warning: useLayoutEffect does nothing on the server, because its effect cannot be encoded into the server renderer's output format. This will lead to a mismatch between the initial, non-hydrated UI and the intended UI. To avoid this, useLayoutEffect should only be used in components that render exclusively on the client. See https://reactjs.org/link/uselayouteffect-ssr for common fixes.
    at LinkWithRef (/Users/tunbee27/Documents/Tako-san-ui-rebuild/node_modules/.pnpm/react-router-dom@6.30.6_react-dom@18.3.1_react@18.3.1__react@18.3.1/node_modules/react-router-dom/dist/umd/react-router-dom.development.js:807:9)
    at div
    at header
    at KitchenHeader (/Users/tunbee27/Documents/Tako-san-ui-rebuild/src/web/components/common/KitchenHeader.tsx:9:3)
    at div
    at AccountPage (/Users/tunbee27/Documents/Tako-san-ui-rebuild/src/web/components/common/AccountPage.tsx:5:3)
    at NotificationsPage (/Users/tunbee27/Documents/Tako-san-ui-rebuild/src/web/pages/NotificationsPage.tsx:26:64)
    at Router (/Users/tunbee27/Documents/Tako-san-ui-rebuild/node_modules/.pnpm/react-router@6.30.6_react@18.3.1/node_modules/react-router/dist/umd/react-router.development.js:1203:17)
    at MemoryRouter (/Users/tunbee27/Documents/Tako-san-ui-rebuild/node_modules/.pnpm/react-router@6.30.6_react@18.3.1/node_modules/react-router/dist/umd/react-router.development.js:1097:7)
    at QueryClientProvider (file:///Users/tunbee27/Documents/Tako-san-ui-rebuild/node_modules/.pnpm/@tanstack+react-query@5.102.8_react@18.3.1/node_modules/@tanstack/react-query/build/modern/QueryClientProvider.js:12:32)
Warning: useLayoutEffect does nothing on the server, because its effect cannot be encoded into the server renderer's output format. This will lead to a mismatch between the initial, non-hydrated UI and the intended UI. To avoid this, useLayoutEffect should only be used in components that render exclusively on the client. See https://reactjs.org/link/uselayouteffect-ssr for common fixes.
    at LinkWithRef (/Users/tunbee27/Documents/Tako-san-ui-rebuild/node_modules/.pnpm/react-router-dom@6.30.6_react-dom@18.3.1_react@18.3.1__react@18.3.1/node_modules/react-router-dom/dist/umd/react-router-dom.development.js:807:9)
    at div
    at header
    at KitchenHeader (/Users/tunbee27/Documents/Tako-san-ui-rebuild/src/web/components/common/KitchenHeader.tsx:9:3)
    at div
    at AccountPage (/Users/tunbee27/Documents/Tako-san-ui-rebuild/src/web/components/common/AccountPage.tsx:5:3)
    at NotificationsPage (/Users/tunbee27/Documents/Tako-san-ui-rebuild/src/web/pages/NotificationsPage.tsx:26:64)
    at Router (/Users/tunbee27/Documents/Tako-san-ui-rebuild/node_modules/.pnpm/react-router@6.30.6_react@18.3.1/node_modules/react-router/dist/umd/react-router.development.js:1203:17)
    at MemoryRouter (/Users/tunbee27/Documents/Tako-san-ui-rebuild/node_modules/.pnpm/react-router@6.30.6_react@18.3.1/node_modules/react-router/dist/umd/react-router.development.js:1097:7)
    at QueryClientProvider (file:///Users/tunbee27/Documents/Tako-san-ui-rebuild/node_modules/.pnpm/@tanstack+react-query@5.102.8_react@18.3.1/node_modules/@tanstack/react-query/build/modern/QueryClientProvider.js:12:32)
Warning: useLayoutEffect does nothing on the server, because its effect cannot be encoded into the server renderer's output format. This will lead to a mismatch between the initial, non-hydrated UI and the intended UI. To avoid this, useLayoutEffect should only be used in components that render exclusively on the client. See https://reactjs.org/link/uselayouteffect-ssr for common fixes.
    at LinkWithRef (/Users/tunbee27/Documents/Tako-san-ui-rebuild/node_modules/.pnpm/react-router-dom@6.30.6_react-dom@18.3.1_react@18.3.1__react@18.3.1/node_modules/react-router-dom/dist/umd/react-router-dom.development.js:807:9)
    at div
    at header
    at KitchenHeader (/Users/tunbee27/Documents/Tako-san-ui-rebuild/src/web/components/common/KitchenHeader.tsx:9:3)
    at div
    at AccountPage (/Users/tunbee27/Documents/Tako-san-ui-rebuild/src/web/components/common/AccountPage.tsx:5:3)
    at NotificationsPage (/Users/tunbee27/Documents/Tako-san-ui-rebuild/src/web/pages/NotificationsPage.tsx:26:64)
    at Router (/Users/tunbee27/Documents/Tako-san-ui-rebuild/node_modules/.pnpm/react-router@6.30.6_react@18.3.1/node_modules/react-router/dist/umd/react-router.development.js:1203:17)
    at MemoryRouter (/Users/tunbee27/Documents/Tako-san-ui-rebuild/node_modules/.pnpm/react-router@6.30.6_react@18.3.1/node_modules/react-router/dist/umd/react-router.development.js:1097:7)
    at QueryClientProvider (file:///Users/tunbee27/Documents/Tako-san-ui-rebuild/node_modules/.pnpm/@tanstack+react-query@5.102.8_react@18.3.1/node_modules/@tanstack/react-query/build/modern/QueryClientProvider.js:12:32)
Warning: useLayoutEffect does nothing on the server, because its effect cannot be encoded into the server renderer's output format. This will lead to a mismatch between the initial, non-hydrated UI and the intended UI. To avoid this, useLayoutEffect should only be used in components that render exclusively on the client. See https://reactjs.org/link/uselayouteffect-ssr for common fixes.
    at LinkWithRef (/Users/tunbee27/Documents/Tako-san-ui-rebuild/node_modules/.pnpm/react-router-dom@6.30.6_react-dom@18.3.1_react@18.3.1__react@18.3.1/node_modules/react-router-dom/dist/umd/react-router-dom.development.js:807:9)
    at div
    at div
    at div
    at div
    at AccountPage (/Users/tunbee27/Documents/Tako-san-ui-rebuild/src/web/components/common/AccountPage.tsx:5:3)
    at NotificationsPage (/Users/tunbee27/Documents/Tako-san-ui-rebuild/src/web/pages/NotificationsPage.tsx:26:64)
    at Router (/Users/tunbee27/Documents/Tako-san-ui-rebuild/node_modules/.pnpm/react-router@6.30.6_react@18.3.1/node_modules/react-router/dist/umd/react-router.development.js:1203:17)
    at MemoryRouter (/Users/tunbee27/Documents/Tako-san-ui-rebuild/node_modules/.pnpm/react-router@6.30.6_react@18.3.1/node_modules/react-router/dist/umd/react-router.development.js:1097:7)
    at QueryClientProvider (file:///Users/tunbee27/Documents/Tako-san-ui-rebuild/node_modules/.pnpm/@tanstack+react-query@5.102.8_react@18.3.1/node_modules/@tanstack/react-query/build/modern/QueryClientProvider.js:12:32)

stderr | tests/integration/frontend-ui-integration.test.tsx > notification honesty > surfaces notification errors rather than pretending the list is empty
Warning: useLayoutEffect does nothing on the server, because its effect cannot be encoded into the server renderer's output format. This will lead to a mismatch between the initial, non-hydrated UI and the intended UI. To avoid this, useLayoutEffect should only be used in components that render exclusively on the client. See https://reactjs.org/link/uselayouteffect-ssr for common fixes.
    at MemoryRouter (/Users/tunbee27/Documents/Tako-san-ui-rebuild/node_modules/.pnpm/react-router@6.30.6_react@18.3.1/node_modules/react-router/dist/umd/react-router.development.js:1097:7)
    at QueryClientProvider (file:///Users/tunbee27/Documents/Tako-san-ui-rebuild/node_modules/.pnpm/@tanstack+react-query@5.102.8_react@18.3.1/node_modules/@tanstack/react-query/build/modern/QueryClientProvider.js:12:32)
Warning: useLayoutEffect does nothing on the server, because its effect cannot be encoded into the server renderer's output format. This will lead to a mismatch between the initial, non-hydrated UI and the intended UI. To avoid this, useLayoutEffect should only be used in components that render exclusively on the client. See https://reactjs.org/link/uselayouteffect-ssr for common fixes.
    at LinkWithRef (/Users/tunbee27/Documents/Tako-san-ui-rebuild/node_modules/.pnpm/react-router-dom@6.30.6_react-dom@18.3.1_react@18.3.1__react@18.3.1/node_modules/react-router-dom/dist/umd/react-router-dom.development.js:807:9)
    at div
    at header
    at KitchenHeader (/Users/tunbee27/Documents/Tako-san-ui-rebuild/src/web/components/common/KitchenHeader.tsx:9:3)
    at div
    at AccountPage (/Users/tunbee27/Documents/Tako-san-ui-rebuild/src/web/components/common/AccountPage.tsx:5:3)
    at NotificationsPage (/Users/tunbee27/Documents/Tako-san-ui-rebuild/src/web/pages/NotificationsPage.tsx:26:64)
    at Router (/Users/tunbee27/Documents/Tako-san-ui-rebuild/node_modules/.pnpm/react-router@6.30.6_react@18.3.1/node_modules/react-router/dist/umd/react-router.development.js:1203:17)
    at MemoryRouter (/Users/tunbee27/Documents/Tako-san-ui-rebuild/node_modules/.pnpm/react-router@6.30.6_react@18.3.1/node_modules/react-router/dist/umd/react-router.development.js:1097:7)
    at QueryClientProvider (file:///Users/tunbee27/Documents/Tako-san-ui-rebuild/node_modules/.pnpm/@tanstack+react-query@5.102.8_react@18.3.1/node_modules/@tanstack/react-query/build/modern/QueryClientProvider.js:12:32)
Warning: useLayoutEffect does nothing on the server, because its effect cannot be encoded into the server renderer's output format. This will lead to a mismatch between the initial, non-hydrated UI and the intended UI. To avoid this, useLayoutEffect should only be used in components that render exclusively on the client. See https://reactjs.org/link/uselayouteffect-ssr for common fixes.
    at LinkWithRef (/Users/tunbee27/Documents/Tako-san-ui-rebuild/node_modules/.pnpm/react-router-dom@6.30.6_react-dom@18.3.1_react@18.3.1__react@18.3.1/node_modules/react-router-dom/dist/umd/react-router-dom.development.js:807:9)
    at div
    at header
    at KitchenHeader (/Users/tunbee27/Documents/Tako-san-ui-rebuild/src/web/components/common/KitchenHeader.tsx:9:3)
    at div
    at AccountPage (/Users/tunbee27/Documents/Tako-san-ui-rebuild/src/web/components/common/AccountPage.tsx:5:3)
    at NotificationsPage (/Users/tunbee27/Documents/Tako-san-ui-rebuild/src/web/pages/NotificationsPage.tsx:26:64)
    at Router (/Users/tunbee27/Documents/Tako-san-ui-rebuild/node_modules/.pnpm/react-router@6.30.6_react@18.3.1/node_modules/react-router/dist/umd/react-router.development.js:1203:17)
    at MemoryRouter (/Users/tunbee27/Documents/Tako-san-ui-rebuild/node_modules/.pnpm/react-router@6.30.6_react@18.3.1/node_modules/react-router/dist/umd/react-router.development.js:1097:7)
    at QueryClientProvider (file:///Users/tunbee27/Documents/Tako-san-ui-rebuild/node_modules/.pnpm/@tanstack+react-query@5.102.8_react@18.3.1/node_modules/@tanstack/react-query/build/modern/QueryClientProvider.js:12:32)
Warning: useLayoutEffect does nothing on the server, because its effect cannot be encoded into the server renderer's output format. This will lead to a mismatch between the initial, non-hydrated UI and the intended UI. To avoid this, useLayoutEffect should only be used in components that render exclusively on the client. See https://reactjs.org/link/uselayouteffect-ssr for common fixes.
    at LinkWithRef (/Users/tunbee27/Documents/Tako-san-ui-rebuild/node_modules/.pnpm/react-router-dom@6.30.6_react-dom@18.3.1_react@18.3.1__react@18.3.1/node_modules/react-router-dom/dist/umd/react-router-dom.development.js:807:9)
    at div
    at header
    at KitchenHeader (/Users/tunbee27/Documents/Tako-san-ui-rebuild/src/web/components/common/KitchenHeader.tsx:9:3)
    at div
    at AccountPage (/Users/tunbee27/Documents/Tako-san-ui-rebuild/src/web/components/common/AccountPage.tsx:5:3)
    at NotificationsPage (/Users/tunbee27/Documents/Tako-san-ui-rebuild/src/web/pages/NotificationsPage.tsx:26:64)
    at Router (/Users/tunbee27/Documents/Tako-san-ui-rebuild/node_modules/.pnpm/react-router@6.30.6_react@18.3.1/node_modules/react-router/dist/umd/react-router.development.js:1203:17)
    at MemoryRouter (/Users/tunbee27/Documents/Tako-san-ui-rebuild/node_modules/.pnpm/react-router@6.30.6_react@18.3.1/node_modules/react-router/dist/umd/react-router.development.js:1097:7)
    at QueryClientProvider (file:///Users/tunbee27/Documents/Tako-san-ui-rebuild/node_modules/.pnpm/@tanstack+react-query@5.102.8_react@18.3.1/node_modules/@tanstack/react-query/build/modern/QueryClientProvider.js:12:32)
Warning: useLayoutEffect does nothing on the server, because its effect cannot be encoded into the server renderer's output format. This will lead to a mismatch between the initial, non-hydrated UI and the intended UI. To avoid this, useLayoutEffect should only be used in components that render exclusively on the client. See https://reactjs.org/link/uselayouteffect-ssr for common fixes.
    at LinkWithRef (/Users/tunbee27/Documents/Tako-san-ui-rebuild/node_modules/.pnpm/react-router-dom@6.30.6_react-dom@18.3.1_react@18.3.1__react@18.3.1/node_modules/react-router-dom/dist/umd/react-router-dom.development.js:807:9)
    at div
    at header
    at KitchenHeader (/Users/tunbee27/Documents/Tako-san-ui-rebuild/src/web/components/common/KitchenHeader.tsx:9:3)
    at div
    at AccountPage (/Users/tunbee27/Documents/Tako-san-ui-rebuild/src/web/components/common/AccountPage.tsx:5:3)
    at NotificationsPage (/Users/tunbee27/Documents/Tako-san-ui-rebuild/src/web/pages/NotificationsPage.tsx:26:64)
    at Router (/Users/tunbee27/Documents/Tako-san-ui-rebuild/node_modules/.pnpm/react-router@6.30.6_react@18.3.1/node_modules/react-router/dist/umd/react-router.development.js:1203:17)
    at MemoryRouter (/Users/tunbee27/Documents/Tako-san-ui-rebuild/node_modules/.pnpm/react-router@6.30.6_react@18.3.1/node_modules/react-router/dist/umd/react-router.development.js:1097:7)
    at QueryClientProvider (file:///Users/tunbee27/Documents/Tako-san-ui-rebuild/node_modules/.pnpm/@tanstack+react-query@5.102.8_react@18.3.1/node_modules/@tanstack/react-query/build/modern/QueryClientProvider.js:12:32)
Warning: useLayoutEffect does nothing on the server, because its effect cannot be encoded into the server renderer's output format. This will lead to a mismatch between the initial, non-hydrated UI and the intended UI. To avoid this, useLayoutEffect should only be used in components that render exclusively on the client. See https://reactjs.org/link/uselayouteffect-ssr for common fixes.
    at LinkWithRef (/Users/tunbee27/Documents/Tako-san-ui-rebuild/node_modules/.pnpm/react-router-dom@6.30.6_react-dom@18.3.1_react@18.3.1__react@18.3.1/node_modules/react-router-dom/dist/umd/react-router-dom.development.js:807:9)
    at div
    at div
    at div
    at div
    at AccountPage (/Users/tunbee27/Documents/Tako-san-ui-rebuild/src/web/components/common/AccountPage.tsx:5:3)
    at NotificationsPage (/Users/tunbee27/Documents/Tako-san-ui-rebuild/src/web/pages/NotificationsPage.tsx:26:64)
    at Router (/Users/tunbee27/Documents/Tako-san-ui-rebuild/node_modules/.pnpm/react-router@6.30.6_react@18.3.1/node_modules/react-router/dist/umd/react-router.development.js:1203:17)
    at MemoryRouter (/Users/tunbee27/Documents/Tako-san-ui-rebuild/node_modules/.pnpm/react-router@6.30.6_react@18.3.1/node_modules/react-router/dist/umd/react-router.development.js:1097:7)
    at QueryClientProvider (file:///Users/tunbee27/Documents/Tako-san-ui-rebuild/node_modules/.pnpm/@tanstack+react-query@5.102.8_react@18.3.1/node_modules/@tanstack/react-query/build/modern/QueryClientProvider.js:12:32)

stderr | tests/integration/frontend-ui-integration.test.tsx > Week shopping data honesty > uses the loaded plan estimate in its summary instead of a demo budget
Warning: useLayoutEffect does nothing on the server, because its effect cannot be encoded into the server renderer's output format. This will lead to a mismatch between the initial, non-hydrated UI and the intended UI. To avoid this, useLayoutEffect should only be used in components that render exclusively on the client. See https://reactjs.org/link/uselayouteffect-ssr for common fixes.
    at MemoryRouter (/Users/tunbee27/Documents/Tako-san-ui-rebuild/node_modules/.pnpm/react-router@6.30.6_react@18.3.1/node_modules/react-router/dist/umd/react-router.development.js:1097:7)
    at QueryClientProvider (file:///Users/tunbee27/Documents/Tako-san-ui-rebuild/node_modules/.pnpm/@tanstack+react-query@5.102.8_react@18.3.1/node_modules/@tanstack/react-query/build/modern/QueryClientProvider.js:12:32)
Warning: useLayoutEffect does nothing on the server, because its effect cannot be encoded into the server renderer's output format. This will lead to a mismatch between the initial, non-hydrated UI and the intended UI. To avoid this, useLayoutEffect should only be used in components that render exclusively on the client. See https://reactjs.org/link/uselayouteffect-ssr for common fixes.
    at LinkWithRef (/Users/tunbee27/Documents/Tako-san-ui-rebuild/node_modules/.pnpm/react-router-dom@6.30.6_react-dom@18.3.1_react@18.3.1__react@18.3.1/node_modules/react-router-dom/dist/umd/react-router-dom.development.js:807:9)
    at div
    at header
    at KitchenHeader (/Users/tunbee27/Documents/Tako-san-ui-rebuild/src/web/components/common/KitchenHeader.tsx:9:3)
    at div
    at WeekWorkspace (/Users/tunbee27/Documents/Tako-san-ui-rebuild/src/web/features/week/WeekWorkspace.tsx:8:3)
    at WeekShoppingPage (/Users/tunbee27/Documents/Tako-san-ui-rebuild/src/web/pages/WeekShoppingPage.tsx:17:112)
    at Router (/Users/tunbee27/Documents/Tako-san-ui-rebuild/node_modules/.pnpm/react-router@6.30.6_react@18.3.1/node_modules/react-router/dist/umd/react-router.development.js:1203:17)
    at MemoryRouter (/Users/tunbee27/Documents/Tako-san-ui-rebuild/node_modules/.pnpm/react-router@6.30.6_react@18.3.1/node_modules/react-router/dist/umd/react-router.development.js:1097:7)
    at QueryClientProvider (file:///Users/tunbee27/Documents/Tako-san-ui-rebuild/node_modules/.pnpm/@tanstack+react-query@5.102.8_react@18.3.1/node_modules/@tanstack/react-query/build/modern/QueryClientProvider.js:12:32)
Warning: useLayoutEffect does nothing on the server, because its effect cannot be encoded into the server renderer's output format. This will lead to a mismatch between the initial, non-hydrated UI and the intended UI. To avoid this, useLayoutEffect should only be used in components that render exclusively on the client. See https://reactjs.org/link/uselayouteffect-ssr for common fixes.
    at LinkWithRef (/Users/tunbee27/Documents/Tako-san-ui-rebuild/node_modules/.pnpm/react-router-dom@6.30.6_react-dom@18.3.1_react@18.3.1__react@18.3.1/node_modules/react-router-dom/dist/umd/react-router-dom.development.js:807:9)
    at div
    at header
    at KitchenHeader (/Users/tunbee27/Documents/Tako-san-ui-rebuild/src/web/components/common/KitchenHeader.tsx:9:3)
    at div
    at WeekWorkspace (/Users/tunbee27/Documents/Tako-san-ui-rebuild/src/web/features/week/WeekWorkspace.tsx:8:3)
    at WeekShoppingPage (/Users/tunbee27/Documents/Tako-san-ui-rebuild/src/web/pages/WeekShoppingPage.tsx:17:112)
    at Router (/Users/tunbee27/Documents/Tako-san-ui-rebuild/node_modules/.pnpm/react-router@6.30.6_react@18.3.1/node_modules/react-router/dist/umd/react-router.development.js:1203:17)
    at MemoryRouter (/Users/tunbee27/Documents/Tako-san-ui-rebuild/node_modules/.pnpm/react-router@6.30.6_react@18.3.1/node_modules/react-router/dist/umd/react-router.development.js:1097:7)
    at QueryClientProvider (file:///Users/tunbee27/Documents/Tako-san-ui-rebuild/node_modules/.pnpm/@tanstack+react-query@5.102.8_react@18.3.1/node_modules/@tanstack/react-query/build/modern/QueryClientProvider.js:12:32)
Warning: useLayoutEffect does nothing on the server, because its effect cannot be encoded into the server renderer's output format. This will lead to a mismatch between the initial, non-hydrated UI and the intended UI. To avoid this, useLayoutEffect should only be used in components that render exclusively on the client. See https://reactjs.org/link/uselayouteffect-ssr for common fixes.
    at LinkWithRef (/Users/tunbee27/Documents/Tako-san-ui-rebuild/node_modules/.pnpm/react-router-dom@6.30.6_react-dom@18.3.1_react@18.3.1__react@18.3.1/node_modules/react-router-dom/dist/umd/react-router-dom.development.js:807:9)
    at div
    at header
    at KitchenHeader (/Users/tunbee27/Documents/Tako-san-ui-rebuild/src/web/components/common/KitchenHeader.tsx:9:3)
    at div
    at WeekWorkspace (/Users/tunbee27/Documents/Tako-san-ui-rebuild/src/web/features/week/WeekWorkspace.tsx:8:3)
    at WeekShoppingPage (/Users/tunbee27/Documents/Tako-san-ui-rebuild/src/web/pages/WeekShoppingPage.tsx:17:112)
    at Router (/Users/tunbee27/Documents/Tako-san-ui-rebuild/node_modules/.pnpm/react-router@6.30.6_react@18.3.1/node_modules/react-router/dist/umd/react-router.development.js:1203:17)
    at MemoryRouter (/Users/tunbee27/Documents/Tako-san-ui-rebuild/node_modules/.pnpm/react-router@6.30.6_react@18.3.1/node_modules/react-router/dist/umd/react-router.development.js:1097:7)
    at QueryClientProvider (file:///Users/tunbee27/Documents/Tako-san-ui-rebuild/node_modules/.pnpm/@tanstack+react-query@5.102.8_react@18.3.1/node_modules/@tanstack/react-query/build/modern/QueryClientProvider.js:12:32)
Warning: useLayoutEffect does nothing on the server, because its effect cannot be encoded into the server renderer's output format. This will lead to a mismatch between the initial, non-hydrated UI and the intended UI. To avoid this, useLayoutEffect should only be used in components that render exclusively on the client. See https://reactjs.org/link/uselayouteffect-ssr for common fixes.
    at LinkWithRef (/Users/tunbee27/Documents/Tako-san-ui-rebuild/node_modules/.pnpm/react-router-dom@6.30.6_react-dom@18.3.1_react@18.3.1__react@18.3.1/node_modules/react-router-dom/dist/umd/react-router-dom.development.js:807:9)
    at div
    at header
    at KitchenHeader (/Users/tunbee27/Documents/Tako-san-ui-rebuild/src/web/components/common/KitchenHeader.tsx:9:3)
    at div
    at WeekWorkspace (/Users/tunbee27/Documents/Tako-san-ui-rebuild/src/web/features/week/WeekWorkspace.tsx:8:3)
    at WeekShoppingPage (/Users/tunbee27/Documents/Tako-san-ui-rebuild/src/web/pages/WeekShoppingPage.tsx:17:112)
    at Router (/Users/tunbee27/Documents/Tako-san-ui-rebuild/node_modules/.pnpm/react-router@6.30.6_react@18.3.1/node_modules/react-router/dist/umd/react-router.development.js:1203:17)
    at MemoryRouter (/Users/tunbee27/Documents/Tako-san-ui-rebuild/node_modules/.pnpm/react-router@6.30.6_react@18.3.1/node_modules/react-router/dist/umd/react-router.development.js:1097:7)
    at QueryClientProvider (file:///Users/tunbee27/Documents/Tako-san-ui-rebuild/node_modules/.pnpm/@tanstack+react-query@5.102.8_react@18.3.1/node_modules/@tanstack/react-query/build/modern/QueryClientProvider.js:12:32)
Warning: useLayoutEffect does nothing on the server, because its effect cannot be encoded into the server renderer's output format. This will lead to a mismatch between the initial, non-hydrated UI and the intended UI. To avoid this, useLayoutEffect should only be used in components that render exclusively on the client. See https://reactjs.org/link/uselayouteffect-ssr for common fixes.
    at LinkWithRef (/Users/tunbee27/Documents/Tako-san-ui-rebuild/node_modules/.pnpm/react-router-dom@6.30.6_react-dom@18.3.1_react@18.3.1__react@18.3.1/node_modules/react-router-dom/dist/umd/react-router-dom.development.js:807:9)
    at section
    at div
    at div
    at WeekWorkspace (/Users/tunbee27/Documents/Tako-san-ui-rebuild/src/web/features/week/WeekWorkspace.tsx:8:3)
    at WeekShoppingPage (/Users/tunbee27/Documents/Tako-san-ui-rebuild/src/web/pages/WeekShoppingPage.tsx:17:112)
    at Router (/Users/tunbee27/Documents/Tako-san-ui-rebuild/node_modules/.pnpm/react-router@6.30.6_react@18.3.1/node_modules/react-router/dist/umd/react-router.development.js:1203:17)
    at MemoryRouter (/Users/tunbee27/Documents/Tako-san-ui-rebuild/node_modules/.pnpm/react-router@6.30.6_react@18.3.1/node_modules/react-router/dist/umd/react-router.development.js:1097:7)
    at QueryClientProvider (file:///Users/tunbee27/Documents/Tako-san-ui-rebuild/node_modules/.pnpm/@tanstack+react-query@5.102.8_react@18.3.1/node_modules/@tanstack/react-query/build/modern/QueryClientProvider.js:12:32)

 ✓ tests/integration/frontend-ui-integration.test.tsx (34 tests) 1329ms
   ✓ real Home data rendered through the shared QueryClient > renders honest empty states without fake meal, budget, expiry items, progress, or notification badges  316ms
 ✓ tests/integration/recipe-catalog-release-readiness.test.ts (15 tests) 1459ms
 ✓ tests/unit/t21rc2-production-receipt.test.mjs (8 tests) 1379ms
   ✓ T21R-C2 aggregate production receipt > publishes through the stored approval binding using only the fixed private inputs  368ms
 ✓ tests/integration/staging-d1-runtime-readiness.test.mjs (9 tests) 1169ms
 ✓ tests/integration/inventory-concurrency.test.ts (9 tests) 1325ms
   ✓ T09G controlled concurrency matrix > G2 USE/DISCARD, USE/CORRECT and DISCARD/DISCARD leave one winner and no drift  365ms
 ✓ tests/integration/recipe-media-catalog.test.ts (24 tests) 1233ms
stdout | tests/integration/scan-async-quota-lifecycle.test.ts > guest async scan quota lifecycle > consumes one fridge scan only with a ready result
{"event":"scan_terminal","supportId":"a924455adce8","scanType":"fridge","state":"ready","errorCode":null,"retryable":false,"attempt":1,"maxAttempts":3,"logicalModel":"QWEN_MULTIMODAL","configuredPrimaryModel":"qwen3.8-flash","latencyMs":2}

 ✓ tests/unit/synthetic-ocr-score.test.mjs (1 test) 1070ms
   ✓ synthetic OCR scorer > counts incorrect quantity, price, and total separately without altering ground truth  1070ms
stdout | tests/integration/scan-async-quota-lifecycle.test.ts > guest async scan quota lifecycle > consumes one receipt scan only with a ready result
{"event":"scan_terminal","supportId":"aa81a4f7eb70","scanType":"receipt","state":"ready","errorCode":null,"retryable":false,"attempt":1,"maxAttempts":3,"logicalModel":"QWEN_OCR","configuredPrimaryModel":"qwen-vl-ocr","latencyMs":0}

stdout | tests/integration/scan-async-quota-lifecycle.test.ts > guest async scan quota lifecycle > releases permanent failure and replays it without another charge
{"event":"scan_terminal","supportId":"e093fcc0ba39","scanType":"fridge","state":"failed","errorCode":"MODEL_NOT_FOUND","retryable":false,"attempt":1,"maxAttempts":3,"logicalModel":"QWEN_MULTIMODAL","configuredPrimaryModel":"qwen3.8-flash","latencyMs":1}

stdout | tests/integration/scan-async-quota-lifecycle.test.ts > guest async scan quota lifecycle > reserves during transient failure, consumes on eventual success, and releases on exhaustion
{"event":"scan_terminal","supportId":"e494f1d7988e","scanType":"fridge","state":"ready","errorCode":null,"retryable":false,"attempt":2,"maxAttempts":3,"logicalModel":"QWEN_MULTIMODAL","configuredPrimaryModel":"qwen3.8-flash","latencyMs":1}

stdout | tests/integration/scan-async-quota-lifecycle.test.ts > guest async scan quota lifecycle > reserves during transient failure, consumes on eventual success, and releases on exhaustion
{"event":"scan_terminal","supportId":"5423a60c2c93","scanType":"fridge","state":"failed","errorCode":"REQUEST_TIMEOUT","retryable":false,"attempt":2,"maxAttempts":2,"logicalModel":"QWEN_MULTIMODAL","configuredPrimaryModel":"qwen3.8-flash","latencyMs":1}

stderr | tests/integration/scan-async-quota-lifecycle.test.ts > guest async scan quota lifecycle > reuses the queue intent and reservation after an ambiguous send
Scan queue enqueue failed

stdout | tests/integration/scan-async-quota-lifecycle.test.ts > guest async scan quota lifecycle > reuses the queue intent and reservation after an ambiguous send
{"event":"scan_terminal","supportId":"c00c764c8093","scanType":"fridge","state":"ready","errorCode":null,"retryable":false,"attempt":1,"maxAttempts":3,"logicalModel":"QWEN_MULTIMODAL","configuredPrimaryModel":"qwen3.8-flash","latencyMs":1}

stderr | tests/integration/scan-async-quota-lifecycle.test.ts > guest async scan quota lifecycle > releases on storage failure and rolls back a scan persistence failure
R2 upload failed

stdout | tests/integration/scan-async-quota-lifecycle.test.ts > guest async scan quota lifecycle > does not retry a permanent model error despite a provider retry hint
{"event":"scan_terminal","supportId":"8b92262fdf0e","scanType":"fridge","state":"failed","errorCode":"MODEL_NOT_FOUND","retryable":false,"attempt":1,"maxAttempts":3,"logicalModel":"QWEN_MULTIMODAL","configuredPrimaryModel":"qwen3.8-flash","latencyMs":1}

 ✓ tests/integration/scan-async-quota-lifecycle.test.ts (11 tests) 1086ms
 ✓ tests/integration/cleanup-schema.test.ts (11 tests) 1036ms
stderr | tests/unit/t07-ai.test.ts > T07 planner rollout flags > requires the literal true backend flag (true)
{"level":"warn","limiter":"meal-planning-read","reason":"kv-unbound","message":"Rate limiter degraded to isolate-local counters; enforcement is not globally reliable."}

 ✓ tests/integration/inventory-closed-loop.test.ts (9 tests) 1049ms
stdout | tests/unit/t07-ai.test.ts > T07 planner rollout flags > enables AI explanation ordering only for the literal true flag (missing)
{"level":"info","event":"meal_planning_result","status":"feasible","conclusion":"feasible","truncated":false,"states":2}

stderr | tests/unit/t07-ai.test.ts > T07 planner rollout flags > enables AI explanation ordering only for the literal true flag (missing)
{"level":"warn","limiter":"planner-compute","reason":"kv-unbound","message":"Rate limiter degraded to isolate-local counters; enforcement is not globally reliable."}
{"level":"warn","limiter":"meal-planning-expensive","reason":"kv-unbound","message":"Rate limiter degraded to isolate-local counters; enforcement is not globally reliable."}

stdout | tests/unit/t07-ai.test.ts > T07 planner rollout flags > enables AI explanation ordering only for the literal true flag (empty)
{"level":"info","event":"meal_planning_result","status":"feasible","conclusion":"feasible","truncated":false,"states":2}

stdout | tests/unit/t07-ai.test.ts > T07 planner rollout flags > enables AI explanation ordering only for the literal true flag (false)
{"level":"info","event":"meal_planning_result","status":"feasible","conclusion":"feasible","truncated":false,"states":2}

stdout | tests/unit/t07-ai.test.ts > T07 planner rollout flags > enables AI explanation ordering only for the literal true flag (invalid)
{"level":"info","event":"meal_planning_result","status":"feasible","conclusion":"feasible","truncated":false,"states":2}

stdout | tests/unit/t07-ai.test.ts > T07 planner rollout flags > enables AI explanation ordering only for the literal true flag (true)
{"level":"info","event":"meal_planning_result","status":"feasible","conclusion":"feasible","truncated":false,"states":2}

 ✓ tests/unit/t07-ai.test.ts (15 tests) 1096ms
 ✓ tests/integration/recipe-authority-routing.test.ts (8 tests) 999ms
 ✓ tests/integration/foundation-hardening.test.ts (13 tests) 996ms
 ✓ tests/integration/inventory-reconciliation-composition.test.ts (19 tests) 1056ms
 ✓ tests/integration/recipe-personalization.test.ts (7 tests) 1063ms
   ✓ T03 ranking personalization persistence > fails closed for D1 batch failures and malformed persisted preference data without touching cooked or inventory state  390ms
stderr | tests/integration/t13r-a-evidence-completeness.test.ts > T13R-A P2-A raw category/storage/canonical evidence is retained by every writer > sync fridge and sync receipt persist the ingested mapping as immutable evidence
{"level":"warn","limiter":"rl_scan","reason":"kv-unbound","message":"Rate limiter degraded to isolate-local counters; enforcement is not globally reliable."}

stderr | tests/integration/t13r-a-evidence-completeness.test.ts > T13R-A P2-A raw category/storage/canonical evidence is retained by every writer > sync fridge and sync receipt persist the ingested mapping as immutable evidence
{"level":"warn","limiter":"rl_receipt","reason":"kv-unbound","message":"Rate limiter degraded to isolate-local counters; enforcement is not globally reliable."}

stdout | tests/integration/t13r-a-evidence-completeness.test.ts > T13R-A P2-A raw category/storage/canonical evidence is retained by every writer > async fridge persists the same evidence as the synchronous route
{"event":"scan_terminal","supportId":"4ca34b475372","scanType":"fridge","state":"ready","errorCode":null,"retryable":false,"attempt":1,"maxAttempts":3,"logicalModel":"QWEN_MULTIMODAL","configuredPrimaryModel":"qwen3.8-flash","latencyMs":1}

stdout | tests/integration/t13r-a-evidence-completeness.test.ts > T13R-A P2-A raw category/storage/canonical evidence is retained by every writer > async receipt persists the same evidence as the synchronous route
{"event":"scan_terminal","supportId":"0a7d1d174233","scanType":"receipt","state":"ready","errorCode":null,"retryable":false,"attempt":1,"maxAttempts":3,"logicalModel":"QWEN_OCR","configuredPrimaryModel":"qwen-vl-ocr","latencyMs":1}

 ✓ tests/integration/t13b-browser-tooling.test.mjs (3 tests) 927ms
   ✓ isolated browser bootstrap > runs the real Playwright reporter lifecycle without HTML, retaining sanitized failure evidence  923ms
 ✓ tests/integration/t13r-a-evidence-completeness.test.ts (9 tests) 996ms
stdout | tests/integration/t07-persistence.test.ts > T07 generated-plan persistence concurrency > allows only one same-revision swap winner and only one swap/regenerate winner
{"level":"info","event":"meal_planning_result","status":"feasible","conclusion":"feasible","truncated":false,"states":7}

stdout | tests/integration/t07-persistence.test.ts > T07 generated-plan persistence concurrency > allows only one same-revision swap winner and only one swap/regenerate winner
{"level":"info","event":"meal_planning_result","status":"feasible","conclusion":"feasible","truncated":false,"states":4}

stdout | tests/integration/t07-persistence.test.ts > T07 generated-plan persistence concurrency > allows only one same-revision swap winner and only one swap/regenerate winner
{"level":"info","event":"meal_planning_result","status":"feasible","conclusion":"feasible","truncated":false,"states":4}

stdout | tests/integration/t07-persistence.test.ts > T07 generated-plan persistence concurrency > allows only one same-revision swap winner and only one swap/regenerate winner
{"level":"info","event":"meal_planning_result","status":"feasible","conclusion":"feasible","truncated":false,"states":7}

stdout | tests/integration/t07-persistence.test.ts > T07 generated-plan persistence concurrency > allows only one same-revision swap winner and only one swap/regenerate winner
{"level":"info","event":"meal_planning_result","status":"feasible","conclusion":"feasible","truncated":false,"states":4}

stdout | tests/integration/t07-persistence.test.ts > T07 generated-plan persistence concurrency > allows only one same-revision swap winner and only one swap/regenerate winner
{"level":"info","event":"meal_planning_result","status":"feasible","conclusion":"feasible","truncated":false,"states":7}

stdout | tests/integration/t07-persistence.test.ts > T07 generated-plan persistence concurrency > deduplicates concurrent creation writes while documenting duplicate initial compute
{"level":"info","event":"meal_planning_result","status":"feasible","conclusion":"feasible","truncated":false,"states":7}

stdout | tests/integration/t07-persistence.test.ts > T07 generated-plan persistence concurrency > deduplicates concurrent creation writes while documenting duplicate initial compute
{"level":"info","event":"meal_planning_result","status":"feasible","conclusion":"feasible","truncated":false,"states":7}

stdout | tests/integration/t07-persistence.test.ts > T07 generated-plan persistence concurrency > deduplicates concurrent creation writes while documenting duplicate initial compute
{"level":"info","event":"meal_planning_result","status":"feasible","conclusion":"feasible","truncated":false,"states":7}

stdout | tests/integration/t07-persistence.test.ts > T07 generated-plan persistence concurrency > deduplicates concurrent creation writes while documenting duplicate initial compute
{"level":"info","event":"meal_planning_result","status":"feasible","conclusion":"feasible","truncated":false,"states":7}

stdout | tests/integration/t07-persistence.test.ts > T07 generated-plan persistence concurrency > fences feedback by plan revision while retaining exact retry identity
{"level":"info","event":"meal_planning_result","status":"feasible","conclusion":"feasible","truncated":false,"states":7}

stdout | tests/integration/t07-persistence.test.ts > T07 generated-plan persistence concurrency > fences feedback by plan revision while retaining exact retry identity
{"level":"info","event":"meal_planning_result","status":"feasible","conclusion":"feasible","truncated":false,"states":7}

stderr | tests/integration/shopping-command-race.test.ts > shopping first-claim races (real SQLite HTTP) > legacy Week compatibility > replays the completed winner when an expired prepared lease resumes
{"level":"warn","limiter":"rl_week_w","reason":"kv-unbound","message":"Rate limiter degraded to isolate-local counters; enforcement is not globally reliable."}

stdout | tests/integration/t07-persistence.test.ts > T07 generated-plan persistence concurrency > rejects feedback when regeneration commits after its read but before its guarded insert
{"level":"info","event":"meal_planning_result","status":"feasible","conclusion":"feasible","truncated":false,"states":7}

stdout | tests/integration/t07-persistence.test.ts > T07 generated-plan persistence concurrency > rejects feedback when regeneration commits after its read but before its guarded insert
{"level":"info","event":"meal_planning_result","status":"feasible","conclusion":"feasible","truncated":false,"states":7}

stdout | tests/integration/t07-persistence.test.ts > T07 generated-plan persistence concurrency > rejects a shopping result when regeneration makes the source revision stale
{"level":"info","event":"meal_planning_result","status":"feasible","conclusion":"feasible","truncated":false,"states":7}

stdout | tests/integration/t07-persistence.test.ts > T07 generated-plan persistence concurrency > rejects a shopping result when regeneration makes the source revision stale
{"level":"info","event":"meal_planning_result","status":"feasible","conclusion":"feasible","truncated":false,"states":7}

 ✓ tests/integration/t07-persistence.test.ts (6 tests) 921ms
stdout | tests/integration/t13r-a-async-evidence.test.ts > T13R-A P1-1 async scan ingestion retains T13 source evidence > async fridge persists raw evidence for confidence 0
{"event":"scan_terminal","supportId":"64b7b3cdae77","scanType":"fridge","state":"ready","errorCode":null,"retryable":false,"attempt":1,"maxAttempts":3,"logicalModel":"QWEN_MULTIMODAL","configuredPrimaryModel":"qwen3.8-flash","latencyMs":4}

stdout | tests/integration/t13r-a-async-evidence.test.ts > T13R-A P1-1 async scan ingestion retains T13 source evidence > async fridge persists raw evidence for confidence 0.11
{"event":"scan_terminal","supportId":"64b7b3cdae77","scanType":"fridge","state":"ready","errorCode":null,"retryable":false,"attempt":1,"maxAttempts":3,"logicalModel":"QWEN_MULTIMODAL","configuredPrimaryModel":"qwen3.8-flash","latencyMs":1}

stdout | tests/integration/t13r-a-async-evidence.test.ts > T13R-A P1-1 async scan ingestion retains T13 source evidence > async fridge persists raw evidence for confidence 0.9
{"event":"scan_terminal","supportId":"64b7b3cdae77","scanType":"fridge","state":"ready","errorCode":null,"retryable":false,"attempt":1,"maxAttempts":3,"logicalModel":"QWEN_MULTIMODAL","configuredPrimaryModel":"qwen3.8-flash","latencyMs":1}

 ✓ tests/integration/shopping-command-race.test.ts (8 tests) 1089ms
stdout | tests/integration/t13r-a-async-evidence.test.ts > T13R-A P1-1 async scan ingestion retains T13 source evidence > async fridge persists raw evidence for confidence missing
{"event":"scan_terminal","supportId":"64b7b3cdae77","scanType":"fridge","state":"ready","errorCode":null,"retryable":false,"attempt":1,"maxAttempts":3,"logicalModel":"QWEN_MULTIMODAL","configuredPrimaryModel":"qwen3.8-flash","latencyMs":1}

stdout | tests/integration/t13r-a-async-evidence.test.ts > T13R-A P1-1 async scan ingestion retains T13 source evidence > async receipt persists raw evidence for confidence 0
{"event":"scan_terminal","supportId":"64b7b3cdae77","scanType":"receipt","state":"ready","errorCode":null,"retryable":false,"attempt":1,"maxAttempts":3,"logicalModel":"QWEN_OCR","configuredPrimaryModel":"qwen-vl-ocr","latencyMs":1}

stdout | tests/integration/t13r-a-async-evidence.test.ts > T13R-A P1-1 async scan ingestion retains T13 source evidence > async receipt persists raw evidence for confidence 0.11
{"event":"scan_terminal","supportId":"64b7b3cdae77","scanType":"receipt","state":"ready","errorCode":null,"retryable":false,"attempt":1,"maxAttempts":3,"logicalModel":"QWEN_OCR","configuredPrimaryModel":"qwen-vl-ocr","latencyMs":0}

stdout | tests/integration/t13r-a-async-evidence.test.ts > T13R-A P1-1 async scan ingestion retains T13 source evidence > async receipt persists raw evidence for confidence 0.9
{"event":"scan_terminal","supportId":"64b7b3cdae77","scanType":"receipt","state":"ready","errorCode":null,"retryable":false,"attempt":1,"maxAttempts":3,"logicalModel":"QWEN_OCR","configuredPrimaryModel":"qwen-vl-ocr","latencyMs":1}

stdout | tests/integration/t13r-a-async-evidence.test.ts > T13R-A P1-1 async scan ingestion retains T13 source evidence > async receipt persists raw evidence for confidence missing
{"event":"scan_terminal","supportId":"64b7b3cdae77","scanType":"receipt","state":"ready","errorCode":null,"retryable":false,"attempt":1,"maxAttempts":3,"logicalModel":"QWEN_OCR","configuredPrimaryModel":"qwen-vl-ocr","latencyMs":0}

stdout | tests/integration/t13r-a-async-evidence.test.ts > T13R-A P1-1 async scan ingestion retains T13 source evidence > a receipt line without confidence is a valid unknown-confidence line, not a persistence failure
{"event":"scan_terminal","supportId":"64b7b3cdae77","scanType":"receipt","state":"ready","errorCode":null,"retryable":false,"attempt":1,"maxAttempts":3,"logicalModel":"QWEN_OCR","configuredPrimaryModel":"qwen-vl-ocr","latencyMs":1}

 ✓ tests/integration/t13r-a-async-evidence.test.ts (9 tests) 903ms
 ✓ tests/unit/t21rc-row-reconciliation.test.mjs (57 tests) 885ms
   ✓ T21R-C offline occurrence reconciliation > accounts all 500 recipes and 2702 V1 ingredient occurrences from the approved local catalog  605ms
 ✓ tests/integration/recipe-foundation.test.ts (9 tests) 864ms
 ✓ tests/unit/t20-staging-fixtures.test.mjs (27 tests) 863ms
 ✓ tests/integration/d1-schema-gate.test.ts (9 tests) 770ms
 ✓ tests/integration/recipe-media-schema.test.ts (13 tests) 756ms
 ✓ tests/integration/recipe-d1-parity.test.ts (12 tests) 809ms
stdout | tests/integration/t13b-preview-fixtures.test.mjs > T13B isolated browser evidence fixtures > keeps all browser controls out of the production worker
{"level":"info","requestId":"ec3f7ca8-6e55-4720-81b4-b4971b436657","method":"POST","path":"/__preview/t13-scans","status":404,"durationMs":3,"environment":"production"}

stdout | tests/integration/t13b-preview-fixtures.test.mjs > T13B isolated browser evidence fixtures > keeps all browser controls out of the production worker
{"level":"info","requestId":"a54c40b9-6187-463c-b9fc-139a2c9c0568","method":"POST","path":"/__preview/t13-scenarios","status":404,"durationMs":0,"environment":"production"}

stdout | tests/integration/t13b-preview-fixtures.test.mjs > T13B isolated browser evidence fixtures > keeps all browser controls out of the production worker
{"level":"info","requestId":"b9f94361-8b19-4f27-b154-a9f10bde8e06","method":"POST","path":"/__preview/t13-state","status":404,"durationMs":0,"environment":"production"}

stdout | tests/integration/t13b-preview-fixtures.test.mjs > T13B isolated browser evidence fixtures > keeps all browser controls out of the production worker
{"level":"info","requestId":"7db4e964-48bc-4689-a3e6-e9ad9a77c83f","method":"POST","path":"/__preview/t13-operator-requests","status":404,"durationMs":1,"environment":"production"}

stdout | tests/integration/t13b-preview-fixtures.test.mjs > T13B isolated browser evidence fixtures > keeps all browser controls out of the production worker
{"level":"info","requestId":"cd0b96fd-2938-46ae-9ac8-123ba54cf759","method":"POST","path":"/__preview/t13-reconciliation","status":404,"durationMs":0,"environment":"production"}

 ✓ tests/integration/t13b-preview-fixtures.test.mjs (7 tests) 672ms
 ✓ tests/integration/inventory-closed-loop-routes.test.ts (5 tests) 667ms
 ✓ tests/integration/meal-planning-persistence.test.ts (6 tests) 676ms
 ✓ tests/integration/inventory-observation-concurrency.test.ts (4 tests) 622ms
 ✓ tests/integration/recipe-candidates.test.ts (3 tests) 591ms
 ✓ tests/unit/t21rc2-schema-diagnostic.test.mjs (35 tests) 609ms
   ✓ T21RC2 real classify CLI schema-failure boundary > prints and receipts only a safe diagnostic for a synthetic forced schema failure  474ms
 ✓ tests/integration/ranking-nutrition.test.ts (6 tests) 637ms
 ✓ tests/unit/t21rb-v1-semantic.test.mjs (11 tests) 575ms
stdout | tests/integration/scan-queue-retry-policy.test.ts > scan queue provider retry policy > fails a model-access error immediately instead of burning all queue attempts
{"event":"scan_terminal","supportId":"091436fc2dc8","scanType":"fridge","state":"failed","errorCode":"MODEL_NOT_FOUND","retryable":false,"attempt":1,"maxAttempts":3,"logicalModel":"QWEN_MULTIMODAL","configuredPrimaryModel":"qwen3.8-flash","latencyMs":3}

stdout | tests/integration/scan-queue-retry-policy.test.ts > scan queue provider retry policy > does not write an untrusted provider canonical id into the ingredient FK
{"event":"scan_terminal","supportId":"091436fc2dc8","scanType":"fridge","state":"ready","errorCode":null,"retryable":false,"attempt":1,"maxAttempts":3,"logicalModel":"QWEN_MULTIMODAL","configuredPrimaryModel":"qwen3.8-flash","latencyMs":1}

stdout | tests/integration/scan-queue-retry-policy.test.ts > scan queue provider retry policy > keeps a catalog-valid provider canonical id when the raw label is unknown
{"event":"scan_terminal","supportId":"091436fc2dc8","scanType":"fridge","state":"ready","errorCode":null,"retryable":false,"attempt":1,"maxAttempts":3,"logicalModel":"QWEN_MULTIMODAL","configuredPrimaryModel":"qwen3.8-flash","latencyMs":0}

 ✓ tests/integration/scan-queue-retry-policy.test.ts (5 tests) 493ms
stdout | tests/integration/recipe-canary-test-cohort-http.test.ts > T15C-C — authorized test cohort over HTTP; request input has no influence > P1 rollback over HTTP: canary → shadow/static with cohort secrets retained serves static 71 to include, exclude and ordinary households; no D1 read, no config diagnostic, no secret cleanup
{"event":"recipe_catalog_shadow","catalog_source":"static","catalog_mode":"shadow","status":"compared","catalog_static_count":71,"level":"info","catalog_d1_count":71,"catalog_complete_count":71,"catalog_hydrated_count":71,"catalog_static_only_count":0,"catalog_d1_only_count":0,"catalog_drift_count":0,"catalog_order_drift_count":0,"catalog_hydration_failure_count":0,"catalog_lookup_ms":29,"release_id":"rel-1a047444a3632771","release_expected_count":71,"release_readiness":"ready","release_readiness_code":null,"release_reviewed_growth_count":0,"drift_sample":[],"order_drift_sample":[],"hydration_failure_sample":[]}

 ✓ tests/integration/recipe-canary-test-cohort-http.test.ts (6 tests) 539ms
stdout | tests/integration/production-integration-scan-flow.test.ts > production Qwen queue to T13 inventory authority > preserves a real Qwen result through queue, confirmation and idempotent replay
{"level":"info","event":"ai_usage","task":"receipt_ocr","provider":"qwen","logicalModel":"QWEN_OCR","physicalModel":"qwen-vl-ocr","promptId":"receipt-ocr","promptVersion":"1","inputTokens":12,"outputTokens":68,"cachedInputTokens":0,"estimatedCostUsd":0.000011720000000000001,"pricingVersion":"estimate-2026-09-sg-low-context","latencyMs":3,"attempt":1,"status":"success"}

stdout | tests/integration/production-integration-scan-flow.test.ts > production Qwen queue to T13 inventory authority > preserves a real Qwen result through queue, confirmation and idempotent replay
{"event":"scan_terminal","supportId":"a891736b777e","scanType":"receipt","state":"ready","errorCode":null,"retryable":false,"attempt":1,"maxAttempts":3,"logicalModel":"QWEN_OCR","configuredPrimaryModel":"qwen-vl-ocr","latencyMs":8}

stdout | tests/integration/production-integration-scan-flow.test.ts > production Qwen queue to T13 inventory authority > keeps unknown confidence and fridge provenance through the real Qwen queue path
{"level":"info","event":"ai_usage","task":"fridge_image_analysis","provider":"qwen","logicalModel":"QWEN_MULTIMODAL","physicalModel":"qwen3.8-flash","promptId":"fridge-image-analysis","promptVersion":"1","inputTokens":12,"outputTokens":35,"cachedInputTokens":0,"estimatedCostUsd":0.00001825,"pricingVersion":"estimate-2026-09-sg-low-context","latencyMs":0,"attempt":1,"status":"success"}

stdout | tests/integration/production-integration-scan-flow.test.ts > production Qwen queue to T13 inventory authority > keeps unknown confidence and fridge provenance through the real Qwen queue path
{"event":"scan_terminal","supportId":"1c083ef3bbdf","scanType":"fridge","state":"ready","errorCode":null,"retryable":false,"attempt":1,"maxAttempts":3,"logicalModel":"QWEN_MULTIMODAL","configuredPrimaryModel":"qwen3.8-flash","latencyMs":2}

stdout | tests/integration/production-integration-scan-flow.test.ts > production Qwen queue to T13 inventory authority > persists real Qwen zero confidence without fabricating evidence
{"level":"info","event":"ai_usage","task":"fridge_image_analysis","provider":"qwen","logicalModel":"QWEN_MULTIMODAL","physicalModel":"qwen3.8-flash","promptId":"fridge-image-analysis","promptVersion":"1","inputTokens":12,"outputTokens":39,"cachedInputTokens":0,"estimatedCostUsd":0.00002013,"pricingVersion":"estimate-2026-09-sg-low-context","latencyMs":1,"attempt":1,"status":"success"}

stdout | tests/integration/production-integration-scan-flow.test.ts > production Qwen queue to T13 inventory authority > persists real Qwen zero confidence without fabricating evidence
{"event":"scan_terminal","supportId":"1fc1e7b8ece3","scanType":"fridge","state":"ready","errorCode":null,"retryable":false,"attempt":1,"maxAttempts":3,"logicalModel":"QWEN_MULTIMODAL","configuredPrimaryModel":"qwen3.8-flash","latencyMs":1}

stdout | tests/integration/production-integration-scan-flow.test.ts > production Qwen queue to T13 inventory authority > persists real Qwen low confidence without fabricating evidence
{"level":"info","event":"ai_usage","task":"fridge_image_analysis","provider":"qwen","logicalModel":"QWEN_MULTIMODAL","physicalModel":"qwen3.8-flash","promptId":"fridge-image-analysis","promptVersion":"1","inputTokens":12,"outputTokens":39,"cachedInputTokens":0,"estimatedCostUsd":0.00002013,"pricingVersion":"estimate-2026-09-sg-low-context","latencyMs":0,"attempt":1,"status":"success"}

stdout | tests/integration/production-integration-scan-flow.test.ts > production Qwen queue to T13 inventory authority > persists real Qwen low confidence without fabricating evidence
{"event":"scan_terminal","supportId":"6d048a424198","scanType":"fridge","state":"ready","errorCode":null,"retryable":false,"attempt":1,"maxAttempts":3,"logicalModel":"QWEN_MULTIMODAL","configuredPrimaryModel":"qwen3.8-flash","latencyMs":1}

 ✓ tests/integration/production-integration-scan-flow.test.ts (4 tests) 501ms
 ✓ tests/unit/recipe-import-provenance.test.ts (11 tests) 514ms
 ✓ tests/unit/production-catalog-v2-lineage.test.mjs (27 tests) 565ms
   ✓ production catalog V2 semantic lineage > runs the CLI against the real V2 package and writes only sanitized aggregates  389ms
 ✓ tests/unit/recipe-import-factory.test.ts (16 tests) 510ms
 ✓ tests/unit/d1-readonly-query.test.mjs (20 tests) 497ms
   ✓ read-only production D1 query proofs > queries the remote API and preserves one complete result per generated statement  481ms
 ✓ tests/integration/meal-planning-snapshot.test.ts (5 tests) 488ms
 ✓ tests/integration/scan-quota-reconciliation.test.ts (4 tests) 402ms
stdout | tests/integration/t07-rate-limit.test.ts > T07 authenticated planner aggregate compute budget > shares a ten-request budget across plan IDs/actions (primary KV: true)
{"level":"info","event":"meal_planning_result","status":"feasible","conclusion":"feasible","truncated":false,"states":2}

stdout | tests/integration/t07-rate-limit.test.ts > T07 authenticated planner aggregate compute budget > shares a ten-request budget across plan IDs/actions (primary KV: true)
{"level":"info","event":"meal_planning_result","status":"feasible","conclusion":"feasible","truncated":false,"states":2}

stdout | tests/integration/t07-rate-limit.test.ts > T07 authenticated planner aggregate compute budget > shares a ten-request budget across plan IDs/actions (primary KV: true)
{"level":"info","event":"meal_planning_result","status":"feasible","conclusion":"feasible","truncated":false,"states":2}

stdout | tests/integration/t07-rate-limit.test.ts > T07 authenticated planner aggregate compute budget > shares a ten-request budget across plan IDs/actions (primary KV: true)
{"level":"info","event":"meal_planning_result","status":"feasible","conclusion":"feasible","truncated":false,"states":2}

stdout | tests/integration/t07-rate-limit.test.ts > T07 authenticated planner aggregate compute budget > shares a ten-request budget across plan IDs/actions (primary KV: true)
{"level":"info","event":"meal_planning_result","status":"feasible","conclusion":"feasible","truncated":false,"states":2}

stdout | tests/integration/t07-rate-limit.test.ts > T07 authenticated planner aggregate compute budget > shares a ten-request budget across plan IDs/actions (primary KV: true)
{"level":"info","event":"meal_planning_result","status":"feasible","conclusion":"feasible","truncated":false,"states":2}

stdout | tests/integration/t07-rate-limit.test.ts > T07 authenticated planner aggregate compute budget > shares a ten-request budget across plan IDs/actions (primary KV: true)
{"level":"info","event":"meal_planning_result","status":"feasible","conclusion":"feasible","truncated":false,"states":2}

stdout | tests/integration/t07-rate-limit.test.ts > T07 authenticated planner aggregate compute budget > shares a ten-request budget across plan IDs/actions (primary KV: true)
{"level":"info","event":"meal_planning_result","status":"feasible","conclusion":"feasible","truncated":false,"states":2}

stdout | tests/integration/t07-rate-limit.test.ts > T07 authenticated planner aggregate compute budget > shares a ten-request budget across plan IDs/actions (primary KV: true)
{"level":"info","event":"meal_planning_result","status":"feasible","conclusion":"feasible","truncated":false,"states":2}

stdout | tests/integration/t07-rate-limit.test.ts > T07 authenticated planner aggregate compute budget > shares a ten-request budget across plan IDs/actions (primary KV: true)
{"level":"info","event":"meal_planning_result","status":"feasible","conclusion":"feasible","truncated":false,"states":2}

stdout | tests/integration/t07-rate-limit.test.ts > T07 authenticated planner aggregate compute budget > shares a ten-request budget across plan IDs/actions (primary KV: true)
{"level":"info","event":"meal_planning_result","status":"feasible","conclusion":"feasible","truncated":false,"states":2}

stderr | tests/integration/t07-rate-limit.test.ts > T07 authenticated planner aggregate compute budget > shares a ten-request budget across plan IDs/actions (primary KV: false)
{"level":"warn","limiter":"planner-compute","reason":"kv-unbound","message":"Rate limiter degraded to isolate-local counters; enforcement is not globally reliable."}
{"level":"warn","limiter":"meal-planning-expensive","reason":"kv-unbound","message":"Rate limiter degraded to isolate-local counters; enforcement is not globally reliable."}

stdout | tests/integration/t07-rate-limit.test.ts > T07 authenticated planner aggregate compute budget > shares a ten-request budget across plan IDs/actions (primary KV: false)
{"level":"info","event":"meal_planning_result","status":"feasible","conclusion":"feasible","truncated":false,"states":2}

stdout | tests/integration/t07-rate-limit.test.ts > T07 authenticated planner aggregate compute budget > shares a ten-request budget across plan IDs/actions (primary KV: false)
{"level":"info","event":"meal_planning_result","status":"feasible","conclusion":"feasible","truncated":false,"states":2}

stdout | tests/integration/t07-rate-limit.test.ts > T07 authenticated planner aggregate compute budget > shares a ten-request budget across plan IDs/actions (primary KV: false)
{"level":"info","event":"meal_planning_result","status":"feasible","conclusion":"feasible","truncated":false,"states":2}

stdout | tests/integration/t07-rate-limit.test.ts > T07 authenticated planner aggregate compute budget > shares a ten-request budget across plan IDs/actions (primary KV: false)
{"level":"info","event":"meal_planning_result","status":"feasible","conclusion":"feasible","truncated":false,"states":2}

stdout | tests/integration/t07-rate-limit.test.ts > T07 authenticated planner aggregate compute budget > shares a ten-request budget across plan IDs/actions (primary KV: false)
{"level":"info","event":"meal_planning_result","status":"feasible","conclusion":"feasible","truncated":false,"states":2}

stdout | tests/integration/t07-rate-limit.test.ts > T07 authenticated planner aggregate compute budget > shares a ten-request budget across plan IDs/actions (primary KV: false)
{"level":"info","event":"meal_planning_result","status":"feasible","conclusion":"feasible","truncated":false,"states":2}

stdout | tests/integration/t07-rate-limit.test.ts > T07 authenticated planner aggregate compute budget > shares a ten-request budget across plan IDs/actions (primary KV: false)
{"level":"info","event":"meal_planning_result","status":"feasible","conclusion":"feasible","truncated":false,"states":2}

stdout | tests/integration/t07-rate-limit.test.ts > T07 authenticated planner aggregate compute budget > shares a ten-request budget across plan IDs/actions (primary KV: false)
{"level":"info","event":"meal_planning_result","status":"feasible","conclusion":"feasible","truncated":false,"states":2}

stdout | tests/integration/t07-rate-limit.test.ts > T07 authenticated planner aggregate compute budget > shares a ten-request budget across plan IDs/actions (primary KV: false)
{"level":"info","event":"meal_planning_result","status":"feasible","conclusion":"feasible","truncated":false,"states":2}

stdout | tests/integration/t07-rate-limit.test.ts > T07 authenticated planner aggregate compute budget > shares a ten-request budget across plan IDs/actions (primary KV: false)
{"level":"info","event":"meal_planning_result","status":"feasible","conclusion":"feasible","truncated":false,"states":2}

stderr | tests/integration/t07-rate-limit.test.ts > T07 authenticated planner aggregate compute budget > shares a ten-request budget across plan IDs/actions (primary KV: false)
{"level":"warn","limiter":"meal-planning-read","reason":"kv-unbound","message":"Rate limiter degraded to isolate-local counters; enforcement is not globally reliable."}

stderr | tests/integration/t07-rate-limit.test.ts > T07 authenticated planner aggregate compute budget > shares a ten-request budget across plan IDs/actions (primary KV: false)
{"level":"warn","limiter":"meal-planning-feedback","reason":"kv-unbound","message":"Rate limiter degraded to isolate-local counters; enforcement is not globally reliable."}

stdout | tests/integration/t07-rate-limit.test.ts > T07 authenticated planner aggregate compute budget > shares a ten-request budget across plan IDs/actions (primary KV: false)
{"level":"info","event":"meal_planning_result","status":"feasible","conclusion":"feasible","truncated":false,"states":2}

 ✓ tests/integration/t07-rate-limit.test.ts (2 tests) 380ms
stderr | tests/integration/week-core-flow.test.ts > Week core HTTP flow (in-memory D1) > creates, reads, regenerates, and swaps a plan while preserving relational state
{"level":"warn","limiter":"rl_week_w","reason":"kv-unbound","message":"Rate limiter degraded to isolate-local counters; enforcement is not globally reliable."}

stderr | tests/integration/week-core-flow.test.ts > Week core HTTP flow (in-memory D1) > creates, reads, regenerates, and swaps a plan while preserving relational state
{"level":"warn","limiter":"rl_gen","reason":"kv-unbound","message":"Rate limiter degraded to isolate-local counters; enforcement is not globally reliable."}

stderr | tests/integration/week-core-flow.test.ts > Week core HTTP flow (in-memory D1) > creates, reads, regenerates, and swaps a plan while preserving relational state
{"level":"warn","limiter":"rl_swap","reason":"kv-unbound","message":"Rate limiter degraded to isolate-local counters; enforcement is not globally reliable."}

 ✓ tests/integration/week-core-flow.test.ts (3 tests) 385ms
 ✓ tests/unit/weekly-planner.test.ts (25 tests) 359ms
 ✓ tests/unit/recipe-refresh-v2.test.ts (18 tests) 462ms
   ✓ committed Recipe Content Refresh V2 package > contains the independently audited 500-recipe corpus and reproduces the runtime fingerprint  413ms
 ✓ tests/unit/production-catalog-lineage.test.mjs (8 tests) 395ms
 ✓ tests/unit/t21rc2t-production-receipt.test.mjs (9 tests) 694ms
   ✓ C2T private capture to public receipt > the actual CLI prints only its fixed code for private extra input  547ms
 ✓ tests/unit/scan-route-errors.test.ts (3 tests) 696ms
   ✓ GET scan failure DTO > maps MODEL_NOT_FOUND to a safe user-facing message and preserves retry metadata  425ms
 ✓ tests/unit/ui07-brand-exports.test.mjs (5 tests) 335ms
   ✓ UI07 reproducible digital brand > regenerates every committed export byte-identically without external kit/fonts  308ms
 ✓ tests/unit/production-catalog-recovery-approval.test.mjs (13 tests) 308ms
 ✓ tests/unit/recipe-families.test.ts (14 tests) 41ms
 ✓ tests/integration/recipe-catalog-safety.test.ts (6 tests) 291ms
 ✓ tests/unit/frontend-services.test.ts (17 tests) 207ms
 ✓ tests/unit/runtime-ingredient-v2.test.ts (13 tests) 257ms
 ✓ tests/unit/t21rc2t-privacy.test.mjs (37 tests) 226ms
 ✓ tests/integration/weekly-planner.test.ts (2 tests) 213ms
 ✓ tests/integration/shopping-optimizer.test.ts (3 tests) 220ms
 ✓ tests/integration/recipe-catalog.test.ts (7 tests) 215ms
 ✓ tests/unit/t20-composer-candidates.test.ts (3 tests) 194ms
 ✓ tests/unit/ui04-scan-offline.test.ts (10 tests) 115ms
 ✓ tests/unit/takosan-brand.test.tsx (19 tests) 144ms
 ✓ tests/unit/inventory-lot-commands.test.ts (202 tests) 125ms
 ✓ tests/unit/inventory-adoption.test.ts (70 tests) 139ms
 ✓ tests/unit/shopping-optimizer.test.ts (56 tests) 116ms
 ✓ tests/unit/production-catalog-static-pin.test.mjs (51 tests) 127ms
stderr | tests/integration/scan-async-canary.test.ts > Fridge scan async canary (in-memory D1) > returns 202, persists a pending scan, and enqueues a tenant-scoped job
{"level":"warn","limiter":"rl_scan","reason":"kv-unbound","message":"Rate limiter degraded to isolate-local counters; enforcement is not globally reliable."}

 ✓ tests/integration/scan-async-canary.test.ts (1 test) 108ms
stderr | tests/unit/sync.test.ts > offline outbox and scan persistence contract > keeps guest outbox and scope unchanged when inventory transfer is deferred
Backend verify OTP failed: ApiError: HTTP 409: {"error":"Inventory transfer deferred","code":"INVENTORY_TRANSFER_DEFERRED"}
    at fetchJson (/Users/tunbee27/Documents/Tako-san-ui-rebuild/src/web/services/http.ts:125:11)
    at Object.verifyOtp (/Users/tunbee27/Documents/Tako-san-ui-rebuild/src/web/services/auth.ts:159:22)
    at /Users/tunbee27/Documents/Tako-san-ui-rebuild/tests/unit/sync.test.ts:300:5
    at file:///Users/tunbee27/Documents/Tako-san-ui-rebuild/node_modules/.pnpm/@vitest+runner@3.2.7/node_modules/@vitest/runner/dist/chunk-hooks.js:752:20 {
  kind: 'http',
  status: 409,
  retryable: undefined,
  requestId: undefined,
  payload: {
    error: 'Inventory transfer deferred',
    code: 'INVENTORY_TRANSFER_DEFERRED'
  }
}

 ✓ tests/unit/sync.test.ts (20 tests) 88ms
 ✓ tests/unit/shopping-catalog.test.ts (61 tests) 79ms
 ✓ tests/integration/production-migration-bridge.test.ts (2 tests) 73ms
 ✓ tests/unit/recipe-seed-readonly.test.ts (5 tests) 69ms
 ✓ tests/unit/auth.test.ts (19 tests) 64ms
 ✓ tests/unit/staging-d1-runtime-readiness-check.test.mjs (22 tests) 71ms
 ✓ tests/unit/wait-for-deployed-assets.test.mjs (44 tests) 49ms
 ✓ tests/unit/recipe-catalog-authority.test.ts (6 tests) 60ms
 ✓ tests/unit/production-catalog-import-output.test.mjs (106 tests) 55ms
 ✓ tests/unit/recipe-ranking.test.ts (63 tests) 54ms
 ✓ tests/unit/production-cloudflare-credential-diagnostics.test.mjs (70 tests) 55ms
 ✓ tests/unit/recipe-candidates.test.ts (43 tests) 49ms
 ✓ tests/unit/planner-contract.test.ts (22 tests) 48ms
 ✓ tests/unit/t20-meal-composition.test.ts (17 tests) 49ms
stderr | tests/unit/command-route-integrity.test.ts > inventory command integrity > requires a PATCH version instead of accepting blind writes
{"level":"warn","limiter":"rl_inv_w","reason":"kv-unbound","message":"Rate limiter degraded to isolate-local counters; enforcement is not globally reliable."}

stderr | tests/unit/command-route-integrity.test.ts > shopping-list command integrity > does not report success when PATCH loses the affected-row guard
{"level":"warn","limiter":"rl_shop_w","reason":"kv-unbound","message":"Rate limiter degraded to isolate-local counters; enforcement is not globally reliable."}

 ✓ tests/unit/command-route-integrity.test.ts (14 tests) 42ms
 ✓ tests/unit/t21rc4-identity-workflow.test.mjs (25 tests) 40ms
 ✓ tests/unit/week-route-serialization.test.ts (6 tests) 20ms
 ✓ tests/unit/t20-composition-safety.test.ts (13 tests) 36ms
 ✓ tests/unit/t20-composition-shopping.test.ts (8 tests) 31ms
 ✓ tests/unit/t07-domain-integrity.test.ts (6 tests) 40ms
 ✓ tests/unit/shopping-hardening.test.ts (17 tests) 38ms
 ✓ tests/unit/planner-presentation.test.ts (62 tests) 35ms
 ✓ tests/unit/t21rc2t-production-capture.test.mjs (14 tests) 33ms
 ✓ tests/unit/d1-temporal-forensics.test.mjs (39 tests) 36ms
 ✓ tests/unit/runtime-recipe-contract.test.ts (5 tests) 31ms
stderr | tests/unit/health.test.ts > health endpoints > readiness never leaks secret values
{"level":"error","code":"CONFIG_INVALID","issues":["CONFIG_TURNSTILE_MISSING_SITE_KEY"],"message":"Production configuration gate rejected the deployment."}

stderr | tests/unit/health.test.ts > health endpoints > production gate fails closed with sanitized diagnostics on dangerous configuration
{"level":"error","code":"CONFIG_INVALID","issues":["CONFIG_PRODUCTION_APP_URL","CONFIG_MOCK_MODE_IN_PRODUCTION","CONFIG_BINDING_DB_MISSING","CONFIG_BINDING_CACHE_MISSING","CONFIG_JWT_SECRET_MISSING","CONFIG_OTP_HASH_SECRET_MISSING","CONFIG_QUEUE_BINDING_MISSING","CONFIG_TURNSTILE_MISSING_SECRET","CONFIG_TURNSTILE_MISSING_SITE_KEY"],"message":"Production configuration gate rejected the deployment."}

stderr | tests/unit/health.test.ts > health endpoints > readiness fails closed for unusable auth configuration {}
{"level":"error","code":"CONFIG_INVALID","issues":["CONFIG_OTP_HASH_SECRET_MISSING","CONFIG_TURNSTILE_MISSING_SECRET","CONFIG_TURNSTILE_MISSING_SITE_KEY"],"message":"Production configuration gate rejected the deployment."}

stderr | tests/unit/health.test.ts > health endpoints > readiness fails closed for unusable auth configuration {}
{"level":"error","code":"CONFIG_INVALID","issues":["CONFIG_PRODUCTION_APP_URL","CONFIG_TURNSTILE_MISSING_SECRET","CONFIG_TURNSTILE_MISSING_SITE_KEY"],"message":"Production configuration gate rejected the deployment."}

stderr | tests/unit/health.test.ts > health endpoints > readiness fails closed for unusable auth configuration {"APP_URL":"https://"}
{"level":"error","code":"CONFIG_INVALID","issues":["CONFIG_PRODUCTION_APP_URL","CONFIG_TURNSTILE_MISSING_SECRET","CONFIG_TURNSTILE_MISSING_SITE_KEY"],"message":"Production configuration gate rejected the deployment."}

stderr | tests/unit/health.test.ts > health endpoints > fails production readiness when Qwen is missing even if a native AI binding exists
{"level":"error","code":"CONFIG_INVALID","issues":["CONFIG_QWEN_API_KEY_MISSING"],"message":"Production configuration gate rejected the deployment."}

stderr | tests/unit/health.test.ts > health endpoints > fails production readiness when async scan image storage is missing
{"level":"error","code":"CONFIG_INVALID","issues":["CONFIG_SCAN_IMAGE_STORAGE_MISSING"],"message":"Production configuration gate rejected the deployment."}

 ✓ tests/unit/health.test.ts (15 tests) 28ms
 ✓ tests/unit/t21rc2-workflow.test.mjs (21 tests) 31ms
 ✓ tests/unit/inventory-truth.test.ts (76 tests) 24ms
 ✓ tests/unit/cloudflare-worker-rollback.test.mjs (10 tests) 30ms
 ✓ tests/unit/ui07-brand-shell.test.tsx (15 tests) 26ms
 ✓ tests/unit/meal-shopping-dto.test.ts (3 tests) 25ms
 ✓ tests/unit/ai-runtime-governance.test.ts (21 tests) 31ms
 ✓ tests/unit/ui08-route-scope.test.tsx (20 tests) 25ms
 ✓ tests/unit/staging-d1-migration-check.test.mjs (6 tests) 23ms
stderr | tests/unit/ai-provider-recovery.test.ts > vision provider recovery contract > marks a missing Groq model as permanent and preserves the typed error through the router
{"level":"warn","event":"ai_provider_failed","provider":"groq","model":"qwen/qwen3.6-27b","code":"MODEL_NOT_FOUND","retryable":false}

stderr | tests/unit/ai-provider-recovery.test.ts > vision provider recovery contract > does not activate legacy or future providers from stored keys alone
{"level":"warn","event":"ai_provider_failed","provider":"qwen","model":"qwen3.7-flash","code":"AUTHENTICATION_FAILED","retryable":false}

stderr | tests/unit/ai-provider-recovery.test.ts > vision provider recovery contract > falls through from a failed Qwen ranking request to the explicitly enabled DeepSeek fallback
{"level":"warn","event":"ai_recipe_rank_failed","provider":"qwen"}

 ✓ tests/unit/ai-provider-recovery.test.ts (23 tests) 22ms
 ✓ tests/unit/ui02-presentation.test.ts (47 tests) 29ms
 ✓ tests/unit/week-planner.test.ts (15 tests) 23ms
 ✓ tests/unit/inventory-fefo.test.ts (20 tests) 16ms
 ✓ tests/unit/ingredient-availability.test.ts (29 tests) 24ms
 ✓ tests/unit/meal-planning-client.test.ts (24 tests) 22ms
stderr | tests/unit/ai-router.test.ts > AI Router & Schema Verification > applies the quality gate before accepting provider output
{"level":"warn","event":"ai_provider_failed","provider":"groq","model":"qwen/qwen3.6-27b","code":"AI_SCAN_NO_USABLE_ITEMS","retryable":false}

stderr | tests/unit/ai-router.test.ts > AI Router & Schema Verification > applies the quality gate before accepting receipt provider output
{"level":"warn","event":"ai_receipt_provider_failed","provider":"groq","model":"qwen/qwen3.6-27b","code":"AI_SCAN_NO_USABLE_ITEMS","retryable":false}

 ✓ tests/unit/ai-router.test.ts (16 tests) 22ms
stderr | tests/unit/email-privacy.test.ts > transactional email provider routing > classifies Resend HTTP 429 as rate limited
{"event":"email_delivery_failed","provider":"resend","category":"rate_limited"}

stderr | tests/unit/email-privacy.test.ts > transactional email provider routing > distinguishes a Resend daily quota rejection from request-rate limiting
{"event":"email_delivery_failed","provider":"resend","category":"daily_limit"}

stderr | tests/unit/email-privacy.test.ts > transactional email provider routing > classifies Resend sender verification failures without exposing its response
{"event":"email_delivery_failed","provider":"resend","category":"sender_not_verified"}

stderr | tests/unit/email-privacy.test.ts > transactional email provider routing > classifies Resend network and timeout failures as provider unavailable
{"event":"email_delivery_failed","provider":"resend","category":"provider_unavailable"}

stderr | tests/unit/email-privacy.test.ts > transactional email provider routing > reports not configured when neither provider is available
{"event":"email_delivery_failed","provider":"none","category":"not_configured"}

stderr | tests/unit/email-privacy.test.ts > does not retain provider response bodies in delivery diagnostics
{"event":"email_delivery_failed","provider":"resend","category":"provider_unavailable"}

stderr | tests/unit/email-privacy.test.ts > does not retain network exception details in delivery diagnostics
{"event":"email_delivery_failed","provider":"resend","category":"provider_unavailable"}

 ✓ tests/unit/email-privacy.test.ts (16 tests) 13ms
 ✓ tests/unit/vietnamese-recipe-bank.test.ts (6 tests) 25ms
 ✓ tests/unit/ingredient-images.test.ts (7 tests) 18ms
 ✓ tests/unit/t21rc4-identity-approval.test.mjs (14 tests) 20ms
 ✓ tests/unit/shopping-plan-snapshot.test.ts (3 tests) 19ms
 ✓ tests/unit/inventory-observations.test.ts (33 tests) 18ms
 ✓ tests/unit/scan-privacy.test.tsx (11 tests) 18ms
 ✓ tests/unit/scan-error-presentation.test.ts (4 tests) 17ms
stdout | tests/integration/worker-cors.test.mjs > allows both request-owner headers through the Worker CORS preflight
[req] OPTIONS /api/v1/inventory 204 2ms b40a4215-69f0-43e1-a81e-0bf2baa9c41f

stdout | tests/integration/worker-cors.test.mjs > CORS and CSRF agree: production / https://app.example.com => true
{"level":"info","requestId":"88604e8d-19b5-4ca5-a9d8-18975785a471","method":"OPTIONS","path":"/api/v1/inventory","status":204,"durationMs":0,"environment":"production"}

stdout | tests/integration/worker-cors.test.mjs > CORS and CSRF agree: production / https://app.example.com.evil.test => false
{"level":"info","requestId":"935f1e32-8614-4ef2-9c28-7a294de302b9","method":"OPTIONS","path":"/api/v1/inventory","status":204,"durationMs":0,"environment":"production"}

stdout | tests/integration/worker-cors.test.mjs > CORS and CSRF agree: production / https://evil-app.example.com => false
{"level":"info","requestId":"def91f18-941a-4b7c-b203-c60c7d019779","method":"OPTIONS","path":"/api/v1/inventory","status":204,"durationMs":1,"environment":"production"}

stdout | tests/integration/worker-cors.test.mjs > CORS and CSRF agree: production / https://app.example.com@evil.test => false
{"level":"info","requestId":"04376b6b-924f-4627-b507-1aa4b244948e","method":"OPTIONS","path":"/api/v1/inventory","status":204,"durationMs":0,"environment":"production"}

stdout | tests/integration/worker-cors.test.mjs > CORS and CSRF agree: production / https://app.example.com/path => false
{"level":"info","requestId":"e5f90956-324f-4879-b8cd-e54ded359672","method":"OPTIONS","path":"/api/v1/inventory","status":204,"durationMs":0,"environment":"production"}

stdout | tests/integration/worker-cors.test.mjs > CORS and CSRF agree: production / http://localhost:5173 => false
{"level":"info","requestId":"e4cba50e-8fd8-496a-a612-53dfd68708c0","method":"OPTIONS","path":"/api/v1/inventory","status":204,"durationMs":0,"environment":"production"}

stdout | tests/integration/worker-cors.test.mjs > CORS and CSRF agree: production / https://random.example.com => false
{"level":"info","requestId":"28d6edd8-5362-4bad-9482-ae38ffe0befb","method":"OPTIONS","path":"/api/v1/inventory","status":204,"durationMs":0,"environment":"production"}

stdout | tests/integration/worker-cors.test.mjs > CORS and CSRF agree: production / https://frigo.tungjpstore.net => false
{"level":"info","requestId":"a686897f-f250-4c6f-a63d-050e5614bb73","method":"OPTIONS","path":"/api/v1/inventory","status":204,"durationMs":0,"environment":"production"}

stdout | tests/integration/worker-cors.test.mjs > CORS and CSRF agree: production / null => false
{"level":"info","requestId":"f27f1e64-0eb8-4bfb-a316-625db3721638","method":"OPTIONS","path":"/api/v1/inventory","status":204,"durationMs":0,"environment":"production"}

stdout | tests/integration/worker-cors.test.mjs > CORS and CSRF agree: development / http://localhost:5173 => true
[req] OPTIONS /api/v1/inventory 204 0ms 4c7a6dcc-c318-46d4-b049-8503756f87f5

stdout | tests/integration/worker-cors.test.mjs > CORS and CSRF agree: development / http://127.0.0.1:8787 => true
[req] OPTIONS /api/v1/inventory 204 0ms 2bf07351-6ef0-4ca5-949a-42f5f3790153

stdout | tests/integration/worker-cors.test.mjs > CORS and CSRF agree: development / https://random.example.com => false
[req] OPTIONS /api/v1/inventory 204 0ms 18afc85b-731f-4759-bec0-4eab28c8efd7

stdout | tests/integration/worker-cors.test.mjs > CORS and CSRF agree: staging / http://localhost:5173 => false
[req] OPTIONS /api/v1/inventory 204 0ms 258e4a0e-4f4c-471f-8e36-291825e11467

stdout | tests/integration/worker-cors.test.mjs > exposes the request ID to the trusted separate frontend
{"level":"info","requestId":"frontend_test_123","method":"GET","path":"/api/v1/health","status":200,"durationMs":2,"environment":"production"}

stdout | tests/integration/worker-cors.test.mjs > does not emit a wildcard when the request has no Origin
{"level":"info","requestId":"0cbb2b8f-e769-4de1-858d-39b5de02a11e","method":"GET","path":"/api/v1/health","status":200,"durationMs":0,"environment":"production"}

stdout | tests/integration/worker-cors.test.mjs > allows Google GIS popup handshakes on the SPA without weakening API isolation
{"level":"info","requestId":"30ce470e-7cba-4ee8-b53a-2ee9d8c69f5d","method":"GET","path":"/auth","status":200,"durationMs":0,"environment":"production"}

stdout | tests/integration/worker-cors.test.mjs > allows Google GIS popup handshakes on the SPA without weakening API isolation
{"level":"info","requestId":"2773e810-aa0b-4fc9-9e07-6247c886fa48","method":"GET","path":"/api/v1/health","status":200,"durationMs":0,"environment":"production"}

 ✓ tests/integration/worker-cors.test.mjs (17 tests) 18ms
 ✓ tests/unit/domain-foundation.test.ts (25 tests) 16ms
stderr | tests/unit/groq-provider.test.ts > GroqProvider > uses Groq before Workers AI and falls back when Groq fails
{"level":"warn","event":"ai_provider_failed","provider":"groq","model":"qwen/qwen3.6-27b","code":"UPSTREAM_ERROR","retryable":true}

 ✓ tests/unit/groq-provider.test.ts (8 tests) 15ms
 ✓ tests/unit/planner-inventory.test.ts (10 tests) 16ms
 ✓ tests/unit/canonical-ocr-normalization.test.ts (9 tests) 9ms
 ✓ tests/unit/t13-receipt-vision-truth.test.ts (41 tests) 13ms
stderr | tests/unit/rate-limit.test.ts > rate limiter failure behavior > degrades explicitly (not silently) when KV fails in best-effort mode
{"level":"warn","limiter":"rl_t2","reason":"kv-error","message":"Rate limiter degraded to isolate-local counters; enforcement is not globally reliable."}

stderr | tests/unit/rate-limit.test.ts > rate limiter failure behavior > fails closed in production for critical limiters when the primary limiter fails
{"level":"warn","limiter":"rl_t3","reason":"kv-error","message":"Rate limiter failed closed in production."}

stderr | tests/unit/rate-limit.test.ts > rate limiter failure behavior > keeps best-effort behavior in non-production even with fail-closed enforcement
{"level":"warn","limiter":"rl_t4","reason":"kv-error","message":"Rate limiter degraded to isolate-local counters; enforcement is not globally reliable."}

stderr | tests/unit/rate-limit.test.ts > rate limiter failure behavior > marks an unbound KV namespace as degraded instead of implying global enforcement
{"level":"warn","limiter":"rl_t5","reason":"kv-unbound","message":"Rate limiter degraded to isolate-local counters; enforcement is not globally reliable."}

 ✓ tests/unit/rate-limit.test.ts (5 tests) 9ms
 ✓ tests/unit/ai-scan-failure-diagnostics.test.ts (7 tests) 15ms
 ✓ tests/unit/qwen-provider.test.ts (14 tests) 18ms
 ✓ tests/unit/config-validation.test.ts (49 tests) 12ms
 ✓ tests/unit/account-gates.test.tsx (3 tests) 15ms
 ✓ tests/unit/week-reconciliation.test.ts (5 tests) 14ms
 ✓ tests/unit/ai-vision-repair-prompt.test.ts (7 tests) 14ms
 ✓ tests/unit/meal-planning-explanation.test.ts (18 tests) 14ms
 ✓ tests/unit/wait-for-deployed-release.test.mjs (29 tests) 15ms
 ✓ tests/unit/inventory-idempotency.test.ts (4 tests) 13ms
 ✓ tests/unit/recipe-engine.test.ts (4 tests) 14ms
 ✓ tests/unit/production-d1-diagnostics.test.mjs (7 tests) 10ms
 ✓ tests/unit/planner-nutrition.test.ts (14 tests) 9ms
 ✓ tests/unit/ui09-route-scope.test.tsx (14 tests) 10ms
 ✓ tests/unit/t07-rate-limit.test.ts (2 tests) 9ms
 ✓ tests/unit/recipe-seed-output-policy.test.mjs (29 tests) 9ms
stderr | tests/unit/turnstile.test.ts > Turnstile verification > fails closed on provider rejection/malformed responses
{"event":"turnstile_verification_failed"}

 ✓ tests/unit/turnstile.test.ts (14 tests) 9ms
 ✓ tests/unit/shopping-search.test.ts (16 tests) 9ms
 ✓ tests/unit/receipt-scan.test.ts (4 tests) 9ms
 ✓ tests/unit/cleanup.test.ts (8 tests) 15ms
 ✓ tests/unit/planner-reason-coverage.test.ts (6 tests) 14ms
 ✓ tests/unit/ui-rebuild-availability.test.ts (6 tests) 14ms
 ✓ tests/unit/t21rc2t-workflow-safety.test.mjs (6 tests) 13ms
 ✓ tests/unit/scan-queue.test.ts (21 tests) 6ms
 ✓ tests/unit/cooking-store.test.ts (2 tests) 5ms
 ✓ tests/unit/t21rb-v1-production.test.mjs (5 tests) 6ms
 ✓ tests/unit/logout-dialog.test.tsx (1 test) 4ms
 ✓ tests/unit/ingredient-authority-v2.test.ts (4 tests) 5ms
 ✓ tests/unit/scans.test.ts (5 tests) 5ms
 ✓ tests/unit/scan-request-correlation.test.ts (1 test) 4ms
 ✓ tests/unit/ai-golden-dataset.test.ts (3 tests) 4ms
 ✓ tests/unit/quantity.test.ts (11 tests) 4ms
 ✓ tests/unit/query-client.test.ts (11 tests) 3ms
 ✓ tests/unit/csp.test.ts (5 tests) 3ms
 ✓ tests/unit/week-shopping-route-policy.test.ts (6 tests) 3ms
 ✓ tests/unit/production-d1-migration-runtime-proof.test.mjs (1 test) 2ms
 ✓ tests/unit/cooking-route-allocation.test.ts (3 tests) 3ms
 ✓ tests/unit/logout-ux.test.ts (2 tests) 2ms
stderr | tests/unit/t20-meal-composer-ui.test.tsx > T20 Meal composer UI > renders components with accessible role labels and lock state; lock is a server mutation at the current revision
⚠️ React Router Future Flag Warning: React Router will begin wrapping state updates in `React.startTransition` in v7. You can use the `v7_startTransition` future flag to opt-in early. For more information, see https://reactrouter.com/v6/upgrading/future#v7_starttransition.
⚠️ React Router Future Flag Warning: Relative route resolution within Splat routes is changing in v7. You can use the `v7_relativeSplatPath` future flag to opt-in early. For more information, see https://reactrouter.com/v6/upgrading/future#v7_relativesplatpath.

stderr | tests/unit/auth-verify-route.test.tsx > screen 03 — /auth/verify route > does not let a delayed unverified-login response attach to a replacement session
Backend login failed: ApiError: Phiên làm việc đã thay đổi. Vui lòng đăng nhập lại.
    at assertCurrent (/Users/tunbee27/Documents/Tako-san-ui-rebuild/src/web/services/http.ts:61:29)
    at fetchJson (/Users/tunbee27/Documents/Tako-san-ui-rebuild/src/web/services/http.ts:112:3)
    at Object.login (/Users/tunbee27/Documents/Tako-san-ui-rebuild/src/web/services/auth.ts:225:14)
    at handleLogin (/Users/tunbee27/Documents/Tako-san-ui-rebuild/src/web/pages/AuthPage.tsx:360:19) {
  kind: 'auth',
  status: undefined,
  retryable: undefined,
  requestId: undefined,
  payload: null
}

stderr | tests/unit/auth-verify-route.test.tsx > screen 03 — /auth/verify route > does not let a delayed login response navigate after the auth route is abandoned
Backend login failed: ApiError: HTTP 401: {"error":"Account verification required","requireOtp":true,"otpDelivered":true}
    at fetchJson (/Users/tunbee27/Documents/Tako-san-ui-rebuild/src/web/services/http.ts:120:13)
    at Object.login (/Users/tunbee27/Documents/Tako-san-ui-rebuild/src/web/services/auth.ts:225:14)
    at handleLogin (/Users/tunbee27/Documents/Tako-san-ui-rebuild/src/web/pages/AuthPage.tsx:360:19) {
  kind: 'auth',
  status: 401,
  retryable: undefined,
  requestId: undefined,
  payload: {
    error: 'Account verification required',
    requireOtp: true,
    otpDelivered: true
  }
}

stderr | tests/unit/auth-verify-route.test.tsx > screen 03 — /auth/verify route > invalid verification failure stays server-authoritative on /auth/verify
Backend verify OTP failed: ApiError: HTTP 400: {"error":"Mã OTP không chính xác hoặc đã được sử dụng"}
    at fetchJson (/Users/tunbee27/Documents/Tako-san-ui-rebuild/src/web/services/http.ts:125:11)
    at Object.verifyOtp (/Users/tunbee27/Documents/Tako-san-ui-rebuild/src/web/services/auth.ts:159:22)
    at submitOtpVerification (/Users/tunbee27/Documents/Tako-san-ui-rebuild/src/web/pages/AuthPage.tsx:512:19)
    at handleVerifyOtp (/Users/tunbee27/Documents/Tako-san-ui-rebuild/src/web/pages/AuthPage.tsx:560:5) {
  kind: 'http',
  status: 400,
  retryable: undefined,
  requestId: undefined,
  payload: { error: 'Mã OTP không chính xác hoặc đã được sử dụng' }
}

stderr | tests/unit/auth-verify-route.test.tsx > screen 03 — /auth/verify route > expired verification failure stays server-authoritative on /auth/verify
Backend verify OTP failed: ApiError: HTTP 400: {"error":"Mã OTP đã hết hạn. Vui lòng bấm gửi lại mã mới."}
    at fetchJson (/Users/tunbee27/Documents/Tako-san-ui-rebuild/src/web/services/http.ts:125:11)
    at Object.verifyOtp (/Users/tunbee27/Documents/Tako-san-ui-rebuild/src/web/services/auth.ts:159:22)
    at submitOtpVerification (/Users/tunbee27/Documents/Tako-san-ui-rebuild/src/web/pages/AuthPage.tsx:512:19)
    at handleVerifyOtp (/Users/tunbee27/Documents/Tako-san-ui-rebuild/src/web/pages/AuthPage.tsx:560:5) {
  kind: 'http',
  status: 400,
  retryable: undefined,
  requestId: undefined,
  payload: { error: 'Mã OTP đã hết hạn. Vui lòng bấm gửi lại mã mới.' }
}

stderr | tests/unit/auth-verify-route.test.tsx > screen 03 — /auth/verify route > rate-limited verification failure stays server-authoritative on /auth/verify
Backend verify OTP failed: ApiError: HTTP 429: {"error":"Bạn đã thử quá nhiều lần. Vui lòng chờ rồi thử lại."}
    at fetchJson (/Users/tunbee27/Documents/Tako-san-ui-rebuild/src/web/services/http.ts:125:11)
    at Object.verifyOtp (/Users/tunbee27/Documents/Tako-san-ui-rebuild/src/web/services/auth.ts:159:22)
    at submitOtpVerification (/Users/tunbee27/Documents/Tako-san-ui-rebuild/src/web/pages/AuthPage.tsx:512:19)
    at handleVerifyOtp (/Users/tunbee27/Documents/Tako-san-ui-rebuild/src/web/pages/AuthPage.tsx:560:5) {
  kind: 'http',
  status: 429,
  retryable: undefined,
  requestId: undefined,
  payload: { error: 'Bạn đã thử quá nhiều lần. Vui lòng chờ rồi thử lại.' }
}

stderr | tests/unit/auth-verify-route.test.tsx > screen 03 — /auth/verify route > reports an offline verification without consuming context or establishing a local session
Backend verify OTP failed: ApiError: Không có kết nối mạng khi gọi /auth/verify-otp
    at fetchJson (/Users/tunbee27/Documents/Tako-san-ui-rebuild/src/web/services/http.ts:109:11)
    at Object.verifyOtp (/Users/tunbee27/Documents/Tako-san-ui-rebuild/src/web/services/auth.ts:159:22)
    at submitOtpVerification (/Users/tunbee27/Documents/Tako-san-ui-rebuild/src/web/pages/AuthPage.tsx:512:19)
    at handleVerifyOtp (/Users/tunbee27/Documents/Tako-san-ui-rebuild/src/web/pages/AuthPage.tsx:560:5) {
  kind: 'offline',
  status: undefined,
  retryable: true,
  requestId: undefined,
  payload: null
}

stderr | tests/unit/auth-verify-route.test.tsx > screen 03 — /auth/verify route > ignores a delayed resend after session-change
Backend resend OTP failed: ApiError: Phiên làm việc đã thay đổi. Vui lòng đăng nhập lại.
    at assertCurrent (/Users/tunbee27/Documents/Tako-san-ui-rebuild/src/web/services/http.ts:61:29)
    at fetchJson (/Users/tunbee27/Documents/Tako-san-ui-rebuild/src/web/services/http.ts:112:3)
    at Object.resendOtp (/Users/tunbee27/Documents/Tako-san-ui-rebuild/src/web/services/auth.ts:204:14)
    at handleResendOtp (/Users/tunbee27/Documents/Tako-san-ui-rebuild/src/web/pages/AuthPage.tsx:580:19) {
  kind: 'auth',
  status: undefined,
  retryable: undefined,
  requestId: undefined,
  payload: null
}

stderr | tests/unit/auth-verify-route.test.tsx > screen 03 — /auth/verify route > ignores a delayed resend after logout
Backend resend OTP failed: ApiError: Phiên làm việc đã thay đổi. Vui lòng đăng nhập lại.
    at assertCurrent (/Users/tunbee27/Documents/Tako-san-ui-rebuild/src/web/services/http.ts:61:29)
    at fetchJson (/Users/tunbee27/Documents/Tako-san-ui-rebuild/src/web/services/http.ts:112:3)
    at Object.resendOtp (/Users/tunbee27/Documents/Tako-san-ui-rebuild/src/web/services/auth.ts:204:14)
    at handleResendOtp (/Users/tunbee27/Documents/Tako-san-ui-rebuild/src/web/pages/AuthPage.tsx:580:19) {
  kind: 'auth',
  status: undefined,
  retryable: undefined,
  requestId: undefined,
  payload: null
}

stderr | tests/unit/auth-verify-route.test.tsx > screen 03 — /auth/verify route > OTP_DELIVERY_UNAVAILABLE on register still reaches /auth/verify honestly: error shown, no cooldown, context marked undelivered
Backend register failed: ApiError: HTTP 503: {"error":"Email OTP chưa gửi được.","code":"OTP_DELIVERY_UNAVAILABLE","accountCreated":true}
    at fetchJson (/Users/tunbee27/Documents/Tako-san-ui-rebuild/src/web/services/http.ts:125:11)
    at Object.register (/Users/tunbee27/Documents/Tako-san-ui-rebuild/src/web/services/auth.ts:134:14)
    at handleRegister (/Users/tunbee27/Documents/Tako-san-ui-rebuild/src/web/pages/AuthPage.tsx:418:19) {
  kind: 'http',
  status: 503,
  retryable: undefined,
  requestId: undefined,
  payload: {
    error: 'Email OTP chưa gửi được.',
    code: 'OTP_DELIVERY_UNAVAILABLE',
    accountCreated: true
  }
}

stderr | tests/unit/auth-verify-route.test.tsx > screen 03 — /auth/verify route > a failed resend surfaces the server error and leaves resend available
Backend register failed: ApiError: HTTP 503: {"error":"Email OTP chưa gửi được.","code":"OTP_DELIVERY_UNAVAILABLE","accountCreated":true}
    at fetchJson (/Users/tunbee27/Documents/Tako-san-ui-rebuild/src/web/services/http.ts:125:11)
    at Object.register (/Users/tunbee27/Documents/Tako-san-ui-rebuild/src/web/services/auth.ts:134:14)
    at handleRegister (/Users/tunbee27/Documents/Tako-san-ui-rebuild/src/web/pages/AuthPage.tsx:418:19) {
  kind: 'http',
  status: 503,
  retryable: undefined,
  requestId: undefined,
  payload: {
    error: 'Email OTP chưa gửi được.',
    code: 'OTP_DELIVERY_UNAVAILABLE',
    accountCreated: true
  }
}

stderr | tests/unit/auth-verify-route.test.tsx > screen 03 — /auth/verify route > a failed resend surfaces the server error and leaves resend available
Backend resend OTP failed: ApiError: HTTP 429: {"error":"Vui lòng chờ trước khi gửi lại mã."}
    at fetchJson (/Users/tunbee27/Documents/Tako-san-ui-rebuild/src/web/services/http.ts:125:11)
    at Object.resendOtp (/Users/tunbee27/Documents/Tako-san-ui-rebuild/src/web/services/auth.ts:204:14)
    at handleResendOtp (/Users/tunbee27/Documents/Tako-san-ui-rebuild/src/web/pages/AuthPage.tsx:580:19) {
  kind: 'http',
  status: 429,
  retryable: undefined,
  requestId: undefined,
  payload: { error: 'Vui lòng chờ trước khi gửi lại mã.' }
}

stderr | tests/unit/auth-verify-route.test.tsx > screen 03 — /auth/verify route > invalidates stale delivery and expiry claims when the server cannot deliver a replacement
Backend resend OTP failed: ApiError: HTTP 503: {"error":"Email OTP chưa gửi được.","code":"OTP_DELIVERY_UNAVAILABLE"}
    at fetchJson (/Users/tunbee27/Documents/Tako-san-ui-rebuild/src/web/services/http.ts:125:11)
    at Object.resendOtp (/Users/tunbee27/Documents/Tako-san-ui-rebuild/src/web/services/auth.ts:204:14)
    at handleResendOtp (/Users/tunbee27/Documents/Tako-san-ui-rebuild/src/web/pages/AuthPage.tsx:580:19) {
  kind: 'http',
  status: 503,
  retryable: undefined,
  requestId: undefined,
  payload: {
    error: 'Email OTP chưa gửi được.',
    code: 'OTP_DELIVERY_UNAVAILABLE'
  }
}

stderr | tests/unit/auth-verify-route.test.tsx > screen 03 — /auth/verify route > reports an offline resend without fabricating delivery or expiry metadata
Backend resend OTP failed: ApiError: Không có kết nối mạng khi gọi /auth/resend-otp
    at fetchJson (/Users/tunbee27/Documents/Tako-san-ui-rebuild/src/web/services/http.ts:109:11)
    at Object.resendOtp (/Users/tunbee27/Documents/Tako-san-ui-rebuild/src/web/services/auth.ts:204:14)
    at handleResendOtp (/Users/tunbee27/Documents/Tako-san-ui-rebuild/src/web/pages/AuthPage.tsx:580:19) {
  kind: 'offline',
  status: undefined,
  retryable: true,
  requestId: undefined,
  payload: null
}

 ✓ tests/unit/auth-verify-route.test.tsx (39 tests) 2130ms
   ✓ screen 03 — /auth/verify route > refresh of /auth/verify restores the verification (email, cooldown) from the tab-scoped context and completes with the server  530ms
 ✓ tests/unit/t20-meal-composer-ui.test.tsx (23 tests) 3020ms
   ✓ T20 Meal composer UI > never exposes stale rows from a previous filter or a late load-more response  836ms
   ✓ T20 Meal composer UI > picker cuisine filter is a labelled control combined with search and role on the server query  526ms
   ✓ T20 Meal composer UI > an empty filtered picker result explains the filters and can clear them  780ms
 ✓ tests/unit/planner-hook.test.tsx (48 tests) 1465ms
stderr | tests/unit/auth-guest-transfer-deferred.test.tsx > D3 guest → email registration with deferred inventory transfer > B+D. the first guest attempt sends the transfer field; the 409 deferral is shown as an explicit choice, not as a wrong OTP, and the guest session is untouched
Backend verify OTP failed: ApiError: HTTP 409: {"error":"Chưa hỗ trợ chuyển dữ liệu từ hộ khách một cách an toàn. Hàng tồn kho vẫn được giữ nguyên trong hộ khách; tài khoản chưa được kích hoạt và mã OTP chưa được sử dụng.","code":"INVENTORY_TRANSFER_DEFERRED"}
    at fetchJson (/Users/tunbee27/Documents/Tako-san-ui-rebuild/src/web/services/http.ts:125:11)
    at Object.verifyOtp (/Users/tunbee27/Documents/Tako-san-ui-rebuild/src/web/services/auth.ts:159:22)
    at submitOtpVerification (/Users/tunbee27/Documents/Tako-san-ui-rebuild/src/web/pages/AuthPage.tsx:512:19)
    at handleVerifyOtp (/Users/tunbee27/Documents/Tako-san-ui-rebuild/src/web/pages/AuthPage.tsx:560:5) {
  kind: 'http',
  status: 409,
  retryable: undefined,
  requestId: undefined,
  payload: {
    error: 'Chưa hỗ trợ chuyển dữ liệu từ hộ khách một cách an toàn. Hàng tồn kho vẫn được giữ nguyên trong hộ khách; tài khoản chưa được kích hoạt và mã OTP chưa được sử dụng.',
    code: 'INVENTORY_TRANSFER_DEFERRED'
  }
}

stderr | tests/unit/auth-guest-transfer-deferred.test.tsx > D3 guest → email registration with deferred inventory transfer > C+F. continuing without transfer retries the same OTP without migrateFromHouseholdId and only then establishes the account session
Backend verify OTP failed: ApiError: HTTP 409: {"error":"Chưa hỗ trợ chuyển dữ liệu từ hộ khách một cách an toàn. Hàng tồn kho vẫn được giữ nguyên trong hộ khách; tài khoản chưa được kích hoạt và mã OTP chưa được sử dụng.","code":"INVENTORY_TRANSFER_DEFERRED"}
    at fetchJson (/Users/tunbee27/Documents/Tako-san-ui-rebuild/src/web/services/http.ts:125:11)
    at Object.verifyOtp (/Users/tunbee27/Documents/Tako-san-ui-rebuild/src/web/services/auth.ts:159:22)
    at submitOtpVerification (/Users/tunbee27/Documents/Tako-san-ui-rebuild/src/web/pages/AuthPage.tsx:512:19)
    at handleVerifyOtp (/Users/tunbee27/Documents/Tako-san-ui-rebuild/src/web/pages/AuthPage.tsx:560:5) {
  kind: 'http',
  status: 409,
  retryable: undefined,
  requestId: undefined,
  payload: {
    error: 'Chưa hỗ trợ chuyển dữ liệu từ hộ khách một cách an toàn. Hàng tồn kho vẫn được giữ nguyên trong hộ khách; tài khoản chưa được kích hoạt và mã OTP chưa được sử dụng.',
    code: 'INVENTORY_TRANSFER_DEFERRED'
  }
}

stderr | tests/unit/auth-guest-transfer-deferred.test.tsx > D3 guest → email registration with deferred inventory transfer > E. a failed continue-without-transfer retry leaves the guest session intact and never half-authenticates
Backend verify OTP failed: ApiError: HTTP 409: {"error":"Chưa hỗ trợ chuyển dữ liệu từ hộ khách một cách an toàn. Hàng tồn kho vẫn được giữ nguyên trong hộ khách; tài khoản chưa được kích hoạt và mã OTP chưa được sử dụng.","code":"INVENTORY_TRANSFER_DEFERRED"}
    at fetchJson (/Users/tunbee27/Documents/Tako-san-ui-rebuild/src/web/services/http.ts:125:11)
    at Object.verifyOtp (/Users/tunbee27/Documents/Tako-san-ui-rebuild/src/web/services/auth.ts:159:22)
    at submitOtpVerification (/Users/tunbee27/Documents/Tako-san-ui-rebuild/src/web/pages/AuthPage.tsx:512:19)
    at handleVerifyOtp (/Users/tunbee27/Documents/Tako-san-ui-rebuild/src/web/pages/AuthPage.tsx:560:5) {
  kind: 'http',
  status: 409,
  retryable: undefined,
  requestId: undefined,
  payload: {
    error: 'Chưa hỗ trợ chuyển dữ liệu từ hộ khách một cách an toàn. Hàng tồn kho vẫn được giữ nguyên trong hộ khách; tài khoản chưa được kích hoạt và mã OTP chưa được sử dụng.',
    code: 'INVENTORY_TRANSFER_DEFERRED'
  }
}

stderr | tests/unit/auth-guest-transfer-deferred.test.tsx > D3 guest → email registration with deferred inventory transfer > E. a failed continue-without-transfer retry leaves the guest session intact and never half-authenticates
Backend verify OTP failed: ApiError: HTTP 400: {"error":"Mã OTP đã hết hạn. Vui lòng bấm gửi lại mã mới."}
    at fetchJson (/Users/tunbee27/Documents/Tako-san-ui-rebuild/src/web/services/http.ts:125:11)
    at Object.verifyOtp (/Users/tunbee27/Documents/Tako-san-ui-rebuild/src/web/services/auth.ts:159:22)
    at submitOtpVerification (/Users/tunbee27/Documents/Tako-san-ui-rebuild/src/web/pages/AuthPage.tsx:512:19)
    at handleContinueWithoutTransfer (/Users/tunbee27/Documents/Tako-san-ui-rebuild/src/web/pages/AuthPage.tsx:566:5) {
  kind: 'http',
  status: 400,
  retryable: undefined,
  requestId: undefined,
  payload: { error: 'Mã OTP đã hết hạn. Vui lòng bấm gửi lại mã mới.' }
}

stderr | tests/unit/t13b-inventory-detail.test.tsx > T13B ingredient detail expiry truth > UNKNOWN never shows Tươi ngon despite the compatibility freshness field saying fresh
⚠️ React Router Future Flag Warning: React Router will begin wrapping state updates in `React.startTransition` in v7. You can use the `v7_startTransition` future flag to opt-in early. For more information, see https://reactrouter.com/v6/upgrading/future#v7_starttransition.
⚠️ React Router Future Flag Warning: Relative route resolution within Splat routes is changing in v7. You can use the `v7_relativeSplatPath` future flag to opt-in early. For more information, see https://reactrouter.com/v6/upgrading/future#v7_relativesplatpath.

stderr | tests/unit/auth-guest-transfer-deferred.test.tsx > D3 guest → email registration with deferred inventory transfer > keeps unrelated OTP failures on the normal error path (no deferral state)
Backend verify OTP failed: ApiError: HTTP 400: {"error":"Mã OTP không chính xác hoặc đã được sử dụng"}
    at fetchJson (/Users/tunbee27/Documents/Tako-san-ui-rebuild/src/web/services/http.ts:125:11)
    at Object.verifyOtp (/Users/tunbee27/Documents/Tako-san-ui-rebuild/src/web/services/auth.ts:159:22)
    at submitOtpVerification (/Users/tunbee27/Documents/Tako-san-ui-rebuild/src/web/pages/AuthPage.tsx:512:19)
    at handleVerifyOtp (/Users/tunbee27/Documents/Tako-san-ui-rebuild/src/web/pages/AuthPage.tsx:560:5) {
  kind: 'http',
  status: 400,
  retryable: undefined,
  requestId: undefined,
  payload: { error: 'Mã OTP không chính xác hoặc đã được sử dụng' }
}

 ✓ tests/unit/auth-guest-transfer-deferred.test.tsx (6 tests) 1434ms
   ✓ D3 guest → email registration with deferred inventory transfer > A. a non-guest registration verifies the OTP once, without any transfer field, and opens the account session  616ms
   ✓ D3 guest → email registration with deferred inventory transfer > C+F. continuing without transfer retries the same OTP without migrateFromHouseholdId and only then establishes the account session  577ms
 ✓ tests/unit/t13b-inventory-detail.test.tsx (25 tests) 1049ms
 ✓ tests/unit/ui02-surfaces.test.tsx (17 tests) 896ms
   ✓ Discovery mounted URL interactions > deep-linked search reaches later ingredients and reset restores all results/focus  302ms
 ✓ tests/unit/t07-planner-ui.test.tsx (12 tests) 450ms
 ✓ tests/unit/t13r-a-lot-draft-ownership.test.tsx (7 tests) 581ms
 ✓ tests/integration/t13b-review-roundtrip.test.tsx (4 tests) 727ms
 ✓ tests/unit/t13b-fridge-review.test.tsx (35 tests) 489ms
 ✓ tests/unit/t13b-receipt-review.test.tsx (43 tests) 521ms
 ✓ tests/unit/ui-rebuild-surfaces.test.tsx (7 tests) 237ms
 ✓ tests/unit/t13b-fridge-hardening.test.tsx (26 tests) 341ms
stderr | tests/unit/onboarding-contract.test.tsx > screens 04-06 — onboarding contract > screen 04 owns only household size and exposes native single-select state
⚠️ React Router Future Flag Warning: React Router will begin wrapping state updates in `React.startTransition` in v7. You can use the `v7_startTransition` future flag to opt-in early. For more information, see https://reactrouter.com/v6/upgrading/future#v7_starttransition.
⚠️ React Router Future Flag Warning: Relative route resolution within Splat routes is changing in v7. You can use the `v7_relativeSplatPath` future flag to opt-in early. For more information, see https://reactrouter.com/v6/upgrading/future#v7_relativesplatpath.

stderr | tests/unit/payment-checkout.test.tsx > server-authoritative payment checkout > renders arbitrary server prices and uses the selected plan without a client amount
⚠️ React Router Future Flag Warning: React Router will begin wrapping state updates in `React.startTransition` in v7. You can use the `v7_startTransition` future flag to opt-in early. For more information, see https://reactrouter.com/v6/upgrading/future#v7_starttransition.
⚠️ React Router Future Flag Warning: Relative route resolution within Splat routes is changing in v7. You can use the `v7_relativeSplatPath` future flag to opt-in early. For more information, see https://reactrouter.com/v6/upgrading/future#v7_relativesplatpath.

 ✓ tests/unit/onboarding-contract.test.tsx (20 tests) 185ms
 ✓ tests/unit/payment-checkout.test.tsx (19 tests) 160ms
stderr | tests/unit/ui09-stock-detail.test.tsx > UI09 detail interaction and honest state > keeps loading while the compatibility fallback is pending instead of claiming absence
⚠️ React Router Future Flag Warning: React Router will begin wrapping state updates in `React.startTransition` in v7. You can use the `v7_startTransition` future flag to opt-in early. For more information, see https://reactrouter.com/v6/upgrading/future#v7_starttransition.
⚠️ React Router Future Flag Warning: Relative route resolution within Splat routes is changing in v7. You can use the `v7_relativeSplatPath` future flag to opt-in early. For more information, see https://reactrouter.com/v6/upgrading/future#v7_relativesplatpath.

stderr | tests/unit/ui10-week-routes.test.tsx > planner on preserves /week → /planner
⚠️ React Router Future Flag Warning: React Router will begin wrapping state updates in `React.startTransition` in v7. You can use the `v7_startTransition` future flag to opt-in early. For more information, see https://reactrouter.com/v6/upgrading/future#v7_starttransition.
⚠️ React Router Future Flag Warning: Relative route resolution within Splat routes is changing in v7. You can use the `v7_relativeSplatPath` future flag to opt-in early. For more information, see https://reactrouter.com/v6/upgrading/future#v7_relativesplatpath.

 ✓ tests/unit/ui09-stock-detail.test.tsx (5 tests) 227ms
 ✓ tests/unit/ui10-week-routes.test.tsx (14 tests) 266ms
stderr | tests/unit/ui08-onboarding-navigation.test.tsx > UI08 completion intent through actual App guards > today reaches its chosen destination after server confirmation
⚠️ React Router Future Flag Warning: React Router will begin wrapping state updates in `React.startTransition` in v7. You can use the `v7_startTransition` future flag to opt-in early. For more information, see https://reactrouter.com/v6/upgrading/future#v7_starttransition.
⚠️ React Router Future Flag Warning: Relative route resolution within Splat routes is changing in v7. You can use the `v7_relativeSplatPath` future flag to opt-in early. For more information, see https://reactrouter.com/v6/upgrading/future#v7_relativesplatpath.

stderr | tests/unit/ui10-week-presentation.test.tsx > UI10 truthful setup and generation > retains choices on back and submits four real stages only after explicit generation
⚠️ React Router Future Flag Warning: React Router will begin wrapping state updates in `React.startTransition` in v7. You can use the `v7_startTransition` future flag to opt-in early. For more information, see https://reactrouter.com/v6/upgrading/future#v7_starttransition.
⚠️ React Router Future Flag Warning: Relative route resolution within Splat routes is changing in v7. You can use the `v7_relativeSplatPath` future flag to opt-in early. For more information, see https://reactrouter.com/v6/upgrading/future#v7_relativesplatpath.

 ✓ tests/unit/ui08-onboarding-navigation.test.tsx (6 tests) 224ms
 ✓ tests/unit/ui10-week-presentation.test.tsx (18 tests) 208ms
 ✓ tests/unit/ui08-account.test.tsx (11 tests) 198ms
 ✓ tests/unit/t13r-b-inventory-conflict.test.tsx (4 tests) 210ms
 ✓ tests/unit/planner-ui.test.tsx (58 tests) 111ms
 ✓ tests/unit/t13r-a-receipt-ownership.test.tsx (6 tests) 155ms
 ✓ tests/unit/receipt-review-polling.test.tsx (3 tests) 141ms
stderr | tests/unit/ui09-reconciliation.test.tsx > UI09 reconciliation preserves server authority > echoes the existing PROPOSE_CORRECTION proposals and version without inventing stock
⚠️ React Router Future Flag Warning: React Router will begin wrapping state updates in `React.startTransition` in v7. You can use the `v7_startTransition` future flag to opt-in early. For more information, see https://reactrouter.com/v6/upgrading/future#v7_starttransition.
⚠️ React Router Future Flag Warning: Relative route resolution within Splat routes is changing in v7. You can use the `v7_relativeSplatPath` future flag to opt-in early. For more information, see https://reactrouter.com/v6/upgrading/future#v7_relativesplatpath.

 ✓ tests/unit/ui09-reconciliation.test.tsx (4 tests) 102ms
stderr | tests/unit/scan-ui-quota.test.tsx > scan quota UI > does not advance server processing stages just because time passes
⚠️ React Router Future Flag Warning: React Router will begin wrapping state updates in `React.startTransition` in v7. You can use the `v7_startTransition` future flag to opt-in early. For more information, see https://reactrouter.com/v6/upgrading/future#v7_starttransition.
⚠️ React Router Future Flag Warning: Relative route resolution within Splat routes is changing in v7. You can use the `v7_relativeSplatPath` future flag to opt-in early. For more information, see https://reactrouter.com/v6/upgrading/future#v7_relativesplatpath.

 ✓ tests/unit/scan-ui-quota.test.tsx (4 tests) 96ms
stderr | tests/unit/auth-resend-turnstile.test.tsx > registration-only Turnstile lifecycle > challenges once during registration and resends OTP without another widget
⚠️ React Router Future Flag Warning: React Router will begin wrapping state updates in `React.startTransition` in v7. You can use the `v7_startTransition` future flag to opt-in early. For more information, see https://reactrouter.com/v6/upgrading/future#v7_starttransition.
⚠️ React Router Future Flag Warning: Relative route resolution within Splat routes is changing in v7. You can use the `v7_relativeSplatPath` future flag to opt-in early. For more information, see https://reactrouter.com/v6/upgrading/future#v7_relativesplatpath.

stderr | tests/unit/auth-resend-turnstile.test.tsx > registration-only Turnstile lifecycle > challenges once during registration and resends OTP without another widget
Backend register failed: ApiError: HTTP 503: {"error":"Email OTP chưa gửi được.","code":"OTP_DELIVERY_UNAVAILABLE","accountCreated":true}
    at fetchJson (/Users/tunbee27/Documents/Tako-san-ui-rebuild/src/web/services/http.ts:125:11)
    at Object.register (/Users/tunbee27/Documents/Tako-san-ui-rebuild/src/web/services/auth.ts:134:14)
    at handleRegister (/Users/tunbee27/Documents/Tako-san-ui-rebuild/src/web/pages/AuthPage.tsx:418:19) {
  kind: 'http',
  status: 503,
  retryable: undefined,
  requestId: undefined,
  payload: {
    error: 'Email OTP chưa gửi được.',
    code: 'OTP_DELIVERY_UNAVAILABLE',
    accountCreated: true
  }
}

 ✓ tests/unit/auth-resend-turnstile.test.tsx (2 tests) 138ms
stderr | tests/unit/t18c-keyboard-controls.test.tsx > Week PLANNED card exposes only actionable native controls
⚠️ React Router Future Flag Warning: React Router will begin wrapping state updates in `React.startTransition` in v7. You can use the `v7_startTransition` future flag to opt-in early. For more information, see https://reactrouter.com/v6/upgrading/future#v7_starttransition.
⚠️ React Router Future Flag Warning: Relative route resolution within Splat routes is changing in v7. You can use the `v7_relativeSplatPath` future flag to opt-in early. For more information, see https://reactrouter.com/v6/upgrading/future#v7_relativesplatpath.

 ✓ tests/unit/ui03-discovery.test.ts (14 tests) 64ms
 ✓ tests/unit/t18c-keyboard-controls.test.tsx (5 tests) 90ms
stderr | tests/unit/auth-google-credential.test.tsx > Google authentication entry point > renders only the real GIS entry point and never offers a credential-less fallback
⚠️ React Router Future Flag Warning: React Router will begin wrapping state updates in `React.startTransition` in v7. You can use the `v7_startTransition` future flag to opt-in early. For more information, see https://reactrouter.com/v6/upgrading/future#v7_starttransition.
⚠️ React Router Future Flag Warning: Relative route resolution within Splat routes is changing in v7. You can use the `v7_relativeSplatPath` future flag to opt-in early. For more information, see https://reactrouter.com/v6/upgrading/future#v7_relativesplatpath.

 ✓ tests/unit/auth-google-credential.test.tsx (2 tests) 74ms
stderr | tests/unit/auth-funnel-ui.test.tsx > auth funnel UI > honors the registration query parameter on first render
⚠️ React Router Future Flag Warning: React Router will begin wrapping state updates in `React.startTransition` in v7. You can use the `v7_startTransition` future flag to opt-in early. For more information, see https://reactrouter.com/v6/upgrading/future#v7_starttransition.
⚠️ React Router Future Flag Warning: Relative route resolution within Splat routes is changing in v7. You can use the `v7_relativeSplatPath` future flag to opt-in early. For more information, see https://reactrouter.com/v6/upgrading/future#v7_relativesplatpath.

 ✓ tests/unit/auth-funnel-ui.test.tsx (2 tests) 53ms
stderr | tests/unit/ui09-system-states.test.tsx > UI09 system presentation preserves session gates > withholds children while verifying and renders one branded busy heading
⚠️ React Router Future Flag Warning: React Router will begin wrapping state updates in `React.startTransition` in v7. You can use the `v7_startTransition` future flag to opt-in early. For more information, see https://reactrouter.com/v6/upgrading/future#v7_starttransition.
⚠️ React Router Future Flag Warning: Relative route resolution within Splat routes is changing in v7. You can use the `v7_relativeSplatPath` future flag to opt-in early. For more information, see https://reactrouter.com/v6/upgrading/future#v7_relativesplatpath.

 ✓ tests/unit/ui09-system-states.test.tsx (4 tests) 46ms
stderr | tests/unit/ui06-planner-lifecycle.test.tsx > ignores late generation after a pathname change and allows the new workspace to operate
⚠️ React Router Future Flag Warning: React Router will begin wrapping state updates in `React.startTransition` in v7. You can use the `v7_startTransition` future flag to opt-in early. For more information, see https://reactrouter.com/v6/upgrading/future#v7_starttransition.
⚠️ React Router Future Flag Warning: Relative route resolution within Splat routes is changing in v7. You can use the `v7_relativeSplatPath` future flag to opt-in early. For more information, see https://reactrouter.com/v6/upgrading/future#v7_relativesplatpath.

 ✓ tests/unit/ui06-planner-lifecycle.test.tsx (2 tests) 43ms
 ✓ tests/unit/ui05-cooking-state.test.ts (14 tests) 35ms
 ✓ tests/unit/ui04-camera-lifecycle.test.tsx (2 tests) 36ms
 ✓ tests/unit/t13-inventory-ux.test.tsx (37 tests) 24ms
 ✓ tests/unit/scan-processing-state.test.tsx (2 tests) 30ms
 ✓ tests/unit/billing-service.test.ts (14 tests) 16ms
 ✓ tests/unit/ui-rebuild-cooking.test.ts (7 tests) 17ms
 ✓ tests/unit/ui06-shopping.test.ts (9 tests) 14ms
 ✓ tests/unit/recipe-media-presentation.test.ts (8 tests) 9ms
stderr | tests/unit/ui05-cooking-voice.test.ts > non-permission no-speech events preserve listening and real errors stop auto-restart
Speech recognition event: not-allowed

 ✓ tests/unit/ui05-cooking-voice.test.ts (5 tests) 5ms
 ✓ tests/unit/voice-chef-a11y.test.ts (3 tests) 4ms

 Test Files  283 passed (283)
      Tests  6653 passed (6653)
   Start at  22:38:44
   Duration  393.63s (transform 5.09s, setup 1.33s, collect 41.32s, tests 670.16s, environment 10.42s, prepare 12.11s)

4. Replaying Database Migrations...

> frigo@0.1.0 check:migrations /Users/tunbee27/Documents/Tako-san-ui-rebuild
> bash scripts/migration-smoke.sh

migration-smoke=ok
5. Skipping Remote D1 Schema (set CHECK_REMOTE_SCHEMA=1 for release validation).
6. Skipping Remote Week Parity (set CHECK_WEEK_PARITY_REMOTE=1 before enabling dual-write).
7. Building Production Assets...

> frigo@0.1.0 build /Users/tunbee27/Documents/Tako-san-ui-rebuild
> vite build && tsc -p tsconfig.worker.json

vite v6.4.3 building for production...
transforming...
✓ 2533 modules transformed.
rendering chunks...
computing gzip size...
dist/client/index.html                                        2.94 kB │ gzip:   1.13 kB
dist/client/assets/index-CwZF21k8.css                       122.78 kB │ gzip:  21.87 kB
dist/client/assets/Card-CNFzT681.js                           0.41 kB │ gzip:   0.32 kB │ map:     0.97 kB
dist/client/assets/AccountPage-CoYF1YgX.js                    0.49 kB │ gzip:   0.33 kB │ map:     1.28 kB
dist/client/assets/KitchenDetailPage-B72_QRJU.js              0.52 kB │ gzip:   0.34 kB │ map:     1.27 kB
dist/client/assets/format-zRZ7DBjT.js                         0.71 kB │ gzip:   0.43 kB │ map:     2.88 kB
dist/client/assets/CookingCompletePage-B4tEiSyh.js            0.84 kB │ gzip:   0.53 kB │ map:     1.38 kB
dist/client/assets/WeekWorkspace-CL-Z3wr7.js                  0.85 kB │ gzip:   0.58 kB │ map:     2.31 kB
dist/client/assets/use-modal-focus-DttN_fVe.js                1.34 kB │ gzip:   0.65 kB │ map:     4.02 kB
dist/client/assets/WeekSetupChoices-GKBHtr7g.js               1.59 kB │ gzip:   0.75 kB │ map:     3.97 kB
dist/client/assets/KitchenHeader-BUwF5uRv.js                  1.61 kB │ gzip:   0.73 kB │ map:     3.92 kB
dist/client/assets/ConfirmDialog-CgC60AW3.js                  1.64 kB │ gzip:   0.84 kB │ map:     3.87 kB
dist/client/assets/AsyncState-8QWxSRZE.js                     1.65 kB │ gzip:   0.88 kB │ map:     3.47 kB
dist/client/assets/recipe-media-D0nbZbP7.js                   1.67 kB │ gzip:   0.87 kB │ map:     6.33 kB
dist/client/assets/StatusChip-W3a2H779.js                     1.72 kB │ gzip:   0.69 kB │ map:     3.55 kB
dist/client/assets/WeekSettingsPage-BJQrhic5.js               1.73 kB │ gzip:   0.94 kB │ map:     4.13 kB
dist/client/assets/WeekGeneratingPage-DmDKaK0k.js             2.00 kB │ gzip:   1.19 kB │ map:     4.97 kB
dist/client/assets/FamilySharingPage-eDNFksdv.js              2.61 kB │ gzip:   1.18 kB │ map:     4.94 kB
dist/client/assets/MealSwapSheet-CHil60zb.js                  2.72 kB │ gzip:   1.36 kB │ map:     7.15 kB
dist/client/assets/TopBar-B8sQTvb0.js                         2.94 kB │ gzip:   1.10 kB │ map:     6.42 kB
dist/client/assets/NotificationsPage-QrtvdcqW.js              3.00 kB │ gzip:   1.41 kB │ map:     6.68 kB
dist/client/assets/LandingPage-B-XG-paw.js                    3.11 kB │ gzip:   1.49 kB │ map:     6.26 kB
dist/client/assets/PrivacyDataPage-Dmy35R4I.js                3.15 kB │ gzip:   1.36 kB │ map:     5.43 kB
dist/client/assets/NotificationPreferencesPage-Cqx_n2VX.js    3.80 kB │ gzip:   1.86 kB │ map:     8.90 kB
dist/client/assets/SettingsPage-C-zjM7GD.js                   3.84 kB │ gzip:   1.81 kB │ map:     8.16 kB
dist/client/assets/inventory-truth-BHprnlBW.js                3.88 kB │ gzip:   1.68 kB │ map:    11.89 kB
dist/client/assets/primitives-BVRKOAns.js                     4.77 kB │ gzip:   1.84 kB │ map:    16.82 kB
dist/client/assets/ReviewSource-CTxFaCX2.js                   4.88 kB │ gzip:   1.98 kB │ map:    12.84 kB
dist/client/assets/ProfilePage-B9S37XUT.js                    4.89 kB │ gzip:   2.28 kB │ map:    11.61 kB
dist/client/assets/WeekSetupPage-UAnhOeoG.js                  5.29 kB │ gzip:   2.29 kB │ map:    13.87 kB
dist/client/assets/useCookingStore-DdGTf3u2.js                5.38 kB │ gzip:   2.37 kB │ map:    18.16 kB
dist/client/assets/useWeekStore-CV6oFH1_.js                   5.59 kB │ gzip:   1.86 kB │ map:    18.23 kB
dist/client/assets/ReconciliationPage-CMf0rhxy.js             5.77 kB │ gzip:   2.55 kB │ map:    14.23 kB
dist/client/assets/MealDetailPage-BSD2mze1.js                 6.02 kB │ gzip:   2.48 kB │ map:    15.23 kB
dist/client/assets/FoodPreferencesPage-DmF9VzPW.js            6.46 kB │ gzip:   2.37 kB │ map:    16.66 kB
dist/client/assets/WeekShoppingPage-B7YL_9nx.js               6.69 kB │ gzip:   2.68 kB │ map:    19.15 kB
dist/client/assets/scan-errors-DyrKmD47.js                    7.24 kB │ gzip:   3.06 kB │ map:    18.14 kB
dist/client/assets/CookingReview-B-0bLloR.js                  7.34 kB │ gzip:   2.94 kB │ map:    20.07 kB
dist/client/assets/ShoppingPage-BdSp4HHJ.js                   7.73 kB │ gzip:   3.31 kB │ map:    21.90 kB
dist/client/assets/PlanningSettingsPage-BNZb3jf6.js           7.88 kB │ gzip:   2.72 kB │ map:    18.11 kB
dist/client/assets/RecipesPage-VhSGdW7O.js                    9.76 kB │ gzip:   3.86 kB │ map:    29.63 kB
dist/client/assets/RecipeCard-Bmldy1ea.js                    10.49 kB │ gzip:   2.13 kB │ map:    20.52 kB
dist/client/assets/HomePage-q4frkptU.js                      11.75 kB │ gzip:   4.28 kB │ map:    37.40 kB
dist/client/assets/WeekDashboardPage-CHFOHDt9.js             12.55 kB │ gzip:   4.72 kB │ map:    32.72 kB
dist/client/assets/ScanPage-CLOmeDDI.js                      13.26 kB │ gzip:   5.09 kB │ map:    38.17 kB
dist/client/assets/ScanResultPage-DYthRjFa.js                13.46 kB │ gzip:   4.89 kB │ map:    41.46 kB
dist/client/assets/ReceiptReviewPage-BheyvTJW.js             13.50 kB │ gzip:   4.61 kB │ map:    39.34 kB
dist/client/assets/OnboardingPage-CE6K_ZVQ.js                13.53 kB │ gzip:   3.80 kB │ map:    34.26 kB
dist/client/assets/composition-BdJRWrH6.js                   13.79 kB │ gzip:   5.19 kB │ map:    46.29 kB
dist/client/assets/RecipeDetailPage-DlYFtony.js              14.42 kB │ gzip:   4.72 kB │ map:    36.05 kB
dist/client/assets/IngredientDetailPage-ByFkgjRG.js          15.08 kB │ gzip:   4.64 kB │ map:    37.51 kB
dist/client/assets/CookingModePage-BtdGREFl.js               15.16 kB │ gzip:   5.29 kB │ map:    44.06 kB
dist/client/assets/PlusPaywallPage-tlzf6Bls.js               19.06 kB │ gzip:   5.85 kB │ map:    45.22 kB
dist/client/assets/ingredient-images-DMUMQtkM.js             20.22 kB │ gzip:   4.97 kB │ map:    19.75 kB
dist/client/assets/InventoryPage-CUW-k2ji.js                 21.37 kB │ gzip:   7.40 kB │ map:    71.97 kB
dist/client/assets/Button-DB6ud8TV.js                        29.01 kB │ gzip:   9.35 kB │ map:   152.63 kB
dist/client/assets/AuthPage-BXclcenZ.js                      30.61 kB │ gzip:   9.19 kB │ map:    96.74 kB
dist/client/assets/vendor-icons-ul0AEewg.js                  33.19 kB │ gzip:   7.20 kB │ map:    88.47 kB
dist/client/assets/vendor-query-D03hXVOl.js                  42.42 kB │ gzip:  12.92 kB │ map:   155.73 kB
dist/client/assets/PlannerPage-DAQwT5Dw.js                   83.28 kB │ gzip:  24.10 kB │ map:   178.10 kB
dist/client/assets/vendor-react-B6oo3S7f.js                 164.07 kB │ gzip:  53.69 kB │ map:   705.96 kB
dist/client/assets/index-vaGTfvDr.js                        459.28 kB │ gzip: 128.03 kB │ map: 1,743.31 kB
✓ built in 3.12s
=== ALL CHECKS PASSED SUCCESSFULLY! ===
Local gates are green. Production rollout still requires schema preflight, backup/export, and explicit deploy approval.
